problem,d,B,seed,estimator,eligibility_status,eligibility_reason,source_file,source_sha256,proposal_sha256,rng_seed,C_adaptation,N_fresh,C_total,Neff_native,eta_total,eta_proposal,logZ,logZ_se,abs_dlogZ,W1,SWD,QE025,QE160,QE500,QE840,QE975,TV_partition_fresh,pareto_k,max_w,wall_adapt_s,wall_fresh_draw_eval_s,wall_metrics_s,payload_path
banana,2,5000.0,11,fresh_v1_2026-09-25,unavailable,exceeds_strict_budget,experiments\out\runs\banana_mw_d2_B5e3_seed11\result.h5,29e62a1f835f43e5b21d8b9769f2d7ff833c39c4f9d2628c26cf9bdf66356b41,aae776fb5b66b68fe7e627758ae36e1c3cb0598ca0c959cc3e052ce4a3a6b48e,202611271011,5684.0,0,5684.0,NaN,NaN,NaN,NaN,NaN,NaN,NaN,NaN,NaN,NaN,NaN,NaN,NaN,NaN,NaN,NaN,51.3000208,NaN,NaN,experiments\out\revision_2026-09-25\fresh_runs\banana_mw_d2_B5e3_seed11.jld2
banana,2,5000.0,23,fresh_v1_2026-09-25,unavailable,exceeds_strict_budget,experiments\out\runs\banana_mw_d2_B5e3_seed23\result.h5,7317d31800b8f92ac3bd8516cea7c9313b4840fc77808d303bb3a2d0021b1339,c7f407387e44f03258f660fe1d7983238a94f4957eb1be77605f0d9ba8c1d20a,202611271023,5165.0,0,5165.0,NaN,NaN,NaN,NaN,NaN,NaN,NaN,NaN,NaN,NaN,NaN,NaN,NaN,NaN,NaN,NaN,0.5118009,NaN,NaN,experiments\out\revision_2026-09-25\fresh_runs\banana_mw_d2_B5e3_seed23.jld2
banana,2,5000.0,41,fresh_v1_2026-09-25,unavailable,exceeds_strict_budget,experiments\out\runs\banana_mw_d2_B5e3_seed41\result.h5,b1a0f7412b821f53b0558cba502aa84384463c3d092ec5399568afc3f4e60f40,6a2c862bf232458729b53693cfc4b7550a82d9b0e0028bf95133c6210d5b9fd9,202611271041,5921.0,0,5921.0,NaN,NaN,NaN,NaN,NaN,NaN,NaN,NaN,NaN,NaN,NaN,NaN,NaN,NaN,NaN,NaN,0.3753735,NaN,NaN,experiments\out\revision_2026-09-25\fresh_runs\banana_mw_d2_B5e3_seed41.jld2
banana,2,5000.0,67,fresh_v1_2026-09-25,unavailable,exceeds_strict_budget,experiments\out\runs\banana_mw_d2_B5e3_seed67\result.h5,99c69e7ecd7e1a7caa9d49e9239c3d024880df3e1baa2c4ae71dabeddd7c0456,1055f06bc1cb1fac9cf96e959ec8b4bf16858c091a4bf3bd3c791e90973c31ea,202611271067,5820.0,0,5820.0,NaN,NaN,NaN,NaN,NaN,NaN,NaN,NaN,NaN,NaN,NaN,NaN,NaN,NaN,NaN,NaN,0.1706985,NaN,NaN,experiments\out\revision_2026-09-25\fresh_runs\banana_mw_d2_B5e3_seed67.jld2
banana,2,5000.0,97,fresh_v1_2026-09-25,unavailable,exceeds_strict_budget,experiments\out\runs\banana_mw_d2_B5e3_seed97\result.h5,f3b39655f48e4fca7df1faa9b5854a437d11fbfdcb572c4ca3694896ba5a04e1,8ce9912ec6646ffe914dbb4570dd8d038173f36dbbc140346499c8fed05b2562,202611271097,5171.0,0,5171.0,NaN,NaN,NaN,NaN,NaN,NaN,NaN,NaN,NaN,NaN,NaN,NaN,NaN,NaN,NaN,NaN,0.0702422,NaN,NaN,experiments\out\revision_2026-09-25\fresh_runs\banana_mw_d2_B5e3_seed97.jld2
banana,2,5000.0,113,fresh_v1_2026-09-25,unavailable,exceeds_strict_budget,experiments\out\runs\banana_mw_d2_B5e3_seed113\result.h5,e83224eced4694c17e2f7065dc416f3e6ce1d71879c87fa5847a7d9c266f32d5,c81fd4d7d746898cf433e1618c937d7aa322446b592683fb0023d28442372831,202611271113,5733.0,0,5733.0,NaN,NaN,NaN,NaN,NaN,NaN,NaN,NaN,NaN,NaN,NaN,NaN,NaN,NaN,NaN,NaN,0.2562336,NaN,NaN,experiments\out\revision_2026-09-25\fresh_runs\banana_mw_d2_B5e3_seed113.jld2
banana,2,5000.0,137,fresh_v1_2026-09-25,unavailable,exceeds_strict_budget,experiments\out\runs\banana_mw_d2_B5e3_seed137\result.h5,a4f1635a6f5d01fa2029cdd18209238269e6e48bb4553f82d63e3158212a4f20,120ee51237f840464445a2e612eb8074bf9685cfc25e55f077799f728d9ae171,202611271137,5218.0,0,5218.0,NaN,NaN,NaN,NaN,NaN,NaN,NaN,NaN,NaN,NaN,NaN,NaN,NaN,NaN,NaN,NaN,0.1530454,NaN,NaN,experiments\out\revision_2026-09-25\fresh_runs\banana_mw_d2_B5e3_seed137.jld2
banana,2,5000.0,173,fresh_v1_2026-09-25,unavailable,exceeds_strict_budget,experiments\out\runs\banana_mw_d2_B5e3_seed173\result.h5,1a5996ae80fe3048d6ddaa2f10007d18b2cbd07fc2ef0ee2b5db9f26edd63175,11e9c68cf3c1e92f7fea8599e7fe6ad42fcd33fb8c6b1165ce690c8e43f626cc,202611271173,5311.0,0,5311.0,NaN,NaN,NaN,NaN,NaN,NaN,NaN,NaN,NaN,NaN,NaN,NaN,NaN,NaN,NaN,NaN,0.1146172,NaN,NaN,experiments\out\revision_2026-09-25\fresh_runs\banana_mw_d2_B5e3_seed173.jld2
banana,2,5000.0,211,fresh_v1_2026-09-25,unavailable,exceeds_strict_budget,experiments\out\runs\banana_mw_d2_B5e3_seed211\result.h5,a2aea67503528dffc0514cf091d6713c1d850ce3a7e6a039437b29e4819a52f2,63be89beda7b4f919247efa643610c2046a874bc0acc017562882a1287c76461,202611271211,5921.0,0,5921.0,NaN,NaN,NaN,NaN,NaN,NaN,NaN,NaN,NaN,NaN,NaN,NaN,NaN,NaN,NaN,NaN,0.1624477,NaN,NaN,experiments\out\revision_2026-09-25\fresh_runs\banana_mw_d2_B5e3_seed211.jld2
banana,2,5000.0,239,fresh_v1_2026-09-25,unavailable,exceeds_strict_budget,experiments\out\runs\banana_mw_d2_B5e3_seed239\result.h5,4daa2eabbda1420a6ba93bc404ea6d1ee19778a393c03efe2e3bfbaa0d6e63a3,33be2613c23ac6565c4c6e6741bb0bf078bb709a45d6691fe43e55556892a9bd,202611271239,6888.0,0,6888.0,NaN,NaN,NaN,NaN,NaN,NaN,NaN,NaN,NaN,NaN,NaN,NaN,NaN,NaN,NaN,NaN,0.1454943,NaN,NaN,experiments\out\revision_2026-09-25\fresh_runs\banana_mw_d2_B5e3_seed239.jld2
banana,2,5000.0,277,fresh_v1_2026-09-25,unavailable,exceeds_strict_budget,experiments\out\runs\banana_mw_d2_B5e3_seed277\result.h5,94a669e26742606196d7dec427399894a831db67bacf9d590059424a2023e58f,9d824f0e181875b92a2f45e3d930ef6ef45a6c8c430f7c5a22bdbcc0669fc0eb,202611271277,6456.0,0,6456.0,NaN,NaN,NaN,NaN,NaN,NaN,NaN,NaN,NaN,NaN,NaN,NaN,NaN,NaN,NaN,NaN,0.1345673,NaN,NaN,experiments\out\revision_2026-09-25\fresh_runs\banana_mw_d2_B5e3_seed277.jld2
banana,2,5000.0,313,fresh_v1_2026-09-25,unavailable,exceeds_strict_budget,experiments\out\runs\banana_mw_d2_B5e3_seed313\result.h5,e63e179833e2e03ad4467b58390c13edd1855a9ca1ff639612ddb79f39301e3a,7e2526359cba1a75312d5ee6d573a0db5911b2d9685c2cca2ad7c402921cbd2f,202611271313,5651.0,0,5651.0,NaN,NaN,NaN,NaN,NaN,NaN,NaN,NaN,NaN,NaN,NaN,NaN,NaN,NaN,NaN,NaN,0.1263564,NaN,NaN,experiments\out\revision_2026-09-25\fresh_runs\banana_mw_d2_B5e3_seed313.jld2
banana,2,5000.0,359,fresh_v1_2026-09-25,unavailable,exceeds_strict_budget,experiments\out\runs\banana_mw_d2_B5e3_seed359\result.h5,7f89166eab97f1b043febafa39bbddff368ea44e576e04993cbf785d288746d4,18df691e49b96b8cf4fc37ca1aca8b126d89750a0d6765d3ad67ca310aa85461,202611271359,5508.0,0,5508.0,NaN,NaN,NaN,NaN,NaN,NaN,NaN,NaN,NaN,NaN,NaN,NaN,NaN,NaN,NaN,NaN,0.1561853,NaN,NaN,experiments\out\revision_2026-09-25\fresh_runs\banana_mw_d2_B5e3_seed359.jld2
banana,2,5000.0,401,fresh_v1_2026-09-25,unavailable,exceeds_strict_budget,experiments\out\runs\banana_mw_d2_B5e3_seed401\result.h5,83cece1e4730d2956337f4195776a6854e3528f8c8741a2208e2984334836a28,c1821420a3b15e1b369b6275117363396ddb519c3015232131ab533a970a8bb5,202611271401,5549.0,0,5549.0,NaN,NaN,NaN,NaN,NaN,NaN,NaN,NaN,NaN,NaN,NaN,NaN,NaN,NaN,NaN,NaN,0.068402,NaN,NaN,experiments\out\revision_2026-09-25\fresh_runs\banana_mw_d2_B5e3_seed401.jld2
banana,2,5000.0,449,fresh_v1_2026-09-25,unavailable,exceeds_strict_budget,experiments\out\runs\banana_mw_d2_B5e3_seed449\result.h5,49b363cb1cf5f5835b0e8b6f1b901ae450029341a477265221b92bb3bec2a380,63651b91402ccb946405bff7ea66770316e98680110d5f01182354e4723b98fd,202611271449,5872.0,0,5872.0,NaN,NaN,NaN,NaN,NaN,NaN,NaN,NaN,NaN,NaN,NaN,NaN,NaN,NaN,NaN,NaN,0.1299292,NaN,NaN,experiments\out\revision_2026-09-25\fresh_runs\banana_mw_d2_B5e3_seed449.jld2
banana,2,5000.0,491,fresh_v1_2026-09-25,unavailable,exceeds_strict_budget,experiments\out\runs\banana_mw_d2_B5e3_seed491\result.h5,a05a044a47b3c710e8cffd72c0a2eb02997fce6b2c6d37f4e9c7b9bfcc142380,a6128902b337bf26a5a8c17290fbf514a87e689aca3281835db7bb93ee0f0ad6,202611271491,6749.0,0,6749.0,NaN,NaN,NaN,NaN,NaN,NaN,NaN,NaN,NaN,NaN,NaN,NaN,NaN,NaN,NaN,NaN,0.2879546,NaN,NaN,experiments\out\revision_2026-09-25\fresh_runs\banana_mw_d2_B5e3_seed491.jld2
banana,2,5000.0,541,fresh_v1_2026-09-25,unavailable,exceeds_strict_budget,experiments\out\runs\banana_mw_d2_B5e3_seed541\result.h5,fc149a1638a0f2b4fcd4d42739a18c1fc09ebe360b45571422cd8ac8fa9ce317,f655dc0f43f2208ba12038ef273d4d827d2221abda40dc737d6792986e5213ff,202611271541,5642.0,0,5642.0,NaN,NaN,NaN,NaN,NaN,NaN,NaN,NaN,NaN,NaN,NaN,NaN,NaN,NaN,NaN,NaN,0.1192639,NaN,NaN,experiments\out\revision_2026-09-25\fresh_runs\banana_mw_d2_B5e3_seed541.jld2
banana,2,5000.0,587,fresh_v1_2026-09-25,unavailable,exceeds_strict_budget,experiments\out\runs\banana_mw_d2_B5e3_seed587\result.h5,364b8452da47816448231fbe44264e1631b826402e98d9cedf485057c43ecc00,eacfc38509cea9a7478652d61792c4fa21eabdf1b267e336c9078aa8b04b7bfa,202611271587,5984.0,0,5984.0,NaN,NaN,NaN,NaN,NaN,NaN,NaN,NaN,NaN,NaN,NaN,NaN,NaN,NaN,NaN,NaN,0.1279337,NaN,NaN,experiments\out\revision_2026-09-25\fresh_runs\banana_mw_d2_B5e3_seed587.jld2
banana,2,5000.0,631,fresh_v1_2026-09-25,unavailable,exceeds_strict_budget,experiments\out\runs\banana_mw_d2_B5e3_seed631\result.h5,1cc191403c738bb7b455d59e4d404c90c3b400e1bbb3e90e9a2b0b063ef1c007,b3d3ad29400b5254810ebb587f21fa0215351e88c39c56115c59efb19f7a10de,202611271631,5662.0,0,5662.0,NaN,NaN,NaN,NaN,NaN,NaN,NaN,NaN,NaN,NaN,NaN,NaN,NaN,NaN,NaN,NaN,0.1709452,NaN,NaN,experiments\out\revision_2026-09-25\fresh_runs\banana_mw_d2_B5e3_seed631.jld2
banana,2,5000.0,677,fresh_v1_2026-09-25,unavailable,exceeds_strict_budget,experiments\out\runs\banana_mw_d2_B5e3_seed677\result.h5,b355ea70cf8e9443e7675efee72f8d62905f166452b647cb6abc1bf240d3ed60,e1d9a2fcbf5324e1b467874da45a70fc9463decf55f34c6841f400f94a39dbef,202611271677,5700.0,0,5700.0,NaN,NaN,NaN,NaN,NaN,NaN,NaN,NaN,NaN,NaN,NaN,NaN,NaN,NaN,NaN,NaN,0.1698474,NaN,NaN,experiments\out\revision_2026-09-25\fresh_runs\banana_mw_d2_B5e3_seed677.jld2
banana,2,50000.0,11,fresh_v1_2026-09-25,eligible,full_remaining_budget; weight_status=ok,experiments\out\runs\banana_mw_d2_B5e4_seed11\result.h5,238db08b64c39bdb1ab97b18e23baa07cbe31de9cea7c1eeff507d730c05f8de,9f75746267110e345f6434f6f546193b165d4ffaa13491d792b0832182c320d3,202611272011,36062.0,13938,50000.0,8193.896212903199,0.16387792425806397,0.5878817773642703,-4.160386716605963,0.00709195023949476,0.004902438123266961,0.026099870075904412,0.019676948402023685,0.03805482168581531,0.01742162761902591,0.01604927132317177,0.012105046646446627,0.025665283397947714,NaN,-0.8901001411045717,0.00016085811545089344,26.99144,0.681999921798706,0.2560000419616699,experiments\out\revision_2026-09-25\fresh_runs\banana_mw_d2_B5e4_seed11.jld2
banana,2,50000.0,23,fresh_v1_2026-09-25,eligible,full_remaining_budget; weight_status=ok,experiments\out\runs\banana_mw_d2_B5e4_seed23\result.h5,04517fd8a6529b3bfae923015a50f1026765427ce32c669cc344f473eeaa2b6e,c693450c71f1ba037d3a4cdd16f9e0da6b35a32a26877da483dd7bfd3182cbc6,202611272023,36741.0,13259,50000.0,7348.641169059629,0.14697282338119258,0.5542379643306153,-4.150283030837977,0.007788395878479253,0.005201247644719409,0.04319255662468128,0.02675031684598645,0.04030883230802351,0.015616120020226137,0.006708701870327211,0.01701981732018132,0.047847818707984824,NaN,0.24569424695506023,0.00042058027864517506,44.8997818,0.03500008583068848,0.21799993515014648,experiments\out\revision_2026-09-25\fresh_runs\banana_mw_d2_B5e4_seed23.jld2
banana,2,50000.0,41,fresh_v1_2026-09-25,eligible,full_remaining_budget; weight_status=ok,experiments\out\runs\banana_mw_d2_B5e4_seed41\result.h5,8c737937a58ef72ea3fe29a85d359af81cc1ee35d35974f2c816babf88d6f7ab,e3f9795a375eb9930d74a1a04b8c3d87b0e9f9d875d19b7ff491ef07640f2ab8,202611272041,31425.0,18575,50000.0,11177.544768556112,0.22355089537112224,0.6017520736773142,-4.151890548983419,0.005969027126400169,0.003593729499277387,0.026866841145426167,0.026069544582739294,0.027691987845178567,0.019279542561362245,0.015626592962279112,0.02568382641298539,0.08314487796773229,NaN,-0.3956861282823009,0.00011800584236575163,23.8883866,0.06800007820129395,0.1959998607635498,experiments\out\revision_2026-09-25\fresh_runs\banana_mw_d2_B5e4_seed41.jld2
banana,2,50000.0,67,fresh_v1_2026-09-25,eligible,full_remaining_budget; weight_status=ok,experiments\out\runs\banana_mw_d2_B5e4_seed67\result.h5,e64134ae0cff93635716947bc4eac8a0b1ca9e9665720dbaa69d650360683a6e,62992a0ec181998b12247878bd53ed5a3a5cb70f5bbf1c7537135de5b8cf2517,202611272067,32265.0,17735,50000.0,10892.833012706273,0.21785666025412545,0.6141997751737397,-4.167157862773846,0.005951285912833897,0.01167358429114973,0.03658766962409454,0.03477015686042079,0.025553719781857498,0.02247940505280069,0.021331004701168416,0.02479533792362154,0.03371336711065631,NaN,0.19541296699518007,0.00047619559660564835,30.6886667,0.04900002479553223,0.28100013732910156,experiments\out\revision_2026-09-25\fresh_runs\banana_mw_d2_B5e4_seed67.jld2
banana,2,50000.0,97,fresh_v1_2026-09-25,eligible,full_remaining_budget; weight_status=ok,experiments\out\runs\banana_mw_d2_B5e4_seed97\result.h5,6253bb01ccf75e3b00b71ab8288be7587728883f2fc60eee81b3f0a7cf881a10,875223964e030358e7333ca5b9b8574fbcaca99c02bfbde6763d95e3a39beb96,202611272097,35340.0,14660,50000.0,9125.27502607391,0.1825055005214782,0.6224607794047687,-4.147584706793477,0.006432178028316188,0.007899571689218732,0.02905741166567851,0.03626507914487634,0.027744225310649795,0.029462334509680804,0.019786095620653782,0.008216768784097606,0.033586905523936506,NaN,-0.42553646628496344,0.00014491484777956603,85.5876331,0.05499982833862305,0.2560000419616699,experiments\out\revision_2026-09-25\fresh_runs\banana_mw_d2_B5e4_seed97.jld2
banana,2,50000.0,113,fresh_v1_2026-09-25,eligible,full_remaining_budget; weight_status=ok,experiments\out\runs\banana_mw_d2_B5e4_seed113\result.h5,7049e670e339266e7b80ff502be1cfa43cbb50a535d57b33ab3ee1c44209e098,d096a54786a7194eac4a235c6e9fbd37d33408362b9f579c0be50201cb9b6210,202611272113,39305.0,10695,50000.0,5499.649987330154,0.10999299974660308,0.5142262727751429,-4.167107077664919,0.009398303939685465,0.011622799182222643,0.021366015339488897,0.023550804145593195,0.00581533455733696,0.025650424830780144,0.017580723221818445,0.040649261515177115,0.07272466009716105,NaN,0.0634091254277833,0.00035827048848889777,28.8557219,0.026999950408935547,0.23800015449523926,experiments\out\revision_2026-09-25\fresh_runs\banana_mw_d2_B5e4_seed113.jld2
banana,2,50000.0,137,fresh_v1_2026-09-25,eligible,full_remaining_budget; weight_status=ok,experiments\out\runs\banana_mw_d2_B5e4_seed137\result.h5,4a9b6b393b4daf9fd057b38e74245d87ee1db8bffd03cfc8912d3954e140d5d3,1f4347245dd366e26e2be2a4e9fc3e85ad31fb29385e6d7dae387ecc523af8a5,202611272137,35623.0,14377,50000.0,8724.043643845622,0.17448087287691244,0.6068055674929138,-4.153145911148501,0.006713434639724737,0.002338367334195013,0.029514309773793497,0.026608049186993457,0.045476148964333274,0.022677605710625576,0.0030339644431928428,0.054998316610767595,0.1029813357568986,NaN,-0.07192949101929273,0.00016902222777876035,33.0885039,0.13299989700317383,0.42600011825561523,experiments\out\revision_2026-09-25\fresh_runs\banana_mw_d2_B5e4_seed137.jld2
banana,2,50000.0,173,fresh_v1_2026-09-25,eligible,full_remaining_budget; weight_status=ok,experiments\out\runs\banana_mw_d2_B5e4_seed173\result.h5,68b3588179c6054fd18807d9b3af01ad20b1d586c0e586d7cc2c5e4629953e5c,5991a2ded6d3879096a1c11e3388aeddc289fd17b308856008d3f13e195f9f35,202611272173,33570.0,16430,50000.0,10911.934890672557,0.21823869781345115,0.6641469805643675,-4.162305142263736,0.0055478376758755655,0.006820863781039854,0.02225967839468066,0.027276909176979603,0.00857655649159128,0.014045162407931938,0.00985425341563842,0.0282778267392082,0.036139165202616286,NaN,-0.47064725295764454,0.0001213726501050455,16.2880343,0.04900002479553223,0.44900012016296387,experiments\out\revision_2026-09-25\fresh_runs\banana_mw_d2_B5e4_seed173.jld2
banana,2,50000.0,211,fresh_v1_2026-09-25,eligible,full_remaining_budget; weight_status=ok,experiments\out\runs\banana_mw_d2_B5e4_seed211\result.h5,f8c1eb18474b78a9a44c759ba350c1b6256a24c059f27a0ca3104c1d48b55864,d9c81bd03b10ac07e2e43b2d8ecfb11052d7991b7d265d3800779aad3a777769,202611272211,36331.0,13669,50000.0,9152.331263684,0.18304662527368,0.6695684588253713,-4.153222566171793,0.0060086219864168506,0.0022617123109025528,0.04118410275683806,0.02995640977499272,0.045408455840930784,0.031326963035846506,0.01240619746443547,0.05582129247577228,0.08329734914974274,NaN,-0.7626226974892641,0.00014552767364148068,20.3003057,0.04399991035461426,0.5580000877380371,experiments\out\revision_2026-09-25\fresh_runs\banana_mw_d2_B5e4_seed211.jld2
banana,2,50000.0,239,fresh_v1_2026-09-25,eligible,full_remaining_budget; weight_status=ok,experiments\out\runs\banana_mw_d2_B5e4_seed239\result.h5,6328d32c8e50f255f699186b0c9c5e2c0438cff38d8eaa15e15c638954274025,0b17fb47f1538ca2495bf905484fc4f6bf28b7a4a6bed73c5ef5db254dec28de,202611272239,36879.0,13121,50000.0,8532.666147328993,0.17065332294657987,0.6503060854606351,-4.145215656054256,0.006401793490736953,0.010268622428440288,0.03187011869669079,0.027041066543055433,0.0120569081848797,0.018257106872659273,0.023424586684986343,0.00714728659967101,0.02151769521541802,NaN,0.09367666542155555,0.0002202609566283723,20.1622837,0.039999961853027344,0.2200000286102295,experiments\out\revision_2026-09-25\fresh_runs\banana_mw_d2_B5e4_seed239.jld2
banana,2,50000.0,277,fresh_v1_2026-09-25,eligible,full_remaining_budget; weight_status=ok,experiments\out\runs\banana_mw_d2_B5e4_seed277\result.h5,ddf07e4e52177b342e89a589e7986b1433f45d9f88715f781c4bc31df570ea0e,989b48ff435acaad52cb27d4e7d638eae5a2d9a3d6d0e8919ec5b784a380e450,202611272277,35338.0,14662,50000.0,9275.859353720138,0.18551718707440276,0.6326462524703409,-4.148651108849873,0.0062931076349905905,0.0068331696328227665,0.02663663688983052,0.02552308549978052,0.03609852109008849,0.01654269527885796,0.031122834680405637,0.04295896444128522,0.015101373511662852,NaN,0.1363868515555918,0.00026082104052204937,19.3745387,0.032000064849853516,0.1699998378753662,experiments\out\revision_2026-09-25\fresh_runs\banana_mw_d2_B5e4_seed277.jld2
banana,2,50000.0,313,fresh_v1_2026-09-25,eligible,full_remaining_budget; weight_status=ok,experiments\out\runs\banana_mw_d2_B5e4_seed313\result.h5,db90e1366ad773909a7c4c1837f17640104f2046d28bd0a2542d682c8eb66656,f9365f72d7af816b3bfc9091035f048678bb2e7faae6cc1419c203c3202ebf8c,202611272313,32454.0,17546,50000.0,9953.411121071453,0.19906822242142905,0.5672752263234614,-4.148935242944293,0.006593559177272869,0.006549035538403025,0.03741119259087087,0.029994892860564493,0.04819434319903648,0.01564680876778715,0.029290245612217852,0.022256770835913042,0.0621694454943843,NaN,-0.49390770395125905,0.00013391788898451607,15.1979321,0.039999961853027344,0.1529998779296875,experiments\out\revision_2026-09-25\fresh_runs\banana_mw_d2_B5e4_seed313.jld2
banana,2,50000.0,359,fresh_v1_2026-09-25,eligible,full_remaining_budget; weight_status=ok,experiments\out\runs\banana_mw_d2_B5e4_seed359\result.h5,7ea0ab3c863110386aa04600d5bc19173220dd9a7a71282eea4452c0219dd276,ed1c1249e1c14ea4239c37bbe6fa4f887ecc4447e20ff60e1451aff86b045a2b,202611272359,35272.0,14728,50000.0,9213.785026610698,0.18427570053221395,0.6255964846965438,-4.145775409029133,0.006374570392270219,0.009708869453563196,0.01626094105201966,0.02623994853393555,0.01873112327063564,0.0261328564632822,0.015038695241542138,0.0097160980231209,0.07453214790143992,NaN,-0.4125336564383827,0.00014318669113303902,18.2296618,0.029000043869018555,0.13299989700317383,experiments\out\revision_2026-09-25\fresh_runs\banana_mw_d2_B5e4_seed359.jld2
banana,2,50000.0,401,fresh_v1_2026-09-25,eligible,full_remaining_budget; weight_status=ok,experiments\out\runs\banana_mw_d2_B5e4_seed401\result.h5,67abebe6c9b90f3a6d6c42a48784eaa27b2fb3b079babd93cc1684e5ea5a0841,0672ca15cb17a053c27426bf25090207206912461e5f222f9e5d377978520232,202611272401,29338.0,20662,50000.0,13480.128381547307,0.26960256763094614,0.6524115952738024,-4.156387258045168,0.005077917327995539,0.0009029795624719839,0.022629473228827836,0.02429151972765808,0.012714764987331706,0.004864325034169642,0.007538556485010033,0.0165766909354933,0.08358320387019347,NaN,-0.07412417388139649,0.00010880828882980238,13.9660734,0.037000179290771484,0.4570000171661377,experiments\out\revision_2026-09-25\fresh_runs\banana_mw_d2_B5e4_seed401.jld2
banana,2,50000.0,449,fresh_v1_2026-09-25,eligible,full_remaining_budget; weight_status=ok,experiments\out\runs\banana_mw_d2_B5e4_seed449\result.h5,afdb1e258c402e0bb72184e8440fd0857ff65296bc7b19d883b4624071877dda,5b4649365f8212a26ed1241607cd5551710e2bb7849363569f3d55392f54608e,202611272449,34997.0,15003,50000.0,10241.936051605924,0.20483872103211848,0.6826592049327417,-4.148620818541046,0.005566368103514872,0.006863459941650163,0.03541948124009997,0.03607194676063094,0.042104766934281,0.020514219213919244,0.012186019026002887,0.0038202462530038117,0.05897587971320195,NaN,-0.35232133988276915,0.00012685006520627803,23.3854029,0.032000064849853516,0.15599989891052246,experiments\out\revision_2026-09-25\fresh_runs\banana_mw_d2_B5e4_seed449.jld2
banana,2,50000.0,491,fresh_v1_2026-09-25,eligible,full_remaining_budget; weight_status=ok,experiments\out\runs\banana_mw_d2_B5e4_seed491\result.h5,5a144edcf3e7f54f123445016a8c3559a625e533fb5f75fa78f773724f744d5d,a0f16550eae85c3631442bd72b237dfdb0fea79247144d27ef438f4410dfde58,202611272491,32106.0,17894,50000.0,11835.401448627214,0.23670802897254428,0.6614173157833472,-4.169102902331055,0.00534860929949455,0.01361862384835888,0.020480337828835703,0.021138170246754778,0.024097337021307674,0.024874956235589135,0.00997372070660249,0.040178330054734146,0.0620980178730558,NaN,0.17404682304000763,0.00021513540717436197,21.2394595,0.039999961853027344,0.13900017738342285,experiments\out\revision_2026-09-25\fresh_runs\banana_mw_d2_B5e4_seed491.jld2
banana,2,50000.0,541,fresh_v1_2026-09-25,eligible,full_remaining_budget; weight_status=ok,experiments\out\runs\banana_mw_d2_B5e4_seed541\result.h5,f94ecb4a223cc30ded4ce20dd651cd4fc1a539ca825537b38bbf009a3c752c35,225bd07d856609aa9b0e2c9c3094cc6c88104d9064ef8f81fc91ba1a07fe33cb,202611272541,34515.0,15485,50000.0,8524.029990417086,0.1704805998083417,0.5504701317673287,-4.168014441325452,0.007262009153105353,0.012530162842756098,0.04096719416476876,0.028261833568875207,0.07696330268807794,0.015497268792474289,0.0259935045049203,0.01829852686307698,0.07419476518570722,NaN,0.18954091346240262,0.0018800795507703204,21.9842452,0.028999805450439453,0.13400006294250488,experiments\out\revision_2026-09-25\fresh_runs\banana_mw_d2_B5e4_seed541.jld2
banana,2,50000.0,587,fresh_v1_2026-09-25,eligible,full_remaining_budget; weight_status=ok,experiments\out\runs\banana_mw_d2_B5e4_seed587\result.h5,0f56053d1c8802ab099fff78060f988e0b2b3821aa75e29ec458a9d6924038ea,d9055e24022280e0f80c9886d9a57c620c2704c049695cd4abc4b198b74f6457,202611272587,36962.0,13038,50000.0,7590.769488500713,0.15181538977001427,0.5822035195966185,-4.155410851245744,0.007418899482137552,7.342723695202835e-5,0.026472482252695155,0.02878948690341944,0.014922712204099686,0.018815737360653534,0.025209904022745505,0.017245465569582952,0.0786819742144439,NaN,-0.6281530502286654,0.00017445073738028686,24.7039138,0.024000167846679688,0.13200020790100098,experiments\out\revision_2026-09-25\fresh_runs\banana_mw_d2_B5e4_seed587.jld2
banana,2,50000.0,631,fresh_v1_2026-09-25,eligible,full_remaining_budget; weight_status=ok,experiments\out\runs\banana_mw_d2_B5e4_seed631\result.h5,28609e94009d3dfba79e3c382e7b8742a22bbfa2d398729f3c7e81bbf1e4db6b,effc121098355e4003eb9564d7146ec14eaa24cd98a442319f6c0e0df1621f37,202611272631,30345.0,19655,50000.0,12497.447500926053,0.24994895001852108,0.6358406258420786,-4.150237222471965,0.005398027422404023,0.005247056010730944,0.01932536877057688,0.02295723681905428,0.01879301294714064,0.011691394677877082,0.013974374709925158,0.010270766988181967,0.06342265040292194,NaN,-0.815278486894082,0.00010664968633002333,19.3631273,0.042999982833862305,0.48199987411499023,experiments\out\revision_2026-09-25\fresh_runs\banana_mw_d2_B5e4_seed631.jld2
banana,2,50000.0,677,fresh_v1_2026-09-25,eligible,full_remaining_budget; weight_status=ok,experiments\out\runs\banana_mw_d2_B5e4_seed677\result.h5,e4f73cd37efecab9165f9693beb88658d9ddb7763c4b8740f6e2c9750068718f,9b447b04ba3b7cdec52c4caf0fbe6474c140e85aef949fa1727028deb54224a1,202611272677,38309.0,11691,50000.0,7813.571374529781,0.1562714274905956,0.6683407214549466,-4.161307455195969,0.006515102969558511,0.005823176713272815,0.020817359322032793,0.03416536822683256,0.0373349577831491,0.009506014161608706,0.0033219900906068254,0.06370733369220416,0.05049297777774975,NaN,-0.06994335222061344,0.0001742628019200613,34.6498492,0.06200003623962402,0.32899999618530273,experiments\out\revision_2026-09-25\fresh_runs\banana_mw_d2_B5e4_seed677.jld2
banana,2,500000.0,11,fresh_v1_2026-09-25,eligible,full_remaining_budget; weight_status=ok,experiments\out\runs\banana_mw_d2_B5e5_seed11\result.h5,992dc26cdd7f3ec3c8ed89d228e1066c78fa9325bccd85c0daeceb1842ddd6f8,78e2fc691e6e04cc464f5a2f9eee3c3cb38ec44404e94fb24f67727851fd2329,202611273011,38561.0,461439,500000.0,260381.5610749726,0.5207631221499451,0.5642816516917135,-4.156740319362097,0.0012935934596422418,0.0012560408794008993,0.025668584933052175,0.0253103823660038,0.0672317301502855,0.013869111537238604,0.0069838649813575284,0.0198679280874835,0.02393191066965883,NaN,0.3919456512919127,9.394280828264363e-5,22.2375666,1.5260000228881836,0.23799991607666016,experiments\out\revision_2026-09-25\fresh_runs\banana_mw_d2_B5e5_seed11.jld2
banana,2,500000.0,23,fresh_v1_2026-09-25,eligible,full_remaining_budget; weight_status=ok,experiments\out\runs\banana_mw_d2_B5e5_seed23\result.h5,ae5c832db6fc5d9c0ff4c245c0ab94119926513eece9f96765e0fab6201c2f77,d8040c028cd2c99213010d9a7d0676c91e511a31a54e6cab4d914ae2b3f58b62,202611273023,34417.0,465583,500000.0,307105.3833705997,0.6142107667411995,0.6596146838922378,-4.1544607729987195,0.001052789860758359,0.0010235054839764501,0.02519611339184228,0.017621702847826607,0.02750809595366277,0.009759681552212657,0.010303419847175282,0.033598296337650546,0.08723774146931806,NaN,0.2786845093560947,1.374831063764527e-5,19.0409256,1.3259999752044678,0.7130000591278076,experiments\out\revision_2026-09-25\fresh_runs\banana_mw_d2_B5e5_seed23.jld2
banana,2,500000.0,41,fresh_v1_2026-09-25,eligible,full_remaining_budget; weight_status=ok,experiments\out\runs\banana_mw_d2_B5e5_seed41\result.h5,0a6c5fe33f0d8cdc5199164d4ff5116c643ddb30a3ac0a3a55e530e2e9d51a95,f81a2758fa201410847fcdca1e11e48832e56a259e963a01046ddfa210a0d9c4,202611273041,38404.0,461596,500000.0,246018.05973391898,0.492036119467838,0.532972685495366,-4.15458995662075,0.0013778046501638583,0.0008943218619457127,0.023169091573074983,0.03419850635184162,0.012095461540750807,0.010356794885186066,0.004214269998969926,0.015420875025515923,0.039678442315541074,NaN,0.265317913648418,5.1020343784203466e-5,22.5352076,1.8600001335144043,0.562999963760376,experiments\out\revision_2026-09-25\fresh_runs\banana_mw_d2_B5e5_seed41.jld2
banana,2,500000.0,67,fresh_v1_2026-09-25,eligible,full_remaining_budget; weight_status=ok,experiments\out\runs\banana_mw_d2_B5e5_seed67\result.h5,5581db45aabd05e30890d87765523459b414a1cd4e91f2a956d0f3586da8992b,da1d0210ad7b7541e0150a350400c9881e23095305023d0a756e53c5f591f81e,202611273067,42078.0,457922,500000.0,296412.7631990882,0.5928255263981764,0.6472996781091283,-4.154583023111639,0.0010908234811899998,0.0009012553710565641,0.022435674539409596,0.016826735202404523,0.04137847747701373,0.017790936108885186,0.009789545125137827,0.008753682093800452,0.02152638618239522,NaN,0.40559317576816684,3.8738244471985015e-5,24.0344722,1.7680001258850098,0.38499999046325684,experiments\out\revision_2026-09-25\fresh_runs\banana_mw_d2_B5e5_seed67.jld2
banana,2,500000.0,97,fresh_v1_2026-09-25,eligible,full_remaining_budget; weight_status=ok,experiments\out\runs\banana_mw_d2_B5e5_seed97\result.h5,c17ebbf3e806d363d3432425d02a583f49a6a87aa27559f9db9aaf55f3478d69,cb0bb2cd58082022b29ecb52b0edf6225b79e3150682bf4d1a7c7fb862d832ca,202611273097,37762.0,462238,500000.0,322698.95219999494,0.6453979043999899,0.6981229414284307,-4.155344459601773,0.0009671999762829902,0.00013981888092295947,0.023403094502638003,0.032234045726821606,0.023832599966863488,0.01742413520650396,0.016812645458163994,0.013101815339309986,0.010014450813290554,NaN,0.12244854374213884,1.8215964772539725e-5,24.568864,1.5999999046325684,0.4530000686645508,experiments\out\revision_2026-09-25\fresh_runs\banana_mw_d2_B5e5_seed97.jld2
banana,2,500000.0,113,fresh_v1_2026-09-25,eligible,full_remaining_budget; weight_status=ok,experiments\out\runs\banana_mw_d2_B5e5_seed113\result.h5,9bcbdd4e16733b3bd986e6e3065ae33efd21e044ee4950a323aa41c256e0cbdc,736e74989913b2a050cf2bed5687db13aa251709c3a652d765b6999a6fda5835,202611273113,40514.0,459486,500000.0,277958.1298247557,0.5559162596495114,0.6049327505620535,-4.153731955582677,0.0011921909585908908,0.0017523229000193652,0.023731223931229475,0.02316579326888454,0.026388642860614264,0.011660639179191273,0.01081905854187179,0.02941625330025477,0.022697354298142902,NaN,0.19880019974321292,9.35057841715204e-6,19.4009981,1.4549999237060547,0.43199992179870605,experiments\out\revision_2026-09-25\fresh_runs\banana_mw_d2_B5e5_seed113.jld2
banana,2,500000.0,137,fresh_v1_2026-09-25,eligible,full_remaining_budget; weight_status=ok,experiments\out\runs\banana_mw_d2_B5e5_seed137\result.h5,31a2d0ee78b1362defa0f06a6e87437df3b14f9da43bc81e625bf50e033dadb1,a5749826aad272d36cc6d4ab01f86a0af81f061a779bb94808b7b7fa7cdce628,202611273137,41735.0,458265,500000.0,283085.252625785,0.56617050525157,0.6177326495058209,-4.156643091954317,0.001162050442963123,0.0011588134716209453,0.019672825727587842,0.016568340061685016,0.015208478733934272,0.014188161735605359,0.012598121798549494,0.009795089936496582,0.050836562696921495,NaN,0.41541400121371685,2.431872907018171e-5,29.8467784,1.5499999523162842,0.3680000305175781,experiments\out\revision_2026-09-25\fresh_runs\banana_mw_d2_B5e5_seed137.jld2
banana,2,500000.0,173,fresh_v1_2026-09-25,eligible,full_remaining_budget; weight_status=ok,experiments\out\runs\banana_mw_d2_B5e5_seed173\result.h5,71dc52b38abc442f6a05a3c367d50ed7966f357d881a00a9a3a72912987962aa,20b74dba97a42f1c4c63b59a8e912bada4563a083f360943feea2735cce2405c,202611273173,34253.0,465747,500000.0,305671.5839302361,0.6113431678604723,0.6563039245131715,-4.15301172473553,0.0010603756662342966,0.0024725537471663728,0.05095581381194263,0.014472240562123753,0.030282677140488823,0.01571098919235156,0.01710530175621136,0.004851327818694906,0.04167743785428779,NaN,0.8624350791253904,4.0512278332992316e-5,18.5170696,1.373000144958496,0.7600002288818359,experiments\out\revision_2026-09-25\fresh_runs\banana_mw_d2_B5e5_seed173.jld2
banana,2,500000.0,211,fresh_v1_2026-09-25,eligible,full_remaining_budget; weight_status=ok,experiments\out\runs\banana_mw_d2_B5e5_seed211\result.h5,fcca0e67e2547d293acf7dbcc4604f8d2816f3329c52ea93dfbbf9359236e88f,6149c66c1842433bcd9cf7c49ec3ca3a514b04d596bed2a860c36910fdd4206d,202611273211,35532.0,464468,500000.0,314559.41491565533,0.6291188298313106,0.6772466885030946,-4.157813122144246,0.00101294067156654,0.00232884366154984,0.0293537636342759,0.01760468200466999,0.00970915891019708,0.003918410146271173,0.015386929250684828,0.0051815378494391995,0.04580572527483462,NaN,0.28363369714344033,5.5098352439213915e-5,23.8094332,1.501000165939331,0.42799997329711914,experiments\out\revision_2026-09-25\fresh_runs\banana_mw_d2_B5e5_seed211.jld2
banana,2,500000.0,239,fresh_v1_2026-09-25,eligible,full_remaining_budget; weight_status=ok,experiments\out\runs\banana_mw_d2_B5e5_seed239\result.h5,c8e65d1dd1addd6697f1112caeba0de185d6f342c65bb5c12fb4313dccc1b7e5,b65bd47d5a92d1f7f75424fcb123aff2a940834b6fd77965badcd0dc83ebcf52,202611273239,41206.0,458794,500000.0,260430.24290502636,0.5208604858100527,0.5676409083489025,-4.155146607770325,0.0012884767605900677,0.00033767071237100765,0.029476688417616886,0.023515276575681664,0.042210145959603484,0.01759577996997405,0.003905585974624288,0.007633715940407737,0.014923818361802899,NaN,0.3046929762131387,1.4138110261420842e-5,20.5524628,1.7309999465942383,0.3429999351501465,experiments\out\revision_2026-09-25\fresh_runs\banana_mw_d2_B5e5_seed239.jld2
banana,2,500000.0,277,fresh_v1_2026-09-25,eligible,full_remaining_budget; weight_status=ok,experiments\out\runs\banana_mw_d2_B5e5_seed277\result.h5,6f1ea43c2b101b29399388bce5a03f39053f70dabd88f635f585613fc2447548,e0cea80f9cfb9e902e8f17705a54074d770629226e31b201f81951b0c14e39bb,202611273277,36690.0,463310,500000.0,286205.7032171823,0.5724114064343646,0.6177412601005424,-4.154207147331984,0.0011556852490838792,0.0012771311507115968,0.018873437937970704,0.022493884512514887,0.02901691365390968,0.025593252035415487,0.016506583836730343,0.005159459488219498,0.018050162929413527,NaN,0.2357355092435251,3.11658620112415e-5,25.2362377,1.3589999675750732,0.6029999256134033,experiments\out\revision_2026-09-25\fresh_runs\banana_mw_d2_B5e5_seed277.jld2
banana,2,500000.0,313,fresh_v1_2026-09-25,eligible,full_remaining_budget; weight_status=ok,experiments\out\runs\banana_mw_d2_B5e5_seed313\result.h5,57212d6d1ff20e00587b31c627f0578fa0bd6c36ca5f10e09ce2d67b58852819,382dfb18ab8e671486b9439663b455dc0e97ef929b67de4fc46725ba5ba8a7b6,202611273313,36648.0,463352,500000.0,291474.5259268003,0.5829490518536007,0.6290563673552727,-4.155393580520041,0.0011281157381648203,9.069796265492869e-5,0.017488403468370706,0.023275613542175694,0.006222092993302897,0.008098344732404644,0.013906846451452765,0.032145431953559345,0.05547969271150077,NaN,0.2949076615196137,2.7328059801363954e-5,24.7151894,1.5210001468658447,0.47699999809265137,experiments\out\revision_2026-09-25\fresh_runs\banana_mw_d2_B5e5_seed313.jld2
banana,2,500000.0,359,fresh_v1_2026-09-25,eligible,full_remaining_budget; weight_status=ok,experiments\out\runs\banana_mw_d2_B5e5_seed359\result.h5,17a6d72685defc507f7a64ba4929bc005a8299372b73632c34e381a107d762ee,2fefaf8f0d76cbabe4375db20dba227d27480ded3561460a4a49586936a7b4cf,202611273359,35022.0,464978,500000.0,302024.0550300374,0.6040481100600749,0.6495448279919425,-4.155500631209552,0.0010771978297122778,1.6352726856183608e-5,0.020961751552427577,0.027747885304709237,0.029184414192323094,0.016239684899895662,0.005795111118169687,0.01001706709725203,0.02664629789182882,NaN,0.2649434441215774,9.070081192556259e-6,19.9606344,2.8480000495910645,0.3259999752044678,experiments\out\revision_2026-09-25\fresh_runs\banana_mw_d2_B5e5_seed359.jld2
banana,2,500000.0,401,fresh_v1_2026-09-25,eligible,full_remaining_budget; weight_status=ok,experiments\out\runs\banana_mw_d2_B5e5_seed401\result.h5,4ff8aa8107aa82d563820ca61f967c8b64fd2380551b5bbdf2192f1d41a7b476,9bc277894a0be2a8ac64bdfa142b46c7cf38c0acf78f381ddc6523731c4b0569,202611273401,34263.0,465737,500000.0,292567.8919562772,0.5851357839125544,0.6281826265816913,-4.1533100061319,0.0011273311516343065,0.002174272350796258,0.018651644144661906,0.018223605526904496,0.012032672191682692,0.01924087226113977,0.011966178863587501,0.019938188124679512,0.037958588384785164,NaN,0.44977406813824716,0.0003663736733039573,29.6491472,1.3819999694824219,0.6540000438690186,experiments\out\revision_2026-09-25\fresh_runs\banana_mw_d2_B5e5_seed401.jld2
banana,2,500000.0,449,fresh_v1_2026-09-25,eligible,full_remaining_budget; weight_status=ok,experiments\out\runs\banana_mw_d2_B5e5_seed449\result.h5,2d4c484998234884e2f183d4ecccf4b0b494275539f6a0920ed851cd502edcac,baf7de8584234cebf2d73f3204dd6fe9af89b8c2022c2cb348422570d324154a,202611273449,33922.0,466078,500000.0,313081.5458699637,0.6261630917399275,0.671736374319242,-4.156140314739595,0.001023959185511525,0.0006560362568990286,0.02182958660211626,0.023891263793318344,0.024584296967835484,0.011858320744327383,0.0183975649752591,0.0038910106458155402,0.023269817634099188,NaN,0.46389957695763206,5.108649553922468e-5,18.4381918,1.2079999446868896,0.27499985694885254,experiments\out\revision_2026-09-25\fresh_runs\banana_mw_d2_B5e5_seed449.jld2
banana,2,500000.0,491,fresh_v1_2026-09-25,eligible,full_remaining_budget; weight_status=ok,experiments\out\runs\banana_mw_d2_B5e5_seed491\result.h5,9bd9fcf6a0a4091620b62079edbb6719d9de5e4a8a554d4691bb6c8d04d7779a,7b8ee21d559ef6a46c119f9d016b712df04c487c6905765f266734fb3a1c6b90,202611273491,36755.0,463245,500000.0,268839.0329093719,0.5376780658187438,0.5803387687063474,-4.155050356794716,0.0012494050673712057,0.00043392168798028763,0.01885464456881707,0.02370482980494858,0.024733251960773583,0.007244622702182374,0.0015376756911616727,0.010918243519325688,0.0891737807450027,NaN,0.25702969099023215,6.0734350753158335e-5,26.0365992,1.369999885559082,0.3379998207092285,experiments\out\revision_2026-09-25\fresh_runs\banana_mw_d2_B5e5_seed491.jld2
banana,2,500000.0,541,fresh_v1_2026-09-25,eligible,full_remaining_budget; weight_status=ok,experiments\out\runs\banana_mw_d2_B5e5_seed541\result.h5,6e49973d260cbc716f95975f2eced4102e2d5da1ac1d5b9100a94fb4b088d93a,cd2f55138059837cdb7e89bc1188e54f3332143d9538351c8e63e06900e78841,202611273541,38299.0,461701,500000.0,304840.2360132142,0.6096804720264284,0.6602546583464498,-4.156048886226143,0.0010557002168365723,0.000564607743447354,0.024844957447255196,0.023251232380594823,0.0037716213885522487,0.01608371304581166,0.004836451624516429,0.026625464331533677,0.048735871381067386,NaN,0.08221097706842444,5.0192503620814605e-6,21.2105288,1.569000005722046,0.26400017738342285,experiments\out\revision_2026-09-25\fresh_runs\banana_mw_d2_B5e5_seed541.jld2
banana,2,500000.0,587,fresh_v1_2026-09-25,eligible,full_remaining_budget; weight_status=ok,experiments\out\runs\banana_mw_d2_B5e5_seed587\result.h5,f7686c7df969b7a57bd74eaefcd6fb175bb782105b36474d213ecdc97d91159d,903ab56cfb3e5e8e2c4a5ee412a5e2451ab54864e13d86edacaa488b3edc1b93,202611273587,34386.0,465614,500000.0,283570.71623136767,0.5671414324627353,0.6090253219004748,-4.15658510380465,0.0011742041887699694,0.001100825321953991,0.01405063732285821,0.018255204451140202,0.0489659580525591,0.01751554319989798,0.0076646089515811375,0.02297291034281146,0.05723472557000775,NaN,0.26301006122937215,8.883261902641352e-6,21.3427783,1.306999921798706,0.3789999485015869,experiments\out\revision_2026-09-25\fresh_runs\banana_mw_d2_B5e5_seed587.jld2
banana,2,500000.0,631,fresh_v1_2026-09-25,eligible,full_remaining_budget; weight_status=ok,experiments\out\runs\banana_mw_d2_B5e5_seed631\result.h5,debfab15ebfb6bf20b92d693c86accd6867ba7d2e23e838198c0a052e0d31b68,36d3fb83187156e6a5369e851884657fe2e6c80165951ed77419ae8e88d4e929,202611273631,38080.0,461920,500000.0,276817.23442226986,0.5536344688445397,0.5992752736886687,-4.154071371089465,0.0012031686511584862,0.0014129073932309666,0.017555506558834047,0.02574225789300032,0.037797028732156845,0.009109970046869226,0.006731335145363198,0.012866490272278708,0.08572174418327705,NaN,0.24442263895404714,2.627122755622896e-5,22.5022105,1.2349998950958252,0.3339998722076416,experiments\out\revision_2026-09-25\fresh_runs\banana_mw_d2_B5e5_seed631.jld2
banana,2,500000.0,677,fresh_v1_2026-09-25,eligible,full_remaining_budget; weight_status=ok,experiments\out\runs\banana_mw_d2_B5e5_seed677\result.h5,3550d31df71f730ce0b23216793be0777f0ccf66828df0ae9cba0dbae06970df,1a50caaed0feb4496b2894d9f0a05fc8c62c3316e4f083c398794706c9530ea8,202611273677,35490.0,464510,500000.0,296497.156374389,0.592994312748778,0.6383009114430024,-4.157161852734864,0.0011044942033580079,0.0016775742521684123,0.020540851064002462,0.01797394792524239,0.042754342933752576,0.014431414117018176,0.011170625755227898,0.01059288029944272,0.06304553771198329,NaN,0.2634371716285043,5.7127971416623306e-5,23.2744273,1.434999942779541,0.5019998550415039,experiments\out\revision_2026-09-25\fresh_runs\banana_mw_d2_B5e5_seed677.jld2
banana,5,5000.0,11,fresh_v1_2026-09-25,unavailable,exceeds_strict_budget,experiments\out\runs\banana_mw_d5_B5e3_seed11\result.h5,93392ff7a054aa7ee7df0f1d076c731e9ef0b1bb12d25446b414f84f4d6fa6b5,d77ff772dd3276638901b0b6fe2a1183454760df64b4cc2e588dcd2ec88a08ac,202611301011,5938.0,0,5938.0,NaN,NaN,NaN,NaN,NaN,NaN,NaN,NaN,NaN,NaN,NaN,NaN,NaN,NaN,NaN,NaN,11.441176,NaN,NaN,experiments\out\revision_2026-09-25\fresh_runs\banana_mw_d5_B5e3_seed11.jld2
banana,5,5000.0,23,fresh_v1_2026-09-25,unavailable,exceeds_strict_budget,experiments\out\runs\banana_mw_d5_B5e3_seed23\result.h5,c1b859dd1503f25bba296a5baa43a79a53ce7839f1db05281d06b0986b88c528,07f4bf37ac58e97f8b551ca807c6916dd0e5f0b10a2f1424cbad3719eee48b22,202611301023,5675.0,0,5675.0,NaN,NaN,NaN,NaN,NaN,NaN,NaN,NaN,NaN,NaN,NaN,NaN,NaN,NaN,NaN,NaN,1.4682334,NaN,NaN,experiments\out\revision_2026-09-25\fresh_runs\banana_mw_d5_B5e3_seed23.jld2
banana,5,5000.0,41,fresh_v1_2026-09-25,unavailable,exceeds_strict_budget,experiments\out\runs\banana_mw_d5_B5e3_seed41\result.h5,0301d2b9e2b1c4fa5c767859611e9e5c103117bdbeadbffa220a7d19e517c59d,9eeea50acb520e568924057ea4f2e62031b00c71fe24d5ee91f76f4138f5ef41,202611301041,5777.0,0,5777.0,NaN,NaN,NaN,NaN,NaN,NaN,NaN,NaN,NaN,NaN,NaN,NaN,NaN,NaN,NaN,NaN,0.3548888,NaN,NaN,experiments\out\revision_2026-09-25\fresh_runs\banana_mw_d5_B5e3_seed41.jld2
banana,5,5000.0,67,fresh_v1_2026-09-25,unavailable,exceeds_strict_budget,experiments\out\runs\banana_mw_d5_B5e3_seed67\result.h5,79a43626c0beaf09a29fc97160d555b6d14c3f4b0b0af72abbb07f234e89b0c1,91acdc602ac2913e5332b3daea04b3c13c479d73165bf7a646331624446fd0c1,202611301067,5498.0,0,5498.0,NaN,NaN,NaN,NaN,NaN,NaN,NaN,NaN,NaN,NaN,NaN,NaN,NaN,NaN,NaN,NaN,0.4338282,NaN,NaN,experiments\out\revision_2026-09-25\fresh_runs\banana_mw_d5_B5e3_seed67.jld2
banana,5,5000.0,97,fresh_v1_2026-09-25,unavailable,exceeds_strict_budget,experiments\out\runs\banana_mw_d5_B5e3_seed97\result.h5,737f57204ab018d671bde496de6f3b8936c2fe3d530f159d9f88e790179a239f,0d8a86fd2f6c2e8e7ed2eeb40de6ff2d5d4d36aac1c0f19bc68d395aa422cbc1,202611301097,5719.0,0,5719.0,NaN,NaN,NaN,NaN,NaN,NaN,NaN,NaN,NaN,NaN,NaN,NaN,NaN,NaN,NaN,NaN,0.6291435,NaN,NaN,experiments\out\revision_2026-09-25\fresh_runs\banana_mw_d5_B5e3_seed97.jld2
banana,5,5000.0,113,fresh_v1_2026-09-25,unavailable,exceeds_strict_budget,experiments\out\runs\banana_mw_d5_B5e3_seed113\result.h5,ab3abd4a4d0269b8891350dc7ffa49e3f82400dc7d9bf7ba7320bebae378efcb,5b841d90439c70acd37b8794c04c229c86e9506c4dcd73d38840268850d7d4a1,202611301113,6172.0,0,6172.0,NaN,NaN,NaN,NaN,NaN,NaN,NaN,NaN,NaN,NaN,NaN,NaN,NaN,NaN,NaN,NaN,0.7117596,NaN,NaN,experiments\out\revision_2026-09-25\fresh_runs\banana_mw_d5_B5e3_seed113.jld2
banana,5,5000.0,137,fresh_v1_2026-09-25,unavailable,exceeds_strict_budget,experiments\out\runs\banana_mw_d5_B5e3_seed137\result.h5,a69937deb47c0d1775bd2c92bc262ad583002f4b843c1a93733ca166c4c59de8,6f3437b76313b48bdbdf2df49fff3e8008b0698785fd2902c7401ff68ffd046b,202611301137,5151.0,0,5151.0,NaN,NaN,NaN,NaN,NaN,NaN,NaN,NaN,NaN,NaN,NaN,NaN,NaN,NaN,NaN,NaN,0.3365494,NaN,NaN,experiments\out\revision_2026-09-25\fresh_runs\banana_mw_d5_B5e3_seed137.jld2
banana,5,5000.0,173,fresh_v1_2026-09-25,unavailable,exceeds_strict_budget,experiments\out\runs\banana_mw_d5_B5e3_seed173\result.h5,d71c4fe3d3b896aa32bb64d3c44da02e82322a04b207cc4d41fbf84a2be2571b,1d7e6645fbf3c17a148ee7a3cf3ffa5ea7e4a5453f481e2c1a288d5d3e0dcb09,202611301173,6154.0,0,6154.0,NaN,NaN,NaN,NaN,NaN,NaN,NaN,NaN,NaN,NaN,NaN,NaN,NaN,NaN,NaN,NaN,0.5732256,NaN,NaN,experiments\out\revision_2026-09-25\fresh_runs\banana_mw_d5_B5e3_seed173.jld2
banana,5,5000.0,211,fresh_v1_2026-09-25,unavailable,exceeds_strict_budget,experiments\out\runs\banana_mw_d5_B5e3_seed211\result.h5,571407b06e84fdde43fcc3518fab681d0e7e6777914967d1b2d727ed867ba0c1,05092ad7a94ee2a316c173041746737f3d93f98b0c1c082822e500c82214d27e,202611301211,6000.0,0,6000.0,NaN,NaN,NaN,NaN,NaN,NaN,NaN,NaN,NaN,NaN,NaN,NaN,NaN,NaN,NaN,NaN,0.6109975,NaN,NaN,experiments\out\revision_2026-09-25\fresh_runs\banana_mw_d5_B5e3_seed211.jld2
banana,5,5000.0,239,fresh_v1_2026-09-25,unavailable,exceeds_strict_budget,experiments\out\runs\banana_mw_d5_B5e3_seed239\result.h5,7f51001f87c3c5ee3ad38d80c6755ec0cb8bc33a4fca294690e7b734204efe0b,b2e2a53cd00379176f488a83a93daf9f994484908065a5065c86d05ed4c5da0c,202611301239,5991.0,0,5991.0,NaN,NaN,NaN,NaN,NaN,NaN,NaN,NaN,NaN,NaN,NaN,NaN,NaN,NaN,NaN,NaN,0.1922979,NaN,NaN,experiments\out\revision_2026-09-25\fresh_runs\banana_mw_d5_B5e3_seed239.jld2
banana,5,5000.0,277,fresh_v1_2026-09-25,unavailable,exceeds_strict_budget,experiments\out\runs\banana_mw_d5_B5e3_seed277\result.h5,44286bd6a235a7927d3556e167ae4788f11801af34dc659ad0e75eede827b3e4,b2dfc74f34d0aab57412f1b2942707c2e155997f62377f4e7adb1955b02a01c7,202611301277,5295.0,0,5295.0,NaN,NaN,NaN,NaN,NaN,NaN,NaN,NaN,NaN,NaN,NaN,NaN,NaN,NaN,NaN,NaN,0.3638389,NaN,NaN,experiments\out\revision_2026-09-25\fresh_runs\banana_mw_d5_B5e3_seed277.jld2
banana,5,5000.0,313,fresh_v1_2026-09-25,unavailable,exceeds_strict_budget,experiments\out\runs\banana_mw_d5_B5e3_seed313\result.h5,0a610c5163c3263b53520f7fa3ce9558e90f0e296494c40f2f9666d825a7a15a,e922b8aa51023b66e5922b5a4696c1e256c79908b3da7aa9a46e5a4daf38231f,202611301313,5227.0,0,5227.0,NaN,NaN,NaN,NaN,NaN,NaN,NaN,NaN,NaN,NaN,NaN,NaN,NaN,NaN,NaN,NaN,0.3461977,NaN,NaN,experiments\out\revision_2026-09-25\fresh_runs\banana_mw_d5_B5e3_seed313.jld2
banana,5,5000.0,359,fresh_v1_2026-09-25,unavailable,exceeds_strict_budget,experiments\out\runs\banana_mw_d5_B5e3_seed359\result.h5,91dccac536bbd6fa5527de8498a270ff72972b428a4365ca4cef08744876f10a,f1ba6552183c2892a167b63b037203cbf0f68b9706668b20b4b86a579d035880,202611301359,5083.0,0,5083.0,NaN,NaN,NaN,NaN,NaN,NaN,NaN,NaN,NaN,NaN,NaN,NaN,NaN,NaN,NaN,NaN,0.2574016,NaN,NaN,experiments\out\revision_2026-09-25\fresh_runs\banana_mw_d5_B5e3_seed359.jld2
banana,5,5000.0,401,fresh_v1_2026-09-25,unavailable,exceeds_strict_budget,experiments\out\runs\banana_mw_d5_B5e3_seed401\result.h5,0a8c34c3b751c2333f9bf305ec00d19f02951193267205545383650d075fac1c,d9dee37604f3df0c777e272af107dce03e890e92ac51971bcbcbc0299ee4407b,202611301401,6065.0,0,6065.0,NaN,NaN,NaN,NaN,NaN,NaN,NaN,NaN,NaN,NaN,NaN,NaN,NaN,NaN,NaN,NaN,0.4742961,NaN,NaN,experiments\out\revision_2026-09-25\fresh_runs\banana_mw_d5_B5e3_seed401.jld2
banana,5,5000.0,449,fresh_v1_2026-09-25,unavailable,exceeds_strict_budget,experiments\out\runs\banana_mw_d5_B5e3_seed449\result.h5,2dc0ab70c2d25c8421701821393d0121f4cbb9f32168837bc0d748746e2a6af6,951bb15190439e599a4f765e272858dfaad0d7d96d7f991f2f627ad82e882d92,202611301449,5726.0,0,5726.0,NaN,NaN,NaN,NaN,NaN,NaN,NaN,NaN,NaN,NaN,NaN,NaN,NaN,NaN,NaN,NaN,0.3774277,NaN,NaN,experiments\out\revision_2026-09-25\fresh_runs\banana_mw_d5_B5e3_seed449.jld2
banana,5,5000.0,491,fresh_v1_2026-09-25,unavailable,exceeds_strict_budget,experiments\out\runs\banana_mw_d5_B5e3_seed491\result.h5,7ad18962565c8e312b9dea7abc418e7008c2fe318d4891db60bb215a1970e623,876d499e24362162a85164d91b37e52e15f639c37b561bb8eb73933832b088d6,202611301491,5574.0,0,5574.0,NaN,NaN,NaN,NaN,NaN,NaN,NaN,NaN,NaN,NaN,NaN,NaN,NaN,NaN,NaN,NaN,0.1998645,NaN,NaN,experiments\out\revision_2026-09-25\fresh_runs\banana_mw_d5_B5e3_seed491.jld2
banana,5,5000.0,541,fresh_v1_2026-09-25,unavailable,exceeds_strict_budget,experiments\out\runs\banana_mw_d5_B5e3_seed541\result.h5,28edd2632d722b9b27e2aa6242a4151b4233a65de9c4f921e215735888243aff,275a7748dafdbda600dda1f29c68b8089bd1746a4bd261b984acfafaaca1b514,202611301541,5747.0,0,5747.0,NaN,NaN,NaN,NaN,NaN,NaN,NaN,NaN,NaN,NaN,NaN,NaN,NaN,NaN,NaN,NaN,0.2989025,NaN,NaN,experiments\out\revision_2026-09-25\fresh_runs\banana_mw_d5_B5e3_seed541.jld2
banana,5,5000.0,587,fresh_v1_2026-09-25,unavailable,exceeds_strict_budget,experiments\out\runs\banana_mw_d5_B5e3_seed587\result.h5,972ed052495ff73b84db48ddcd33b210bf71313ac9d657216f040bdbd8f00c6f,f4d99300a0f996ccba7b066ff0a0768c9ebf432aca49743a4182307e617fdb97,202611301587,5737.0,0,5737.0,NaN,NaN,NaN,NaN,NaN,NaN,NaN,NaN,NaN,NaN,NaN,NaN,NaN,NaN,NaN,NaN,0.2408043,NaN,NaN,experiments\out\revision_2026-09-25\fresh_runs\banana_mw_d5_B5e3_seed587.jld2
banana,5,5000.0,631,fresh_v1_2026-09-25,unavailable,exceeds_strict_budget,experiments\out\runs\banana_mw_d5_B5e3_seed631\result.h5,43a07073a5cb760770d5f1387f2134d85e06d9d50cb2ad11f5c2414a2c90a3c7,58f347b29acd1c53d91c764ae5bee638183f561644ea28b6b78ffd9104d043e6,202611301631,5855.0,0,5855.0,NaN,NaN,NaN,NaN,NaN,NaN,NaN,NaN,NaN,NaN,NaN,NaN,NaN,NaN,NaN,NaN,0.1507433,NaN,NaN,experiments\out\revision_2026-09-25\fresh_runs\banana_mw_d5_B5e3_seed631.jld2
banana,5,5000.0,677,fresh_v1_2026-09-25,unavailable,exceeds_strict_budget,experiments\out\runs\banana_mw_d5_B5e3_seed677\result.h5,85b982d1a777bad2894cae1c35cab943157ddda50c98cf80b304cbe1beebe9c4,0934e96327937e43714eac8ea17dd11126b39f04e2193ba855e8c71651e9057c,202611301677,5726.0,0,5726.0,NaN,NaN,NaN,NaN,NaN,NaN,NaN,NaN,NaN,NaN,NaN,NaN,NaN,NaN,NaN,NaN,0.1587276,NaN,NaN,experiments\out\revision_2026-09-25\fresh_runs\banana_mw_d5_B5e3_seed677.jld2
banana,5,50000.0,11,fresh_v1_2026-09-25,eligible,full_remaining_budget; weight_status=ok,experiments\out\runs\banana_mw_d5_B5e4_seed11\result.h5,54ce637847014a5d1f2cefe4da72b259655f1b062277994888f3157f738bd315,a0fdb7beb549ce593b739bd211f76983535cd0a24f908fa7f75aa3d960f37dfa,202611302011,37317.0,12683,50000.0,7056.662946552967,0.14113325893105932,0.5563875223963547,-10.38680845765623,0.007928703719620322,0.0009730146318140953,0.023156962519956824,0.02269397074592177,0.03190735093189958,0.014707613853364799,0.011267592989985567,0.019752125963643997,0.03426095839966914,NaN,0.05907446589247821,0.00034149445327408826,32.4212188,0.06400012969970703,0.2709999084472656,experiments\out\revision_2026-09-25\fresh_runs\banana_mw_d5_B5e4_seed11.jld2
banana,5,50000.0,23,fresh_v1_2026-09-25,eligible,full_remaining_budget; weight_status=ok,experiments\out\runs\banana_mw_d5_B5e4_seed23\result.h5,2379989c5d788fb7f1278a0c0f454bc0c88c9afe96ddcdccb4763f3181c2a66e,018a1d9f78472837c48847d96545a5c77daa97a2489cd0d052e061bcc4289194,202611302023,40074.0,9926,50000.0,5826.360677230777,0.11652721354461554,0.586979717633566,-10.378792201737255,0.008419513675947789,0.0070432412871603844,0.03725869925353795,0.03290572466846628,0.03420960100085986,0.011945124434751032,0.009398921269206158,0.031187793492958617,0.10610969634801633,NaN,-0.3977096786027462,0.00025543276236905286,32.4820559,0.06399989128112793,0.622999906539917,experiments\out\revision_2026-09-25\fresh_runs\banana_mw_d5_B5e4_seed23.jld2
banana,5,50000.0,41,fresh_v1_2026-09-25,eligible,full_remaining_budget; weight_status=ok,experiments\out\runs\banana_mw_d5_B5e4_seed41\result.h5,19f3819e6acfb1841dc15ff41d8e6073f479edb1feee53f097898c1bc493d464,5f418f4e31507e6a45d9a6ff8c38893b54682bd8bf04768d4f3395e80f1f12a5,202611302041,37171.0,12829,50000.0,7690.626474055012,0.15381252948110025,0.5994720145026902,-10.378927030368747,0.00721664885104015,0.006908412655668883,0.02388241045121804,0.027006196255872368,0.026895621501396905,0.007226040490785202,0.022394522444529268,0.010872668089186677,0.07998577119955481,NaN,-0.1010893379320198,0.00020986199579431245,25.6228383,0.11400008201599121,0.49499988555908203,experiments\out\revision_2026-09-25\fresh_runs\banana_mw_d5_B5e4_seed41.jld2
banana,5,50000.0,67,fresh_v1_2026-09-25,eligible,full_remaining_budget; weight_status=ok,experiments\out\runs\banana_mw_d5_B5e4_seed67\result.h5,046928bfbda721644f8ceea6f08d48b7c7bf380ae8feff9c4f0d576cdb70e933,497a5f640e0e529707845753f70d906c9662256a59ac4bec987be755bd6b8b0a,202611302067,37344.0,12656,50000.0,7585.3934676954295,0.1517078693539086,0.599351569824228,-10.38298332156855,0.007267627608307902,0.0028521214558647756,0.03344260651431181,0.022765231894214467,0.027236976307974857,0.026115862061311924,0.013978295853422421,0.018132921239611965,0.07469526211036674,NaN,0.10526268979864757,0.0004163142903492963,27.807563,0.12000012397766113,0.23200011253356934,experiments\out\revision_2026-09-25\fresh_runs\banana_mw_d5_B5e4_seed67.jld2
banana,5,50000.0,97,fresh_v1_2026-09-25,eligible,full_remaining_budget; weight_status=ok,experiments\out\runs\banana_mw_d5_B5e4_seed97\result.h5,70347c0724f0fb80846a10408db89d87588d0c47b39f0f5ebcfad2dbdc480a91,ee0b0240967d4edce7a84641c2e4ed1e087f163fb795a13a2f14ec6da63cfb7f,202611302097,39334.0,10666,50000.0,6665.123492623644,0.13330246985247288,0.6248943833324249,-10.387728078095101,0.007501924400696983,0.0018926350706855999,0.029098101871868627,0.027949077031575616,0.050305648955636564,0.02833032306703943,0.020567621892008038,0.01881063329789252,0.036090888591496825,NaN,0.06588546379351069,0.0003714910639904478,24.9295003,0.06999993324279785,0.5480000972747803,experiments\out\revision_2026-09-25\fresh_runs\banana_mw_d5_B5e4_seed97.jld2
banana,5,50000.0,113,fresh_v1_2026-09-25,eligible,full_remaining_budget; weight_status=ok,experiments\out\runs\banana_mw_d5_B5e4_seed113\result.h5,2d859ccb2db4adb261de27402c11d5c9504be18447e6e013a6f7b4b60cf64e72,be05fc7654f6bf44dc39245d096577ba90b0d7a6425fd661ac2f00e437cb2f4e,202611302113,38389.0,11611,50000.0,7019.912659344765,0.1403982531868953,0.6045915648389256,-10.378179952513385,0.00750511083954219,0.007655490511030649,0.024388489762890878,0.026048454783976945,0.029697919218910983,0.01992624415401577,0.014986805221934981,0.017420664974633883,0.03289396506513782,NaN,-0.01390621812867725,0.000268111897899916,34.5646515,0.0820000171661377,0.23099994659423828,experiments\out\revision_2026-09-25\fresh_runs\banana_mw_d5_B5e4_seed113.jld2
banana,5,50000.0,137,fresh_v1_2026-09-25,eligible,full_remaining_budget; weight_status=ok,experiments\out\runs\banana_mw_d5_B5e4_seed137\result.h5,46378f176dcd4ab7a098dfe62727a4fc1908b4cae6ab9a25afe3c440bf1b1b14,de82361231b643aba631c6369b02dc76199f47a879095eed36423abdc188dad7,202611302137,36433.0,13567,50000.0,8084.679924353386,0.1616935984870677,0.5959077116793238,-10.385404197852662,0.007069828289718363,0.0004312451717538579,0.03033259964103775,0.023149378351139786,0.03470168271283325,0.013052490549678752,0.015575230613442728,0.038531326819248736,0.06493993892992975,NaN,-0.2069233572677259,0.00019894392545382125,26.8825895,0.11300015449523926,0.34200000762939453,experiments\out\revision_2026-09-25\fresh_runs\banana_mw_d5_B5e4_seed137.jld2
banana,5,50000.0,173,fresh_v1_2026-09-25,eligible,full_remaining_budget; weight_status=ok,experiments\out\runs\banana_mw_d5_B5e4_seed173\result.h5,c7a3044971857826d276cc57c560c3fcfa2feeff7547cdd7a67bee252bcce0c3,140b4891617740a74aa219617adb7cf877dbad37c10ad708119b05795d0b47ac,202611302173,34314.0,15686,50000.0,9152.120754856089,0.18304241509712177,0.5834579086354768,-10.395916521029669,0.006746345451273803,0.010081078005253374,0.03045817325828663,0.02592178056271905,0.025927752164436723,0.023062268437116708,0.0069242484925956665,0.015891498613711263,0.03812552259594746,NaN,-0.1746729868685886,0.0001776827282430805,24.011121,0.182999849319458,0.21899986267089844,experiments\out\revision_2026-09-25\fresh_runs\banana_mw_d5_B5e4_seed173.jld2
banana,5,50000.0,211,fresh_v1_2026-09-25,eligible,full_remaining_budget; weight_status=ok,experiments\out\runs\banana_mw_d5_B5e4_seed211\result.h5,32912a8f863572532185f9553493a0d35852e31d66968168f97b17da8e0e48d4,3d8c583fa2419d93f9b582776f7f75d480d0d42840cd381cecffc20f197936dd,202611302211,40320.0,9680,50000.0,5443.38475695774,0.1088676951391548,0.5623331360493533,-10.387256958743423,0.00896679657293162,0.0014215157190076155,0.022573146512626985,0.02636695209618881,0.017538114818187768,0.02877454763997821,0.013917240375314346,0.010530810356070619,0.007667080193821984,NaN,-0.23328863533037308,0.0002863848402803054,32.1826948,0.04499983787536621,0.2350001335144043,experiments\out\revision_2026-09-25\fresh_runs\banana_mw_d5_B5e4_seed211.jld2
banana,5,50000.0,239,fresh_v1_2026-09-25,eligible,full_remaining_budget; weight_status=ok,experiments\out\runs\banana_mw_d5_B5e4_seed239\result.h5,293309b1a3646e689860219cbdfc8d72f2e97ad51025e16ed0d050034c8c5a78,855f1652e3489ab7aa7f67d50096ba785b39b3e2e5d3b28dbbcbb89ba6567ad5,202611302239,39190.0,10810,50000.0,6300.714995540662,0.12601429991081325,0.5828598515763794,-10.362538017220617,0.008136658297677696,0.023297425803798788,0.02530900241182237,0.024089716397457526,0.03634278054059448,0.011710692317613491,0.010729050267995146,0.014268695028980182,0.052334718784572944,NaN,-0.24896281870900092,0.00024163927294397545,36.2165976,0.04400014877319336,0.20999979972839355,experiments\out\revision_2026-09-25\fresh_runs\banana_mw_d5_B5e4_seed239.jld2
banana,5,50000.0,277,fresh_v1_2026-09-25,eligible,full_remaining_budget; weight_status=ok,experiments\out\runs\banana_mw_d5_B5e4_seed277\result.h5,bab43ce010cfb1cb1b8acb549c3e8e1617214502c5972a27c7fadbc83cddf441,d891203b3d58bb6ff60d35a140ffb17834e11f5a322811b6ef985f0cadf7c161,202611302277,42921.0,7079,50000.0,3842.8146066318227,0.07685629213263645,0.5428470979844361,-10.384147499132613,0.010907017855711295,0.0016879438918024903,0.0306627327122656,0.02254849820072144,0.026110973923012225,0.013771790793945537,0.012636246149380918,0.020239655194394322,0.06503441236293979,NaN,-0.17711259533665133,0.0004015767111287759,91.2090383,0.029000043869018555,0.39800000190734863,experiments\out\revision_2026-09-25\fresh_runs\banana_mw_d5_B5e4_seed277.jld2
banana,5,50000.0,313,fresh_v1_2026-09-25,eligible,full_remaining_budget; weight_status=ok,experiments\out\runs\banana_mw_d5_B5e4_seed313\result.h5,f1872b3618dd533c416dd0575e85a701ba8b0e337d90328cc884f3264596e9b2,f1ccc58a53f3cb45f401af241c17ea656263448e94249f90dfee8b366238ca8a,202611302313,40476.0,9524,50000.0,5457.665745905933,0.10915331491811867,0.573043442451274,-10.37979757720091,0.00884480733494825,0.006037865823506294,0.031180366134417808,0.02554312509313336,0.03177602996928006,0.018858178717166628,0.022449080008823282,0.009476287674214313,0.034471966652774896,NaN,-0.24012841830041096,0.00028583504365872525,33.0910619,0.04500007629394531,0.16000008583068848,experiments\out\revision_2026-09-25\fresh_runs\banana_mw_d5_B5e4_seed313.jld2
banana,5,50000.0,359,fresh_v1_2026-09-25,eligible,full_remaining_budget; weight_status=ok,experiments\out\runs\banana_mw_d5_B5e4_seed359\result.h5,647940a4adc35db0ff624cdc4362b71f62044a4d80183e6cf4c43537fe94cff1,c1288d899af54314b7c62d515a8a986cd8431a115911ce2d7bf5c990e3dbdac8,202611302359,39591.0,10409,50000.0,5952.719003489765,0.1190543800697953,0.5718819294350816,-10.399791391093034,0.008480551358621838,0.01395594806861844,0.02357040419630498,0.032794555040797,0.032142149004101526,0.014343644105115872,0.013332227246982112,0.021381868919470248,0.044562071174593584,NaN,0.0656987093894286,0.0003306664367419569,37.9833579,0.03900003433227539,0.1529998779296875,experiments\out\revision_2026-09-25\fresh_runs\banana_mw_d5_B5e4_seed359.jld2
banana,5,50000.0,401,fresh_v1_2026-09-25,eligible,full_remaining_budget; weight_status=ok,experiments\out\runs\banana_mw_d5_B5e4_seed401\result.h5,7b642e7bf618ca281788a5bdb943e0586cc286de3ce5c188d49026a6eb12525f,e1628ed1266b050f734d3f95f31893fa0002dacd6594b51cf54dcf8c503c2286,202611302401,38567.0,11433,50000.0,6239.454129623145,0.1247890825924629,0.5457407617968288,-10.390166491935721,0.008532544972411033,0.004331048911305757,0.022134287998106107,0.022192283701505916,0.028303112086357142,0.015622040355229039,0.012411307712020443,0.02206350712712357,0.04405215751071516,NaN,-0.06854363615799151,0.0002626939447550951,31.1209831,0.03699994087219238,0.21899986267089844,experiments\out\revision_2026-09-25\fresh_runs\banana_mw_d5_B5e4_seed401.jld2
banana,5,50000.0,449,fresh_v1_2026-09-25,eligible,full_remaining_budget; weight_status=ok,experiments\out\runs\banana_mw_d5_B5e4_seed449\result.h5,f0c59b21997b2007a249388057f18eb18d22953a72708b3decb9730ebd8f23ab,ad4a011dfb7346e075a0eb45cafaa13ff3b5247b04677b687e897f0a78332373,202611302449,38813.0,11187,50000.0,4517.423269151093,0.09034846538302187,0.40381007143569264,-10.37776901170589,0.011488066088828849,0.008066431318525247,0.031135118936770057,0.04203176170795466,0.04709082837829839,0.017887407177464055,0.01716850133132897,0.039240539371319286,0.1726810227617303,NaN,0.24149325902986618,0.00851688185729156,47.2920634,0.046000003814697266,0.1809999942779541,experiments\out\revision_2026-09-25\fresh_runs\banana_mw_d5_B5e4_seed449.jld2
banana,5,50000.0,491,fresh_v1_2026-09-25,eligible,full_remaining_budget; weight_status=ok,experiments\out\runs\banana_mw_d5_B5e4_seed491\result.h5,3b580cd8212e6c6fba86d2e9edfc0628900de1d9c6806977c50dea1e741f891e,fe8dde2e474350c087047b77b6e5e3907217e155d383e5f417b8a4bb295067a9,202611302491,36816.0,13184,50000.0,7659.828357538682,0.15319656715077365,0.5809942625560287,-10.392729134840069,0.0073960606847725836,0.006893691815653469,0.02210980736284406,0.038985523956357376,0.027481012546679163,0.013095738862685613,0.03340824930327637,0.0523803627335516,0.04448914064803633,NaN,-0.02569538940049729,0.000226650962123189,27.7534711,0.04900002479553223,0.14100003242492676,experiments\out\revision_2026-09-25\fresh_runs\banana_mw_d5_B5e4_seed491.jld2
banana,5,50000.0,541,fresh_v1_2026-09-25,eligible,full_remaining_budget; weight_status=ok,experiments\out\runs\banana_mw_d5_B5e4_seed541\result.h5,a574012341cd2c38c015fc2bd8cac7fb16535a87c7acb876d91dac2b76a576e2,b3496b7bea2dc0f97d8838de62c650c114140dac0a38f0241a83af29843ea0e6,202611302541,39295.0,10705,50000.0,6157.978064770442,0.12315956129540884,0.5752431634535676,-10.38707229920593,0.008305219596761698,0.0012368561815137014,0.025554511898725853,0.023502233930644517,0.025182439678332315,0.014863673585930626,0.01270141093359994,0.030432158752187233,0.02825619665733372,NaN,-0.34037127391966904,0.000247962682662847,32.1549357,0.029000043869018555,0.11500000953674316,experiments\out\revision_2026-09-25\fresh_runs\banana_mw_d5_B5e4_seed541.jld2
banana,5,50000.0,587,fresh_v1_2026-09-25,eligible,full_remaining_budget; weight_status=ok,experiments\out\runs\banana_mw_d5_B5e4_seed587\result.h5,28ed8aaca360e4961254e7829f2e45b53916f43d8086bbaac5fea16b1e4262ef,6fa13bd515b08ea7199725da7ac36514b548ffe28e4d93b9504bd008cae0f970,202611302587,40618.0,9382,50000.0,5590.794639360691,0.11181589278721382,0.5959064846899053,-10.377727780864651,0.00850166857318965,0.008107662159764217,0.03431738179690067,0.029057197442609487,0.036979533072286894,0.03495801935834789,0.014359400442464604,0.03177193613279598,0.03808979125490897,NaN,-0.3444998066364251,0.00026829296239450106,24.9389295,0.03800010681152344,0.11899995803833008,experiments\out\revision_2026-09-25\fresh_runs\banana_mw_d5_B5e4_seed587.jld2
banana,5,50000.0,631,fresh_v1_2026-09-25,eligible,full_remaining_budget; weight_status=ok,experiments\out\runs\banana_mw_d5_B5e4_seed631\result.h5,8ee53eeb87c7014efa27498962abec36b6d03ad0e633ea8c99880e5ee28b4933,8c06d4fd86e5b571f0cf0d98e6c93d2d3b57134b1b3b36273586ce68f97be09e,202611302631,37326.0,12674,50000.0,7458.615921068738,0.14917231842137477,0.5884973900164698,-10.385414272751035,0.007427748239974378,0.00042117027338051116,0.02424657163208463,0.023230492622380222,0.01639977672663826,0.019686578614155004,0.012309259488422026,0.015147274606914918,0.03740303981196132,NaN,0.05404587910397848,0.0003358326301964085,39.9647457,0.0410001277923584,0.12399983406066895,experiments\out\revision_2026-09-25\fresh_runs\banana_mw_d5_B5e4_seed631.jld2
banana,5,50000.0,677,fresh_v1_2026-09-25,eligible,full_remaining_budget; weight_status=ok,experiments\out\runs\banana_mw_d5_B5e4_seed677\result.h5,41766a4c60ad49af16adac0fe31ff3742b50d787e63143256994b40606167450,3dc29bf37c7fb067234e444e6ca306dabb31b86a32db7bf8b354631e57dd2220,202611302677,40595.0,9405,50000.0,5690.354572546926,0.11380709145093851,0.6050350422697423,-10.390652073797021,0.008331239482793653,0.0048166307726056345,0.02364699620018932,0.0339995027924038,0.022408848535379146,0.02723495367390246,0.01959510762109545,0.018952846253128895,0.033918957412575425,NaN,0.1216358629067534,0.00041500668190721986,28.3779299,0.02500009536743164,0.312999963760376,experiments\out\revision_2026-09-25\fresh_runs\banana_mw_d5_B5e4_seed677.jld2
banana,5,500000.0,11,fresh_v1_2026-09-25,eligible,full_remaining_budget; weight_status=ok,experiments\out\runs\banana_mw_d5_B5e5_seed11\result.h5,09af86ec4992e7e05365997e20526891ddf04197c6bcbeefb7a231263c812cef,a6beb18f7cb4cf81b2153d119120b95217d842c57e8e89e3ad64ede15e83bf22,202611303011,54265.0,445735,500000.0,275975.2680040271,0.5519505360080541,0.6191465063412724,-10.386515849494952,0.0011747457703634994,0.0006804064705363544,0.017987017175488278,0.02209161919571899,0.020108476127867238,0.012142207547006045,0.012124772318246043,0.016913125615267123,0.019450727949336156,NaN,0.25139991176298326,4.652393371967788e-5,24.629432,2.9809999465942383,0.2519998550415039,experiments\out\revision_2026-09-25\fresh_runs\banana_mw_d5_B5e5_seed11.jld2
banana,5,500000.0,23,fresh_v1_2026-09-25,eligible,full_remaining_budget; weight_status=ok,experiments\out\runs\banana_mw_d5_B5e5_seed23\result.h5,db6f3ea40b125b2a79dce7122d974b6c91ecf1b5a23427eb3afa0a17b9f940f4,4b167f5ff1acd6d1ea79931bd536aea40f7fcc9dc4ee4092dfad1fbe6c694fc8,202611303023,53339.0,446661,500000.0,266020.8368904238,0.5320416737808475,0.5955765936368382,-10.385308444954564,0.0012329921559594637,0.0005269980698514587,0.02031296243659083,0.015963865673095233,0.02545137973236735,0.011389153677713305,0.007477712187137055,0.011301167929382317,0.029120348346884484,NaN,0.24918166094483676,2.733795693955581e-5,25.0142791,2.3390002250671387,0.5139999389648438,experiments\out\revision_2026-09-25\fresh_runs\banana_mw_d5_B5e5_seed23.jld2
banana,5,500000.0,41,fresh_v1_2026-09-25,eligible,full_remaining_budget; weight_status=ok,experiments\out\runs\banana_mw_d5_B5e5_seed41\result.h5,85697af55f9bd573ee28c904241f11506219743e2605b71ad5a064958ee63d1b,813b547731a1cbd31e890fc447ae0c43f56064bca86e71ae018aa7281f015174,202611303041,59741.0,440259,500000.0,252968.93114732273,0.5059378622946454,0.5745911637179995,-10.385922742347422,0.0012967900224437137,8.729932300610699e-5,0.019205831499959188,0.022567617300184518,0.015190729305670248,0.012197573507244408,0.008783301855070418,0.012407503568070233,0.017114364287128047,NaN,0.43822405319024055,4.7427646225118635e-5,30.1918291,2.115999937057495,0.2369999885559082,experiments\out\revision_2026-09-25\fresh_runs\banana_mw_d5_B5e5_seed41.jld2
banana,5,500000.0,67,fresh_v1_2026-09-25,eligible,full_remaining_budget; weight_status=ok,experiments\out\runs\banana_mw_d5_B5e5_seed67\result.h5,fa59371711877172afdf911a797887503bfdf4abcd5bb6b3b07770573b003ef2,92fe49f4f1109b13220129e312c560619fdba706945b88300c26ce3df4412f56,202611303067,55759.0,444241,500000.0,270072.131241307,0.540144262482614,0.6079405800934785,-10.384021125290827,0.0012048585411514319,0.001814317733588311,0.021722112751871924,0.018179074736814765,0.017344514298740378,0.011211472082991591,0.013023057157917114,0.014275924135518148,0.026707622600272086,NaN,0.1852197800642645,1.6278913621582216e-5,34.5106552,2.307999849319458,0.2929999828338623,experiments\out\revision_2026-09-25\fresh_runs\banana_mw_d5_B5e5_seed67.jld2
banana,5,500000.0,97,fresh_v1_2026-09-25,eligible,full_remaining_budget; weight_status=ok,experiments\out\runs\banana_mw_d5_B5e5_seed97\result.h5,16a4eb7571d0faffffd68c0f94785dbf5f0c44ad6cf18b44dd327c1c6de143bb,be1252f1c6a7873d3bc8a34bd15eea36a50173494f2a5a444ad44f0184d984b4,202611303097,57305.0,442695,500000.0,260041.30465171966,0.5200826093034393,0.5874051088259855,-10.385279980698137,0.0012596235015822294,0.0005554623262788994,0.023035176922993294,0.022502936267805113,0.014848745071390335,0.012815338537629117,0.011354756604872165,0.014419735074298279,0.018044278602119945,NaN,0.4183497946342165,3.6518847422008045e-5,26.0908956,2.9650001525878906,0.31599998474121094,experiments\out\revision_2026-09-25\fresh_runs\banana_mw_d5_B5e5_seed97.jld2
banana,5,500000.0,113,fresh_v1_2026-09-25,eligible,full_remaining_budget; weight_status=ok,experiments\out\runs\banana_mw_d5_B5e5_seed113\result.h5,391707460abb51ac853536dae7d47cb8494d65e5a9f7b32eb737c6efc592add5,38e2e14c1b1db2783675b9ffde1e9fb78058b822bef297011b342af69040fac4,202611303113,56551.0,443449,500000.0,260747.53887983403,0.5214950777596681,0.5879989330900149,-10.382871647181108,0.0012570109513465606,0.002963795843307082,0.018983378245612414,0.02095600695280688,0.015215005020211735,0.01400430775000524,0.012868065126871506,0.0192956872017223,0.05808502796827462,NaN,0.21535238495367295,3.13586658015788e-5,32.718231,2.9830000400543213,0.49900007247924805,experiments\out\revision_2026-09-25\fresh_runs\banana_mw_d5_B5e5_seed113.jld2
banana,5,500000.0,137,fresh_v1_2026-09-25,eligible,full_remaining_budget; weight_status=ok,experiments\out\runs\banana_mw_d5_B5e5_seed137\result.h5,545d5b3bc63cd8626fa5bf921f272f24edf9a6b0ee9d8cf3872d050f690a2cb8,c2e8f6ea819c2748c4fa1988bf1dc107e182bd8df6dbed895d61fb051970146f,202611303137,59912.0,440088,500000.0,264189.91415672714,0.5283798283134543,0.6003115607713165,-10.387125459083663,0.0012299931037667068,0.0012900160592472787,0.01670155222404546,0.015930605662946365,0.017340782465058657,0.007392133225207253,0.01007462679225025,0.009595084031696333,0.036380116419236594,NaN,0.5741148569352635,4.680203035155009e-5,29.9280463,2.503000020980835,0.2999999523162842,experiments\out\revision_2026-09-25\fresh_runs\banana_mw_d5_B5e5_seed137.jld2
banana,5,500000.0,173,fresh_v1_2026-09-25,eligible,full_remaining_budget; weight_status=ok,experiments\out\runs\banana_mw_d5_B5e5_seed173\result.h5,eecd2199b2ac5ea23f104ef9afe720bd349cf321fa67229d768739811041bc75,df0f971e60a4576b2b565f5b80facae3c18cda4f4fadc804a5a3abb030d8538e,202611303173,55304.0,444696,500000.0,257939.80781054296,0.515879615621086,0.5800362670465733,-10.385998464119641,0.001275988345675719,0.00016302109522570163,0.017575064735108677,0.026002488736803334,0.026150586846902125,0.012400572069414329,0.017203044377925594,0.015367393387377738,0.044996442322619144,NaN,0.26840293807885096,4.5496780915035524e-5,38.3300058,2.2659997940063477,0.317000150680542,experiments\out\revision_2026-09-25\fresh_runs\banana_mw_d5_B5e5_seed173.jld2
banana,5,500000.0,211,fresh_v1_2026-09-25,eligible,full_remaining_budget; weight_status=ok,experiments\out\runs\banana_mw_d5_B5e5_seed211\result.h5,3308dedae172326b025d0f53daa052bb83567e9777a68d162e7548cbf201f2b7,af339d9b4cdb77775b85841fffb34d634bb83e3aa99d250e42d1cf14f79322b2,202611303211,56435.0,443565,500000.0,250354.57450456853,0.5007091490091371,0.5644146280805937,-10.38339499128623,0.001319042769615612,0.002440451738186411,0.021529882584521765,0.018279034591132438,0.01743450389773753,0.019831943133470864,0.014630305105090127,0.008244593768396901,0.03749253540203723,NaN,0.24081984410001658,2.7221302748880425e-5,35.8077228,2.064000129699707,0.37399983406066895,experiments\out\revision_2026-09-25\fresh_runs\banana_mw_d5_B5e5_seed211.jld2
banana,5,500000.0,239,fresh_v1_2026-09-25,eligible,full_remaining_budget; weight_status=ok,experiments\out\runs\banana_mw_d5_B5e5_seed239\result.h5,b08f57e788f3d105009cb75128a01d654d61d7d15d15457ed173d20971c74ad2,d6d3218b3ded10b84df14be5d2e03704f823b3c2357125285dd577c26910a890,202611303239,55430.0,444570,500000.0,271481.88779003185,0.5429637755800637,0.6106617355872682,-10.38674652491208,0.001197548508095735,0.0009110818876649773,0.0248342662771033,0.022993327157379197,0.02231130075365235,0.016523590478811256,0.010829917849617092,0.015818075057025947,0.023343810969793564,NaN,0.4728970744724883,4.008456346989669e-5,32.1967926,2.1429998874664307,0.25,experiments\out\revision_2026-09-25\fresh_runs\banana_mw_d5_B5e5_seed239.jld2
banana,5,500000.0,277,fresh_v1_2026-09-25,eligible,full_remaining_budget; weight_status=ok,experiments\out\runs\banana_mw_d5_B5e5_seed277\result.h5,dfc11adbfaed47503ab7f9b18b1104774893a0e21ba1e1730b03d0103b3bebfc,e72786bbd0b405ea2b2663b7af370fea37f9dfcfaf3962a4edaf8fd4fac50707,202611303277,55555.0,444445,500000.0,252477.53402645796,0.5049550680529159,0.5680737414673536,-10.386164785091903,0.0013079569015594765,0.0003293420674879144,0.02116755836230257,0.017198074472526702,0.011236250911712408,0.013230208311126413,0.008223053996245212,0.017982769748478632,0.04370016037999695,NaN,0.24390359307541368,3.954423648465729e-5,28.777014,2.1619999408721924,0.3400001525878906,experiments\out\revision_2026-09-25\fresh_runs\banana_mw_d5_B5e5_seed277.jld2
banana,5,500000.0,313,fresh_v1_2026-09-25,eligible,full_remaining_budget; weight_status=ok,experiments\out\runs\banana_mw_d5_B5e5_seed313\result.h5,fbaf25803e9a5d61d683fa6fb4963c3dcf8877e183553b166368b61070b6fb40,65faa6a23800da5a35cd44cedd3db95223cb398d07c2fd4dd2678b11281f431c,202611303313,54115.0,445885,500000.0,253579.56683752773,0.5071591336750555,0.5687106918544641,-10.387493876076022,0.0013041490163305074,0.0016584330516060675,0.031075106081477333,0.018400204283631077,0.027415659289715365,0.0131939744812137,0.01187288737418837,0.013105683945022184,0.02569372828186136,NaN,0.2153683250872526,6.157756175531201e-5,24.960473,3.5830001831054688,0.3539998531341553,experiments\out\revision_2026-09-25\fresh_runs\banana_mw_d5_B5e5_seed313.jld2
banana,5,500000.0,359,fresh_v1_2026-09-25,eligible,full_remaining_budget; weight_status=ok,experiments\out\runs\banana_mw_d5_B5e5_seed359\result.h5,5dfde091135952ced0b71017994091d63c9f4901fb36308fbb6e560ebb038044,e1228ed198a59be72d136be77771bdcce63a664a0696b78542d41a4a8ada11fb,202611303359,56725.0,443275,500000.0,272070.04508976935,0.5441400901795387,0.6137725905809471,-10.385140717718848,0.0011914647038789596,0.0006947253055678004,0.022811838324506676,0.024001622425713895,0.022569939290224328,0.009936527375714765,0.008275420421208714,0.024137886141000653,0.05668911079397541,NaN,0.24823144945673783,1.5716988235006245e-5,40.1376078,3.114000082015991,0.4650001525878906,experiments\out\revision_2026-09-25\fresh_runs\banana_mw_d5_B5e5_seed359.jld2
banana,5,500000.0,401,fresh_v1_2026-09-25,eligible,full_remaining_budget; weight_status=ok,experiments\out\runs\banana_mw_d5_B5e5_seed401\result.h5,70122d031b793a57baa6f7c953d6d44e8b08ee5a7f6fa6657b60e06325b36f6b,077f1f4a09504152b5e589a8db51c1a2148eced8fc538a52b6898c6e1cbbb6eb,202611303401,57008.0,442992,500000.0,251296.50108974552,0.502593002179491,0.5672709689785493,-10.388439282422784,0.0013122446028519792,0.0026038393983682795,0.022722524972847328,0.01688290606883076,0.0373154816902995,0.014702325168610132,0.007346328630133998,0.017765638253489202,0.025467349924301174,NaN,0.3473292330667053,2.6186742794396232e-5,30.8503523,3.488999843597412,0.3510000705718994,experiments\out\revision_2026-09-25\fresh_runs\banana_mw_d5_B5e5_seed401.jld2
banana,5,500000.0,449,fresh_v1_2026-09-25,eligible,full_remaining_budget; weight_status=ok,experiments\out\runs\banana_mw_d5_B5e5_seed449\result.h5,e61f80ffcb285bfa04914361814aaa1d6398b4e8617e8654dee861583c2c1490,eaf4010cbcb5918ee754c22ffeaafc8410d0c17c8517c5af32cb0f484ec6466b,202611303449,58554.0,441446,500000.0,256145.9332192165,0.512291866438433,0.5802429588652214,-10.388456718542859,0.001280133498702625,0.0026212755184431558,0.019052655163770114,0.01697121578330645,0.041211226298192426,0.010664228415273914,0.010863536856147207,0.022153086265877288,0.020854992379678982,NaN,0.6730812010551315,4.945406212856421e-5,34.1762322,2.6610000133514404,0.6069998741149902,experiments\out\revision_2026-09-25\fresh_runs\banana_mw_d5_B5e5_seed449.jld2
banana,5,500000.0,491,fresh_v1_2026-09-25,eligible,full_remaining_budget; weight_status=ok,experiments\out\runs\banana_mw_d5_B5e5_seed491\result.h5,4ad0121461a8c8874fcbdf0508ac91fc721d1ed7780d2dcc738bedeb026051ca,6de518b1ff24729c29110634b66349b62889b7e761996fd0e37c6b5317cab1df,202611303491,56244.0,443756,500000.0,239284.1575223954,0.4785683150447908,0.5392246133514711,-10.386148185869084,0.0013876746771123768,0.0003127428446685343,0.022058274726794853,0.021373597719758098,0.007636141455477174,0.012945342780874192,0.013136681174083833,0.009621524602757026,0.02938799363037763,NaN,0.7581981004865038,0.00034015536289316617,31.8758104,2.183000087738037,0.29600000381469727,experiments\out\revision_2026-09-25\fresh_runs\banana_mw_d5_B5e5_seed491.jld2
banana,5,500000.0,541,fresh_v1_2026-09-25,eligible,full_remaining_budget; weight_status=ok,experiments\out\runs\banana_mw_d5_B5e5_seed541\result.h5,ebc6e6feeeaae9bf6d721dd4aa58881745788af5df414a6050ab974e827d3147,409664ca41482f8ef18e0d072fb7cdc3db3799c9ddd851de6997a9092711fdd2,202611303541,55970.0,444030,500000.0,270222.06890314154,0.5404441378062831,0.6085671438937493,-10.38747296905452,0.0012035613449654467,0.0016375260301035865,0.014366461703381985,0.021839527888710984,0.024485601876813458,0.012071103898116397,0.011933873862723807,0.018842878050205413,0.04605462392563364,NaN,0.2842734434834446,8.75034419308082e-5,38.4911796,2.13100004196167,0.379000186920166,experiments\out\revision_2026-09-25\fresh_runs\banana_mw_d5_B5e5_seed541.jld2
banana,5,500000.0,587,fresh_v1_2026-09-25,eligible,full_remaining_budget; weight_status=ok,experiments\out\runs\banana_mw_d5_B5e5_seed587\result.h5,9e27306175158c3e4371aed603c0a8669e0eca73d658964c619cbc4bb5381dec,be86efe6dc24467102f1adac6cf0afea38566781c2f003edf07ce8315110dad5,202611303587,57621.0,442379,500000.0,244936.33926977008,0.48987267853954014,0.5536798520494194,-10.387291579201406,0.0013498845752509564,0.0014561361769906966,0.015570062713627647,0.01855981995199135,0.015908088151689582,0.008223833615270359,0.008394286981639399,0.012081117311122158,0.03305869882314409,NaN,0.30007143746128084,7.924776171536798e-5,28.3270745,3.2150001525878906,0.2990000247955322,experiments\out\revision_2026-09-25\fresh_runs\banana_mw_d5_B5e5_seed587.jld2
banana,5,500000.0,631,fresh_v1_2026-09-25,eligible,full_remaining_budget; weight_status=ok,experiments\out\runs\banana_mw_d5_B5e5_seed631\result.h5,03bc18ead77dbae823a9b51c93659a923f0ebfe030bfcba7cac10fdf22ce7722,00168d1f8a663e2a78c6a9a87f9a26944fbd620c958b6e12640b967087f19095,202611303631,56914.0,443086,500000.0,250649.14517913247,0.5012982903582649,0.5656896069366499,-10.386211251075576,0.0013163367224372925,0.0003758080511602202,0.02390998776062374,0.01742595710189191,0.014803555751643627,0.006569861634143826,0.007729095918693434,0.015969795453496173,0.01767602148231635,NaN,0.25419322947103523,2.9146029791798137e-5,32.9239145,2.501999855041504,0.34599995613098145,experiments\out\revision_2026-09-25\fresh_runs\banana_mw_d5_B5e5_seed631.jld2
banana,5,500000.0,677,fresh_v1_2026-09-25,eligible,full_remaining_budget; weight_status=ok,experiments\out\runs\banana_mw_d5_B5e5_seed677\result.h5,373640a7f0e4040fb7f2a736708d0a9a0598fa0756ba8c428fa771ebf15d4316,d39680f83e97f29fcab74a5cdbdad15bdb178ad783ceeb40ab71f27f3ceab44f,202611303677,53300.0,446700,500000.0,258042.88705641284,0.5160857741128256,0.5776648467795228,-10.385674634458676,0.0012793302520154013,0.00016080856573985614,0.02102924381022869,0.028456652889307876,0.01787426508997867,0.01691404604832686,0.00961804065979447,0.009713799392998813,0.03327484178416098,NaN,0.4253363256089445,1.6982230129411442e-5,23.7444028,3.4029998779296875,0.4440000057220459,experiments\out\revision_2026-09-25\fresh_runs\banana_mw_d5_B5e5_seed677.jld2
banana,10,5000.0,11,fresh_v1_2026-09-25,unavailable,exceeds_strict_budget,experiments\out\runs\banana_mw_d10_B5e3_seed11\result.h5,b0821a58c4c5b3753f9e3aef8e0a7fee9720d17adf5ecab22dac0d5e2b36abaa,0af1333eb5423b8667f47039a9cbc74a25ab2db087e4c7b4d6773886f1a66d60,202611351011,5209.0,0,5209.0,NaN,NaN,NaN,NaN,NaN,NaN,NaN,NaN,NaN,NaN,NaN,NaN,NaN,NaN,NaN,NaN,19.0676603,NaN,NaN,experiments\out\revision_2026-09-25\fresh_runs\banana_mw_d10_B5e3_seed11.jld2
banana,10,5000.0,23,fresh_v1_2026-09-25,unavailable,exceeds_strict_budget,experiments\out\runs\banana_mw_d10_B5e3_seed23\result.h5,7bce7db0dcacb819ea42b28747d7409e2314e1f36e55f0c157c0fe47a223f022,2e914f648b3b6d54da1ba59b3d1f85bd082107036fc8e300fc571f167b8078f2,202611351023,5003.0,0,5003.0,NaN,NaN,NaN,NaN,NaN,NaN,NaN,NaN,NaN,NaN,NaN,NaN,NaN,NaN,NaN,NaN,0.2161356,NaN,NaN,experiments\out\revision_2026-09-25\fresh_runs\banana_mw_d10_B5e3_seed23.jld2
banana,10,5000.0,41,fresh_v1_2026-09-25,unavailable,exceeds_strict_budget,experiments\out\runs\banana_mw_d10_B5e3_seed41\result.h5,8e248c648db70215cb3f10442d53475ba64ea8998868071c8e316650af5dfc5b,ddfdba52c2c93c15d78c0bfdbc50d8033c0d2565173b7e52e4515b4536a972d7,202611351041,5211.0,0,5211.0,NaN,NaN,NaN,NaN,NaN,NaN,NaN,NaN,NaN,NaN,NaN,NaN,NaN,NaN,NaN,NaN,0.1850508,NaN,NaN,experiments\out\revision_2026-09-25\fresh_runs\banana_mw_d10_B5e3_seed41.jld2
banana,10,5000.0,67,fresh_v1_2026-09-25,unavailable,exceeds_strict_budget,experiments\out\runs\banana_mw_d10_B5e3_seed67\result.h5,1ed217e634c7874f70d384f8fa27689143b6decf34d53060b92cc1026ea29db1,692bca76d6633293427665a284e6289320369bb95e87992bd181479f9c177cb3,202611351067,5114.0,0,5114.0,NaN,NaN,NaN,NaN,NaN,NaN,NaN,NaN,NaN,NaN,NaN,NaN,NaN,NaN,NaN,NaN,0.0691625,NaN,NaN,experiments\out\revision_2026-09-25\fresh_runs\banana_mw_d10_B5e3_seed67.jld2
banana,10,5000.0,97,fresh_v1_2026-09-25,unavailable,exceeds_strict_budget,experiments\out\runs\banana_mw_d10_B5e3_seed97\result.h5,0cdbd1e4f6cea4cdf34395adee034ab9b2527c8fd54b41d6887fa3784ee04817,deb9413908e94c29e4b3c1a006be4530d623455dd82a5b095a4e1b402c598895,202611351097,6065.0,0,6065.0,NaN,NaN,NaN,NaN,NaN,NaN,NaN,NaN,NaN,NaN,NaN,NaN,NaN,NaN,NaN,NaN,0.5686877,NaN,NaN,experiments\out\revision_2026-09-25\fresh_runs\banana_mw_d10_B5e3_seed97.jld2
banana,10,5000.0,113,fresh_v1_2026-09-25,unavailable,exceeds_strict_budget,experiments\out\runs\banana_mw_d10_B5e3_seed113\result.h5,b9becbe93dbdf10497c671fdba6183e3b6f24b8bfe1b6d7d5965d5be9502016c,d9d1188ab45c3f0ab81be458a0a4c7a6744dc2715b1ab489748ae323df7e1750,202611351113,5828.0,0,5828.0,NaN,NaN,NaN,NaN,NaN,NaN,NaN,NaN,NaN,NaN,NaN,NaN,NaN,NaN,NaN,NaN,0.1171206,NaN,NaN,experiments\out\revision_2026-09-25\fresh_runs\banana_mw_d10_B5e3_seed113.jld2
banana,10,5000.0,137,fresh_v1_2026-09-25,unavailable,exceeds_strict_budget,experiments\out\runs\banana_mw_d10_B5e3_seed137\result.h5,fdcb065db2407a745c9e3084798f14f449933b57e6b9f6766b2050659d9cc071,e519e40d3fd6534e2d447345c5cc72c32b6520b346f87e723a96f8ceef52b2f3,202611351137,5764.0,0,5764.0,NaN,NaN,NaN,NaN,NaN,NaN,NaN,NaN,NaN,NaN,NaN,NaN,NaN,NaN,NaN,NaN,0.1524573,NaN,NaN,experiments\out\revision_2026-09-25\fresh_runs\banana_mw_d10_B5e3_seed137.jld2
banana,10,5000.0,173,fresh_v1_2026-09-25,unavailable,exceeds_strict_budget,experiments\out\runs\banana_mw_d10_B5e3_seed173\result.h5,d326b1559eb15a3c176d26863bc55168e54808f682502a2fc8394a6981aae4eb,ed5fd73d24a667f4732ef8c6fdd596f42f179db182e039aa6544a184593613ba,202611351173,5067.0,0,5067.0,NaN,NaN,NaN,NaN,NaN,NaN,NaN,NaN,NaN,NaN,NaN,NaN,NaN,NaN,NaN,NaN,0.1242482,NaN,NaN,experiments\out\revision_2026-09-25\fresh_runs\banana_mw_d10_B5e3_seed173.jld2
banana,10,5000.0,211,fresh_v1_2026-09-25,unavailable,exceeds_strict_budget,experiments\out\runs\banana_mw_d10_B5e3_seed211\result.h5,3484b38e4465b8c905f80b300e84e557340e7ee620c5260a376548d29d169d3e,ba589544b91e1fe2647eecf3a76455d6dfa59bb9b994a996f038311c5b90ada4,202611351211,5833.0,0,5833.0,NaN,NaN,NaN,NaN,NaN,NaN,NaN,NaN,NaN,NaN,NaN,NaN,NaN,NaN,NaN,NaN,0.1411874,NaN,NaN,experiments\out\revision_2026-09-25\fresh_runs\banana_mw_d10_B5e3_seed211.jld2
banana,10,5000.0,239,fresh_v1_2026-09-25,unavailable,exceeds_strict_budget,experiments\out\runs\banana_mw_d10_B5e3_seed239\result.h5,7056d73d1966956749104e04ce92b1e9350d465dd5d7e2693468f5edfe42d44d,e1035d51548bfd97770fc0109c3907b070bc77f079b2051dcae3ddffa5fde6a8,202611351239,5026.0,0,5026.0,NaN,NaN,NaN,NaN,NaN,NaN,NaN,NaN,NaN,NaN,NaN,NaN,NaN,NaN,NaN,NaN,0.1637668,NaN,NaN,experiments\out\revision_2026-09-25\fresh_runs\banana_mw_d10_B5e3_seed239.jld2
banana,10,5000.0,277,fresh_v1_2026-09-25,unavailable,exceeds_strict_budget,experiments\out\runs\banana_mw_d10_B5e3_seed277\result.h5,e8fe8ee34d76fd94899c4efed66aa6ef34b6ed0d1a5f62ae643e5c96c26e476b,f5600778427b365bac60b57e71cf5bbcfcc7b645a61113423faf3b2b5797acde,202611351277,5374.0,0,5374.0,NaN,NaN,NaN,NaN,NaN,NaN,NaN,NaN,NaN,NaN,NaN,NaN,NaN,NaN,NaN,NaN,0.0397507,NaN,NaN,experiments\out\revision_2026-09-25\fresh_runs\banana_mw_d10_B5e3_seed277.jld2
banana,10,5000.0,313,fresh_v1_2026-09-25,unavailable,exceeds_strict_budget,experiments\out\runs\banana_mw_d10_B5e3_seed313\result.h5,117f0705e8014ae453bdd95cee635ab6a355bcc66b8b6d64cd7b1f7225729e20,30c6fe87de0b2f74f835952e0845aaa8bc1f914979041bb7980488e23db37048,202611351313,6199.0,0,6199.0,NaN,NaN,NaN,NaN,NaN,NaN,NaN,NaN,NaN,NaN,NaN,NaN,NaN,NaN,NaN,NaN,0.3680353,NaN,NaN,experiments\out\revision_2026-09-25\fresh_runs\banana_mw_d10_B5e3_seed313.jld2
banana,10,5000.0,359,fresh_v1_2026-09-25,unavailable,exceeds_strict_budget,experiments\out\runs\banana_mw_d10_B5e3_seed359\result.h5,40f173804ff7fd9b59c9e5cb866725b58b9a163abb5e6b5625f36c36665fa665,556fd7db5715c4d0bb428dd210acb1f8d858cb6ed708fe16d3d642b6e3066c9c,202611351359,5057.0,0,5057.0,NaN,NaN,NaN,NaN,NaN,NaN,NaN,NaN,NaN,NaN,NaN,NaN,NaN,NaN,NaN,NaN,0.0753948,NaN,NaN,experiments\out\revision_2026-09-25\fresh_runs\banana_mw_d10_B5e3_seed359.jld2
banana,10,5000.0,401,fresh_v1_2026-09-25,unavailable,exceeds_strict_budget,experiments\out\runs\banana_mw_d10_B5e3_seed401\result.h5,c48507db68506a6f5b1c9803cb9f4cd8eb5cc8e9a1f560a3a91a77af657c3b6d,62f77f866807fc90115a0fc379d261bea8a4f112348562fef8b783dbc0223563,202611351401,5271.0,0,5271.0,NaN,NaN,NaN,NaN,NaN,NaN,NaN,NaN,NaN,NaN,NaN,NaN,NaN,NaN,NaN,NaN,0.1407666,NaN,NaN,experiments\out\revision_2026-09-25\fresh_runs\banana_mw_d10_B5e3_seed401.jld2
banana,10,5000.0,449,fresh_v1_2026-09-25,unavailable,no_fresh_estimate_within_budget,experiments\out\runs\banana_mw_d10_B5e3_seed449\result.h5,a0a8d27e1c15882786e5ce600ba8f7df2fbead7b08709de3a7057cd1e4d5840f,3db38f739abfd015f5ddccc15fc0a2ef98de0a19c3c725d225404b0ed575cf9b,202611351449,5000.0,0,5000.0,NaN,NaN,NaN,NaN,NaN,NaN,NaN,NaN,NaN,NaN,NaN,NaN,NaN,NaN,NaN,NaN,0.1486666,NaN,NaN,experiments\out\revision_2026-09-25\fresh_runs\banana_mw_d10_B5e3_seed449.jld2
banana,10,5000.0,491,fresh_v1_2026-09-25,unavailable,exceeds_strict_budget,experiments\out\runs\banana_mw_d10_B5e3_seed491\result.h5,11e0c0b3cdd219f81e8d18d634a7bc2c7f1e25aa56465a74c53839501d3a8039,15e4e81ff60b90d30f35c1db547482cccae14e6a240edd949b1c3f61d9feac2f,202611351491,5990.0,0,5990.0,NaN,NaN,NaN,NaN,NaN,NaN,NaN,NaN,NaN,NaN,NaN,NaN,NaN,NaN,NaN,NaN,0.5379467,NaN,NaN,experiments\out\revision_2026-09-25\fresh_runs\banana_mw_d10_B5e3_seed491.jld2
banana,10,5000.0,541,fresh_v1_2026-09-25,unavailable,exceeds_strict_budget,experiments\out\runs\banana_mw_d10_B5e3_seed541\result.h5,51ecab2da2ba6f1760993ffb596875f9c8a7b7ddd2c4fcc5649992eb0ac0187a,2ade3dedd4716dc960705a02416ea8679ebcfcdd1591d51fdccfa73daad4a47a,202611351541,5388.0,0,5388.0,NaN,NaN,NaN,NaN,NaN,NaN,NaN,NaN,NaN,NaN,NaN,NaN,NaN,NaN,NaN,NaN,0.3023166,NaN,NaN,experiments\out\revision_2026-09-25\fresh_runs\banana_mw_d10_B5e3_seed541.jld2
banana,10,5000.0,587,fresh_v1_2026-09-25,unavailable,exceeds_strict_budget,experiments\out\runs\banana_mw_d10_B5e3_seed587\result.h5,f2f82244dd9c6d33efb352b730326fce6cdd7c1ef1179e3018f819aec475482b,2b5eb19974cfcb6e56b2b7a8a78cfdb5e8de0db3fa0dcfb861278ef38dd6d4fa,202611351587,5163.0,0,5163.0,NaN,NaN,NaN,NaN,NaN,NaN,NaN,NaN,NaN,NaN,NaN,NaN,NaN,NaN,NaN,NaN,0.4443947,NaN,NaN,experiments\out\revision_2026-09-25\fresh_runs\banana_mw_d10_B5e3_seed587.jld2
banana,10,5000.0,631,fresh_v1_2026-09-25,unavailable,exceeds_strict_budget,experiments\out\runs\banana_mw_d10_B5e3_seed631\result.h5,9cdf0076d4e9978493ab364d75738f739f980589763dd1ff9a680a588a1b2217,650dd4687fefcdcbcc3795283edf3df4f422f3f4b6fd29a2b02ecd18653a5831,202611351631,5163.0,0,5163.0,NaN,NaN,NaN,NaN,NaN,NaN,NaN,NaN,NaN,NaN,NaN,NaN,NaN,NaN,NaN,NaN,0.5342046,NaN,NaN,experiments\out\revision_2026-09-25\fresh_runs\banana_mw_d10_B5e3_seed631.jld2
banana,10,5000.0,677,fresh_v1_2026-09-25,unavailable,exceeds_strict_budget,experiments\out\runs\banana_mw_d10_B5e3_seed677\result.h5,f079e3d19452e3b444b9eaba6b130d7d9016b4027d3f371c47d7de29ddb9c23b,03bf3c53a85ca3993dd26540a8f50efe9350b917392dd33ac2c7602dbe7c833f,202611351677,5925.0,0,5925.0,NaN,NaN,NaN,NaN,NaN,NaN,NaN,NaN,NaN,NaN,NaN,NaN,NaN,NaN,NaN,NaN,0.2336689,NaN,NaN,experiments\out\revision_2026-09-25\fresh_runs\banana_mw_d10_B5e3_seed677.jld2
banana,10,50000.0,11,fresh_v1_2026-09-25,eligible,full_remaining_budget; weight_status=ok,experiments\out\runs\banana_mw_d10_B5e4_seed11\result.h5,02bc64a4c2bdade6d3ab83b3bdcf4e78bae639be45139c16ed257d61cb008de8,99c98f5b54999f8d61492e874bda01e910805b07a23045b4bd92ac7bf078e6a9,202611352011,43489.0,6511,50000.0,3380.8048064296786,0.06761609612859357,0.5192450939071845,-20.753858881571624,0.011924819494945652,0.01585009022242545,0.0304221926499604,0.02505608894262923,0.026056809028899418,0.031050439793054767,0.015168895288012716,0.015554747410976432,0.06399351297184423,NaN,0.07607617765966229,0.001034530540987917,30.5383396,0.03699994087219238,0.14800000190734863,experiments\out\revision_2026-09-25\fresh_runs\banana_mw_d10_B5e4_seed11.jld2
banana,10,50000.0,23,fresh_v1_2026-09-25,eligible,full_remaining_budget; weight_status=ok,experiments\out\runs\banana_mw_d10_B5e4_seed23\result.h5,e48a63c17d28e1f524574787ef0d28b3d1f7510ef96748d003c289216ee48648,5c4a0e52289a1199e9bcbee4f3db47ddedb5f0d1d38222d8f266493df752e147,202611352023,41965.0,8035,50000.0,3831.732872970117,0.07663465745940234,0.47688025799254724,-20.781123357009626,0.01168430655071274,0.011414385215577028,0.029771659501680554,0.028748316326735867,0.040817577111273276,0.02235787394157998,0.025606766866765267,0.028117659654297966,0.06201046168938033,NaN,0.05023749356108264,0.0010577802707502418,37.6233097,0.06200003623962402,0.16100001335144043,experiments\out\revision_2026-09-25\fresh_runs\banana_mw_d10_B5e4_seed23.jld2
banana,10,50000.0,41,fresh_v1_2026-09-25,eligible,full_remaining_budget; weight_status=ok,experiments\out\runs\banana_mw_d10_B5e4_seed41\result.h5,6806ab50e019be45b0e9eef9dc39d6b04134db8f23ee082237ef7cf0ef632266,9a1697f717132dbba2eff06477ce4b66358591ac138d425f5b1b54864855ba16,202611352041,43809.0,6191,50000.0,3054.2820124558343,0.06108564024911669,0.4933422730505305,-20.762321803332632,0.012879611641373412,0.007387168461416849,0.031214489718056525,0.04660259665549853,0.034635125906798646,0.023339867736193724,0.021237925762843828,0.0188106849222483,0.082499615723892,NaN,-0.03508285067262769,0.0010056369399615746,29.3149711,0.046000003814697266,0.21600008010864258,experiments\out\revision_2026-09-25\fresh_runs\banana_mw_d10_B5e4_seed41.jld2
banana,10,50000.0,67,fresh_v1_2026-09-25,eligible,full_remaining_budget; weight_status=ok,experiments\out\runs\banana_mw_d10_B5e4_seed67\result.h5,be7282fecafe221fb293f02ba93d8e6afcdd1d289fdac9c7c7b9b10959d3f1ee,b9f8f04317b7150f0a6dccb4d0c433a85c9bdf7201e8a6a8df869706162cdb6b,202611352067,43805.0,6195,50000.0,2911.8114565667843,0.058236229131335686,0.47002606239980377,-20.766333521988756,0.013491046253327274,0.0033754498052935844,0.03323339284856354,0.03675527271729675,0.027174712775790245,0.023913997964241714,0.018272227277006465,0.02240528394058957,0.04850304286636124,NaN,0.15241876626810064,0.003968326413880501,26.9204772,0.03400015830993652,0.3469998836517334,experiments\out\revision_2026-09-25\fresh_runs\banana_mw_d10_B5e4_seed67.jld2
banana,10,50000.0,97,fresh_v1_2026-09-25,eligible,full_remaining_budget; weight_status=ok,experiments\out\runs\banana_mw_d10_B5e4_seed97\result.h5,16105bfe5ac5b40b43329fb9e8b0c2a210d778a36061eb34fff2ebc2c122d482,25c28476dd219e19d02d3b3e9655bdd44f94fe8bedc7d725752abd66518f6ce8,202611352097,42288.0,7712,50000.0,3990.4868556765723,0.07980973711353144,0.5174386482983108,-20.783277782206298,0.010996724019448397,0.013568810412248666,0.029783979990108643,0.03451152806942125,0.03971710344238337,0.028908258633839817,0.017664771734888573,0.02751450196233235,0.05081186929957722,NaN,0.013230500171630006,0.0009181654654460117,26.6644545,0.07399988174438477,0.2539999485015869,experiments\out\revision_2026-09-25\fresh_runs\banana_mw_d10_B5e4_seed97.jld2
banana,10,50000.0,113,fresh_v1_2026-09-25,eligible,full_remaining_budget; weight_status=ok,experiments\out\runs\banana_mw_d10_B5e4_seed113\result.h5,4e809b81d6291056b47099da49b5e0c3f953c1631fbb16cced3935f618052fb2,0b948740dcfb27767a45567bcc2f1340dbaa7b2a84f465e5cae5235cb314a08c,202611352113,45598.0,4402,50000.0,2083.594723019777,0.04167189446039554,0.47332910563829556,-20.776143948460533,0.015898751993411397,0.006434976666483294,0.03274732727210878,0.03768071015974708,0.0444293688691237,0.026401527017679376,0.014442889677613974,0.029754003191648948,0.10611501629138458,NaN,0.1119601954191307,0.002550089445123629,39.8580614,0.032000064849853516,0.24199986457824707,experiments\out\revision_2026-09-25\fresh_runs\banana_mw_d10_B5e4_seed113.jld2
banana,10,50000.0,137,fresh_v1_2026-09-25,eligible,full_remaining_budget; weight_status=ok,experiments\out\runs\banana_mw_d10_B5e4_seed137\result.h5,b044ee07f77ebe1c8346fd72876c4bbb20d618ff47645a6c7606c22a9b044be1,7e1851e9b5ec3a3346584950ef8cb83f92ce1eb22301de18100197391547fdf3,202611352137,41594.0,8406,50000.0,4167.648034917006,0.08335296069834013,0.4957944367019993,-20.7668092732403,0.010999129091435925,0.002899698553751051,0.022866350212306354,0.02881824620990885,0.03440396017761045,0.02446712559279632,0.011365309690060272,0.023761390052343335,0.03420837062468014,NaN,0.0774313033697404,0.0009989374701922095,25.2240679,0.054000139236450195,0.2090001106262207,experiments\out\revision_2026-09-25\fresh_runs\banana_mw_d10_B5e4_seed137.jld2
banana,10,50000.0,173,fresh_v1_2026-09-25,eligible,full_remaining_budget; weight_status=ok,experiments\out\runs\banana_mw_d10_B5e4_seed173\result.h5,252e4162f1b39482c3c78164e42b009d33ad0d8f3c3712381eb2ae8256b39fcd,9f154cbfdd2f8ae24a35fb3ae1e1893a376931e9cd6b46a93ff295d1f493311a,202611352173,46008.0,3992,50000.0,2091.07098344534,0.041821419668906804,0.5238153766145641,-20.772702427118517,0.01509048840125017,0.0029934553244679307,0.03174219668099888,0.03380923031300665,0.03691789286595735,0.02984581296680066,0.02496224950313815,0.022389675233497407,0.05846242783309334,NaN,0.1727342044986042,0.003933167316623553,29.9311798,0.026999950408935547,0.182999849319458,experiments\out\revision_2026-09-25\fresh_runs\banana_mw_d10_B5e4_seed173.jld2
banana,10,50000.0,211,fresh_v1_2026-09-25,eligible,full_remaining_budget; weight_status=ok,experiments\out\runs\banana_mw_d10_B5e4_seed211\result.h5,0acf6f5c4e84081048a7a82b82fef8b51f29d6152515a33e4df232e0a8e3defe,70a6308898a1ba6b1f8f2868dc4685797b47e20c657df2d281451a26c4dd30de,202611352211,43040.0,6960,50000.0,3578.0056192080033,0.07156011238416006,0.5140812671275867,-20.77386682091995,0.011653632325542552,0.00415784912589956,0.030471649155021995,0.02623985883532479,0.01636967267732121,0.0186450385216346,0.01740078171990613,0.021470784895181005,0.07201801616440806,NaN,0.0809402334348943,0.0010110821167015624,33.3073111,0.05500006675720215,0.18199992179870605,experiments\out\revision_2026-09-25\fresh_runs\banana_mw_d10_B5e4_seed211.jld2
banana,10,50000.0,239,fresh_v1_2026-09-25,eligible,full_remaining_budget; weight_status=ok,experiments\out\runs\banana_mw_d10_B5e4_seed239\result.h5,77ed58324f0b5e7294ebcd16aa3ba96782590d00415cea4a48c9574cf732e805,496b890078bcf65e732d6f2b2f6c1dd3b953b863326570e1093025aa3dee75b9,202611352239,42495.0,7505,50000.0,4121.4000246197575,0.08242800049239515,0.5491539006821795,-20.743817363225425,0.010459038787715706,0.02589160856862449,0.025417472801499613,0.02673763354649542,0.040812058608474235,0.014580846258575036,0.026888530915555292,0.02659526938809863,0.05868738777522109,NaN,0.050273243981943654,0.0010344995261603116,33.1622844,0.05099987983703613,0.24899983406066895,experiments\out\revision_2026-09-25\fresh_runs\banana_mw_d10_B5e4_seed239.jld2
banana,10,50000.0,277,fresh_v1_2026-09-25,eligible,full_remaining_budget; weight_status=ok,experiments\out\runs\banana_mw_d10_B5e4_seed277\result.h5,269b64024dd778a115fc0765ffeabf90cb9c877dd2ac01b63aacb8b28c661580,e647e5c33ef8c928ebecbd2ecc89bb8e895eec86180d371a5c930d82e1e2aa15,202611352277,41955.0,8045,50000.0,3996.717227893949,0.07993434455787897,0.4967951805958917,-20.765273106093172,0.011220718953077058,0.004435865700877173,0.02608068738607679,0.028761719635856397,0.03513901734136056,0.025837877826696914,0.015793350538321694,0.023496720744930776,0.024839311660424877,NaN,0.17706466275978633,0.001577030662835276,18.4638161,0.06699991226196289,0.21800017356872559,experiments\out\revision_2026-09-25\fresh_runs\banana_mw_d10_B5e4_seed277.jld2
banana,10,50000.0,313,fresh_v1_2026-09-25,eligible,full_remaining_budget; weight_status=ok,experiments\out\runs\banana_mw_d10_B5e4_seed313\result.h5,fca17c56eb821065c7cce5daa806d6067014fadd0393a3fad7825e4549793fad,7185f49a02df0ced9454fe89ea9096bec865f40994bbf0643c74c85666f7012d,202611352313,41982.0,8018,50000.0,3794.5421059125088,0.07589084211825017,0.4732529441148053,-20.784114964487358,0.011782063804994507,0.014405992693308889,0.027526647870095417,0.03274602199974851,0.038973543799224686,0.019905989353990766,0.026173473435133016,0.031119087999815408,0.056763579292904674,NaN,0.07817870772221626,0.0012204260235704266,23.8330808,0.05300021171569824,0.17300009727478027,experiments\out\revision_2026-09-25\fresh_runs\banana_mw_d10_B5e4_seed313.jld2
banana,10,50000.0,359,fresh_v1_2026-09-25,eligible,full_remaining_budget; weight_status=ok,experiments\out\runs\banana_mw_d10_B5e4_seed359\result.h5,4e82cd5ec93b7ed28fc002f30bafe2329e228125be5959c09d137897773bb5f0,e6abcc33a0451a8f84bc859fa9ee0046882593faf5a5d97d8a8b81d87e3d94ec,202611352359,43738.0,6262,50000.0,3000.184317531355,0.060003686350627104,0.479109600372302,-20.783345577783958,0.013176473965826252,0.013636605989908901,0.03621766926125329,0.032257159675096805,0.03800069763340197,0.023735646566806996,0.021993464470691042,0.02014712142634171,0.087911006269293,NaN,-0.1749250074834149,0.0007575463677819248,23.0780761,0.04199981689453125,0.33700013160705566,experiments\out\revision_2026-09-25\fresh_runs\banana_mw_d10_B5e4_seed359.jld2
banana,10,50000.0,401,fresh_v1_2026-09-25,eligible,full_remaining_budget; weight_status=ok,experiments\out\runs\banana_mw_d10_B5e4_seed401\result.h5,7015b8914a7baf4b6521c5dfe37a5249f51867cae8ceffb94f8237a9194964ba,05237780a884d718d71e6a389f5a7577d05974ce1303be6ce2e32c864fdbb1a4,202611352401,39586.0,10414,50000.0,5245.390929698359,0.10490781859396718,0.5036864729881274,-20.772090041660455,0.00972722867136723,0.0023810698664057384,0.02676467097933118,0.029150379583564555,0.031207553225079197,0.022486532119234053,0.0256135398100163,0.026776157000828527,0.03865520946212555,NaN,0.08152717071753206,0.0011246303528166706,18.8841811,0.07599997520446777,0.24600005149841309,experiments\out\revision_2026-09-25\fresh_runs\banana_mw_d10_B5e4_seed401.jld2
banana,10,50000.0,449,fresh_v1_2026-09-25,eligible,full_remaining_budget; weight_status=ok,experiments\out\runs\banana_mw_d10_B5e4_seed449\result.h5,45da2d4e6ef009dbdb90aba6ceaed13e10ff0197ef4039ac1c172d5b97f536c6,235272f7509ee7e4f0795dfed840b9486cc179a2ce1c4a71040298901000261e,202611352449,43587.0,6413,50000.0,2089.030061980933,0.041780601239618666,0.3257492689819013,-20.759499600517536,0.01796546109563811,0.010209371276513224,0.043184340145473954,0.04059107176188391,0.03613327876400603,0.02295477979258446,0.01447340559098376,0.02783463815381716,0.14667300480169249,NaN,0.27125401936931404,0.011667236193908446,41.9619324,0.07400012016296387,0.19999980926513672,experiments\out\revision_2026-09-25\fresh_runs\banana_mw_d10_B5e4_seed449.jld2
banana,10,50000.0,491,fresh_v1_2026-09-25,eligible,full_remaining_budget; weight_status=ok,experiments\out\runs\banana_mw_d10_B5e4_seed491\result.h5,3eb651aa74a15131ea445d9eaacbaaffa0e2b6793d1de9d5dfafc697315c1a7d,8db28385c6f2659012f15cc6254d54495024a94b8e8b65651fd1fef53ce364c1,202611352491,42226.0,7774,50000.0,3780.1180011970646,0.07560236002394129,0.486251350810016,-20.77579760886836,0.011657962874308442,0.006088637074309844,0.02709147373127672,0.027765270619449604,0.0317019652749702,0.015157217441066656,0.018981916916648668,0.034198324452691456,0.06179538327247307,NaN,0.15513362514405088,0.0017679323508465474,22.9240368,0.04399991035461426,0.5160000324249268,experiments\out\revision_2026-09-25\fresh_runs\banana_mw_d10_B5e4_seed491.jld2
banana,10,50000.0,541,fresh_v1_2026-09-25,eligible,full_remaining_budget; weight_status=ok,experiments\out\runs\banana_mw_d10_B5e4_seed541\result.h5,e6be65a4c4ea60ccc58c8777d0409ec5e6a195a0059ecea192beb3d7eaef96ad,6f490e5b1641c6409e05d8156d9ba300a2cee112a9954f4a0d2cb1f84f159d65,202611352541,40824.0,9176,50000.0,4500.396195721414,0.09000792391442829,0.49045294199230755,-20.77280085810801,0.010640616102191884,0.0030918863139604014,0.029091633050441757,0.027374237060009063,0.04178969035732076,0.018734062334199116,0.019927083111163008,0.014853671303331184,0.07763825374126629,NaN,0.10851366321944747,0.0009001505085940239,17.2114485,0.0559999942779541,0.15700006484985352,experiments\out\revision_2026-09-25\fresh_runs\banana_mw_d10_B5e4_seed541.jld2
banana,10,50000.0,587,fresh_v1_2026-09-25,eligible,full_remaining_budget; weight_status=ok,experiments\out\runs\banana_mw_d10_B5e4_seed587\result.h5,4f3b215b579a358f26a2db21259a457ddd618dfa3d4b97e28646527cbf41b6c5,3292c9574c7f307a99db993e1574a0394a315036a58af67bf1228eab0ed4aa7a,202611352587,40076.0,9924,50000.0,5317.294651008775,0.1063458930201755,0.5358015569335727,-20.7823952889418,0.009343433013395089,0.012686317147750259,0.02625059600249044,0.033513787229824295,0.0273389145795238,0.02185277328182051,0.02402919509503564,0.025752170459213887,0.02327082078561029,NaN,0.14988123310344628,0.0007039296658999298,18.7933406,0.06099987030029297,0.1549999713897705,experiments\out\revision_2026-09-25\fresh_runs\banana_mw_d10_B5e4_seed587.jld2
banana,10,50000.0,631,fresh_v1_2026-09-25,eligible,full_remaining_budget; weight_status=ok,experiments\out\runs\banana_mw_d10_B5e4_seed631\result.h5,b51e4c8dd070d5a24f04b137ea22d1a4c332cf47902eb6aa9b42e5b74d627fe6,4d14eb6ff12f5762e2b241bfd30c63e4f5e997113f1d7c2a7d7854a69de13161,202611352631,38573.0,11427,50000.0,5655.773520740909,0.11311547041481818,0.49494823844761604,-20.76473988563601,0.009449785268408898,0.0049690861580380385,0.026389079119571814,0.022965886902217077,0.02863947055127789,0.026507510582671517,0.011559723004144968,0.016519356642478222,0.03536822162110338,NaN,0.07083246501314978,0.0006922850317804158,21.7897503,0.04500007629394531,0.15699982643127441,experiments\out\revision_2026-09-25\fresh_runs\banana_mw_d10_B5e4_seed631.jld2
banana,10,50000.0,677,fresh_v1_2026-09-25,eligible,full_remaining_budget; weight_status=ok,experiments\out\runs\banana_mw_d10_B5e4_seed677\result.h5,aec0b58f774fa5cae6f55021fce02b793889d59d377bf0b7a1a4ae30acbc1b6c,6962f9fbb224b0796b37d3c807f578d1fab983f53b0ce2f36453b007eceed4b9,202611352677,42857.0,7143,50000.0,3542.806860519324,0.07085613721038647,0.4959830408118891,-20.750283970036485,0.011927483829017777,0.019425001757564786,0.03249285060342997,0.029186729273322363,0.05284784665945077,0.01698956118048,0.01947945323810755,0.03081415602029115,0.07797300381483649,NaN,0.28817259428740044,0.0027792235180890035,28.386452,0.0409998893737793,0.15599989891052246,experiments\out\revision_2026-09-25\fresh_runs\banana_mw_d10_B5e4_seed677.jld2
banana,10,500000.0,11,fresh_v1_2026-09-25,eligible,full_remaining_budget; weight_status=ok,experiments\out\runs\banana_mw_d10_B5e5_seed11\result.h5,b8d88aaf0171f4018ddf36945e4410f82059dfb108fb9763c66d0dcc5d945aba,b8c0d158e44845c786cb24f5c90c33683410020ae6b9549933041082f6b743bd,202611353011,82965.0,417035,500000.0,198622.73791955897,0.39724547583911796,0.4762735451929909,-20.77100382892222,0.0016238195800758407,0.0012948571281690135,0.020976989715823256,0.016098870375441367,0.018764104287382732,0.010111901027245912,0.008743061623388722,0.01079154903174323,0.049951449845639505,NaN,0.7885940186593926,0.00026669106546702297,27.5170544,4.424000024795532,0.7709999084472656,experiments\out\revision_2026-09-25\fresh_runs\banana_mw_d10_B5e5_seed11.jld2
banana,10,500000.0,23,fresh_v1_2026-09-25,eligible,full_remaining_budget; weight_status=ok,experiments\out\runs\banana_mw_d10_B5e5_seed23\result.h5,90827d0c003eac5747de8ab2f62d12eb0fc6dfc57217379ffbe54697be16e437,9d6a44c9378b1ddac6b3f80e9f06f51e1567705f92f66a0b3adbe3ea7cd5687f,202611353023,83400.0,416600,500000.0,224019.21339561135,0.4480384267912227,0.5377321492933542,-20.768827093986722,0.0014364953065165076,0.0008818778073269584,0.02424243863945282,0.018886163454518365,0.029529017188417096,0.009837271849572199,0.010909787580626312,0.011345183726995323,0.031408568354106436,NaN,0.46234988791036596,6.906848675263674e-5,25.4345547,5.765000104904175,1.0139999389648438,experiments\out\revision_2026-09-25\fresh_runs\banana_mw_d10_B5e5_seed23.jld2
banana,10,500000.0,41,fresh_v1_2026-09-25,eligible,full_remaining_budget; weight_status=ok,experiments\out\runs\banana_mw_d10_B5e5_seed41\result.h5,a522db119a06553b0121c7fe22455b3ca2560b639adb5c2b88ca65304dfd90d2,92d888a912431235ae6e4a03966fa6bc640b3678b3e78e464c34433049efd05a,202611353041,82391.0,417609,500000.0,189159.60071000335,0.3783192014200067,0.4529586304653476,-20.771534686633814,0.0017005753946816083,0.0018257148397644585,0.017913100134933725,0.02490933419265616,0.023307236992612702,0.010862335074080747,0.011611262665669747,0.011365814149749475,0.03805604561162708,NaN,0.5918636960959798,0.0001646931330339951,22.0482675,4.675999879837036,0.7350001335144043,experiments\out\revision_2026-09-25\fresh_runs\banana_mw_d10_B5e5_seed41.jld2
banana,10,500000.0,67,fresh_v1_2026-09-25,eligible,full_remaining_budget; weight_status=ok,experiments\out\runs\banana_mw_d10_B5e5_seed67\result.h5,3309f729cc9cdd8ffa4a0ce690001990287557d68f07f2c485bc98652c3c4fab,687536d0682bcffabb9d9712d404442809c63829fa3d33432022e3a3139d05a0,202611353067,85281.0,414719,500000.0,220575.46595109065,0.4411509319021813,0.5318672786901267,-20.770436848569133,0.0014568200048046232,0.0007278767750840132,0.019176322318409576,0.017894525947372862,0.02957436316320896,0.005557920480740492,0.007715539326548249,0.018999211715030283,0.024976999764206708,NaN,0.5877576331503944,6.109870537508866e-5,37.6971504,4.501999855041504,0.7320001125335693,experiments\out\revision_2026-09-25\fresh_runs\banana_mw_d10_B5e5_seed67.jld2
banana,10,500000.0,97,fresh_v1_2026-09-25,eligible,full_remaining_budget; weight_status=ok,experiments\out\runs\banana_mw_d10_B5e5_seed97\result.h5,b03a40b472fe3c454e0e0716ecccafdea858cb768bb3a7dd02d2153cc68ac229,68c03355d5ad41078049e26fabbf0554475c320bdf13fdecddcbc68e0dd8a716,202611353097,82304.0,417696,500000.0,205904.91221475325,0.4118098244295065,0.49295399576427174,-20.769353164677536,0.0015692434642036418,0.00035580711651306274,0.02386703700252498,0.02176670607764779,0.01582576340226649,0.01581094150945473,0.012887975465813597,0.014778635284459874,0.025017906957139124,NaN,0.5579163965149366,9.569763215872402e-5,26.6619871,5.170000076293945,0.8350000381469727,experiments\out\revision_2026-09-25\fresh_runs\banana_mw_d10_B5e5_seed97.jld2
banana,10,500000.0,113,fresh_v1_2026-09-25,eligible,full_remaining_budget; weight_status=ok,experiments\out\runs\banana_mw_d10_B5e5_seed113\result.h5,817f876fd4b6a07fca2060eb853ab38ada5761a16cced434f93c17ec4052ec67,63f151baac4837e5b9ecc6a44ddcc89df460f6ef50697ed3a0566885c7ae1adc,202611353113,81875.0,418125,500000.0,211266.54355005914,0.4225330871001183,0.5052712551271967,-20.768800922333213,0.0015302705092206071,0.0009080494608362244,0.02165314695749831,0.01614331999206686,0.019390447954701795,0.00819487789389543,0.007898462735783084,0.012221307921427782,0.015141811979784836,NaN,0.596477607947989,0.00010819325946806604,24.7238984,4.503000020980835,0.7089998722076416,experiments\out\revision_2026-09-25\fresh_runs\banana_mw_d10_B5e5_seed113.jld2
banana,10,500000.0,137,fresh_v1_2026-09-25,eligible,full_remaining_budget; weight_status=ok,experiments\out\runs\banana_mw_d10_B5e5_seed137\result.h5,134143ce97c7baa00cd5e381ba922293f07d052bfe58699ba46733100c3cc480,8c491e5521451b8d08d18cd3143e783d3ae646eda52ffc3865360dcb01ad6548,202611353137,80791.0,419209,500000.0,198389.69700457848,0.39677939400915696,0.47324770461650034,-20.771134922916474,0.0016294598403557119,0.0014259511224246069,0.02032711962401477,0.025172042054292496,0.020187600025379514,0.011875002606990209,0.006517755281153721,0.014670310504447615,0.038034276632635214,NaN,0.49499029643829284,0.00016407215623812443,20.2774934,4.2170000076293945,0.8619999885559082,experiments\out\revision_2026-09-25\fresh_runs\banana_mw_d10_B5e5_seed137.jld2
banana,10,500000.0,173,fresh_v1_2026-09-25,eligible,full_remaining_budget; weight_status=ok,experiments\out\runs\banana_mw_d10_B5e5_seed173\result.h5,e84e612c28dbe2d821aa6777deca0ba70e5d767ccf58f8359cfef2dfdab4dc00,a8bd9d8e24e1c3db3009e2caa2c4d49b603c43bb237706715f2b73ac66542d32,202611353173,83409.0,416591,500000.0,178211.61332189446,0.3564232266437889,0.4277855578298486,-20.768998236772564,0.0017918902503912752,0.0007107350214852204,0.02183290986156853,0.017848868284438286,0.01737609675929237,0.015555990048165652,0.011469196017768527,0.010233258133239198,0.023576093370759454,NaN,0.5906889492584994,0.000525635720711354,34.5879071,6.171000003814697,0.8229999542236328,experiments\out\revision_2026-09-25\fresh_runs\banana_mw_d10_B5e5_seed173.jld2
banana,10,500000.0,211,fresh_v1_2026-09-25,eligible,full_remaining_budget; weight_status=ok,experiments\out\runs\banana_mw_d10_B5e5_seed211\result.h5,f1f3631446b2513e0bbbe48666d4531126c003db73add7fc40a9807f3a089425,da822553b331496a0480525620c26d60b64f24b15a54b01e27f2a79264a04bca,202611353211,79621.0,420379,500000.0,203766.6252827197,0.40753325056543943,0.4847212284217806,-20.767911443624996,0.001590210434930357,0.0017975281690532086,0.01866728286514274,0.019817325914057257,0.015454977158977812,0.010374051050869932,0.009210362735528384,0.011351577987490013,0.021094802665434086,NaN,0.786978103995408,0.00015651684848418178,18.431678,4.001999855041504,0.5079998970031738,experiments\out\revision_2026-09-25\fresh_runs\banana_mw_d10_B5e5_seed211.jld2
banana,10,500000.0,239,fresh_v1_2026-09-25,eligible,full_remaining_budget; weight_status=ok,experiments\out\runs\banana_mw_d10_B5e5_seed239\result.h5,bc580d93b623faacde85bcb8bebd99362324003163f2bf8ff2aa952d019cfb6c,bd0ff0383a4f996e151ef2d29116a9a9967bceb7e8cb6f115cdbdd3e9a0d7b10,202611353239,83088.0,416912,500000.0,214879.07305202875,0.4297581461040575,0.515406304093019,-20.77129270275983,0.0015017298699049981,0.001583730965780461,0.017285562302451804,0.018688608657660206,0.02860789707662348,0.013783727027500641,0.008140251112670045,0.015149066520994115,0.03446111308350839,NaN,0.34006250067739763,3.459142541537994e-5,22.7426401,3.7239999771118164,0.6070001125335693,experiments\out\revision_2026-09-25\fresh_runs\banana_mw_d10_B5e5_seed239.jld2
banana,10,500000.0,277,fresh_v1_2026-09-25,eligible,full_remaining_budget; weight_status=ok,experiments\out\runs\banana_mw_d10_B5e5_seed277\result.h5,b5026cb9f3d80196080a7b94611ed37d0efb463a965aaaa9dda7c9bef24f7ed1,f753a82b5b1a0671c2548529c11fe0af5cc18498493615fce0cb952374e9668a,202611353277,83063.0,416937,500000.0,211264.57347852466,0.4225291469570493,0.5067062253494524,-20.77300726760732,0.0015280567327355349,0.0032982958132699025,0.021493215412503614,0.019236690936176037,0.017613818209949984,0.013431988142876656,0.008724055689085559,0.01897661498575446,0.018043693662330385,NaN,0.936704571058174,0.00011879826325808858,20.7390081,4.20799994468689,0.5779998302459717,experiments\out\revision_2026-09-25\fresh_runs\banana_mw_d10_B5e5_seed277.jld2
banana,10,500000.0,313,fresh_v1_2026-09-25,eligible,full_remaining_budget; weight_status=ok,experiments\out\runs\banana_mw_d10_B5e5_seed313\result.h5,b59258f7cfe385d6984958b9cce8d50add861f578190c179a197f4e14024e7e0,c5b741dfa77a13e1644493a255d9350e6f91a11b4fac9f0158533784a18288ef,202611353313,84394.0,415606,500000.0,194839.71203802497,0.38967942407604994,0.46880870833920824,-20.772110229991547,0.0016511507790480271,0.002401258197497924,0.020344020922232465,0.01675834483093546,0.03629128896267599,0.01723774925402925,0.013022303405069557,0.017578210435256213,0.03413805918974171,NaN,0.5070181986342885,0.000168709864107854,18.95349,4.266000032424927,0.6919999122619629,experiments\out\revision_2026-09-25\fresh_runs\banana_mw_d10_B5e5_seed313.jld2
banana,10,500000.0,359,fresh_v1_2026-09-25,eligible,full_remaining_budget; weight_status=ok,experiments\out\runs\banana_mw_d10_B5e5_seed359\result.h5,a38dd55432ad2931696c2d71eca0d5a95f5b7e2d7b5ae6fac4d0e3db21946130,de8a2e8e26d31dc5638b2268c5a3cc68251644d6fe1913b5947821db2ccbf30a,202611353359,85806.0,414194,500000.0,175318.63497794254,0.35063726995588507,0.42327661670121375,-20.77016464276666,0.001813717902771814,0.00045567097260956757,0.023437344500227934,0.021204979574804318,0.01769353745957285,0.009581500536764126,0.0130083744886023,0.013223464655096284,0.023011637409028052,NaN,0.8934638732515087,0.0003906647094084739,29.3365165,4.138000011444092,0.7890000343322754,experiments\out\revision_2026-09-25\fresh_runs\banana_mw_d10_B5e5_seed359.jld2
banana,10,500000.0,401,fresh_v1_2026-09-25,eligible,full_remaining_budget; weight_status=ok,experiments\out\runs\banana_mw_d10_B5e5_seed401\result.h5,ed183acc5062416d2ba28659d380cc01164d1c8dcb2540819c978285a06fdfb6,a48c4e2e17d6683240ec88b734b84a922e20d65da34b93ee574527620166ecf4,202611353401,80691.0,419309,500000.0,197773.4473391631,0.3955468946783262,0.47166516182376983,-20.7709351681037,0.0016344462105721234,0.001226196309652039,0.016700926022301225,0.018392966698794967,0.03163434188590619,0.012762129766561442,0.009383822727001202,0.015468551551925003,0.029735691829232393,NaN,0.40888293515905744,3.61703240082039e-5,17.1033374,5.1519999504089355,0.7149999141693115,experiments\out\revision_2026-09-25\fresh_runs\banana_mw_d10_B5e5_seed401.jld2
banana,10,500000.0,449,fresh_v1_2026-09-25,eligible,full_remaining_budget; weight_status=ok,experiments\out\runs\banana_mw_d10_B5e5_seed449\result.h5,1a94038aa8bf948884e6725ac30f239bea2d2e03cd6a4e8dea246843d3955a6b,68753620d38a4bd891aea075be599ddfe952674cbcc0d9d4fd8b43c90d3ac333,202611353449,84140.0,415860,500000.0,198267.96863139025,0.3965359372627805,0.4767661439700626,-20.768929414855556,0.001624507198744892,0.0007795569384931866,0.018375881490326713,0.019939433024719583,0.019913559244157365,0.015671743283047927,0.009880160499149039,0.020361881347332557,0.03615870421203449,NaN,0.5982798519055567,0.00016791287254309644,19.596826,4.414000034332275,0.623999834060669,experiments\out\revision_2026-09-25\fresh_runs\banana_mw_d10_B5e5_seed449.jld2
banana,10,500000.0,491,fresh_v1_2026-09-25,eligible,full_remaining_budget; weight_status=ok,experiments\out\runs\banana_mw_d10_B5e5_seed491\result.h5,e31a8a2bcd11284f006b1d37806c52d293254937de418c6f3b3681533116de3b,b2d36be64038496340b30fd2da42566f7f055e307f7b8c7d393bb602d78a449b,202611353491,84196.0,415804,500000.0,207957.01170933756,0.4159140234186751,0.5001323020205134,-20.76960076552603,0.0015503892644410002,0.00010820626802043876,0.023130664681105032,0.018899182671567885,0.023986109557979595,0.008928724215424339,0.009326559840465565,0.01691679843860615,0.05642962309385709,NaN,0.8192216881951975,7.692944404859871e-5,19.1582569,3.311999797821045,0.5190000534057617,experiments\out\revision_2026-09-25\fresh_runs\banana_mw_d10_B5e5_seed491.jld2
banana,10,500000.0,541,fresh_v1_2026-09-25,eligible,full_remaining_budget; weight_status=ok,experiments\out\runs\banana_mw_d10_B5e5_seed541\result.h5,c8bfdcff5acca239de2d38fcbbdc7896cda41da597316865d35c5a0fb3b8d42b,4455de0b66a484a0fc8442fa8f0fd695d7e81d31ffbfa5f8c1230ac059d14000,202611353541,81090.0,418910,500000.0,204076.14860008282,0.4081522972001656,0.4871598878042606,-20.770682633180805,0.0015852394387960511,0.0009736613867552535,0.01905199066786606,0.020392862260124996,0.01911631296763052,0.009002894705901826,0.010339591648818005,0.010819168485853126,0.0263559528903494,NaN,0.7203671198584557,0.00010207929973105028,26.405296,3.496999979019165,0.6159999370574951,experiments\out\revision_2026-09-25\fresh_runs\banana_mw_d10_B5e5_seed541.jld2
banana,10,500000.0,587,fresh_v1_2026-09-25,eligible,full_remaining_budget; weight_status=ok,experiments\out\runs\banana_mw_d10_B5e5_seed587\result.h5,c67c82daa31eb127ed274544e09887bf3156d5e8c3734f956d30edc4e0cd5287,1e79c7570e231115557b538225ea740674fa45c5e644bd953792969f0fe1b75b,202611353587,83910.0,416090,500000.0,198410.44647684696,0.39682089295369394,0.4768450250591145,-20.76939427622957,0.001623801404100066,0.0003146955644801608,0.020739351262346523,0.02243404223049571,0.018504706867238107,0.015391636139773918,0.00958669723911683,0.015576698115133014,0.03356265542834016,NaN,0.8406675730949132,6.12022230762093e-5,21.2926514,3.563000202178955,0.7639999389648438,experiments\out\revision_2026-09-25\fresh_runs\banana_mw_d10_B5e5_seed587.jld2
banana,10,500000.0,631,fresh_v1_2026-09-25,eligible,full_remaining_budget; weight_status=ok,experiments\out\runs\banana_mw_d10_B5e5_seed631\result.h5,f30cd6f11fec71521cf97f065997814fbe53eb88cb713f277300400a5b4a8722,759958041c9a852b209b8864ba2fc5bb3115f2711daad6ed85ae1549baa9e95e,202611353631,83013.0,416987,500000.0,196966.31399426959,0.3939326279885392,0.4723560062886123,-20.76769513687011,0.0016367204946704404,0.0020138349239395836,0.017253149060186136,0.017572679572351497,0.021078937060601887,0.009889592191348323,0.011145586082859059,0.017051237744805513,0.022320146790468454,NaN,0.574937471567161,0.0001932860268750589,17.9899674,3.634999990463257,0.5209999084472656,experiments\out\revision_2026-09-25\fresh_runs\banana_mw_d10_B5e5_seed631.jld2
banana,10,500000.0,677,fresh_v1_2026-09-25,eligible,full_remaining_budget; weight_status=ok,experiments\out\runs\banana_mw_d10_B5e5_seed677\result.h5,3dd3697500b82a12cc775590b86a3bb0ff8ca4b604fbd6dcaa6d67a7de7b1c68,fff8ef01332f16a648ab1b4b9eef781c228d5372c255aeea2107051fded33173,202611353677,86131.0,413869,500000.0,191024.24710118736,0.3820484942023747,0.4615572731980104,-20.76756170359452,0.0016789026289436384,0.002147268199529151,0.01973074187377048,0.01907079250863173,0.01781280722877816,0.010723758046366345,0.010231413485295871,0.011205105663010995,0.026049699384472123,NaN,0.6304485202612442,0.00012671435250395186,20.0956416,4.236000061035156,0.6010000705718994,experiments\out\revision_2026-09-25\fresh_runs\banana_mw_d10_B5e5_seed677.jld2
eggbox,2,5000.0,11,fresh_v1_2026-09-25,unavailable,exceeds_strict_budget,experiments\out\runs\eggbox_mw_d2_B5e3_seed11\result.h5,3df08fec5b9e486201c98a07b46596391eb3b1d51848f2ba6179d0a8875b0b65,3cc6aa97926f54b28512f223dcd46f6daaee221dfdf66f97ad51ce5318c5039d,202616271011,5825.0,0,5825.0,NaN,NaN,NaN,NaN,NaN,NaN,NaN,NaN,NaN,NaN,NaN,NaN,NaN,NaN,NaN,NaN,12.6569289,NaN,NaN,experiments\out\revision_2026-09-25\fresh_runs\eggbox_mw_d2_B5e3_seed11.jld2
eggbox,2,5000.0,23,fresh_v1_2026-09-25,unavailable,exceeds_strict_budget,experiments\out\runs\eggbox_mw_d2_B5e3_seed23\result.h5,8289639ed64434c6f0608db76586a3e6f0e2c120254612e02a44d152a5a29b70,8d98890a281c76e138c5edb0aac67c1a798e72f7ed16c2ee1a8b0be1401938bf,202616271023,5156.0,0,5156.0,NaN,NaN,NaN,NaN,NaN,NaN,NaN,NaN,NaN,NaN,NaN,NaN,NaN,NaN,NaN,NaN,2.1216492,NaN,NaN,experiments\out\revision_2026-09-25\fresh_runs\eggbox_mw_d2_B5e3_seed23.jld2
eggbox,2,5000.0,41,fresh_v1_2026-09-25,unavailable,exceeds_strict_budget,experiments\out\runs\eggbox_mw_d2_B5e3_seed41\result.h5,7501ca0e617095f02b4389592f5c8ecbf1a7096fa9042636d3de52fca6f96763,767f72668f9f950723e04979f82b3fe3021e6061538706d28077b1a252dfe9d1,202616271041,5511.0,0,5511.0,NaN,NaN,NaN,NaN,NaN,NaN,NaN,NaN,NaN,NaN,NaN,NaN,NaN,NaN,NaN,NaN,0.7907336,NaN,NaN,experiments\out\revision_2026-09-25\fresh_runs\eggbox_mw_d2_B5e3_seed41.jld2
eggbox,2,5000.0,67,fresh_v1_2026-09-25,unavailable,exceeds_strict_budget,experiments\out\runs\eggbox_mw_d2_B5e3_seed67\result.h5,f50cc9748d0ee211fa627493b0a47a333c28bea2036bdbb1eb2d7612858a6a7f,a1bd93ca629b3aaed8a3b78185e378a5c75207cf1ccd0b3105cd7c1dceb86df1,202616271067,5028.0,0,5028.0,NaN,NaN,NaN,NaN,NaN,NaN,NaN,NaN,NaN,NaN,NaN,NaN,NaN,NaN,NaN,NaN,0.814456,NaN,NaN,experiments\out\revision_2026-09-25\fresh_runs\eggbox_mw_d2_B5e3_seed67.jld2
eggbox,2,5000.0,97,fresh_v1_2026-09-25,unavailable,exceeds_strict_budget,experiments\out\runs\eggbox_mw_d2_B5e3_seed97\result.h5,4e1ee790028d96cc3e9c77dbe8a5ad90e56a815d78b6c796944466c6fa244037,f1a8956fbfd3ef3037d698ecbc539fc076058d2a5e3852fa0392bf9111677621,202616271097,5367.0,0,5367.0,NaN,NaN,NaN,NaN,NaN,NaN,NaN,NaN,NaN,NaN,NaN,NaN,NaN,NaN,NaN,NaN,0.8167559,NaN,NaN,experiments\out\revision_2026-09-25\fresh_runs\eggbox_mw_d2_B5e3_seed97.jld2
eggbox,2,5000.0,113,fresh_v1_2026-09-25,unavailable,exceeds_strict_budget,experiments\out\runs\eggbox_mw_d2_B5e3_seed113\result.h5,7a8eddee6ab7ac29a541d5869fe18936a913668ac6ab883ddc5bfc7896837a57,9e7522413183a16af1d90a2365db561ededb8ab8fd6c5efa812f55f98b1936a1,202616271113,5120.0,0,5120.0,NaN,NaN,NaN,NaN,NaN,NaN,NaN,NaN,NaN,NaN,NaN,NaN,NaN,NaN,NaN,NaN,0.6442989,NaN,NaN,experiments\out\revision_2026-09-25\fresh_runs\eggbox_mw_d2_B5e3_seed113.jld2
eggbox,2,5000.0,137,fresh_v1_2026-09-25,unavailable,exceeds_strict_budget,experiments\out\runs\eggbox_mw_d2_B5e3_seed137\result.h5,43f0afc5bbae94defaa04bb405fdd34a04196713020fe09dcd766fa69361c74c,5267ce08ea2233391e74354700ec425397fc8b52c50b47bee5026aa5f881d1d0,202616271137,5114.0,0,5114.0,NaN,NaN,NaN,NaN,NaN,NaN,NaN,NaN,NaN,NaN,NaN,NaN,NaN,NaN,NaN,NaN,0.9786778,NaN,NaN,experiments\out\revision_2026-09-25\fresh_runs\eggbox_mw_d2_B5e3_seed137.jld2
eggbox,2,5000.0,173,fresh_v1_2026-09-25,unavailable,exceeds_strict_budget,experiments\out\runs\eggbox_mw_d2_B5e3_seed173\result.h5,a073462b6f81c1a474f35a0e82b0bd14198a29f9a9366c9f5ddd91e8eff0a1ae,07c1d88e13f1cfddd7cec4f3bb20ee720eb5f1b03cc483d1996fcdffc4064a7a,202616271173,5070.0,0,5070.0,NaN,NaN,NaN,NaN,NaN,NaN,NaN,NaN,NaN,NaN,NaN,NaN,NaN,NaN,NaN,NaN,0.9686004,NaN,NaN,experiments\out\revision_2026-09-25\fresh_runs\eggbox_mw_d2_B5e3_seed173.jld2
eggbox,2,5000.0,211,fresh_v1_2026-09-25,unavailable,exceeds_strict_budget,experiments\out\runs\eggbox_mw_d2_B5e3_seed211\result.h5,f51ab9f1c3cd218fd4b64dede0eec1b3fc4f7552e9621df54ed2fa9ac1463646,8dddab8507166cc8fb0395089efd586d87b265e9241d8952d510fb70ece483c0,202616271211,5448.0,0,5448.0,NaN,NaN,NaN,NaN,NaN,NaN,NaN,NaN,NaN,NaN,NaN,NaN,NaN,NaN,NaN,NaN,0.7045242,NaN,NaN,experiments\out\revision_2026-09-25\fresh_runs\eggbox_mw_d2_B5e3_seed211.jld2
eggbox,2,5000.0,239,fresh_v1_2026-09-25,unavailable,exceeds_strict_budget,experiments\out\runs\eggbox_mw_d2_B5e3_seed239\result.h5,db6f2f735663e0e01d2c5fd718914ea058e134c0611f3bc7fabfeed2740655c0,211270743ac9fbc4621cec2c44b9a569b0875db7e1fb688de39421ab19d5dd8f,202616271239,5436.0,0,5436.0,NaN,NaN,NaN,NaN,NaN,NaN,NaN,NaN,NaN,NaN,NaN,NaN,NaN,NaN,NaN,NaN,0.2854734,NaN,NaN,experiments\out\revision_2026-09-25\fresh_runs\eggbox_mw_d2_B5e3_seed239.jld2
eggbox,2,50000.0,11,fresh_v1_2026-09-25,eligible,full_remaining_budget; weight_status=ok,experiments\out\runs\eggbox_mw_d2_B5e4_seed11\result.h5,1423c3ba7ca5a36dc2be482d04f2e802917d434e5673736b01fba5c38280e1d2,c1253f333708c67c7c4dce9667b43eaf91d6a03851e3930605779b837289be11,202616272011,15241.0,34759,50000.0,24696.35005765127,0.4939270011530254,0.7105023176055488,4.016137924065342,0.003423782434151085,0.002960178592064544,0.08858174697666266,0.0811946157212666,0.05051501111321066,0.025180956159789325,0.06161560451299941,0.0760891859296633,0.054170390137148416,NaN,0.07903643258208114,0.0001078258927196612,8.7457119,0.4240000247955322,0.1419999599456787,experiments\out\revision_2026-09-25\fresh_runs\eggbox_mw_d2_B5e4_seed11.jld2
eggbox,2,50000.0,23,fresh_v1_2026-09-25,eligible,full_remaining_budget; weight_status=ok,experiments\out\runs\eggbox_mw_d2_B5e4_seed23\result.h5,2c74038f72d98434d98ac108f831e695fd3e655a4d6542cb38a71207eadcf159,82c8c6853439744e4db7ccdcdc6a98138a7d70bbcd3598a7abfef5c3c7cc5415,202616272023,13503.0,36497,50000.0,25387.524068201656,0.5077504813640331,0.6956057776858826,4.009464532900289,0.003462645475266536,0.0037132125729888443,0.06493594127697451,0.15177279652860448,0.01293855382665754,0.056519459712237374,0.10819153897525258,0.04761351748764753,0.03454050592502789,NaN,-0.7237984938629327,5.985970416674532e-5,10.5604744,0.0710000991821289,0.15399980545043945,experiments\out\revision_2026-09-25\fresh_runs\eggbox_mw_d2_B5e4_seed23.jld2
eggbox,2,50000.0,41,fresh_v1_2026-09-25,eligible,full_remaining_budget; weight_status=ok,experiments\out\runs\eggbox_mw_d2_B5e4_seed41\result.h5,4904a03b6dbc546f27f63d61c5ddb5ef149e79f3d57b7638fc2784996cae0e0f,c5f0dba2839b7b909c0f528bb5cbca395a979621ccccd7cc2f6cb875a036bbec,202616272041,15046.0,34954,50000.0,26602.146919772305,0.5320429383954461,0.7610615929442212,4.014209915338068,0.0029969854753523193,0.0010321698647901556,0.10480026736498829,0.07820056582099784,0.012770895703025253,0.0126928449998287,0.12475605513619659,0.04991547385236306,0.030148179105998096,NaN,-0.04263732729231297,8.267820524948612e-5,10.1522916,0.07200002670288086,0.17400002479553223,experiments\out\revision_2026-09-25\fresh_runs\eggbox_mw_d2_B5e4_seed41.jld2
eggbox,2,50000.0,67,fresh_v1_2026-09-25,eligible,full_remaining_budget; weight_status=ok,experiments\out\runs\eggbox_mw_d2_B5e4_seed67\result.h5,c811a850a23de56d172415c63a4e77ec9f7a21ea2bee4d8fd9ca8e4ed5bec2bc,90c312038fcbdd60c4add7ae62afbc2eed0e8dd1c01dceccbc8d33133c79bb70,202616272067,14587.0,35413,50000.0,26654.584664124115,0.5330916932824823,0.752677961881911,4.009884937900523,0.00304610906136813,0.003292807572754519,0.11400141807604146,0.0709423916992264,0.026337721569733574,0.026005492015297893,0.1254793252958155,0.018537324831134683,0.02420955916485923,NaN,0.15689182325567266,0.00019316832818706966,10.2172949,0.09599995613098145,0.14300012588500977,experiments\out\revision_2026-09-25\fresh_runs\eggbox_mw_d2_B5e4_seed67.jld2
eggbox,2,50000.0,97,fresh_v1_2026-09-25,eligible,full_remaining_budget; weight_status=ok,experiments\out\runs\eggbox_mw_d2_B5e4_seed97\result.h5,cd4fdd3ed07e382e795fe84b577578708d787ea166cc3da050115e58e2e6e024,fe9ebef86305e33a4ec90cbd752c03b8b7ca6e08c54e8515b840b9310991b145,202616272097,12502.0,37498,50000.0,26168.261457271085,0.5233652291454217,0.6978575245952073,4.009830675372045,0.003397961519251623,0.0033470701012321413,0.12021109884310219,0.09672631692580079,0.041004882829001055,0.09526228563266548,0.10922580606162757,0.03893267422331714,0.025539162559486073,NaN,-0.26972370190733763,6.749427941099529e-5,15.2654881,0.06599998474121094,0.1399998664855957,experiments\out\revision_2026-09-25\fresh_runs\eggbox_mw_d2_B5e4_seed97.jld2
eggbox,2,50000.0,113,fresh_v1_2026-09-25,eligible,full_remaining_budget; weight_status=ok,experiments\out\runs\eggbox_mw_d2_B5e4_seed113\result.h5,90246ee7c72fe79a22c0d43ba791af995e2b3ade8120d58ddccd31749ac25a6d,328b3615164228e22bce69706a5b1ad736af01766d5c0ac0c68ad827ce56d4e0,202616272113,13683.0,36317,50000.0,26446.803138306266,0.5289360627661254,0.7282210297741076,4.007865469730964,0.003205688602635407,0.00531227574231341,0.16062636185677998,0.14140736025690917,0.04512974012139814,0.03562505578915154,0.07278402837304654,0.0646930532581278,0.007442331597049545,NaN,-0.9538672728880188,6.176363645104745e-5,6.1733797,0.06800007820129395,0.1530001163482666,experiments\out\revision_2026-09-25\fresh_runs\eggbox_mw_d2_B5e4_seed113.jld2
eggbox,2,50000.0,137,fresh_v1_2026-09-25,eligible,full_remaining_budget; weight_status=ok,experiments\out\runs\eggbox_mw_d2_B5e4_seed137\result.h5,ea30e7c369567aed9f03d7f00df8efcd9350b8d90e033487d36545eb5deed077,2aecbb53521f25aee1f6e39f93990648654fea87ef164be84fa67f5a39fc0e0a,202616272137,15232.0,34768,50000.0,24804.590668477707,0.49609181336955416,0.7134316230003942,4.01370041674906,0.0033989760129773568,0.000522671275782649,0.0713132324194331,0.08008137939583483,0.03402633724707105,0.08068394391408251,0.07841034899544841,0.13300922340382026,0.032295086729055456,NaN,-0.5635460387217167,7.686672079168748e-5,9.0942221,0.06100010871887207,0.12899994850158691,experiments\out\revision_2026-09-25\fresh_runs\eggbox_mw_d2_B5e4_seed137.jld2
eggbox,2,50000.0,173,fresh_v1_2026-09-25,eligible,full_remaining_budget; weight_status=ok,experiments\out\runs\eggbox_mw_d2_B5e4_seed173\result.h5,ef92cc3df9b242746318c6a4f02c95a82e084657199835cb8c733dbf706cf644,9df6c4d4812436a92d7b95b51891b5571a19dbf2ad7fe159a0f28b424a34ed51,202616272173,14420.0,35580,50000.0,25383.329539628656,0.5076665907925731,0.713415670028911,4.01463161859915,0.0033600978599562935,0.00145387312587264,0.10889810229162014,0.06654339725259403,0.020652441470148553,0.0491449845940215,0.11057516115722521,0.0908524307005516,0.009208613704549506,NaN,-0.26365622251281606,7.016688184796648e-5,6.4719017,0.06200003623962402,0.12599992752075195,experiments\out\revision_2026-09-25\fresh_runs\eggbox_mw_d2_B5e4_seed173.jld2
eggbox,2,50000.0,211,fresh_v1_2026-09-25,eligible,full_remaining_budget; weight_status=ok,experiments\out\runs\eggbox_mw_d2_B5e4_seed211\result.h5,06134bc1b9d340908d7cfd3c49ec5f9ecda6d5ddf0500408ef65801c563ce42a,4c4d3cb6bb473bcc44b0a54570b355d0fb1ead5b9f8cdddcb762e52161e44c22,202616272211,13676.0,36324,50000.0,24094.394251020854,0.4818878850204171,0.6633188594598848,4.0157984529441,0.0037381040750907135,0.0026207074708226585,0.18713020629662327,0.14226599421803798,0.01593232602933803,0.059628555008094164,0.19118131046929676,0.029584945817414443,0.021743990299379234,NaN,-0.3413215742030176,0.00010884153204962082,6.5841274,0.06599998474121094,0.36500000953674316,experiments\out\revision_2026-09-25\fresh_runs\eggbox_mw_d2_B5e4_seed211.jld2
eggbox,2,50000.0,239,fresh_v1_2026-09-25,eligible,full_remaining_budget; weight_status=ok,experiments\out\runs\eggbox_mw_d2_B5e4_seed239\result.h5,95ec10150c79ac0e3865a25e7d9557ee78f14625c7d64b7282662ed3a06dd8d5,710aa17c448bdfe8ea171c0dc44c25c095be83ed42cdaef8f18a9ca4c4352851,202616272239,15452.0,34548,50000.0,26137.75868364351,0.5227551736728703,0.7565635835256314,4.0127611483499255,0.003051817795750575,0.00041659712335206933,0.10241445729963461,0.10170649961004098,0.03703548749744012,0.06648424119017715,0.14056100889001044,0.027544246205371437,0.04425030215956127,NaN,-0.08061987970020432,5.776038070015604e-5,11.4129073,0.06499981880187988,0.14599990844726562,experiments\out\revision_2026-09-25\fresh_runs\eggbox_mw_d2_B5e4_seed239.jld2
eggbox,2,500000.0,11,fresh_v1_2026-09-25,eligible,full_remaining_budget; weight_status=ok,experiments\out\runs\eggbox_mw_d2_B5e5_seed11\result.h5,41390b6ddad2bf1f3af634db06e1e31c064305233b90d0750965941708cefd42,e466462b2fbdc98f5c492acc7b560f5f328fefb3825ba54f9a022e70dc90c13a,202616273011,14625.0,485375,500000.0,360070.2557081966,0.7201405114163932,0.741839311271072,4.014174691902937,0.0008467426430408642,0.0009969464296597508,0.1062747627882655,0.12524138790775594,0.03350883503281832,0.04125877082166651,0.0600999343495312,0.0799909407640067,0.03935721600046982,NaN,-0.3438648868589432,4.637343613187685e-6,5.1948856,1.933000087738037,0.5099999904632568,experiments\out\revision_2026-09-25\fresh_runs\eggbox_mw_d2_B5e5_seed11.jld2
eggbox,2,500000.0,23,fresh_v1_2026-09-25,eligible,full_remaining_budget; weight_status=ok,experiments\out\runs\eggbox_mw_d2_B5e5_seed23\result.h5,c5011573631484662c260bf6a9d6aeb0e3de7dbc03725ce08f76a72ecbd12c93,965cd35b9bbd6cdf5cf60238955af454c842179620fa59c9a68e8d789ff231b8,202616273023,17275.0,482725,500000.0,344500.7842403646,0.6890015684807292,0.7136584685698164,4.011359569587027,0.0009116897334417164,0.0018181758862505504,0.06259313643647405,0.14450318672517015,0.018088428858927585,0.01796722744620194,0.06818212114314015,0.041140566212603424,0.0195700109616741,NaN,-0.4181019584333847,4.790959211311774e-6,8.7317627,1.6390001773834229,0.33500003814697266,experiments\out\revision_2026-09-25\fresh_runs\eggbox_mw_d2_B5e5_seed23.jld2
eggbox,2,500000.0,41,fresh_v1_2026-09-25,eligible,full_remaining_budget; weight_status=ok,experiments\out\runs\eggbox_mw_d2_B5e5_seed41\result.h5,89cfdf5a0fa5f4aad2d4f018554bcce72178e685b86c069d58273770ae489792,c60bd2f95d4286520c15f2ac379b45b6c1c9ca244fe71e89b221086dcabd33cd,202616273041,16378.0,483622,500000.0,351885.19356689544,0.7037703871337909,0.7276037764346854,4.013638098095701,0.0008798325897118685,0.00046035262242316577,0.04454849685744859,0.13620611741289138,0.017630626342629796,0.015833427915608933,0.0825989922070125,0.030297577037541323,0.03220646924300219,NaN,0.4567433682212336,4.756470765791192e-6,7.5311408,1.4830000400543213,0.3659999370574951,experiments\out\revision_2026-09-25\fresh_runs\eggbox_mw_d2_B5e5_seed41.jld2
eggbox,2,500000.0,67,fresh_v1_2026-09-25,eligible,full_remaining_budget; weight_status=ok,experiments\out\runs\eggbox_mw_d2_B5e5_seed67\result.h5,b7990fd2bb4e9db42db0895bb83de06a7cc786f336a0c9d6eda430922914c70b,c8ab45999d3d61096e4a62b8e102f514648f316a52e5780b87f2da8e4396701d,202616273067,17898.0,482102,500000.0,346091.2489558186,0.6921824979116372,0.7178797203824473,4.012475781434567,0.0009028629751833717,0.0007019640387104786,0.05838798507405595,0.10508467822775491,0.036470537086779053,0.003419162242523477,0.09560504152237481,0.034804698056860595,0.0434686624656635,NaN,0.40414887980211883,5.275075743305732e-6,8.2871473,1.3529999256134033,0.23799991607666016,experiments\out\revision_2026-09-25\fresh_runs\eggbox_mw_d2_B5e5_seed67.jld2
eggbox,2,500000.0,97,fresh_v1_2026-09-25,eligible,full_remaining_budget; weight_status=ok,experiments\out\runs\eggbox_mw_d2_B5e5_seed97\result.h5,6f10cd2c8942cda7011351ad12a82f61fe6b868db3936ee2953b39c8a0aa56af,3d32e73254ed4bbc1217fafc8e8beca86cf881e3a26628ecfc7c231a4e4817ff,202616273097,18553.0,481447,500000.0,357722.33296988346,0.715444665939767,0.7430149797794637,4.013581113977079,0.0008475803452567571,0.0004033685038011825,0.08407322028422218,0.08963893451330283,0.03641288467853343,0.0033217899865420897,0.008504595363582723,0.0897136782634318,0.05031884588424873,NaN,-0.23261983634766645,4.652638611417965e-6,13.1266256,1.1140000820159912,0.4909999370574951,experiments\out\revision_2026-09-25\fresh_runs\eggbox_mw_d2_B5e5_seed97.jld2
eggbox,2,500000.0,113,fresh_v1_2026-09-25,eligible,full_remaining_budget; weight_status=ok,experiments\out\runs\eggbox_mw_d2_B5e5_seed113\result.h5,cc8f859d244d296983cbdab65b40d66a0d2d675d215dca7ecc9ce15c58fd8f42,6f06c73ff1b90bcca0938d5913275bfccbda795df9808acc7b0c3dca2fd344d6,202616273113,16281.0,483719,500000.0,350377.00601490075,0.7007540120298015,0.724339970137416,4.013432478426454,0.0008869907704303673,0.0002547329531763509,0.12112714471630491,0.09225134065286739,0.009438582128161954,0.08869233109629793,0.20211527432847376,0.10756679280791293,0.07919885014960393,NaN,-0.8284237324753547,4.421334313349372e-6,5.1908757,1.002000093460083,0.22299981117248535,experiments\out\revision_2026-09-25\fresh_runs\eggbox_mw_d2_B5e5_seed113.jld2
eggbox,2,500000.0,137,fresh_v1_2026-09-25,eligible,full_remaining_budget; weight_status=ok,experiments\out\runs\eggbox_mw_d2_B5e5_seed137\result.h5,c3ec398ab863923f9587a6bb4eb7e26ce7c6cc34f5dad80bdc3f724e50e73a00,23f28f56e333bd147607349899e5d4a0e717707745b161c27b78a366e2136211,202616273137,15177.0,484823,500000.0,365455.1037399645,0.730910207479929,0.7537907725911611,4.013126043808267,0.0008207958406230037,5.1701665010561726e-5,0.11058279944988944,0.0655922604167935,0.018020123597557003,0.021046890987343136,0.15799123506727586,0.01868099811004509,0.06453963686256081,NaN,0.06262656690632483,8.738799263832322e-6,4.5623361,1.0360000133514404,0.21399998664855957,experiments\out\revision_2026-09-25\fresh_runs\eggbox_mw_d2_B5e5_seed137.jld2
eggbox,2,500000.0,173,fresh_v1_2026-09-25,eligible,full_remaining_budget; weight_status=ok,experiments\out\runs\eggbox_mw_d2_B5e5_seed173\result.h5,6400c2d0438c422d06039a3de7217d775baaf9740e44863c07fa792d14389d62,6bef2a1dbaccdea0294bb2b76459c97a1085f92b14a95e68d3a267a04b050483,202616273173,15827.0,484173,500000.0,361707.4559927489,0.7234149119854978,0.7470624260186935,4.013827494778598,0.0008362342358786026,0.0006497493053201353,0.08653058745276976,0.0804196585037633,0.00801962105703602,0.0859034048745837,0.1740702623480841,0.014011845236907128,0.031073247180724906,NaN,-0.3574914996910016,5.0375522383159115e-6,16.2085017,1.0190000534057617,0.46399998664855957,experiments\out\revision_2026-09-25\fresh_runs\eggbox_mw_d2_B5e5_seed173.jld2
eggbox,2,500000.0,211,fresh_v1_2026-09-25,eligible,full_remaining_budget; weight_status=ok,experiments\out\runs\eggbox_mw_d2_B5e5_seed211\result.h5,a8fb716460b86df91d1734ba09fc2ac316e90083a0c8f0e3e47f5de5de9fdb6f,d815a165edf4f5227c4e9c6518adf00ebe63ef02dd3ffca53c2d64dc8b2a3463,202616273211,15893.0,484107,500000.0,357828.85757299507,0.7156577151459901,0.7391524137700861,4.013794118169111,0.000853799173794026,0.000616372695833256,0.12749474639098657,0.10518541794731197,0.03064438321138052,0.039911813916331695,0.11089895935392757,0.03542593889175638,0.035959082105723184,NaN,0.2417206313993574,1.0725128621006046e-5,7.4301742,1.1150000095367432,0.26800012588500977,experiments\out\revision_2026-09-25\fresh_runs\eggbox_mw_d2_B5e5_seed211.jld2
eggbox,2,500000.0,239,fresh_v1_2026-09-25,eligible,full_remaining_budget; weight_status=ok,experiments\out\runs\eggbox_mw_d2_B5e5_seed239\result.h5,e9e36cb09d83a3305b82d949fe70d3d28232c3705ce7b795cdc7b70d5d37de74,b38613e485de94d184df5fd2716801cad6f7662cddd13bb9fc9d01a2c0cd071a,202616273239,15672.0,484328,500000.0,365317.6086913923,0.7306352173827846,0.7542772845910051,4.011813161055244,0.000820138783827361,0.0013645844180336653,0.06292778814188524,0.05985498561155689,0.051827611459273726,0.06812802895935555,0.04857003102136748,0.05286472679129961,0.04851010713098525,NaN,-0.1085295528918479,5.440624296907374e-6,9.047159,1.4880001544952393,0.315000057220459,experiments\out\revision_2026-09-25\fresh_runs\eggbox_mw_d2_B5e5_seed239.jld2
funnel,2,5000.0,11,fresh_v1_2026-09-25,unavailable,exceeds_strict_budget,experiments\out\runs\funnel_mw_d2_B5e3_seed11\result.h5,0a2efc76fff6a047db2ab744a87d9d5d7ec5c0bdb228ce39ecfe3cc331ac3407,25e7937ad677519bec3e307bed2be088ded8873a48ccd663455f65c0f50f521f,202612271011,5806.0,0,5806.0,NaN,NaN,NaN,NaN,NaN,NaN,NaN,NaN,NaN,NaN,NaN,NaN,NaN,NaN,NaN,NaN,15.889416,NaN,NaN,experiments\out\revision_2026-09-25\fresh_runs\funnel_mw_d2_B5e3_seed11.jld2
funnel,2,5000.0,23,fresh_v1_2026-09-25,unavailable,exceeds_strict_budget,experiments\out\runs\funnel_mw_d2_B5e3_seed23\result.h5,19282eee96fb78e2402b618e3f09688dc0fc3ca7281ae2e6aabaa254a403fbf3,f98ba1dbb88d441582d247df782288478607efc2a755c7330165e068d1c6dd9a,202612271023,5181.0,0,5181.0,NaN,NaN,NaN,NaN,NaN,NaN,NaN,NaN,NaN,NaN,NaN,NaN,NaN,NaN,NaN,NaN,0.4945666,NaN,NaN,experiments\out\revision_2026-09-25\fresh_runs\funnel_mw_d2_B5e3_seed23.jld2
funnel,2,5000.0,41,fresh_v1_2026-09-25,unavailable,exceeds_strict_budget,experiments\out\runs\funnel_mw_d2_B5e3_seed41\result.h5,2408d0d35bf2e71f33169d5d517e0d062fd46b22252cfce487f108ebdd2edf1c,ded96bb7b511b041afe627f59c5e23ee773398310ff3ec4746b13f6c1ccb7e75,202612271041,5616.0,0,5616.0,NaN,NaN,NaN,NaN,NaN,NaN,NaN,NaN,NaN,NaN,NaN,NaN,NaN,NaN,NaN,NaN,0.2714126,NaN,NaN,experiments\out\revision_2026-09-25\fresh_runs\funnel_mw_d2_B5e3_seed41.jld2
funnel,2,5000.0,67,fresh_v1_2026-09-25,unavailable,exceeds_strict_budget,experiments\out\runs\funnel_mw_d2_B5e3_seed67\result.h5,658f9f8eae687e9883575f4bfe7e1f383dcc75b330d5d370c295d4ba6158eef8,1cd3f419fd71a36119d449cf24b206b15bea05b5c74e7b6441d381f4766fe508,202612271067,5587.0,0,5587.0,NaN,NaN,NaN,NaN,NaN,NaN,NaN,NaN,NaN,NaN,NaN,NaN,NaN,NaN,NaN,NaN,0.2014965,NaN,NaN,experiments\out\revision_2026-09-25\fresh_runs\funnel_mw_d2_B5e3_seed67.jld2
funnel,2,5000.0,97,fresh_v1_2026-09-25,unavailable,exceeds_strict_budget,experiments\out\runs\funnel_mw_d2_B5e3_seed97\result.h5,9214cdccae370d15f38416abba51a0e68cbc762347d94634287385665ef840f0,28dd082b0a84d8bb3e001af12a903772263e8af39bee5fda4864244ca7f82a73,202612271097,5614.0,0,5614.0,NaN,NaN,NaN,NaN,NaN,NaN,NaN,NaN,NaN,NaN,NaN,NaN,NaN,NaN,NaN,NaN,0.2020962,NaN,NaN,experiments\out\revision_2026-09-25\fresh_runs\funnel_mw_d2_B5e3_seed97.jld2
funnel,2,5000.0,113,fresh_v1_2026-09-25,unavailable,exceeds_strict_budget,experiments\out\runs\funnel_mw_d2_B5e3_seed113\result.h5,64b7f5550910862cc63ce111f5f866acdf3f9f7413226d974ae971c8e94d8769,60860cee555a6697bd56766270d9a5b043a5e962840c86e4b8631695cf163629,202612271113,5809.0,0,5809.0,NaN,NaN,NaN,NaN,NaN,NaN,NaN,NaN,NaN,NaN,NaN,NaN,NaN,NaN,NaN,NaN,0.106912,NaN,NaN,experiments\out\revision_2026-09-25\fresh_runs\funnel_mw_d2_B5e3_seed113.jld2
funnel,2,5000.0,137,fresh_v1_2026-09-25,unavailable,exceeds_strict_budget,experiments\out\runs\funnel_mw_d2_B5e3_seed137\result.h5,94170bd1ebccc9462c8c1ffadda7856e26be21cbe0eac59e89af0167fa78873e,2c1459fe8359348758e52a53bee7bb338b91a3270ec5af7fe82bcc8ae8b5e95e,202612271137,5475.0,0,5475.0,NaN,NaN,NaN,NaN,NaN,NaN,NaN,NaN,NaN,NaN,NaN,NaN,NaN,NaN,NaN,NaN,0.1878579,NaN,NaN,experiments\out\revision_2026-09-25\fresh_runs\funnel_mw_d2_B5e3_seed137.jld2
funnel,2,5000.0,173,fresh_v1_2026-09-25,unavailable,exceeds_strict_budget,experiments\out\runs\funnel_mw_d2_B5e3_seed173\result.h5,4b51f485bb3d72c6c431035af92f32644e57da2a73aa30c1b5fdd775205ec75d,d5ae8245eef80644a2c2754c07245c6e2968c55eda33192cc6e7ca42d903d8db,202612271173,5210.0,0,5210.0,NaN,NaN,NaN,NaN,NaN,NaN,NaN,NaN,NaN,NaN,NaN,NaN,NaN,NaN,NaN,NaN,0.1454091,NaN,NaN,experiments\out\revision_2026-09-25\fresh_runs\funnel_mw_d2_B5e3_seed173.jld2
funnel,2,5000.0,211,fresh_v1_2026-09-25,unavailable,exceeds_strict_budget,experiments\out\runs\funnel_mw_d2_B5e3_seed211\result.h5,79fd2b3b4b8fd3dd80e63af43d49cad3b6339821d600d646689ebea7aa7dff41,bec42112a1d9b02d84f46a228faae2906281298d67d02bd57be12e2bd03cf682,202612271211,5256.0,0,5256.0,NaN,NaN,NaN,NaN,NaN,NaN,NaN,NaN,NaN,NaN,NaN,NaN,NaN,NaN,NaN,NaN,0.1210106,NaN,NaN,experiments\out\revision_2026-09-25\fresh_runs\funnel_mw_d2_B5e3_seed211.jld2
funnel,2,5000.0,239,fresh_v1_2026-09-25,unavailable,exceeds_strict_budget,experiments\out\runs\funnel_mw_d2_B5e3_seed239\result.h5,37d43c342b860d64d9699508050bb25d32740fde475ae38367159ef1856f52b9,074b88119129273f0b51703df2a60964966abca7e76706ed23c60db2bd43dea8,202612271239,5420.0,0,5420.0,NaN,NaN,NaN,NaN,NaN,NaN,NaN,NaN,NaN,NaN,NaN,NaN,NaN,NaN,NaN,NaN,0.1515257,NaN,NaN,experiments\out\revision_2026-09-25\fresh_runs\funnel_mw_d2_B5e3_seed239.jld2
funnel,2,5000.0,277,fresh_v1_2026-09-25,unavailable,exceeds_strict_budget,experiments\out\runs\funnel_mw_d2_B5e3_seed277\result.h5,3977a182df14aab0cd6113c91048e26b2c4e83dd45ecf8992361a10e5d512d52,bc176f3cbf3c2c06ba05f5e13d9d8ed8ac27d3cfd72bbb045b27ae1c0c1483cb,202612271277,5202.0,0,5202.0,NaN,NaN,NaN,NaN,NaN,NaN,NaN,NaN,NaN,NaN,NaN,NaN,NaN,NaN,NaN,NaN,0.1291282,NaN,NaN,experiments\out\revision_2026-09-25\fresh_runs\funnel_mw_d2_B5e3_seed277.jld2
funnel,2,5000.0,313,fresh_v1_2026-09-25,unavailable,exceeds_strict_budget,experiments\out\runs\funnel_mw_d2_B5e3_seed313\result.h5,c2e418d930800faea23ebbe176df22892624a71af986dfc0bc97d53ce8737cfb,1f597f7f6511616f38a6a77f9fd7d50b469248d081b8c913a0fca5e89de79c9c,202612271313,5104.0,0,5104.0,NaN,NaN,NaN,NaN,NaN,NaN,NaN,NaN,NaN,NaN,NaN,NaN,NaN,NaN,NaN,NaN,0.1074129,NaN,NaN,experiments\out\revision_2026-09-25\fresh_runs\funnel_mw_d2_B5e3_seed313.jld2
funnel,2,5000.0,359,fresh_v1_2026-09-25,unavailable,exceeds_strict_budget,experiments\out\runs\funnel_mw_d2_B5e3_seed359\result.h5,76cd48d2a7ac75e34434ed95d28f956bf1eee2e9c91d9aee1d10dbfbeadb38b1,5617b11b53280372b6636583c0c70a94140b13342a5b3c0efdb3639e5fdf804a,202612271359,5093.0,0,5093.0,NaN,NaN,NaN,NaN,NaN,NaN,NaN,NaN,NaN,NaN,NaN,NaN,NaN,NaN,NaN,NaN,0.1255233,NaN,NaN,experiments\out\revision_2026-09-25\fresh_runs\funnel_mw_d2_B5e3_seed359.jld2
funnel,2,5000.0,401,fresh_v1_2026-09-25,unavailable,exceeds_strict_budget,experiments\out\runs\funnel_mw_d2_B5e3_seed401\result.h5,06919501fdc1280e2b93f69ff50bee4979957ad6dbdd95207e9d541339e78ae7,6e75d8a8563496cff2ae8b157d8eec72494a3a634ef270ebc9373d1488b706da,202612271401,5658.0,0,5658.0,NaN,NaN,NaN,NaN,NaN,NaN,NaN,NaN,NaN,NaN,NaN,NaN,NaN,NaN,NaN,NaN,0.1662473,NaN,NaN,experiments\out\revision_2026-09-25\fresh_runs\funnel_mw_d2_B5e3_seed401.jld2
funnel,2,5000.0,449,fresh_v1_2026-09-25,unavailable,exceeds_strict_budget,experiments\out\runs\funnel_mw_d2_B5e3_seed449\result.h5,49906a8e87ab73f1e7af514c2b71a4bd74cb80c535916cc73dc464a5f2da49d2,e7a1ffa4939eaf556231860bd267c8d720313c97c05e33961a8c215569c0fd05,202612271449,5176.0,0,5176.0,NaN,NaN,NaN,NaN,NaN,NaN,NaN,NaN,NaN,NaN,NaN,NaN,NaN,NaN,NaN,NaN,0.2240649,NaN,NaN,experiments\out\revision_2026-09-25\fresh_runs\funnel_mw_d2_B5e3_seed449.jld2
funnel,2,5000.0,491,fresh_v1_2026-09-25,unavailable,exceeds_strict_budget,experiments\out\runs\funnel_mw_d2_B5e3_seed491\result.h5,de88c4a216bed96206ecd40d7b919f8f6540189da6121b2110c3dd073ae03657,47a27d54a32f85695f9eb96df2a18ab52539c8197a31bd389282a455c87551d6,202612271491,6529.0,0,6529.0,NaN,NaN,NaN,NaN,NaN,NaN,NaN,NaN,NaN,NaN,NaN,NaN,NaN,NaN,NaN,NaN,0.0820659,NaN,NaN,experiments\out\revision_2026-09-25\fresh_runs\funnel_mw_d2_B5e3_seed491.jld2
funnel,2,5000.0,541,fresh_v1_2026-09-25,unavailable,exceeds_strict_budget,experiments\out\runs\funnel_mw_d2_B5e3_seed541\result.h5,e52cb09e78d0b108135a7e3d6d3a7b8df98704c863a2e44a2ec924b0592fdfc9,5ec26d1cc91652f3d447a878119c2efd984f1d07d289c480baeeab5090ece376,202612271541,6019.0,0,6019.0,NaN,NaN,NaN,NaN,NaN,NaN,NaN,NaN,NaN,NaN,NaN,NaN,NaN,NaN,NaN,NaN,0.1329224,NaN,NaN,experiments\out\revision_2026-09-25\fresh_runs\funnel_mw_d2_B5e3_seed541.jld2
funnel,2,5000.0,587,fresh_v1_2026-09-25,unavailable,exceeds_strict_budget,experiments\out\runs\funnel_mw_d2_B5e3_seed587\result.h5,e6adacc5f38d55954ad6dace40460530cbf25efaf02a6894f7324373f205fd6a,74bc95ed6ce982d3e6a8d547c35d18f38c45cdd06ead44eafb7741dd4b505fee,202612271587,5273.0,0,5273.0,NaN,NaN,NaN,NaN,NaN,NaN,NaN,NaN,NaN,NaN,NaN,NaN,NaN,NaN,NaN,NaN,0.1336102,NaN,NaN,experiments\out\revision_2026-09-25\fresh_runs\funnel_mw_d2_B5e3_seed587.jld2
funnel,2,5000.0,631,fresh_v1_2026-09-25,unavailable,exceeds_strict_budget,experiments\out\runs\funnel_mw_d2_B5e3_seed631\result.h5,1c89de8d0b0383382d4ce4617939037c4457dbc1fda06a487aa789961ccd08a6,bc6c50eacec55dbf7d284a55fa48dae9af95363446befeb843124e68b0a4f014,202612271631,5026.0,0,5026.0,NaN,NaN,NaN,NaN,NaN,NaN,NaN,NaN,NaN,NaN,NaN,NaN,NaN,NaN,NaN,NaN,0.146803,NaN,NaN,experiments\out\revision_2026-09-25\fresh_runs\funnel_mw_d2_B5e3_seed631.jld2
funnel,2,5000.0,677,fresh_v1_2026-09-25,unavailable,exceeds_strict_budget,experiments\out\runs\funnel_mw_d2_B5e3_seed677\result.h5,ce15099eeaa99799ef33ac119b36c4b4c34d23bd37df66ab14f45db67c9bdc96,0c6aa330124b582822dc3fdf15f74656e0e7821bfaeba561ccf5223dc07fdfaf,202612271677,5341.0,0,5341.0,NaN,NaN,NaN,NaN,NaN,NaN,NaN,NaN,NaN,NaN,NaN,NaN,NaN,NaN,NaN,NaN,0.4362984,NaN,NaN,experiments\out\revision_2026-09-25\fresh_runs\funnel_mw_d2_B5e3_seed677.jld2
funnel,2,50000.0,11,fresh_v1_2026-09-25,eligible,full_remaining_budget; weight_status=ok,experiments\out\runs\funnel_mw_d2_B5e4_seed11\result.h5,e2e4026fd13fc8c27ca0d91992c8e7409cb484e7cb89e6130f4bb65336e7b6f9,3bb6c65fd1acc23ebfed0754b6d8b948f74710ec7cd00f91a5dd346b6430c907,202612272011,32551.0,17449,50000.0,9367.960083374415,0.18735920166748832,0.5368766166183974,-3.0992058373305724,0.007031141512971701,0.005908502729800702,0.05071736964602068,0.05975490041951037,0.19246780892737592,0.047297532604614445,0.005791603195867964,0.018968643097100446,0.11320643338538527,NaN,-0.09339963833119397,0.00018052552104375882,17.288574,0.3489999771118164,0.14499998092651367,experiments\out\revision_2026-09-25\fresh_runs\funnel_mw_d2_B5e4_seed11.jld2
funnel,2,50000.0,23,fresh_v1_2026-09-25,eligible,full_remaining_budget; weight_status=ok,experiments\out\runs\funnel_mw_d2_B5e4_seed23\result.h5,a003db4fc34f4cb8335072508d3943946ffd7ca0f503d30bf52b42c32f40c695,98a4e9a8b68fa75359fcb2bc0fd3ae451fa47db8eb706e2f0ef7e235683dcbde,202612272023,27141.0,22859,50000.0,13524.073453307037,0.27048146906614073,0.5916301436330127,-3.10858742108522,0.005495068090623082,0.0034730810248468913,0.03744774983826589,0.07390914864640913,0.039860356574739075,0.04242365155098671,0.04239937699386834,0.03183424270075019,0.17990020327762224,NaN,-0.09851788514819015,0.0001265243056830864,12.3067608,0.03600001335144043,0.11599993705749512,experiments\out\revision_2026-09-25\fresh_runs\funnel_mw_d2_B5e4_seed23.jld2
funnel,2,50000.0,41,fresh_v1_2026-09-25,eligible,full_remaining_budget; weight_status=ok,experiments\out\runs\funnel_mw_d2_B5e4_seed41\result.h5,52de1c7ad8e305888da9f69459bbed593e0ca57cc7493f8ffdfdd2f958ec564c,d69d6ab139b103191248aec1adde3c0d8f7fae24db5f1bd8f7d139cee2d3ac5a,202612272041,35625.0,14375,50000.0,7131.528790160881,0.1426305758032176,0.49610635061988734,-3.101918130626604,0.00840578199947852,0.0031962094337689706,0.08811460936141623,0.057217839050243476,0.004352739820261409,0.07434342235526115,0.012228118529152341,0.0684994070335182,0.28378588487723366,NaN,-0.5616079935183548,0.0002398381899906249,18.3638018,0.0279998779296875,0.11600017547607422,experiments\out\revision_2026-09-25\fresh_runs\funnel_mw_d2_B5e4_seed41.jld2
funnel,2,50000.0,67,fresh_v1_2026-09-25,eligible,full_remaining_budget; weight_status=ok,experiments\out\runs\funnel_mw_d2_B5e4_seed67\result.h5,7e3a08c079f10d5447e7838dbd7964e78fe2ef912a6285126e82423825d2d21a,a0b55e86f81901a6bb746007379afedaaa9cded58de6ec8c57fa91ef91fe96d9,202612272067,32404.0,17596,50000.0,10596.673706962065,0.2119334741392413,0.6022206016686784,-3.1092807682549726,0.006126837507798914,0.0041664281945994475,0.039098787928355076,0.04708502972633791,0.09941537196282013,0.032040991404887476,0.019966778657125758,0.050899902698044674,0.13974460879733375,NaN,-0.3861041472266706,0.00015223840985874489,15.8372072,0.04900002479553223,0.08099985122680664,experiments\out\revision_2026-09-25\fresh_runs\funnel_mw_d2_B5e4_seed67.jld2
funnel,2,50000.0,97,fresh_v1_2026-09-25,eligible,full_remaining_budget; weight_status=ok,experiments\out\runs\funnel_mw_d2_B5e4_seed97\result.h5,8ce808a0f554d98cd65a3395ab706815c680bac4892348bb0003aeaa64b08d69,99b72e9718672c9414e3b146964f59444c866c2cf891d38236a2540f91d83937,202612272097,31492.0,18508,50000.0,9871.769671431626,0.19743539342863253,0.533378521257382,-3.102696558534257,0.006875192394358817,0.0024177815261161584,0.055072968580109384,0.037444727549895286,0.12012359486265511,0.07075800360676243,0.01013531771943091,0.04897687416659069,0.13306548994516731,NaN,-0.2042130435658851,0.00016479530220132248,20.4571537,0.03099989891052246,0.3379998207092285,experiments\out\revision_2026-09-25\fresh_runs\funnel_mw_d2_B5e4_seed97.jld2
funnel,2,50000.0,113,fresh_v1_2026-09-25,eligible,full_remaining_budget; weight_status=ok,experiments\out\runs\funnel_mw_d2_B5e4_seed113\result.h5,a70e8e3a9552c5d94a9f546100e5b44655cce60af8032a3592a3c4f8bf81bf86,e761ec8d30510731ef3ec0c88ed7e397660aa1db238755a39fa90d52c7aa6a1c,202612272113,32521.0,17479,50000.0,10442.58523880971,0.2088517047761942,0.597436079799171,-3.105713600026113,0.006208882053089445,0.0005992599657398401,0.07657116920400212,0.05768459133733643,0.11924843675143348,0.03653235656280496,0.017181039580497156,0.05092202150709568,0.01501799129158865,NaN,-0.36478253135140554,0.00015701391796376363,19.0420528,0.029999971389770508,0.11899995803833008,experiments\out\revision_2026-09-25\fresh_runs\funnel_mw_d2_B5e4_seed113.jld2
funnel,2,50000.0,137,fresh_v1_2026-09-25,eligible,full_remaining_budget; weight_status=ok,experiments\out\runs\funnel_mw_d2_B5e4_seed137\result.h5,e0b97f1af09e28bf81f7e9a98818d7e81b69c79004886a95736154a946a27881,7425590a6f80b639ab6567c422294e8bc1bdf0d46aced0ab20e0792b49d13cf2,202612272137,32747.0,17253,50000.0,9922.228764447365,0.1984445752889473,0.5751016498259645,-3.10005497623575,0.00654391884102496,0.00505936382462302,0.08170101824960352,0.04684362452692507,0.12581206819882818,0.06052054853339339,0.0067587817737825,0.028108321836872174,0.12375634258727697,NaN,-0.6458282454228421,0.00016643226228031568,13.0675488,0.03099989891052246,0.09399986267089844,experiments\out\revision_2026-09-25\fresh_runs\funnel_mw_d2_B5e4_seed137.jld2
funnel,2,50000.0,173,fresh_v1_2026-09-25,eligible,full_remaining_budget; weight_status=ok,experiments\out\runs\funnel_mw_d2_B5e4_seed173\result.h5,b31a1559066ed60f5de95004e55bed9bd1fba73fb664d9cfdffa33f3bf74254a,552473ae1e53ff07f404ba8697e1cf1b0076a09834cb36cc71a573e57f64ac4b,202612272173,36364.0,13636,50000.0,8750.310683276304,0.17500621366552607,0.6417065622819231,-3.090487487997631,0.006398934878926044,0.014626852062741946,0.04990574599675776,0.0758443013603443,0.08498724820511594,0.0628442954829197,0.006186122553926003,0.0486254681967343,0.24007796165580597,NaN,-0.7930795897719052,0.00016939131340092174,15.8426598,0.02500009536743164,0.09200000762939453,experiments\out\revision_2026-09-25\fresh_runs\funnel_mw_d2_B5e4_seed173.jld2
funnel,2,50000.0,211,fresh_v1_2026-09-25,eligible,full_remaining_budget; weight_status=ok,experiments\out\runs\funnel_mw_d2_B5e4_seed211\result.h5,9082c06e71a7eb8dda39a61810083a18ee9c2f9afd469e7ab58a129e2ee0a042,56b4daf56d2ffc236d927817e6ede3911004f93cc853d5be32c8742258dadd36,202612272211,37648.0,12352,50000.0,5988.443283457072,0.11976886566914144,0.484815680331693,-3.1176160225760974,0.009275222739307844,0.012501682515724255,0.05550412751504065,0.05752242088807202,0.25440795686804707,0.022228561328486385,0.03641550805124508,0.003314627187282926,0.06750101481177229,NaN,-0.29202829319513046,0.00027300462043952466,18.3863692,0.01900005340576172,0.08100008964538574,experiments\out\revision_2026-09-25\fresh_runs\funnel_mw_d2_B5e4_seed211.jld2
funnel,2,50000.0,239,fresh_v1_2026-09-25,eligible,full_remaining_budget; weight_status=ok,experiments\out\runs\funnel_mw_d2_B5e4_seed239\result.h5,a6c954494b2d03ac26b6c966b8d2be57cf6e68fec2fd3d90635f56ddc30414aa,9e5507fdac6611a510245da6c5652af12da538faadc5d209caffb57461355d55,202612272239,31674.0,18326,50000.0,8322.869698451435,0.1664573939690287,0.45415637337397335,-3.0987970930959,0.008098369238111311,0.006317246964473,0.06830980406406661,0.06044214593503303,0.08460540309589559,0.07365967793198147,0.037632797644776644,0.0587730322351413,0.17335784637418428,NaN,-0.8153189028556329,0.00020150733617866503,13.787449,0.023000001907348633,0.09300017356872559,experiments\out\revision_2026-09-25\fresh_runs\funnel_mw_d2_B5e4_seed239.jld2
funnel,2,50000.0,277,fresh_v1_2026-09-25,eligible,full_remaining_budget; weight_status=ok,experiments\out\runs\funnel_mw_d2_B5e4_seed277\result.h5,9e2a272340f49ef33846da060ae33292d7cb94fca73b4c628e57629800f2e269,451554bc54980a5aabf7f84b16757944ba705887a7fe181990221e52b4b0d0fb,202612272277,32336.0,17664,50000.0,9224.683415541404,0.18449366831082806,0.5222307187240378,-3.1129208024506205,0.007196699619756966,0.007806462390247404,0.055995156031994495,0.03776662592934223,0.03514734585202728,0.014769261165394343,0.013208661705120887,0.04552506148603175,0.09980963204779592,NaN,-0.520387667363229,0.00016690161380403514,16.771295,0.032000064849853516,0.29200005531311035,experiments\out\revision_2026-09-25\fresh_runs\funnel_mw_d2_B5e4_seed277.jld2
funnel,2,50000.0,313,fresh_v1_2026-09-25,eligible,full_remaining_budget; weight_status=ok,experiments\out\runs\funnel_mw_d2_B5e4_seed313\result.h5,496881d3900713af1c242b20c4370f3081b3e83bdbb8243eb842348abf29c813,2566c34bc22d5a4921506347f816ec538684673f872fb662c84dd26918706238,202612272313,36826.0,13174,50000.0,8195.085688146019,0.16390171376292037,0.6220651046110535,-3.097746316339663,0.006790968984931116,0.007368023720710326,0.07009211397791612,0.0593471076284997,0.14414743078260273,0.0324440856076057,0.036708569582293876,0.03762970643340535,0.044609330687159776,NaN,-0.556622420419715,0.0001911826537375498,16.169585,0.026000022888183594,0.10899996757507324,experiments\out\revision_2026-09-25\fresh_runs\funnel_mw_d2_B5e4_seed313.jld2
funnel,2,50000.0,359,fresh_v1_2026-09-25,eligible,full_remaining_budget; weight_status=ok,experiments\out\runs\funnel_mw_d2_B5e4_seed359\result.h5,6c4b2d78d45db02e57265b2ac6d53c3fb616ab9cf2f0f61d64bff88d96bf862c,648bb4d76968c626d7cbb4dec63cb6e370beb824b3b10f68e048388cae49413b,202612272359,36870.0,13130,50000.0,6210.215078170572,0.12420430156341145,0.4729790615514526,-3.0967031884873055,0.00921214180014089,0.008411151573067599,0.045930060918825504,0.06579388766921039,0.20453612691366407,0.03981286746273571,0.04328407894559466,0.12763050101048,0.07349697169274894,NaN,-0.4892810705630092,0.0002637541569409202,22.6037722,0.02200007438659668,0.09500002861022949,experiments\out\revision_2026-09-25\fresh_runs\funnel_mw_d2_B5e4_seed359.jld2
funnel,2,50000.0,401,fresh_v1_2026-09-25,unavailable,exceeds_strict_budget,experiments\out\runs\funnel_mw_d2_B5e4_seed401\result.h5,2ee688d55c25ef38e7216463af7eeaaf2ee7e8ff572ebc9aadb9277e4f39c08a,55c8e6f20682647c1f66ff86a0f8070a0bbe926ed11bbcc31acb74e78328d4d8,202612272401,50371.0,0,50371.0,NaN,NaN,NaN,NaN,NaN,NaN,NaN,NaN,NaN,NaN,NaN,NaN,NaN,NaN,NaN,NaN,21.7986044,NaN,NaN,experiments\out\revision_2026-09-25\fresh_runs\funnel_mw_d2_B5e4_seed401.jld2
funnel,2,50000.0,449,fresh_v1_2026-09-25,eligible,full_remaining_budget; weight_status=ok,experiments\out\runs\funnel_mw_d2_B5e4_seed449\result.h5,940c5051e6c87faa4cf6a248cdedf6df82c6059578d70fbb81dad947c1706ad3,8badc21abeb7972696f4857b9cfc62b83aac98b23f9ae2a16d426bed24626c65,202612272449,31535.0,18465,50000.0,11218.12086883099,0.22436241737661983,0.607534301046899,-3.1127183779821497,0.005914809959334341,0.007604037921776552,0.06000114853510742,0.07440019424253427,0.045238361190564014,0.035050182919727724,0.03333974766187603,0.04880495146931352,0.015214407525635743,NaN,-0.15996269392828597,0.00014974184990061752,18.092411,0.03299999237060547,0.10799980163574219,experiments\out\revision_2026-09-25\fresh_runs\funnel_mw_d2_B5e4_seed449.jld2
funnel,2,50000.0,491,fresh_v1_2026-09-25,eligible,full_remaining_budget; weight_status=ok,experiments\out\runs\funnel_mw_d2_B5e4_seed491\result.h5,169673c33777c6101c889726c346a4ae9c3b9e8affd06b00f7560d2c3e9f989b,6bfa27f2bad4e0d22bb64addda6419afade40beee7262c37b7cd77fac329203b,202612272491,34517.0,15483,50000.0,8508.802847839068,0.17017605695678137,0.5495577632137872,-3.0955763814448236,0.0072758765656186,0.009537958615549513,0.06922720173908158,0.07623020375927073,0.24385239281331694,0.0817871220070513,0.07958832706647515,0.056014808047626485,0.020526702477783765,NaN,-0.5340686766596007,0.0001913994474019094,14.3922155,0.04500007629394531,0.08899998664855957,experiments\out\revision_2026-09-25\fresh_runs\funnel_mw_d2_B5e4_seed491.jld2
funnel,2,50000.0,541,fresh_v1_2026-09-25,eligible,full_remaining_budget; weight_status=ok,experiments\out\runs\funnel_mw_d2_B5e4_seed541\result.h5,b96fff2f1c61ed51a789dc60e74ba54e02028116ad8edb3152c5d8b7bc8663e7,23e9b3cf9a06732647cb5dce85834c6378be68e0f6cbaa40df4de470298fdca5,202612272541,36801.0,13199,50000.0,7615.941930178005,0.1523188386035601,0.5770090105445871,-3.105330985932312,0.007452530225200557,0.00021664587193903628,0.07532861257343153,0.04728845162118009,0.04614393302889397,0.05358590674199959,0.0404721884868991,0.10328060490257662,0.13337386526631434,NaN,-0.2998826058964702,0.00020989562630874476,17.45456,0.02200007438659668,0.10199999809265137,experiments\out\revision_2026-09-25\fresh_runs\funnel_mw_d2_B5e4_seed541.jld2
funnel,2,50000.0,587,fresh_v1_2026-09-25,eligible,full_remaining_budget; weight_status=ok,experiments\out\runs\funnel_mw_d2_B5e4_seed587\result.h5,6e97c1fa2b5f984bca9561ad2fbb4e462673718916b7b93c5b4b08f4a2b4879c,8ee7974532c4a7513f5ea9ce5e358f04eef4c9d938b5142635d51e782114d2c1,202612272587,42744.0,7256,50000.0,3986.0238017482707,0.07972047603496542,0.5493417587855941,-3.0901375327555245,0.010632948609678608,0.014976807304848627,0.1020097180090837,0.10509978017013809,0.08082557008935609,0.10176232247619643,0.04099796363784253,0.12326522192464762,0.0879274132740937,NaN,-0.5780982758363783,0.00037972970343797793,20.4836638,0.01100015640258789,0.27900004386901855,experiments\out\revision_2026-09-25\fresh_runs\funnel_mw_d2_B5e4_seed587.jld2
funnel,2,50000.0,631,fresh_v1_2026-09-25,eligible,full_remaining_budget; weight_status=ok,experiments\out\runs\funnel_mw_d2_B5e4_seed631\result.h5,344f4bf5618831b8c1b1d536477616a82ff51c6fb33d02991e9796586564773e,9c32a760363f0b89cf8b76ce4033652fb5565665e1f7272b5511321b44a57d9f,202612272631,37221.0,12779,50000.0,7996.589855266278,0.15993179710532557,0.6257602203041145,-3.1082683643217557,0.006841046833294828,0.0031540242613825598,0.0435961625127089,0.054714539859488785,0.06457640482908156,0.009891168173103648,0.027356787883217656,0.047555892667879296,0.09886711094032385,NaN,-0.43893801147686745,0.0002023120773712876,14.7286018,0.01900005340576172,0.09299993515014648,experiments\out\revision_2026-09-25\fresh_runs\funnel_mw_d2_B5e4_seed631.jld2
funnel,2,50000.0,677,fresh_v1_2026-09-25,eligible,full_remaining_budget; weight_status=ok,experiments\out\runs\funnel_mw_d2_B5e4_seed677\result.h5,f95d7545852a292f914ea2cda04600a2df619622f90f6d6b40872905e4c3b83e,5bd69ead28719b98959f0b59105c88e29fbcb59e9e966cb701b428cf17bad676,202612272677,29514.0,20486,50000.0,11302.040686375216,0.22604081372750431,0.5516958257529638,-3.1058463610637483,0.0062980768861782685,0.0007320210033752161,0.06368935190245606,0.08594447012227588,0.17437207438725055,0.03671463230811478,0.008437025888503428,0.06848246869431562,0.14395743915117265,NaN,-0.3819709128302385,0.00013992152879929853,15.1976723,0.026000022888183594,0.09500002861022949,experiments\out\revision_2026-09-25\fresh_runs\funnel_mw_d2_B5e4_seed677.jld2
funnel,2,500000.0,11,fresh_v1_2026-09-25,eligible,full_remaining_budget; weight_status=ok,experiments\out\runs\funnel_mw_d2_B5e5_seed11\result.h5,c66cef27c49bb7602cd52d96909b50d9169281f060db98ea03188800e70be583,d1f67cdfe26fdd73e73ba23cd1d5b7045311d4f75cd3f250e954fe5c9cf7df4e,202612273011,40593.0,459407,500000.0,194972.04148278234,0.3899440829655647,0.42439937023768104,-3.1046225028136263,0.0017182029513488483,0.0004918372467468402,0.04646211412260543,0.030764879883528787,0.10992816114703885,0.0208315780128584,0.01575731998178592,0.028337697455634303,0.08254084101592074,NaN,-0.30398462861501624,8.421382808430977e-6,16.3023447,1.874000072479248,0.31999993324279785,experiments\out\revision_2026-09-25\fresh_runs\funnel_mw_d2_B5e5_seed11.jld2
funnel,2,500000.0,23,fresh_v1_2026-09-25,eligible,full_remaining_budget; weight_status=ok,experiments\out\runs\funnel_mw_d2_B5e5_seed23\result.h5,ed74156ac35ba18425226b2ffa1ab4552e42829335d7ab59d93b0100d8fea8c9,1e50403525d9c4e048695c52872c4dfced15532d14a655f09bbb892d6e533808,202612273023,42553.0,457447,500000.0,279139.5296904178,0.5582790593808357,0.61021173969972,-3.1042605914180648,0.0011816903968525077,0.0008537486423083607,0.04410193412166151,0.041509594551866445,0.10307821218669044,0.027220476047932318,0.023864899407428922,0.028162728631850764,0.10675141138197208,NaN,-0.9385068884984402,5.74229173470946e-6,31.1354753,1.2699999809265137,0.6329998970031738,experiments\out\revision_2026-09-25\fresh_runs\funnel_mw_d2_B5e5_seed23.jld2
funnel,2,500000.0,41,fresh_v1_2026-09-25,eligible,full_remaining_budget; weight_status=ok,experiments\out\runs\funnel_mw_d2_B5e5_seed41\result.h5,c76039981aa3c1dbc20d58214b5dca7e354b74571ba2511fd844d821a3937e9a,b77f21b76d76e68cd7b5c0c0ea6edf089ecbe5e42483a76ddc21b97f6dae2c31,202612273041,34869.0,465131,500000.0,264541.22493931715,0.5290824498786343,0.5687456328202531,-3.1042941472908936,0.0012767917650646848,0.000820192769479533,0.02951070494970595,0.02796129699414837,0.007972077287913049,0.04003960982553545,0.025765494001631115,0.012108354861026904,0.01759727525421173,NaN,-0.17666879675898692,6.886824120421044e-6,13.0826671,1.0249998569488525,0.2519998550415039,experiments\out\revision_2026-09-25\fresh_runs\funnel_mw_d2_B5e5_seed41.jld2
funnel,2,500000.0,67,fresh_v1_2026-09-25,eligible,full_remaining_budget; weight_status=ok,experiments\out\runs\funnel_mw_d2_B5e5_seed67\result.h5,292805f318e8836d37eaa1247d8289727c0dacc3e829625cb95a64eb875ded36,809c8ea79edca3e4f4d8c2b5796b23c7e2f68869ceeaaf6959d5d18259a3d78a,202612273067,47556.0,452444,500000.0,262695.6275334327,0.5253912550668653,0.5806146783545205,-3.1054208890859716,0.0012635143859664807,0.0003065490255984571,0.050198610594952356,0.052258468510805275,0.05439651187918715,0.023719445206898615,0.0029914104532931555,0.023731317577907807,0.12498007401533329,NaN,-0.7707826810121853,6.166828760713593e-6,21.7368991,1.1569998264312744,0.2239999771118164,experiments\out\revision_2026-09-25\fresh_runs\funnel_mw_d2_B5e5_seed67.jld2
funnel,2,500000.0,97,fresh_v1_2026-09-25,eligible,full_remaining_budget; weight_status=ok,experiments\out\runs\funnel_mw_d2_B5e5_seed97\result.h5,2db27e9b61fd4b9ebcf41ce34b27ac91b1218e58de28b3f7e90267d206a433a4,3c9f3c2199516e8d87fc1538efbb4643b4e08642fb818bc3fe72a0379db753c3,202612273097,42973.0,457027,500000.0,268816.8796332892,0.5376337592665784,0.5881859925853159,-3.1027156532232834,0.0012377196604307788,0.0023986868370897696,0.06125337098366508,0.06899711484754043,0.07886256310442707,0.05605486366947143,0.016710779702098385,0.0286450935573922,0.043854748114268816,NaN,-0.47531586186525476,5.672195399563385e-6,18.4884831,0.9140000343322754,0.2389998435974121,experiments\out\revision_2026-09-25\fresh_runs\funnel_mw_d2_B5e5_seed97.jld2
funnel,2,500000.0,113,fresh_v1_2026-09-25,eligible,full_remaining_budget; weight_status=ok,experiments\out\runs\funnel_mw_d2_B5e5_seed113\result.h5,30da3b2fab19589e0491fa6eb385966b26d1157d1df999e18c7ffdadf35f75ec,ba23ea375f1b174986de4cad227fe2a6add38337f3b493f2b72df64eb3ff772f,202612273113,41383.0,458617,500000.0,301257.95922554523,0.6025159184510904,0.6568835416601331,-3.1034451282787447,0.0010672139914821971,0.001669211781628377,0.06158957679647888,0.0466804441563549,0.08464991105823083,0.012418970095216753,0.02015187285106398,0.02224200743436977,0.12377752185954893,NaN,-0.06623216545615215,5.728242544331343e-6,16.0825553,0.9040000438690186,0.2929999828338623,experiments\out\revision_2026-09-25\fresh_runs\funnel_mw_d2_B5e5_seed113.jld2
funnel,2,500000.0,137,fresh_v1_2026-09-25,eligible,full_remaining_budget; weight_status=ok,experiments\out\runs\funnel_mw_d2_B5e5_seed137\result.h5,c0096821eb2ce81a941b8a590a67a018bbc2a13bb4623f0d44f9d4f346952825,7b57ef3c8899c395005a1fd74879c9b5b7ba4e9931a5c7c3203cba12b3740b96,202612273137,40439.0,459561,500000.0,243882.86371249342,0.48776572742498686,0.5306865981066571,-3.1064670996418418,0.001387205605846635,0.0013527595814686322,0.06207593930016515,0.032108430168491235,0.15729715156846913,0.061401216604969444,0.023352976383876175,0.042288337770650775,0.16014989142439262,NaN,0.1339839711539939,2.0103131630220203e-5,21.1140624,1.244999885559082,0.32399988174438477,experiments\out\revision_2026-09-25\fresh_runs\funnel_mw_d2_B5e5_seed137.jld2
funnel,2,500000.0,173,fresh_v1_2026-09-25,eligible,full_remaining_budget; weight_status=ok,experiments\out\runs\funnel_mw_d2_B5e5_seed173\result.h5,7695816b23dc04bfdb76b52b5fe4aeedae21d085a5b75f553285ec33930d0151,093eaf83e7778e3fd3909d70fac3d4ebf2bfd462d3bbc48e4910f260ac8f5bcc,202612273173,36250.0,463750,500000.0,275280.8864533216,0.5505617729066432,0.5935975988211787,-3.1054517398434207,0.0012150386797775848,0.0003373997830475872,0.04760005690601833,0.08090429198815123,0.04298359824994247,0.007730418903048153,0.012020346845648624,0.009138152613490713,0.05991725232228351,NaN,-0.7217940821283988,5.624924140749535e-6,13.3757543,1.2559998035430908,0.4809999465942383,experiments\out\revision_2026-09-25\fresh_runs\funnel_mw_d2_B5e5_seed173.jld2
funnel,2,500000.0,211,fresh_v1_2026-09-25,eligible,full_remaining_budget; weight_status=ok,experiments\out\runs\funnel_mw_d2_B5e5_seed211\result.h5,f67dcd83325250ddb726f790b97adfd5de50202a09d8d96e2fbfca42ebd41016,6dfa258e1512f3da9f7c4f1c7287bec630430be2434b177a0264577cba1df753,202612273211,42867.0,457133,500000.0,277693.904618,0.555387809236,0.6074685148917273,-3.106728338487331,0.0011889239485666477,0.0016139984269578633,0.05974596277347133,0.060660922992467524,0.17027856417465914,0.05446802478400492,0.025012748009088866,0.05685200716149652,0.03208599904718934,NaN,-0.8288888708437164,6.041361377768145e-6,18.3471898,1.0160000324249268,0.23600006103515625,experiments\out\revision_2026-09-25\fresh_runs\funnel_mw_d2_B5e5_seed211.jld2
funnel,2,500000.0,239,fresh_v1_2026-09-25,eligible,full_remaining_budget; weight_status=ok,experiments\out\runs\funnel_mw_d2_B5e5_seed239\result.h5,f2f6cb9b5d604ffec96108da688f18e3acab6d3438ad5ed4dc1a137229335a1b,7c8753b346e9088aaeed84cd79723797e3d458993b76c25deccdc5c124611584,202612273239,40508.0,459492,500000.0,263876.91030041425,0.5277538206008285,0.5742796616707456,-3.1012741412933487,0.001270168985629028,0.003840198767024461,0.0724898078449383,0.03847627456153162,0.07595836217770868,0.039304219114370986,0.044822789580512584,0.045426034561515505,0.07984538716897838,NaN,-0.013033057317310035,8.480286097704286e-6,13.6089662,1.2309999465942383,0.2539999485015869,experiments\out\revision_2026-09-25\fresh_runs\funnel_mw_d2_B5e5_seed239.jld2
funnel,2,500000.0,277,fresh_v1_2026-09-25,eligible,full_remaining_budget; weight_status=ok,experiments\out\runs\funnel_mw_d2_B5e5_seed277\result.h5,23e181ac7453e89c5a70b35d3283d4a55b233a36c8088ff7be92c05d6a464296,93bf7e19693fc22e11d1692e0b1304489bdde5807021ecf8381ca5aaab7bae37,202612273277,39741.0,460259,500000.0,272992.41753690783,0.5459848350738157,0.5931278205030381,-3.105302167323753,0.0012208258186802126,0.00018782726337995825,0.034985461934483195,0.0457409287002293,0.1400873395290385,0.015631428045875695,0.03156971144543727,0.04406761929204139,0.0869336552367388,NaN,-0.8350005136206932,5.817094536236698e-6,24.5824794,1.1329998970031738,0.5139999389648438,experiments\out\revision_2026-09-25\fresh_runs\funnel_mw_d2_B5e5_seed277.jld2
funnel,2,500000.0,313,fresh_v1_2026-09-25,eligible,full_remaining_budget; weight_status=ok,experiments\out\runs\funnel_mw_d2_B5e5_seed313\result.h5,d97d8237d3917c8e72738870e88d5d8d355ffdd44ba95bb325c3d46fcee74b1e,2188c342f64f3daac14bcce0feeb54b11f665ad879075895f241b8832f14eb39,202612273313,45572.0,454428,500000.0,253770.33381752504,0.5075406676350501,0.5584390350452108,-3.1061645538072735,0.0013190914682977585,0.001050213746900397,0.02892768519582911,0.050960403274841644,0.08634016263586997,0.026409653352721274,0.005647679569325295,0.0173468465283243,0.05303826559161973,NaN,0.042011992381117046,1.5290305838773524e-5,26.4071283,1.5230000019073486,0.3249998092651367,experiments\out\revision_2026-09-25\fresh_runs\funnel_mw_d2_B5e5_seed313.jld2
funnel,2,500000.0,359,fresh_v1_2026-09-25,eligible,full_remaining_budget; weight_status=ok,experiments\out\runs\funnel_mw_d2_B5e5_seed359\result.h5,dcf0977d50c2f3ac1184dde06337e3e49fa7023b691af679efd752d246afed8b,d8262b6e049b955dc8521abd6da08161545216c4a3f8fe551e3a5f90315276d8,202612273359,51026.0,448974,500000.0,280861.6718529191,0.5617233437058382,0.6255633329611939,-3.1070376132686857,0.0011546302918150342,0.001923273208312537,0.04990080643505114,0.05840641108583951,0.07717222669279966,0.03965169838257243,0.003554574478724729,0.025240714101519957,0.03836635054642645,NaN,-0.12781005109975807,5.793452888624485e-6,17.9250598,1.5750000476837158,0.4760000705718994,experiments\out\revision_2026-09-25\fresh_runs\funnel_mw_d2_B5e5_seed359.jld2
funnel,2,500000.0,401,fresh_v1_2026-09-25,eligible,full_remaining_budget; weight_status=ok,experiments\out\runs\funnel_mw_d2_B5e5_seed401\result.h5,c50bc86aa24dd6d8f3bf54e9b660b7cbc07bac11a13ab3c640730bfef1a6d90c,364cabeb4c1553f6b64f4fd9b22180dae8b4834b17ac75af56664ae2e1f85cc5,202612273401,39369.0,460631,500000.0,251165.15325292782,0.5023303065058556,0.5452632437958536,-3.106483410759223,0.0013455515386924905,0.0013690706988498391,0.07573571078830654,0.07237747198622496,0.10229532458067991,0.04227238577069847,0.025478338925865405,0.036546141906497964,0.027226907841840564,NaN,-0.7305683641912186,6.327243333921706e-6,17.1588564,1.494999885559082,0.5319998264312744,experiments\out\revision_2026-09-25\fresh_runs\funnel_mw_d2_B5e5_seed401.jld2
funnel,2,500000.0,449,fresh_v1_2026-09-25,eligible,full_remaining_budget; weight_status=ok,experiments\out\runs\funnel_mw_d2_B5e5_seed449\result.h5,16eb1be34302c525e097358c6ec65980e85252aae186884364533d3bd8fcc4fe,db33f189c8c44d445a1098f474946316d9df6a06e30076b590f895441d16c410,202612273449,37897.0,462103,500000.0,259156.3396424891,0.5183126792849782,0.5608194269296869,-3.1029888212890935,0.001301789133150271,0.002125518771279644,0.03830447571467088,0.06483847121498616,0.03338470254303827,0.04789726728406041,0.027378473697261378,0.03186963201634574,0.17392566498922246,NaN,-0.15752599201241876,6.952773686926051e-6,13.1709716,1.0460000038146973,0.2740001678466797,experiments\out\revision_2026-09-25\fresh_runs\funnel_mw_d2_B5e5_seed449.jld2
funnel,2,500000.0,491,fresh_v1_2026-09-25,eligible,full_remaining_budget; weight_status=ok,experiments\out\runs\funnel_mw_d2_B5e5_seed491\result.h5,75d1f7647cf8d1c04a5025c4ff7accda1abdcbe69229b646f573310543e173df,8591d8493b484be89826676f89f0bdd3402573a2e61c103334f27ea833b70da9,202612273491,40865.0,459135,500000.0,236907.47285491007,0.47381494570982013,0.5159865243444958,-3.1061608552114652,0.0014293525032383501,0.001046515151092109,0.044056239399449436,0.04366334243187359,0.021558814531390524,0.04052514244919869,0.00599140720788652,0.015190379222640549,0.02713096045853547,NaN,-0.859913719688446,6.72887148842917e-6,16.0095967,0.9289999008178711,0.2369999885559082,experiments\out\revision_2026-09-25\fresh_runs\funnel_mw_d2_B5e5_seed491.jld2
funnel,2,500000.0,541,fresh_v1_2026-09-25,eligible,full_remaining_budget; weight_status=ok,experiments\out\runs\funnel_mw_d2_B5e5_seed541\result.h5,1624c4437bbcf29c31b0cbdc25a1ada8b18bf58335b8f38a09f9c118832707ea,7bb317adc6a543d10e59d5e4f973b022ab20c60e3728c5b839847509d068a5b9,202612273541,47728.0,452272,500000.0,220923.58225067236,0.4418471645013447,0.4884750377000397,-3.105992712051256,0.0015216416168487834,0.0008783719908826981,0.04610869190423683,0.03222771980438925,0.06315399069809624,0.03232996450280201,0.021850071396906593,0.021922554526808136,0.10206799543611567,NaN,0.18110976693558853,7.512417884182057e-6,26.6793625,1.059999942779541,0.3149998188018799,experiments\out\revision_2026-09-25\fresh_runs\funnel_mw_d2_B5e5_seed541.jld2
funnel,2,500000.0,587,fresh_v1_2026-09-25,eligible,full_remaining_budget; weight_status=ok,experiments\out\runs\funnel_mw_d2_B5e5_seed587\result.h5,596aaddbb8738236b38f4724f58d82261b50fc44e4e1c6a7a9ef563e1ffea8d8,398d2a342df50c55a393a68f5dcdedd384d1e0ea3bf7c8f9d7fe650d54071f84,202612273587,47353.0,452647,500000.0,284116.2250979983,0.5682324501959966,0.6276772520264097,-3.10618811554132,0.0011447529404925393,0.0010737754809468925,0.057600511123385906,0.05980266555221951,0.07140646363013392,0.01300826312135317,0.020948837403679314,0.024629036370510504,0.12312672588859908,NaN,-0.5291186691224022,5.696945782905229e-6,20.0235559,0.8710000514984131,0.2070000171661377,experiments\out\revision_2026-09-25\fresh_runs\funnel_mw_d2_B5e5_seed587.jld2
funnel,2,500000.0,631,fresh_v1_2026-09-25,eligible,full_remaining_budget; weight_status=ok,experiments\out\runs\funnel_mw_d2_B5e5_seed631\result.h5,b087585107ec7552b62d235b0ec49a59909a31e4265c796c055437e73a749979,48eb93341d80f35a0b9c957ba55851b467c270bd808baddcf3ea194cdeaee839,202612273631,48546.0,451454,500000.0,248586.86097214787,0.49717372194429577,0.550636080247706,-3.1063546364251096,0.0013444975477030765,0.0012402963647364373,0.036091440061680066,0.06324776840091237,0.03565418807733867,0.012004781464847292,0.007799817063123995,0.028597929847567483,0.1505273188032481,NaN,-0.473375173023408,6.402966856200599e-6,30.172783,0.9229998588562012,0.22699999809265137,experiments\out\revision_2026-09-25\fresh_runs\funnel_mw_d2_B5e5_seed631.jld2
funnel,2,500000.0,677,fresh_v1_2026-09-25,eligible,full_remaining_budget; weight_status=ok,experiments\out\runs\funnel_mw_d2_B5e5_seed677\result.h5,8dee6da8791f9321ee8a1e90b129cbdcf5233746de049adfe9cc6bc904f58db4,a53b68d3976f11355357c7d22cb3d4f8cbe6c26fc306f3b1590c4fd4c1a87200,202612273677,33833.0,466167,500000.0,248692.20532092237,0.49738441064184474,0.5334830764960248,-3.1044748946390364,0.0013696279646422073,0.0006394454213367595,0.07524851238596734,0.06494067358118284,0.09091392444794621,0.043233337083434686,0.026092844291934956,0.018410788136661194,0.05888512783718447,NaN,-0.028073200687074498,7.354726837919309e-6,8.5302326,0.9489998817443848,0.27699995040893555,experiments\out\revision_2026-09-25\fresh_runs\funnel_mw_d2_B5e5_seed677.jld2
funnel,5,5000.0,11,fresh_v1_2026-09-25,unavailable,exceeds_strict_budget,experiments\out\runs\funnel_mw_d5_B5e3_seed11\result.h5,dc107de1a1df18762655144c347698071d0232209b3bc863a117320c8c64f78c,b27219d216cee83d1de7f633313d469a2036ca3ceca70e6a050df5f5c6783131,202612301011,5931.0,0,5931.0,NaN,NaN,NaN,NaN,NaN,NaN,NaN,NaN,NaN,NaN,NaN,NaN,NaN,NaN,NaN,NaN,5.203006,NaN,NaN,experiments\out\revision_2026-09-25\fresh_runs\funnel_mw_d5_B5e3_seed11.jld2
funnel,5,5000.0,23,fresh_v1_2026-09-25,unavailable,exceeds_strict_budget,experiments\out\runs\funnel_mw_d5_B5e3_seed23\result.h5,3ba3df148fe8d5d6d9a09c47969f49983b5706f9dffbd704b23b36ed5f701b3f,10065800ef33d6e52e1ddcb7fab8a1d5a9e62e16249815e4924ca86f27b22e62,202612301023,5893.0,0,5893.0,NaN,NaN,NaN,NaN,NaN,NaN,NaN,NaN,NaN,NaN,NaN,NaN,NaN,NaN,NaN,NaN,0.0907219,NaN,NaN,experiments\out\revision_2026-09-25\fresh_runs\funnel_mw_d5_B5e3_seed23.jld2
funnel,5,5000.0,41,fresh_v1_2026-09-25,unavailable,exceeds_strict_budget,experiments\out\runs\funnel_mw_d5_B5e3_seed41\result.h5,ffabde91db06d4ea2331bd8d68dfd7220b5f0b4501a3c616993ee81f9d03bac7,5c2f7e1f689d69855b6b12b3741a6b2f76018f0ce56291a4451048c6d2ed2ac9,202612301041,5926.0,0,5926.0,NaN,NaN,NaN,NaN,NaN,NaN,NaN,NaN,NaN,NaN,NaN,NaN,NaN,NaN,NaN,NaN,0.2421339,NaN,NaN,experiments\out\revision_2026-09-25\fresh_runs\funnel_mw_d5_B5e3_seed41.jld2
funnel,5,5000.0,67,fresh_v1_2026-09-25,unavailable,exceeds_strict_budget,experiments\out\runs\funnel_mw_d5_B5e3_seed67\result.h5,558938a16513ccafde2aa4140943600e02a63a457b44f3bfb00aff92f8cb6bf0,bfe80cae239ab1aa5a38f11953ee972a5a390829a8d4e48753b4dfb72028c699,202612301067,5929.0,0,5929.0,NaN,NaN,NaN,NaN,NaN,NaN,NaN,NaN,NaN,NaN,NaN,NaN,NaN,NaN,NaN,NaN,0.4711395,NaN,NaN,experiments\out\revision_2026-09-25\fresh_runs\funnel_mw_d5_B5e3_seed67.jld2
funnel,5,5000.0,97,fresh_v1_2026-09-25,unavailable,exceeds_strict_budget,experiments\out\runs\funnel_mw_d5_B5e3_seed97\result.h5,930ceccd39b33a4c9c3610af03c863f4a34e775b1091410911b05dec0bf61393,da3bb774397b622168d75c31228254e1a64f0bccbfcde57fa5564a3d9ad18560,202612301097,5926.0,0,5926.0,NaN,NaN,NaN,NaN,NaN,NaN,NaN,NaN,NaN,NaN,NaN,NaN,NaN,NaN,NaN,NaN,0.1903312,NaN,NaN,experiments\out\revision_2026-09-25\fresh_runs\funnel_mw_d5_B5e3_seed97.jld2
funnel,5,5000.0,113,fresh_v1_2026-09-25,unavailable,exceeds_strict_budget,experiments\out\runs\funnel_mw_d5_B5e3_seed113\result.h5,a7b699967da8250e8c3656b9b0048e65993d1a500c2cf1f61b8aeb58e7c5910f,63ee9bed26134a2b205b70ee576f140607202f8a2c73832bfe6f879c2638def3,202612301113,5930.0,0,5930.0,NaN,NaN,NaN,NaN,NaN,NaN,NaN,NaN,NaN,NaN,NaN,NaN,NaN,NaN,NaN,NaN,0.1734223,NaN,NaN,experiments\out\revision_2026-09-25\fresh_runs\funnel_mw_d5_B5e3_seed113.jld2
funnel,5,5000.0,137,fresh_v1_2026-09-25,unavailable,exceeds_strict_budget,experiments\out\runs\funnel_mw_d5_B5e3_seed137\result.h5,c17c4ead62a515036fd17b58dc706b5ee7fbdc9c6335c05b31fa3e4ac5bd820e,f244a1fdab5e78c5723951fb008ca2dcbcb3a41898bdc010be9b6d8bec93aabb,202612301137,5925.0,0,5925.0,NaN,NaN,NaN,NaN,NaN,NaN,NaN,NaN,NaN,NaN,NaN,NaN,NaN,NaN,NaN,NaN,0.4301738,NaN,NaN,experiments\out\revision_2026-09-25\fresh_runs\funnel_mw_d5_B5e3_seed137.jld2
funnel,5,5000.0,173,fresh_v1_2026-09-25,unavailable,exceeds_strict_budget,experiments\out\runs\funnel_mw_d5_B5e3_seed173\result.h5,3bec74fd704254c8a44b22243ed5a73bb9a2dbb40541c4031b2eded456dde073,07bbdb2589af717b3ad7553f34f91564296157b8b629775c83d429ac4cf78bf5,202612301173,5939.0,0,5939.0,NaN,NaN,NaN,NaN,NaN,NaN,NaN,NaN,NaN,NaN,NaN,NaN,NaN,NaN,NaN,NaN,0.2945968,NaN,NaN,experiments\out\revision_2026-09-25\fresh_runs\funnel_mw_d5_B5e3_seed173.jld2
funnel,5,5000.0,211,fresh_v1_2026-09-25,unavailable,exceeds_strict_budget,experiments\out\runs\funnel_mw_d5_B5e3_seed211\result.h5,ed1244a844af23f8162f5f4435b8710bf28a8b624d75728a5a4597c3f624ef83,313b265ae86f600557e2c64e66650161ac6d5c86ea262102333c9498f6296c20,202612301211,5908.0,0,5908.0,NaN,NaN,NaN,NaN,NaN,NaN,NaN,NaN,NaN,NaN,NaN,NaN,NaN,NaN,NaN,NaN,0.2695199,NaN,NaN,experiments\out\revision_2026-09-25\fresh_runs\funnel_mw_d5_B5e3_seed211.jld2
funnel,5,5000.0,239,fresh_v1_2026-09-25,unavailable,exceeds_strict_budget,experiments\out\runs\funnel_mw_d5_B5e3_seed239\result.h5,9adf8a1765a97a1aa022891799e77c547112319fec2efcecc7fe8809568addce,07346cd74a1a9e135fd8ea2efe91a9f0667596dc648d7afe721a5b60e8fab4f5,202612301239,5758.0,0,5758.0,NaN,NaN,NaN,NaN,NaN,NaN,NaN,NaN,NaN,NaN,NaN,NaN,NaN,NaN,NaN,NaN,0.1132919,NaN,NaN,experiments\out\revision_2026-09-25\fresh_runs\funnel_mw_d5_B5e3_seed239.jld2
funnel,5,5000.0,277,fresh_v1_2026-09-25,unavailable,exceeds_strict_budget,experiments\out\runs\funnel_mw_d5_B5e3_seed277\result.h5,d201cfde9645565e20040f5f9700a3f96e25f5fbf936b64eef96a4e36a032ade,bf4280ea997e08da282df324901a8b088a0e6181ddfa17d22d0eec0dfe069241,202612301277,5933.0,0,5933.0,NaN,NaN,NaN,NaN,NaN,NaN,NaN,NaN,NaN,NaN,NaN,NaN,NaN,NaN,NaN,NaN,0.1512159,NaN,NaN,experiments\out\revision_2026-09-25\fresh_runs\funnel_mw_d5_B5e3_seed277.jld2
funnel,5,5000.0,313,fresh_v1_2026-09-25,unavailable,exceeds_strict_budget,experiments\out\runs\funnel_mw_d5_B5e3_seed313\result.h5,e6f04b407a615f80c51665f188ae67f57d359a8af19e30e279f095706d174a58,f878b399160d88b2a6fcbcac62c7884ef0cef6b1814c21283f670230ad974be2,202612301313,5933.0,0,5933.0,NaN,NaN,NaN,NaN,NaN,NaN,NaN,NaN,NaN,NaN,NaN,NaN,NaN,NaN,NaN,NaN,0.4266579,NaN,NaN,experiments\out\revision_2026-09-25\fresh_runs\funnel_mw_d5_B5e3_seed313.jld2
funnel,5,5000.0,359,fresh_v1_2026-09-25,unavailable,exceeds_strict_budget,experiments\out\runs\funnel_mw_d5_B5e3_seed359\result.h5,66a0b16d57cf03c212976701c1c1b521478fcd1e2d3b29acd54df8f83a1f5973,70619ada05592588b30daf6995ab3d31e59d5384e0f7ee15b289058bcbbe6d9d,202612301359,5918.0,0,5918.0,NaN,NaN,NaN,NaN,NaN,NaN,NaN,NaN,NaN,NaN,NaN,NaN,NaN,NaN,NaN,NaN,0.2848242,NaN,NaN,experiments\out\revision_2026-09-25\fresh_runs\funnel_mw_d5_B5e3_seed359.jld2
funnel,5,5000.0,401,fresh_v1_2026-09-25,unavailable,exceeds_strict_budget,experiments\out\runs\funnel_mw_d5_B5e3_seed401\result.h5,9ad7448bf842854c586fd448b91a8350f95a09af57bb27020d86ecfbb1d975e1,c913334bf643eef5773f52622818640750433a59bd9595caea045cb2055a805c,202612301401,5931.0,0,5931.0,NaN,NaN,NaN,NaN,NaN,NaN,NaN,NaN,NaN,NaN,NaN,NaN,NaN,NaN,NaN,NaN,0.147347,NaN,NaN,experiments\out\revision_2026-09-25\fresh_runs\funnel_mw_d5_B5e3_seed401.jld2
funnel,5,5000.0,449,fresh_v1_2026-09-25,unavailable,exceeds_strict_budget,experiments\out\runs\funnel_mw_d5_B5e3_seed449\result.h5,f078b5a3ce051d13197a3b412823283248763bad68d0db3ed5ae7419e295059b,dbc4df6e424c9d08fec7eba2cf2e418d3606caa080dcb280d2e80805a27c277e,202612301449,5914.0,0,5914.0,NaN,NaN,NaN,NaN,NaN,NaN,NaN,NaN,NaN,NaN,NaN,NaN,NaN,NaN,NaN,NaN,0.2781239,NaN,NaN,experiments\out\revision_2026-09-25\fresh_runs\funnel_mw_d5_B5e3_seed449.jld2
funnel,5,5000.0,491,fresh_v1_2026-09-25,unavailable,exceeds_strict_budget,experiments\out\runs\funnel_mw_d5_B5e3_seed491\result.h5,6ff5b5730a8e32bf82527e749a26c8e1d0292a15b84e059faf61cba9f2b37886,2ab095ee98db03b9d7bc3700ee7dd66f8b9e0586c4232513f4eb6833c0654dbc,202612301491,5928.0,0,5928.0,NaN,NaN,NaN,NaN,NaN,NaN,NaN,NaN,NaN,NaN,NaN,NaN,NaN,NaN,NaN,NaN,0.129765,NaN,NaN,experiments\out\revision_2026-09-25\fresh_runs\funnel_mw_d5_B5e3_seed491.jld2
funnel,5,5000.0,541,fresh_v1_2026-09-25,unavailable,exceeds_strict_budget,experiments\out\runs\funnel_mw_d5_B5e3_seed541\result.h5,f57419427f9389017ff80691fc87011f55557891f679c25e6d696773ace095be,5eba42e569c2d898cdb099da4ffd029f6719237068e5ef27381485ebef7b91f0,202612301541,5933.0,0,5933.0,NaN,NaN,NaN,NaN,NaN,NaN,NaN,NaN,NaN,NaN,NaN,NaN,NaN,NaN,NaN,NaN,0.1530999,NaN,NaN,experiments\out\revision_2026-09-25\fresh_runs\funnel_mw_d5_B5e3_seed541.jld2
funnel,5,5000.0,587,fresh_v1_2026-09-25,unavailable,exceeds_strict_budget,experiments\out\runs\funnel_mw_d5_B5e3_seed587\result.h5,889019589e4892d989259630fdc4b612a614bf091f94ca03f7130d3f5deb6a73,c4bdc80d8bd7a25a5a5cbbb4402a51d8dddeeb8d83db0a550d61f5535e5edb95,202612301587,5923.0,0,5923.0,NaN,NaN,NaN,NaN,NaN,NaN,NaN,NaN,NaN,NaN,NaN,NaN,NaN,NaN,NaN,NaN,0.2514789,NaN,NaN,experiments\out\revision_2026-09-25\fresh_runs\funnel_mw_d5_B5e3_seed587.jld2
funnel,5,5000.0,631,fresh_v1_2026-09-25,unavailable,exceeds_strict_budget,experiments\out\runs\funnel_mw_d5_B5e3_seed631\result.h5,f403d65c1dd989b7549082a6a5bf741b2d11ee735d620d35a2a49534b948fcc0,c55037f03cbedcdd6b190d215254437e8459d3c8ba403b318e58c281c987b1bd,202612301631,5905.0,0,5905.0,NaN,NaN,NaN,NaN,NaN,NaN,NaN,NaN,NaN,NaN,NaN,NaN,NaN,NaN,NaN,NaN,0.1338391,NaN,NaN,experiments\out\revision_2026-09-25\fresh_runs\funnel_mw_d5_B5e3_seed631.jld2
funnel,5,5000.0,677,fresh_v1_2026-09-25,unavailable,exceeds_strict_budget,experiments\out\runs\funnel_mw_d5_B5e3_seed677\result.h5,4f80a627822f74ed71f7d1b7f37ce05a167311246e57bf3e586d2202e3518bcd,f1eff46ab22eac06c6f6328f7c6a5b410fd2352c9c4e7585c4f5ad9b4ccf27d1,202612301677,5917.0,0,5917.0,NaN,NaN,NaN,NaN,NaN,NaN,NaN,NaN,NaN,NaN,NaN,NaN,NaN,NaN,NaN,NaN,0.1618583,NaN,NaN,experiments\out\revision_2026-09-25\fresh_runs\funnel_mw_d5_B5e3_seed677.jld2
funnel,5,50000.0,11,fresh_v1_2026-09-25,unavailable,exceeds_strict_budget,experiments\out\runs\funnel_mw_d5_B5e4_seed11\result.h5,cc313adbf09dca97a6b85685b9b1f22049b770141d39bccf41b260d6e2713c84,c74b41ca175187c69ce4991e4b2ebdc0c1b31ffdee785bccc157536d4fafbb16,202612302011,50093.0,0,50093.0,NaN,NaN,NaN,NaN,NaN,NaN,NaN,NaN,NaN,NaN,NaN,NaN,NaN,NaN,NaN,NaN,13.0747657,NaN,NaN,experiments\out\revision_2026-09-25\fresh_runs\funnel_mw_d5_B5e4_seed11.jld2
funnel,5,50000.0,23,fresh_v1_2026-09-25,unavailable,exceeds_strict_budget,experiments\out\runs\funnel_mw_d5_B5e4_seed23\result.h5,6c23698006ca6ac772f83e556b71f2c93ee0595c89affd0300f8d3aaebd7f14a,d2bfa9cc426b95bc064626b5006e0d9bc8c805e5039b1d0f507d4fcc087d4533,202612302023,54000.0,0,54000.0,NaN,NaN,NaN,NaN,NaN,NaN,NaN,NaN,NaN,NaN,NaN,NaN,NaN,NaN,NaN,NaN,14.9839138,NaN,NaN,experiments\out\revision_2026-09-25\fresh_runs\funnel_mw_d5_B5e4_seed23.jld2
funnel,5,50000.0,41,fresh_v1_2026-09-25,unavailable,exceeds_strict_budget,experiments\out\runs\funnel_mw_d5_B5e4_seed41\result.h5,9d51d5d2e435f760f75a333867d7eaccf649969198ea7ab9c543b06605e6e3dc,aef33322cde9e10e4f5027ebf1cf456079c6c20510a7260bc65883f43c334b20,202612302041,50023.0,0,50023.0,NaN,NaN,NaN,NaN,NaN,NaN,NaN,NaN,NaN,NaN,NaN,NaN,NaN,NaN,NaN,NaN,15.8838714,NaN,NaN,experiments\out\revision_2026-09-25\fresh_runs\funnel_mw_d5_B5e4_seed41.jld2
funnel,5,50000.0,67,fresh_v1_2026-09-25,unavailable,exceeds_strict_budget,experiments\out\runs\funnel_mw_d5_B5e4_seed67\result.h5,9ab21be3703365c1d1fa02a7575a83b1eeb1c6689250f92c94f3221289968ce2,f97ddbe6a031ef0d9307b4c4258f90cccad5b6d71211769862bdaea0b8f595fc,202612302067,51221.0,0,51221.0,NaN,NaN,NaN,NaN,NaN,NaN,NaN,NaN,NaN,NaN,NaN,NaN,NaN,NaN,NaN,NaN,10.0657779,NaN,NaN,experiments\out\revision_2026-09-25\fresh_runs\funnel_mw_d5_B5e4_seed67.jld2
funnel,5,50000.0,97,fresh_v1_2026-09-25,unavailable,exceeds_strict_budget,experiments\out\runs\funnel_mw_d5_B5e4_seed97\result.h5,f88b0f48c05e3e4ca4a9f44953753cac7f1c60fa0a7d9546f4a6603d26a8af65,4e973659298e0f61eaf7db0fa724be78b34be308183cd7520a51a7e951fea3fe,202612302097,51475.0,0,51475.0,NaN,NaN,NaN,NaN,NaN,NaN,NaN,NaN,NaN,NaN,NaN,NaN,NaN,NaN,NaN,NaN,11.279971,NaN,NaN,experiments\out\revision_2026-09-25\fresh_runs\funnel_mw_d5_B5e4_seed97.jld2
funnel,5,50000.0,113,fresh_v1_2026-09-25,unavailable,exceeds_strict_budget,experiments\out\runs\funnel_mw_d5_B5e4_seed113\result.h5,bd0965e852011c5ca0eab988d5864f19f0035e96308367d5b17ad3a942e5bdf4,f439906eeebddec0b95bf632267aee151a2c27387e57e50e4d3cf79070f8f915,202612302113,51702.0,0,51702.0,NaN,NaN,NaN,NaN,NaN,NaN,NaN,NaN,NaN,NaN,NaN,NaN,NaN,NaN,NaN,NaN,17.6415203,NaN,NaN,experiments\out\revision_2026-09-25\fresh_runs\funnel_mw_d5_B5e4_seed113.jld2
funnel,5,50000.0,137,fresh_v1_2026-09-25,unavailable,exceeds_strict_budget,experiments\out\runs\funnel_mw_d5_B5e4_seed137\result.h5,d1b7b326c2e42d8c9dd30598e5300c1708984df2d5f02bdd3ea2d6026ff4dec2,df99e48f870124e287947f340a1cea4335b5419c75d4a224f1616562eec627c2,202612302137,50523.0,0,50523.0,NaN,NaN,NaN,NaN,NaN,NaN,NaN,NaN,NaN,NaN,NaN,NaN,NaN,NaN,NaN,NaN,12.3147727,NaN,NaN,experiments\out\revision_2026-09-25\fresh_runs\funnel_mw_d5_B5e4_seed137.jld2
funnel,5,50000.0,173,fresh_v1_2026-09-25,unavailable,exceeds_strict_budget,experiments\out\runs\funnel_mw_d5_B5e4_seed173\result.h5,31ac0ed915ed2ad5b20f4508c99fe82285938c96869bfa2bbe5a242c7408ef9c,2eae9c4e35053a8314c4ad61e778ef8971e5007c603d18b79ac23c05fed32c46,202612302173,50127.0,0,50127.0,NaN,NaN,NaN,NaN,NaN,NaN,NaN,NaN,NaN,NaN,NaN,NaN,NaN,NaN,NaN,NaN,30.5710327,NaN,NaN,experiments\out\revision_2026-09-25\fresh_runs\funnel_mw_d5_B5e4_seed173.jld2
funnel,5,50000.0,211,fresh_v1_2026-09-25,unavailable,exceeds_strict_budget,experiments\out\runs\funnel_mw_d5_B5e4_seed211\result.h5,281b7a81806bd897a25125a01ff52844f9d70d56f35ed2d35f58f317b604598f,9131929804d97160c8ac49d71a1f637d566775e42fe57a1cf9a04a4760d4ad71,202612302211,53610.0,0,53610.0,NaN,NaN,NaN,NaN,NaN,NaN,NaN,NaN,NaN,NaN,NaN,NaN,NaN,NaN,NaN,NaN,14.8469441,NaN,NaN,experiments\out\revision_2026-09-25\fresh_runs\funnel_mw_d5_B5e4_seed211.jld2
funnel,5,50000.0,239,fresh_v1_2026-09-25,unavailable,exceeds_strict_budget,experiments\out\runs\funnel_mw_d5_B5e4_seed239\result.h5,975952ecde6d02a880094ebd50b3b21621058c4a0a38a795069f838e8b4771a4,bb4758e57f424238fd88bae4c323923e340be20f51750591c04500ce96b3a3ed,202612302239,50160.0,0,50160.0,NaN,NaN,NaN,NaN,NaN,NaN,NaN,NaN,NaN,NaN,NaN,NaN,NaN,NaN,NaN,NaN,11.5020407,NaN,NaN,experiments\out\revision_2026-09-25\fresh_runs\funnel_mw_d5_B5e4_seed239.jld2
funnel,5,50000.0,277,fresh_v1_2026-09-25,unavailable,exceeds_strict_budget,experiments\out\runs\funnel_mw_d5_B5e4_seed277\result.h5,ec042c2031126661419df6d7a46bd97ad4f85eb12cefda2ba0211233347c22f9,b624e269b6cc30890f631f3f1f7331253745714a218719dc97e2a46061aaa7a1,202612302277,53754.0,0,53754.0,NaN,NaN,NaN,NaN,NaN,NaN,NaN,NaN,NaN,NaN,NaN,NaN,NaN,NaN,NaN,NaN,37.3168691,NaN,NaN,experiments\out\revision_2026-09-25\fresh_runs\funnel_mw_d5_B5e4_seed277.jld2
funnel,5,50000.0,313,fresh_v1_2026-09-25,unavailable,exceeds_strict_budget,experiments\out\runs\funnel_mw_d5_B5e4_seed313\result.h5,6eeba1062a922c879a1565ea26c7a23b193863c3ea1c2fa556f2182c4eb19440,361436fef97569f981b1d365ec2ddb9ab82c4c78e1fcfb2cd1bbfb4ea6b9002f,202612302313,51349.0,0,51349.0,NaN,NaN,NaN,NaN,NaN,NaN,NaN,NaN,NaN,NaN,NaN,NaN,NaN,NaN,NaN,NaN,16.3950323,NaN,NaN,experiments\out\revision_2026-09-25\fresh_runs\funnel_mw_d5_B5e4_seed313.jld2
funnel,5,50000.0,359,fresh_v1_2026-09-25,unavailable,exceeds_strict_budget,experiments\out\runs\funnel_mw_d5_B5e4_seed359\result.h5,6996241c1d5d8edac7b49bf95a0be85043eaf25949c454e8cd6b8dc1b31a796d,08e1e1eb7836fb0e7b9b01f24c987402c7c43edde0e927e43a4bd910e315eccb,202612302359,53237.0,0,53237.0,NaN,NaN,NaN,NaN,NaN,NaN,NaN,NaN,NaN,NaN,NaN,NaN,NaN,NaN,NaN,NaN,19.3558632,NaN,NaN,experiments\out\revision_2026-09-25\fresh_runs\funnel_mw_d5_B5e4_seed359.jld2
funnel,5,50000.0,401,fresh_v1_2026-09-25,unavailable,exceeds_strict_budget,experiments\out\runs\funnel_mw_d5_B5e4_seed401\result.h5,077cf4e41371316d2a6ed532b7983f547f083c40a8b44888d2480e9ef3df40d2,f54387d58af0b5707d44cc1e63848311af28626d24d418b59003234e8534fb0e,202612302401,50145.0,0,50145.0,NaN,NaN,NaN,NaN,NaN,NaN,NaN,NaN,NaN,NaN,NaN,NaN,NaN,NaN,NaN,NaN,14.5079806,NaN,NaN,experiments\out\revision_2026-09-25\fresh_runs\funnel_mw_d5_B5e4_seed401.jld2
funnel,5,50000.0,449,fresh_v1_2026-09-25,unavailable,exceeds_strict_budget,experiments\out\runs\funnel_mw_d5_B5e4_seed449\result.h5,e822f64b25ca07fbfc4b9b28eb04ca05c7c1c6619ebd57042827ed679913033c,b0abd0eaa1d7e6b2a2dfa58b9e3c2859672ff58e61df838a1ae5240ec0ff5296,202612302449,52053.0,0,52053.0,NaN,NaN,NaN,NaN,NaN,NaN,NaN,NaN,NaN,NaN,NaN,NaN,NaN,NaN,NaN,NaN,32.4826852,NaN,NaN,experiments\out\revision_2026-09-25\fresh_runs\funnel_mw_d5_B5e4_seed449.jld2
funnel,5,50000.0,491,fresh_v1_2026-09-25,unavailable,exceeds_strict_budget,experiments\out\runs\funnel_mw_d5_B5e4_seed491\result.h5,84bd54625c08159e357c3a7be4a52983653a16dc68265a55153fb41af803ba2f,82674995618c7b0851a8c1b31e8988452eed03dff5154df740eb102b85909c6a,202612302491,51526.0,0,51526.0,NaN,NaN,NaN,NaN,NaN,NaN,NaN,NaN,NaN,NaN,NaN,NaN,NaN,NaN,NaN,NaN,25.3479432,NaN,NaN,experiments\out\revision_2026-09-25\fresh_runs\funnel_mw_d5_B5e4_seed491.jld2
funnel,5,50000.0,541,fresh_v1_2026-09-25,unavailable,exceeds_strict_budget,experiments\out\runs\funnel_mw_d5_B5e4_seed541\result.h5,0c8f8da26a0fdac40b8a65a52b724f8658fdef2214102a582e3f23252100bf1e,11a49fe1675eb01f1f01cc982fd29ac9d90573be5b60980a607141d38cd80556,202612302541,50212.0,0,50212.0,NaN,NaN,NaN,NaN,NaN,NaN,NaN,NaN,NaN,NaN,NaN,NaN,NaN,NaN,NaN,NaN,14.1031732,NaN,NaN,experiments\out\revision_2026-09-25\fresh_runs\funnel_mw_d5_B5e4_seed541.jld2
funnel,5,50000.0,587,fresh_v1_2026-09-25,unavailable,exceeds_strict_budget,experiments\out\runs\funnel_mw_d5_B5e4_seed587\result.h5,e2775e3f954f0cd65b0b5f5bce4ce60a4bc949637a66efd8729a4afa49c3a342,a3e112f72c04945fae7bc4275c395b1e35c1a2c4d5c7ad3409e507a78389afd0,202612302587,52781.0,0,52781.0,NaN,NaN,NaN,NaN,NaN,NaN,NaN,NaN,NaN,NaN,NaN,NaN,NaN,NaN,NaN,NaN,15.1235434,NaN,NaN,experiments\out\revision_2026-09-25\fresh_runs\funnel_mw_d5_B5e4_seed587.jld2
funnel,5,50000.0,631,fresh_v1_2026-09-25,unavailable,exceeds_strict_budget,experiments\out\runs\funnel_mw_d5_B5e4_seed631\result.h5,ceab807bfadf4cb8150cecac26100372f34c615c010c56368ef91d23e3306f8d,e6232efbbba72330b1bc3ce62c26e181cd25fde8644673355832d26fb14e950c,202612302631,53015.0,0,53015.0,NaN,NaN,NaN,NaN,NaN,NaN,NaN,NaN,NaN,NaN,NaN,NaN,NaN,NaN,NaN,NaN,20.21172,NaN,NaN,experiments\out\revision_2026-09-25\fresh_runs\funnel_mw_d5_B5e4_seed631.jld2
funnel,5,50000.0,677,fresh_v1_2026-09-25,unavailable,exceeds_strict_budget,experiments\out\runs\funnel_mw_d5_B5e4_seed677\result.h5,c468e1ca3f0a572fa95e1a374bcd410711775125b9161aea89da5675fcbed8f7,1d79a9dd755b1aaf29dc470dab52e77b7e3c8ee0047f08240ea811beefdb0032,202612302677,53051.0,0,53051.0,NaN,NaN,NaN,NaN,NaN,NaN,NaN,NaN,NaN,NaN,NaN,NaN,NaN,NaN,NaN,NaN,10.9351581,NaN,NaN,experiments\out\revision_2026-09-25\fresh_runs\funnel_mw_d5_B5e4_seed677.jld2
funnel,5,500000.0,11,fresh_v1_2026-09-25,eligible,full_remaining_budget; weight_status=ok,experiments\out\runs\funnel_mw_d5_B5e5_seed11\result.h5,b7d243fb663a50d51f6b15e2a539f89aa597c46f596f84c504f5d4e6f6eb7934,fac41d231c821917c6b9dcdd98da4d87d1658c8819a300857b3a2bc3a1d14afa,202612303011,98717.0,401283,500000.0,220943.82477810842,0.44188764955621684,0.5505935331875719,-9.390296448711748,0.0014261943933491755,0.00014898565101262307,0.0362731174483628,0.04138470696246929,0.1678709909176792,0.019884554010865953,0.005662845564531412,0.03126450373168486,0.09051455201597278,NaN,0.2139787133444435,2.7057309544974267e-5,56.2841404,3.4670000076293945,0.33099985122680664,experiments\out\revision_2026-09-25\fresh_runs\funnel_mw_d5_B5e5_seed11.jld2
funnel,5,500000.0,23,fresh_v1_2026-09-25,eligible,full_remaining_budget; weight_status=ok,experiments\out\runs\funnel_mw_d5_B5e5_seed23\result.h5,b335d2e056096077f3709f9b5a5dfde43dc71fe6ce68dffd58d60daf96e6e426,cf48422b527f608740da64de73ea830eaa8c545fd2310e1117bab2987f91d404,202612303023,110268.0,389732,500000.0,215854.54671377057,0.43170909342754116,0.5538537936678809,-9.392446154681398,0.001437665999003238,0.0022986916206626518,0.03775194800838645,0.04098283865168456,0.07727944142669543,0.029943379713338512,0.004109534257268963,0.03862992950333779,0.14800904603053625,NaN,0.18129513380273765,1.7582064181548563e-5,45.4385712,1.696000099182129,0.30900001525878906,experiments\out\revision_2026-09-25\fresh_runs\funnel_mw_d5_B5e5_seed23.jld2
funnel,5,500000.0,41,fresh_v1_2026-09-25,eligible,full_remaining_budget; weight_status=ok,experiments\out\runs\funnel_mw_d5_B5e5_seed41\result.h5,0e127470914a9fd40c1c3adc28f6acc6270fcd22ee05df6434411c48de9285c4,198be5929d43a663a9dacf308172e29a810848989dbf7faecce4b0d1afe1a5e3,202612303041,90346.0,409654,500000.0,223208.32766325815,0.4464166553265163,0.5448703727127238,-9.390327607415891,0.0014279478829121485,0.00018014435515567584,0.033355945053710236,0.041289000598450844,0.08015419216513582,0.019813785399148333,0.007938144290149956,0.0239332638898516,0.031996489023037714,NaN,-0.06123397265922178,1.6293539172925085e-5,31.338094,2.140000104904175,0.2710001468658447,experiments\out\revision_2026-09-25\fresh_runs\funnel_mw_d5_B5e5_seed41.jld2
funnel,5,500000.0,67,fresh_v1_2026-09-25,eligible,full_remaining_budget; weight_status=ok,experiments\out\runs\funnel_mw_d5_B5e5_seed67\result.h5,6f53f2179e9bba4b0bb5215da1d49e9fac16e34658a862b95f73ad03959a9466,2b9b3980de39183f53379727d13712724e353086a8d32dd99fef3410a3d9d366,202612303067,94193.0,405807,500000.0,221225.84985485108,0.44245169970970216,0.5451504036521082,-9.389450475613454,0.0014338904449652616,0.0006969874472808613,0.03661971443598698,0.03878656374726577,0.07089471287855229,0.03589779121408361,0.013327700557928372,0.021235094537197165,0.08631783235968875,NaN,0.1520847248751653,1.775617429660052e-5,39.8080246,2.1410000324249268,0.22699999809265137,experiments\out\revision_2026-09-25\fresh_runs\funnel_mw_d5_B5e5_seed67.jld2
funnel,5,500000.0,97,fresh_v1_2026-09-25,eligible,full_remaining_budget; weight_status=ok,experiments\out\runs\funnel_mw_d5_B5e5_seed97\result.h5,aee59167e22ed98bdc1f8d2f780b4ce2e181627b03724c4066abf20dd6d6b52d,67b6990d0ecf6238788d7ea647e6f1954cf89ab957ff5b5b04efbec0098c3be1,202612303097,108661.0,391339,500000.0,222309.11960295297,0.44461823920590593,0.5680729996319124,-9.391957128425439,0.0013938836927511258,0.0018096653647035055,0.030550886815665017,0.05791063041131134,0.07526262925297064,0.016450530593399647,0.0021521465410800408,0.028884271270356886,0.08451359787732216,NaN,-0.06721250711470252,1.2871149321382944e-5,38.739994,1.4489998817443848,0.3269999027252197,experiments\out\revision_2026-09-25\fresh_runs\funnel_mw_d5_B5e5_seed97.jld2
funnel,5,500000.0,113,fresh_v1_2026-09-25,eligible,full_remaining_budget; weight_status=ok,experiments\out\runs\funnel_mw_d5_B5e5_seed113\result.h5,ece5fa42d117cd4bc298f7ea497c0d204bb57249c045162025babc991c76b904,88256524ec48015c4999aa87514f40073a1f6335a5a4e01f782fc8430b71c880,202612303113,98069.0,401931,500000.0,230781.32137256453,0.4615626427451291,0.5741814425176573,-9.389871148210581,0.0013583508672586956,0.00027631485015433555,0.05202590893344026,0.03895762010399172,0.10630262336560818,0.016453846058751286,0.003545918881391196,0.019796219933096236,0.08944429509644677,NaN,-0.029106832031805176,1.729535653270538e-5,35.553201,1.436999797821045,0.21500015258789062,experiments\out\revision_2026-09-25\fresh_runs\funnel_mw_d5_B5e5_seed113.jld2
funnel,5,500000.0,137,fresh_v1_2026-09-25,eligible,full_remaining_budget; weight_status=ok,experiments\out\runs\funnel_mw_d5_B5e5_seed137\result.h5,55d8e8d49a3567f6cc25f8ac89869624cc3b80eb8362cd38397241f6c6f6bcd0,f2dff1029d69a09cc472d67534121ee909d1f97904b4213a861bffb5f2d9f769,202612303137,93875.0,406125,500000.0,226185.804518938,0.452371609037876,0.5569364223304106,-9.391630874258631,0.0013995884586120646,0.0014834111978956344,0.04628770722270924,0.03752410139150027,0.10122310674939605,0.027863097059597487,0.01089236929232715,0.026514114538632727,0.08494458858349034,NaN,0.02005945569572353,1.448391672685024e-5,48.7869295,1.3619999885559082,0.23200011253356934,experiments\out\revision_2026-09-25\fresh_runs\funnel_mw_d5_B5e5_seed137.jld2
funnel,5,500000.0,173,fresh_v1_2026-09-25,eligible,full_remaining_budget; weight_status=ok,experiments\out\runs\funnel_mw_d5_B5e5_seed173\result.h5,10e16904f329d143207c2c854ca4e94dc87d6c40f83c48c3b970037856501f9c,ce370cf03509e4b32ee07fec3f0c19dc355187b32d3b49b30506a797d537a33b,202612303173,97426.0,402574,500000.0,217191.14988406983,0.4343822997681397,0.5395061526180772,-9.389884147353147,0.0014560988326181466,0.0002633157075884185,0.04341443303613387,0.04602645860539328,0.09637951574070307,0.024001245830001093,0.00521492755697484,0.010243678243495192,0.11884986292052488,NaN,-0.01743001419301908,1.7957839047448634e-5,31.0249311,1.5230000019073486,0.315000057220459,experiments\out\revision_2026-09-25\fresh_runs\funnel_mw_d5_B5e5_seed173.jld2
funnel,5,500000.0,211,fresh_v1_2026-09-25,eligible,full_remaining_budget; weight_status=ok,experiments\out\runs\funnel_mw_d5_B5e5_seed211\result.h5,254d4b14fa5ad47d189a4cb3323be3e6eed6b0bfdfbc335e0a24c221fbbb8008,8a65e218355f5e285fffd2dc7a6edea510bd1a4f96ced5284c07ce3d8fe75af7,202612303211,87943.0,412057,500000.0,221194.8668530114,0.4423897337060228,0.5368064778732345,-9.389601875172058,0.0014470839156606108,0.0005455878886770904,0.03451002408723002,0.03478724050670735,0.13463844304238765,0.025003662791957114,0.009535888639914695,0.01129983222280404,0.12188170625840052,NaN,0.0017466623449627632,2.947011659418357e-5,29.4967655,1.3849999904632568,0.23799991607666016,experiments\out\revision_2026-09-25\fresh_runs\funnel_mw_d5_B5e5_seed211.jld2
funnel,5,500000.0,239,fresh_v1_2026-09-25,eligible,full_remaining_budget; weight_status=ok,experiments\out\runs\funnel_mw_d5_B5e5_seed239\result.h5,eee401d7f9136aca7909e9fd6e3d9850dc981efd637038c71ae5093269db37bb,5a48f4b92ded06624233b708876d25b9152f70bbf3873d72bea8a740290f3be2,202612303239,94751.0,405249,500000.0,224724.1777168958,0.4494483554337916,0.5545335774225125,-9.38875033705253,0.0014079349413524333,0.0013971260082055181,0.028097759706966687,0.044810373022140554,0.12500669641822562,0.03292627142066671,0.014295888102003435,0.023976770149165993,0.08023328299806494,NaN,0.06338130502821714,1.8793433056153093e-5,31.158605,1.9730000495910645,0.31999993324279785,experiments\out\revision_2026-09-25\fresh_runs\funnel_mw_d5_B5e5_seed239.jld2
funnel,5,500000.0,277,fresh_v1_2026-09-25,eligible,full_remaining_budget; weight_status=ok,experiments\out\runs\funnel_mw_d5_B5e5_seed277\result.h5,6290dabe4ed7f6f90bc41d5a06ccd7d328e5f27829bc73017ca8065af28ac51f,aa8fff857cfc5eb50c3ffb93f14da1688dc942dcfc74129b9b7dfee24f35be15,202612303277,110305.0,389695,500000.0,228399.0724299686,0.4567981448599372,0.5860970051706298,-9.390096046112474,0.001346176845939974,5.141694826171772e-5,0.03661857952651996,0.050975887708910435,0.10838669319893804,0.02284354892531839,0.005195048134617903,0.018367396668582846,0.0812248583943365,NaN,-0.04173459808290352,1.4621560676367294e-5,47.3363948,1.488999843597412,0.24099993705749512,experiments\out\revision_2026-09-25\fresh_runs\funnel_mw_d5_B5e5_seed277.jld2
funnel,5,500000.0,313,fresh_v1_2026-09-25,eligible,full_remaining_budget; weight_status=ok,experiments\out\runs\funnel_mw_d5_B5e5_seed313\result.h5,00e28b3a27abc35a18be8ff3b82d051b67dc9e781a78704950d5973e67aa28b2,22d38f513b69ccec2a74973c0069231bc7beba371e0c505858429857aa69508c,202612303313,89233.0,410767,500000.0,228183.47624884735,0.4563669524976947,0.555505861592697,-9.390002518393503,0.0013956962868404237,0.0001449446672321386,0.04105831445155621,0.04869383700456281,0.08659965471229185,0.050199176783761026,0.009909472643581278,0.03246869715922864,0.04615431165435524,NaN,-0.0462049598854547,1.8788855244455517e-5,31.2469068,2.3030002117156982,0.3080000877380371,experiments\out\revision_2026-09-25\fresh_runs\funnel_mw_d5_B5e5_seed313.jld2
funnel,5,500000.0,359,fresh_v1_2026-09-25,eligible,full_remaining_budget; weight_status=ok,experiments\out\runs\funnel_mw_d5_B5e5_seed359\result.h5,8819a23011130a61e6fcac659de6a0270f03c20532ecfd6827860f8d3f58988c,fdb73b883f8a9c9c86832d904158eb73a4e551d18ca3e89ff8f74797931b5c86,202612303359,101514.0,398486,500000.0,233694.17244973726,0.4673883448994745,0.5864551639197795,-9.3919245243792,0.0013302625343787815,0.0017770613184637796,0.03895036550979275,0.04958955938817503,0.08526498546119239,0.024865801925096864,0.003702186874605396,0.03038353530104092,0.05613792940162625,NaN,0.04167794607890882,1.9574534354204323e-5,32.4917872,2.243000030517578,0.4239997863769531,experiments\out\revision_2026-09-25\fresh_runs\funnel_mw_d5_B5e5_seed359.jld2
funnel,5,500000.0,401,fresh_v1_2026-09-25,eligible,full_remaining_budget; weight_status=ok,experiments\out\runs\funnel_mw_d5_B5e5_seed401\result.h5,22c3ff89203e30eb7ad149fc9383ad080ec83822338846bbc7423d2c9fbf54cb,1c9a0ecc7354d746096fa2a3cd38a51b063af115fae9c215306a1b05b088121d,202612303401,106626.0,393374,500000.0,217628.5143738651,0.4352570287477302,0.5532356342154415,-9.387913697173076,0.0014327861158634058,0.0022337658876594446,0.04312718046172698,0.04730939102475161,0.11920615643521729,0.012521608361019298,0.0027278965462204183,0.012053484442082273,0.057793783898063465,NaN,0.007663684065560743,1.525603547363491e-5,51.0270657,2.628999948501587,0.29200005531311035,experiments\out\revision_2026-09-25\fresh_runs\funnel_mw_d5_B5e5_seed401.jld2
funnel,5,500000.0,449,fresh_v1_2026-09-25,eligible,full_remaining_budget; weight_status=ok,experiments\out\runs\funnel_mw_d5_B5e5_seed449\result.h5,80be73a7b2f2155aa84184c329c07963916be03301bd0867792112a4461b861d,6a1d2d41aa458a07ea8acd9066c2d85bed0e853b9f40922587023fa8c39af1f6,202612303449,97006.0,402994,500000.0,218206.09210425708,0.4364121842085142,0.541462384314052,-9.392181392516841,0.0014496195868706927,0.0020339294561058097,0.047420176723862784,0.03378050576918423,0.11444285296310816,0.03299682545260603,0.014400405856829432,0.030108963298519864,0.08599119654187959,NaN,0.1110995752602046,3.4557790758010695e-5,39.2494291,2.01200008392334,0.3269999027252197,experiments\out\revision_2026-09-25\fresh_runs\funnel_mw_d5_B5e5_seed449.jld2
funnel,5,500000.0,491,fresh_v1_2026-09-25,eligible,full_remaining_budget; weight_status=ok,experiments\out\runs\funnel_mw_d5_B5e5_seed491\result.h5,e199f654d4c5173506dbcfd336bfd0f197d5805620b5a2345cf6abde318c3167,341cc1707e048fb370bdae1d0b9b8b8ef16bcc351420147fd5f7b87cce4694fa,202612303491,100206.0,399794,500000.0,216359.16935261418,0.43271833870522836,0.5411766293456485,-9.390276532780698,0.0014562472317756175,0.0001290697199625157,0.042815678016675116,0.03811102713326531,0.17286720209077905,0.041228668913956976,0.011670966022888009,0.05552035988466018,0.05672763951088093,NaN,-0.15532856059894462,1.221375052657691e-5,35.7467485,2.0989999771118164,0.2869999408721924,experiments\out\revision_2026-09-25\fresh_runs\funnel_mw_d5_B5e5_seed491.jld2
funnel,5,500000.0,541,fresh_v1_2026-09-25,eligible,full_remaining_budget; weight_status=ok,experiments\out\runs\funnel_mw_d5_B5e5_seed541\result.h5,3ab54f8ab99d25a28d37400e947e560343a83ed382556a6c3a682000124e2efa,239f3da9f81f420618f2a2c59b7ece23daff19fb9720fc20e1b5fa25606ae2cd,202612303541,101057.0,398943,500000.0,220713.98637937888,0.4414279727587578,0.5532469209370233,-9.389922325633796,0.0014227180774666435,0.00022513742693952565,0.03111693521047717,0.04243804417402315,0.17924910004085196,0.041954243426530716,0.005674952056912647,0.026222663243011722,0.03021172624480819,NaN,-0.0789168941417123,1.741516712591758e-5,48.0339466,1.5820000171661377,0.33499979972839355,experiments\out\revision_2026-09-25\fresh_runs\funnel_mw_d5_B5e5_seed541.jld2
funnel,5,500000.0,587,fresh_v1_2026-09-25,eligible,full_remaining_budget; weight_status=ok,experiments\out\runs\funnel_mw_d5_B5e5_seed587\result.h5,72c42bcd5ca92db1b175466d5254f9d4fe5bb884a1ec835115a3376d52f71245,3cec451554c119542355ae3b463c5088c096ddf39e4ef3b2541fc18a5a9fdcce,202612303587,144526.0,355474,500000.0,200420.68223235587,0.40084136446471175,0.5638124932691445,-9.392262205451093,0.0014752490482136036,0.0021147423903578044,0.03187690422807073,0.038069324044928424,0.04000563693411045,0.029612872256395216,0.0035428905648957664,0.016592479052769837,0.08818212627482751,NaN,-0.056814924588172,1.430549678171792e-5,59.3783683,2.312999963760376,0.39499998092651367,experiments\out\revision_2026-09-25\fresh_runs\funnel_mw_d5_B5e5_seed587.jld2
funnel,5,500000.0,631,fresh_v1_2026-09-25,eligible,full_remaining_budget; weight_status=ok,experiments\out\runs\funnel_mw_d5_B5e5_seed631\result.h5,eb524add28a1fb3addf72b4cbbbbb6cec5938b6d1b9d8289f9cd3cbc7ef4346b,5daab3f16680fe39148b0b7123ec962518926f557525149b72371af5447e7a5d,202612303631,87742.0,412258,500000.0,223017.77362764577,0.44603554725529154,0.540966515210489,-9.390799551588195,0.001434671415405353,0.0006520885274596822,0.04190722425830063,0.05396574368964076,0.1127879891541145,0.026093602517298198,0.008822517616340696,0.025687011968289132,0.07055963818382623,NaN,-0.06961595760730664,1.5257166538785647e-5,28.619781,2.1010000705718994,0.31999993324279785,experiments\out\revision_2026-09-25\fresh_runs\funnel_mw_d5_B5e5_seed631.jld2
funnel,5,500000.0,677,fresh_v1_2026-09-25,eligible,full_remaining_budget; weight_status=ok,experiments\out\runs\funnel_mw_d5_B5e5_seed677\result.h5,127d4217ce13ccbf34d8e6f0eb774b6f8a87a3efa2bd8f772970d50e9f8a31f1,a32c9c909ec54a82f438447c858a301054bb732914fdaec368e8e2adc57da1ca,202612303677,109531.0,390469,500000.0,224157.07353518566,0.4483141470703713,0.5740713693921558,-9.389126906294312,0.0013784537302058654,0.0010205567664236526,0.036424107602460544,0.03713192494185985,0.10928281914269018,0.034221413067134554,0.004344578454039371,0.022720928123527617,0.14659146913513724,NaN,-0.053918455846091985,1.5141033717997464e-5,51.4820585,1.811999797821045,0.25,experiments\out\revision_2026-09-25\fresh_runs\funnel_mw_d5_B5e5_seed677.jld2
funnel,10,5000.0,11,fresh_v1_2026-09-25,unavailable,exceeds_strict_budget,experiments\out\runs\funnel_mw_d10_B5e3_seed11\result.h5,f43a3cc331a832bb09165b4d588a7693f0fe757c0790c04e159a8b52ed0c7bde,8c7721c580bc6bfe1a17b4957e502609301856d4859b2d6455c068067a06bc85,202612351011,6057.0,0,6057.0,NaN,NaN,NaN,NaN,NaN,NaN,NaN,NaN,NaN,NaN,NaN,NaN,NaN,NaN,NaN,NaN,16.8684986,NaN,NaN,experiments\out\revision_2026-09-25\fresh_runs\funnel_mw_d10_B5e3_seed11.jld2
funnel,10,5000.0,23,fresh_v1_2026-09-25,unavailable,exceeds_strict_budget,experiments\out\runs\funnel_mw_d10_B5e3_seed23\result.h5,ae2859e3e0468d5585beffd262d9e2afdf380bb0ffbb44b80ad670895bf48dd5,8c7721c580bc6bfe1a17b4957e502609301856d4859b2d6455c068067a06bc85,202612351023,6057.0,0,6057.0,NaN,NaN,NaN,NaN,NaN,NaN,NaN,NaN,NaN,NaN,NaN,NaN,NaN,NaN,NaN,NaN,0.0322364,NaN,NaN,experiments\out\revision_2026-09-25\fresh_runs\funnel_mw_d10_B5e3_seed23.jld2
funnel,10,5000.0,41,fresh_v1_2026-09-25,unavailable,exceeds_strict_budget,experiments\out\runs\funnel_mw_d10_B5e3_seed41\result.h5,8ec3f7e546c8c0125e94d06c7d53e69492a48629f923402537e6b17c7d3577bf,8c7721c580bc6bfe1a17b4957e502609301856d4859b2d6455c068067a06bc85,202612351041,6057.0,0,6057.0,NaN,NaN,NaN,NaN,NaN,NaN,NaN,NaN,NaN,NaN,NaN,NaN,NaN,NaN,NaN,NaN,0.0174928,NaN,NaN,experiments\out\revision_2026-09-25\fresh_runs\funnel_mw_d10_B5e3_seed41.jld2
funnel,10,5000.0,67,fresh_v1_2026-09-25,unavailable,exceeds_strict_budget,experiments\out\runs\funnel_mw_d10_B5e3_seed67\result.h5,dfa60846e3758ec761d8fe06f78d0bc08a8e6fa0c7d107591e86453e9a123054,8c7721c580bc6bfe1a17b4957e502609301856d4859b2d6455c068067a06bc85,202612351067,6057.0,0,6057.0,NaN,NaN,NaN,NaN,NaN,NaN,NaN,NaN,NaN,NaN,NaN,NaN,NaN,NaN,NaN,NaN,0.0256292,NaN,NaN,experiments\out\revision_2026-09-25\fresh_runs\funnel_mw_d10_B5e3_seed67.jld2
funnel,10,5000.0,97,fresh_v1_2026-09-25,unavailable,exceeds_strict_budget,experiments\out\runs\funnel_mw_d10_B5e3_seed97\result.h5,b98abb296f50b93c6de2765e6178823c531237bcc4fddfecdf1aa97a3bfa75ac,8c7721c580bc6bfe1a17b4957e502609301856d4859b2d6455c068067a06bc85,202612351097,6057.0,0,6057.0,NaN,NaN,NaN,NaN,NaN,NaN,NaN,NaN,NaN,NaN,NaN,NaN,NaN,NaN,NaN,NaN,0.02365,NaN,NaN,experiments\out\revision_2026-09-25\fresh_runs\funnel_mw_d10_B5e3_seed97.jld2
funnel,10,5000.0,113,fresh_v1_2026-09-25,unavailable,exceeds_strict_budget,experiments\out\runs\funnel_mw_d10_B5e3_seed113\result.h5,47a99d199a89720cdc2790895ec190e53a05843eaeec1ae1339554be942d402a,8c7721c580bc6bfe1a17b4957e502609301856d4859b2d6455c068067a06bc85,202612351113,6057.0,0,6057.0,NaN,NaN,NaN,NaN,NaN,NaN,NaN,NaN,NaN,NaN,NaN,NaN,NaN,NaN,NaN,NaN,0.015758,NaN,NaN,experiments\out\revision_2026-09-25\fresh_runs\funnel_mw_d10_B5e3_seed113.jld2
funnel,10,5000.0,137,fresh_v1_2026-09-25,unavailable,exceeds_strict_budget,experiments\out\runs\funnel_mw_d10_B5e3_seed137\result.h5,f2b2924c11c4ef174fe5fcacf1f089a0b27c8a551b21866230cc1a9654a50c16,8c7721c580bc6bfe1a17b4957e502609301856d4859b2d6455c068067a06bc85,202612351137,6057.0,0,6057.0,NaN,NaN,NaN,NaN,NaN,NaN,NaN,NaN,NaN,NaN,NaN,NaN,NaN,NaN,NaN,NaN,0.0324432,NaN,NaN,experiments\out\revision_2026-09-25\fresh_runs\funnel_mw_d10_B5e3_seed137.jld2
funnel,10,5000.0,173,fresh_v1_2026-09-25,unavailable,exceeds_strict_budget,experiments\out\runs\funnel_mw_d10_B5e3_seed173\result.h5,9ca100037c9b46b706878ebaaeff9adca3937989882858b319303e745138e811,8c7721c580bc6bfe1a17b4957e502609301856d4859b2d6455c068067a06bc85,202612351173,6057.0,0,6057.0,NaN,NaN,NaN,NaN,NaN,NaN,NaN,NaN,NaN,NaN,NaN,NaN,NaN,NaN,NaN,NaN,0.0415916,NaN,NaN,experiments\out\revision_2026-09-25\fresh_runs\funnel_mw_d10_B5e3_seed173.jld2
funnel,10,5000.0,211,fresh_v1_2026-09-25,unavailable,exceeds_strict_budget,experiments\out\runs\funnel_mw_d10_B5e3_seed211\result.h5,06926ce86208840be0a0f33a7da993aad0ec740eab64c0243dd831c28f5d5615,8c7721c580bc6bfe1a17b4957e502609301856d4859b2d6455c068067a06bc85,202612351211,6057.0,0,6057.0,NaN,NaN,NaN,NaN,NaN,NaN,NaN,NaN,NaN,NaN,NaN,NaN,NaN,NaN,NaN,NaN,0.0237855,NaN,NaN,experiments\out\revision_2026-09-25\fresh_runs\funnel_mw_d10_B5e3_seed211.jld2
funnel,10,5000.0,239,fresh_v1_2026-09-25,unavailable,exceeds_strict_budget,experiments\out\runs\funnel_mw_d10_B5e3_seed239\result.h5,329b964185ccf36f486329531502c74660443b8bea8c109ffd15e10ba351e433,8c7721c580bc6bfe1a17b4957e502609301856d4859b2d6455c068067a06bc85,202612351239,6057.0,0,6057.0,NaN,NaN,NaN,NaN,NaN,NaN,NaN,NaN,NaN,NaN,NaN,NaN,NaN,NaN,NaN,NaN,0.0494318,NaN,NaN,experiments\out\revision_2026-09-25\fresh_runs\funnel_mw_d10_B5e3_seed239.jld2
funnel,10,5000.0,277,fresh_v1_2026-09-25,unavailable,exceeds_strict_budget,experiments\out\runs\funnel_mw_d10_B5e3_seed277\result.h5,9425eb7d231bbd5a6580af13a1f00c84a7ffcf128a81ddc039e02466563bb2a2,8c7721c580bc6bfe1a17b4957e502609301856d4859b2d6455c068067a06bc85,202612351277,6057.0,0,6057.0,NaN,NaN,NaN,NaN,NaN,NaN,NaN,NaN,NaN,NaN,NaN,NaN,NaN,NaN,NaN,NaN,0.0292284,NaN,NaN,experiments\out\revision_2026-09-25\fresh_runs\funnel_mw_d10_B5e3_seed277.jld2
funnel,10,5000.0,313,fresh_v1_2026-09-25,unavailable,exceeds_strict_budget,experiments\out\runs\funnel_mw_d10_B5e3_seed313\result.h5,f6f22872df2561a62d48e270bf1095556688c33a3323a391f56df1cc27c2b1a6,8c7721c580bc6bfe1a17b4957e502609301856d4859b2d6455c068067a06bc85,202612351313,6057.0,0,6057.0,NaN,NaN,NaN,NaN,NaN,NaN,NaN,NaN,NaN,NaN,NaN,NaN,NaN,NaN,NaN,NaN,0.0463359,NaN,NaN,experiments\out\revision_2026-09-25\fresh_runs\funnel_mw_d10_B5e3_seed313.jld2
funnel,10,5000.0,359,fresh_v1_2026-09-25,unavailable,exceeds_strict_budget,experiments\out\runs\funnel_mw_d10_B5e3_seed359\result.h5,8c888c2fe89023f70394bc0743335cdf8d3b1ba43e3e104a4ea46cf822d5d9f9,8c7721c580bc6bfe1a17b4957e502609301856d4859b2d6455c068067a06bc85,202612351359,6057.0,0,6057.0,NaN,NaN,NaN,NaN,NaN,NaN,NaN,NaN,NaN,NaN,NaN,NaN,NaN,NaN,NaN,NaN,0.0257622,NaN,NaN,experiments\out\revision_2026-09-25\fresh_runs\funnel_mw_d10_B5e3_seed359.jld2
funnel,10,5000.0,401,fresh_v1_2026-09-25,unavailable,exceeds_strict_budget,experiments\out\runs\funnel_mw_d10_B5e3_seed401\result.h5,81d606c8b1855fb9194a95e7717577f383964c5833d20ce6a1c340a1d5f131a4,8c7721c580bc6bfe1a17b4957e502609301856d4859b2d6455c068067a06bc85,202612351401,6057.0,0,6057.0,NaN,NaN,NaN,NaN,NaN,NaN,NaN,NaN,NaN,NaN,NaN,NaN,NaN,NaN,NaN,NaN,0.0269282,NaN,NaN,experiments\out\revision_2026-09-25\fresh_runs\funnel_mw_d10_B5e3_seed401.jld2
funnel,10,5000.0,449,fresh_v1_2026-09-25,unavailable,exceeds_strict_budget,experiments\out\runs\funnel_mw_d10_B5e3_seed449\result.h5,9d4ef93cb76022ebac110e20f6274b494f16f55f9c09927bf51e7f3cf8fb0e12,8c7721c580bc6bfe1a17b4957e502609301856d4859b2d6455c068067a06bc85,202612351449,6057.0,0,6057.0,NaN,NaN,NaN,NaN,NaN,NaN,NaN,NaN,NaN,NaN,NaN,NaN,NaN,NaN,NaN,NaN,0.101361,NaN,NaN,experiments\out\revision_2026-09-25\fresh_runs\funnel_mw_d10_B5e3_seed449.jld2
funnel,10,5000.0,491,fresh_v1_2026-09-25,unavailable,exceeds_strict_budget,experiments\out\runs\funnel_mw_d10_B5e3_seed491\result.h5,8614e550b9bad84efcd39199d6a2009f2693a2fa0d0c2f673caa141c06a76d15,8c7721c580bc6bfe1a17b4957e502609301856d4859b2d6455c068067a06bc85,202612351491,6057.0,0,6057.0,NaN,NaN,NaN,NaN,NaN,NaN,NaN,NaN,NaN,NaN,NaN,NaN,NaN,NaN,NaN,NaN,0.036738,NaN,NaN,experiments\out\revision_2026-09-25\fresh_runs\funnel_mw_d10_B5e3_seed491.jld2
funnel,10,5000.0,541,fresh_v1_2026-09-25,unavailable,exceeds_strict_budget,experiments\out\runs\funnel_mw_d10_B5e3_seed541\result.h5,b8b816594f9c6c62904829f372cc70f7a3c22685410957b5765b4ca3abc1a23c,8c7721c580bc6bfe1a17b4957e502609301856d4859b2d6455c068067a06bc85,202612351541,6057.0,0,6057.0,NaN,NaN,NaN,NaN,NaN,NaN,NaN,NaN,NaN,NaN,NaN,NaN,NaN,NaN,NaN,NaN,0.0431214,NaN,NaN,experiments\out\revision_2026-09-25\fresh_runs\funnel_mw_d10_B5e3_seed541.jld2
funnel,10,5000.0,587,fresh_v1_2026-09-25,unavailable,exceeds_strict_budget,experiments\out\runs\funnel_mw_d10_B5e3_seed587\result.h5,b3fcb1abf067f7a9969bca301a9f7ab3d30c4477cfe5a1336c0b40b68c6de054,8c7721c580bc6bfe1a17b4957e502609301856d4859b2d6455c068067a06bc85,202612351587,6057.0,0,6057.0,NaN,NaN,NaN,NaN,NaN,NaN,NaN,NaN,NaN,NaN,NaN,NaN,NaN,NaN,NaN,NaN,0.0230511,NaN,NaN,experiments\out\revision_2026-09-25\fresh_runs\funnel_mw_d10_B5e3_seed587.jld2
funnel,10,5000.0,631,fresh_v1_2026-09-25,unavailable,exceeds_strict_budget,experiments\out\runs\funnel_mw_d10_B5e3_seed631\result.h5,d576c1b7ecdf7bd8738bd112b5a8d9d095a4b0d08ba9e5ab8e67e0342662e24e,8c7721c580bc6bfe1a17b4957e502609301856d4859b2d6455c068067a06bc85,202612351631,6057.0,0,6057.0,NaN,NaN,NaN,NaN,NaN,NaN,NaN,NaN,NaN,NaN,NaN,NaN,NaN,NaN,NaN,NaN,0.0608921,NaN,NaN,experiments\out\revision_2026-09-25\fresh_runs\funnel_mw_d10_B5e3_seed631.jld2
funnel,10,5000.0,677,fresh_v1_2026-09-25,unavailable,exceeds_strict_budget,experiments\out\runs\funnel_mw_d10_B5e3_seed677\result.h5,3fdb6aa96a901c27cfb7670f0df454e884acd1c3c60d1ff2ed7c7750d0bd19d6,8c7721c580bc6bfe1a17b4957e502609301856d4859b2d6455c068067a06bc85,202612351677,6057.0,0,6057.0,NaN,NaN,NaN,NaN,NaN,NaN,NaN,NaN,NaN,NaN,NaN,NaN,NaN,NaN,NaN,NaN,0.0407392,NaN,NaN,experiments\out\revision_2026-09-25\fresh_runs\funnel_mw_d10_B5e3_seed677.jld2
funnel,10,50000.0,11,fresh_v1_2026-09-25,unavailable,exceeds_strict_budget,experiments\out\runs\funnel_mw_d10_B5e4_seed11\result.h5,6f0c491b0ec9de66c31c9d77f6091c8c0896677d72876ff62c56a36bc48d138b,d2cb490ed327f59cf87f53a2c389d22e3c3e205cac0e9e4c633ba2990511a6d9,202612352011,56590.0,0,56590.0,NaN,NaN,NaN,NaN,NaN,NaN,NaN,NaN,NaN,NaN,NaN,NaN,NaN,NaN,NaN,NaN,9.7908474,NaN,NaN,experiments\out\revision_2026-09-25\fresh_runs\funnel_mw_d10_B5e4_seed11.jld2
funnel,10,50000.0,23,fresh_v1_2026-09-25,unavailable,exceeds_strict_budget,experiments\out\runs\funnel_mw_d10_B5e4_seed23\result.h5,1ab7d50eb708dea903f53d9bc20383cc34cd1fcb4e075278b3f05e27fcebe9b3,f0e6b134c92ea06971c6259b3afa959fba6b07fd7594c53a374b75717bd9c4d6,202612352023,54536.0,0,54536.0,NaN,NaN,NaN,NaN,NaN,NaN,NaN,NaN,NaN,NaN,NaN,NaN,NaN,NaN,NaN,NaN,7.4768965,NaN,NaN,experiments\out\revision_2026-09-25\fresh_runs\funnel_mw_d10_B5e4_seed23.jld2
funnel,10,50000.0,41,fresh_v1_2026-09-25,unavailable,exceeds_strict_budget,experiments\out\runs\funnel_mw_d10_B5e4_seed41\result.h5,7f9a3f1f92412c789002ad1a4c44ab00f4f47a03a657f0129d89485154175803,15c814603eec70b0078b9388f639a2003ec6913c858862efb1ea71e025df0b01,202612352041,54426.0,0,54426.0,NaN,NaN,NaN,NaN,NaN,NaN,NaN,NaN,NaN,NaN,NaN,NaN,NaN,NaN,NaN,NaN,5.4399132,NaN,NaN,experiments\out\revision_2026-09-25\fresh_runs\funnel_mw_d10_B5e4_seed41.jld2
funnel,10,50000.0,67,fresh_v1_2026-09-25,unavailable,exceeds_strict_budget,experiments\out\runs\funnel_mw_d10_B5e4_seed67\result.h5,29d3cabd35740008bfb5af4f9943d35d50f44749284e005e7997cf3260f95513,05a7675bde9fdf324e14c430e31e555a4b0c6be2b05372e9db4da754ad014cea,202612352067,57195.0,0,57195.0,NaN,NaN,NaN,NaN,NaN,NaN,NaN,NaN,NaN,NaN,NaN,NaN,NaN,NaN,NaN,NaN,5.4603589,NaN,NaN,experiments\out\revision_2026-09-25\fresh_runs\funnel_mw_d10_B5e4_seed67.jld2
funnel,10,50000.0,97,fresh_v1_2026-09-25,unavailable,exceeds_strict_budget,experiments\out\runs\funnel_mw_d10_B5e4_seed97\result.h5,621ffddae7efa3d8b7e756b987b8e3f8fc6960ee640094ef0f69c6c7ea7ead12,e393d329452d7b8eea6983997d2c6f7252da6fac1a6a26dc5187d5628d3da6ac,202612352097,54105.0,0,54105.0,NaN,NaN,NaN,NaN,NaN,NaN,NaN,NaN,NaN,NaN,NaN,NaN,NaN,NaN,NaN,NaN,6.3732166,NaN,NaN,experiments\out\revision_2026-09-25\fresh_runs\funnel_mw_d10_B5e4_seed97.jld2
funnel,10,50000.0,113,fresh_v1_2026-09-25,unavailable,exceeds_strict_budget,experiments\out\runs\funnel_mw_d10_B5e4_seed113\result.h5,a943df5a10e289639e99339f048ebe4346eee4260162b62a06124f5300c51726,8dd799cd6581e4b268a5b53d121f13c1890f0abc837856edd3ddfd271ec59237,202612352113,58106.0,0,58106.0,NaN,NaN,NaN,NaN,NaN,NaN,NaN,NaN,NaN,NaN,NaN,NaN,NaN,NaN,NaN,NaN,3.2286083,NaN,NaN,experiments\out\revision_2026-09-25\fresh_runs\funnel_mw_d10_B5e4_seed113.jld2
funnel,10,50000.0,137,fresh_v1_2026-09-25,unavailable,exceeds_strict_budget,experiments\out\runs\funnel_mw_d10_B5e4_seed137\result.h5,6b14e015febfc2e5f7dac3a06f4a32739131a24f15a214d98251c5b50b21f63a,468866470735717d1e18efa7c2eab90105f2369e82d30a808d03ebf0fae54426,202612352137,58446.0,0,58446.0,NaN,NaN,NaN,NaN,NaN,NaN,NaN,NaN,NaN,NaN,NaN,NaN,NaN,NaN,NaN,NaN,5.3340845,NaN,NaN,experiments\out\revision_2026-09-25\fresh_runs\funnel_mw_d10_B5e4_seed137.jld2
funnel,10,50000.0,173,fresh_v1_2026-09-25,unavailable,exceeds_strict_budget,experiments\out\runs\funnel_mw_d10_B5e4_seed173\result.h5,57a525434fe48f9a7be82c6ef35d4d5a9c2b04b5839d5a34b9ca33b27e369434,1c4c211c33415de2feb04a6d6db496d2139226ae448eddc64195f46facffd72b,202612352173,57760.0,0,57760.0,NaN,NaN,NaN,NaN,NaN,NaN,NaN,NaN,NaN,NaN,NaN,NaN,NaN,NaN,NaN,NaN,16.9484652,NaN,NaN,experiments\out\revision_2026-09-25\fresh_runs\funnel_mw_d10_B5e4_seed173.jld2
funnel,10,50000.0,211,fresh_v1_2026-09-25,unavailable,exceeds_strict_budget,experiments\out\runs\funnel_mw_d10_B5e4_seed211\result.h5,616fb39da9c0780702e96e1a5bd8048dd35300572cf743f7a4b722b5ebad338e,155e805b56561923eda491d90469cda11ac915d7a66f482d267a9a6660ff7959,202612352211,56965.0,0,56965.0,NaN,NaN,NaN,NaN,NaN,NaN,NaN,NaN,NaN,NaN,NaN,NaN,NaN,NaN,NaN,NaN,5.9267032,NaN,NaN,experiments\out\revision_2026-09-25\fresh_runs\funnel_mw_d10_B5e4_seed211.jld2
funnel,10,50000.0,239,fresh_v1_2026-09-25,unavailable,exceeds_strict_budget,experiments\out\runs\funnel_mw_d10_B5e4_seed239\result.h5,3a44b7e40eceae0ac3307d2a1e32c217be3a9375f5fdb5c687f5065d71b29995,36f20d0a02c03ec327cdd0b71d494b6ff62e02bf096aacb6b8634bf481d0e4ca,202612352239,51911.0,0,51911.0,NaN,NaN,NaN,NaN,NaN,NaN,NaN,NaN,NaN,NaN,NaN,NaN,NaN,NaN,NaN,NaN,10.3378231,NaN,NaN,experiments\out\revision_2026-09-25\fresh_runs\funnel_mw_d10_B5e4_seed239.jld2
funnel,10,50000.0,277,fresh_v1_2026-09-25,unavailable,exceeds_strict_budget,experiments\out\runs\funnel_mw_d10_B5e4_seed277\result.h5,7fec2dcbb6f7dfe8b07ba0939724e9ccd01507dd2d52d3a56778ff6be5596f7b,52f0c84c7deaec559a74823f0201d5dfb08c3bd8d4066472becda5d0b3d131d1,202612352277,61363.0,0,61363.0,NaN,NaN,NaN,NaN,NaN,NaN,NaN,NaN,NaN,NaN,NaN,NaN,NaN,NaN,NaN,NaN,8.2246251,NaN,NaN,experiments\out\revision_2026-09-25\fresh_runs\funnel_mw_d10_B5e4_seed277.jld2
funnel,10,50000.0,313,fresh_v1_2026-09-25,unavailable,exceeds_strict_budget,experiments\out\runs\funnel_mw_d10_B5e4_seed313\result.h5,2f7d17d38430437c10093e7d59ba033da8b1a4006f4a955a3d084112e27314d4,46373ff13ceb9eecdf69a771b0cdfb341931a75400808bf74b6d93cc6616f264,202612352313,50537.0,0,50537.0,NaN,NaN,NaN,NaN,NaN,NaN,NaN,NaN,NaN,NaN,NaN,NaN,NaN,NaN,NaN,NaN,13.4104875,NaN,NaN,experiments\out\revision_2026-09-25\fresh_runs\funnel_mw_d10_B5e4_seed313.jld2
funnel,10,50000.0,359,fresh_v1_2026-09-25,unavailable,exceeds_strict_budget,experiments\out\runs\funnel_mw_d10_B5e4_seed359\result.h5,bc7c8aa0303841780dd0ef6d9157b26a83bcc95cc2f9f2b0140389053d317e23,da4c487e2726e913d8758862c0ec3a1e04c2dde720a11d65c95cdc482602822f,202612352359,52019.0,0,52019.0,NaN,NaN,NaN,NaN,NaN,NaN,NaN,NaN,NaN,NaN,NaN,NaN,NaN,NaN,NaN,NaN,14.1086613,NaN,NaN,experiments\out\revision_2026-09-25\fresh_runs\funnel_mw_d10_B5e4_seed359.jld2
funnel,10,50000.0,401,fresh_v1_2026-09-25,unavailable,exceeds_strict_budget,experiments\out\runs\funnel_mw_d10_B5e4_seed401\result.h5,d52a3d197ae9b30ec1f4485018f5db7072b90c023475cc690a138be2a8de4c60,1f56e29412b01bbe7ef386b6bfa3b8b2b4d8fc0df01e5d31f7999d1d8161f2f8,202612352401,53361.0,0,53361.0,NaN,NaN,NaN,NaN,NaN,NaN,NaN,NaN,NaN,NaN,NaN,NaN,NaN,NaN,NaN,NaN,4.6637526,NaN,NaN,experiments\out\revision_2026-09-25\fresh_runs\funnel_mw_d10_B5e4_seed401.jld2
funnel,10,50000.0,449,fresh_v1_2026-09-25,unavailable,exceeds_strict_budget,experiments\out\runs\funnel_mw_d10_B5e4_seed449\result.h5,7764246825dfd9f7abb6d3038718d50965fc152d3e17e06dea327a2dba280162,49db5200272a0cfa8b57f8c0180099a049e523d3485f17608869346701babebb,202612352449,51865.0,0,51865.0,NaN,NaN,NaN,NaN,NaN,NaN,NaN,NaN,NaN,NaN,NaN,NaN,NaN,NaN,NaN,NaN,3.5862225,NaN,NaN,experiments\out\revision_2026-09-25\fresh_runs\funnel_mw_d10_B5e4_seed449.jld2
funnel,10,50000.0,491,fresh_v1_2026-09-25,unavailable,exceeds_strict_budget,experiments\out\runs\funnel_mw_d10_B5e4_seed491\result.h5,12acc9d93560a3800fd97e06909b5f8991b984acb647a2b94bb189fded3640d5,fe3e9c694e70df68b7def4e6157cb04dcc61d3c32caacc5926210d8b03276277,202612352491,52366.0,0,52366.0,NaN,NaN,NaN,NaN,NaN,NaN,NaN,NaN,NaN,NaN,NaN,NaN,NaN,NaN,NaN,NaN,9.9806633,NaN,NaN,experiments\out\revision_2026-09-25\fresh_runs\funnel_mw_d10_B5e4_seed491.jld2
funnel,10,50000.0,541,fresh_v1_2026-09-25,unavailable,exceeds_strict_budget,experiments\out\runs\funnel_mw_d10_B5e4_seed541\result.h5,63afd935fb74530710a488f4c7343ef7cdec11be85e787bc4071ef7568f0f403,5d700bb0877e9259d5891c44e15ee398012f0b7cb722a068a8cad2a5a5aafea7,202612352541,55518.0,0,55518.0,NaN,NaN,NaN,NaN,NaN,NaN,NaN,NaN,NaN,NaN,NaN,NaN,NaN,NaN,NaN,NaN,5.0406537,NaN,NaN,experiments\out\revision_2026-09-25\fresh_runs\funnel_mw_d10_B5e4_seed541.jld2
funnel,10,50000.0,587,fresh_v1_2026-09-25,unavailable,exceeds_strict_budget,experiments\out\runs\funnel_mw_d10_B5e4_seed587\result.h5,9347db1b9c657402e009739caeb0ac81d3dc5456818e0a72a5508c54a27650a1,f80997ffcf779f19dcd41f980713c25f5dee8ae88bbb9610ba622c548abea4cf,202612352587,54778.0,0,54778.0,NaN,NaN,NaN,NaN,NaN,NaN,NaN,NaN,NaN,NaN,NaN,NaN,NaN,NaN,NaN,NaN,4.4665881,NaN,NaN,experiments\out\revision_2026-09-25\fresh_runs\funnel_mw_d10_B5e4_seed587.jld2
funnel,10,50000.0,631,fresh_v1_2026-09-25,unavailable,exceeds_strict_budget,experiments\out\runs\funnel_mw_d10_B5e4_seed631\result.h5,94fd5ef09f77f7c362ee42c1f3747b52a9dd32721a76b7a145ca6618fc84b455,49ae68c53bb70052f0a5d10a5adf3cc2e2dad4d9f427e81160b91bdba61a192d,202612352631,51745.0,0,51745.0,NaN,NaN,NaN,NaN,NaN,NaN,NaN,NaN,NaN,NaN,NaN,NaN,NaN,NaN,NaN,NaN,15.2209225,NaN,NaN,experiments\out\revision_2026-09-25\fresh_runs\funnel_mw_d10_B5e4_seed631.jld2
funnel,10,50000.0,677,fresh_v1_2026-09-25,unavailable,exceeds_strict_budget,experiments\out\runs\funnel_mw_d10_B5e4_seed677\result.h5,64668d173eb813dff74338899174dc9b75ed78e4e5c7e7424173328d04de4e40,853b0ad043954813fb7e6921f04f76f8f25680717b0bfac89b9403b788b389ee,202612352677,52840.0,0,52840.0,NaN,NaN,NaN,NaN,NaN,NaN,NaN,NaN,NaN,NaN,NaN,NaN,NaN,NaN,NaN,NaN,7.0907351,NaN,NaN,experiments\out\revision_2026-09-25\fresh_runs\funnel_mw_d10_B5e4_seed677.jld2
funnel,10,500000.0,11,fresh_v1_2026-09-25,eligible,full_remaining_budget; weight_status=ok,experiments\out\runs\funnel_mw_d10_B5e5_seed11\result.h5,8d0319a1a4c24b74729ef28da2323c66bfe89b9ec8d8e3a93acee6714731ed0c,96fcd70ccc25e6552921bcc8f45ae5a8942b5afcf857e17bdfcdb991736ca582,202612353011,222536.0,277464,500000.0,86340.63339844541,0.17268126679689083,0.3111777866622171,-19.8102532210845,0.002824528471330386,0.0036423781988510484,0.03796349410423148,0.04680197697077342,0.051842110089257654,0.025945819141155402,0.0036889279169230334,0.031737808165379466,0.10410147017979679,NaN,0.1474809006748067,0.00019736715165736928,88.8992477,3.19599986076355,0.47300004959106445,experiments\out\revision_2026-09-25\fresh_runs\funnel_mw_d10_B5e5_seed11.jld2
funnel,10,500000.0,23,fresh_v1_2026-09-25,eligible,full_remaining_budget; weight_status=ok,experiments\out\runs\funnel_mw_d10_B5e5_seed23\result.h5,94dd74e877444e72a11da727961b1944bb874e484700f4fa2ab2c9b595db5cfd,7163df28a87736e5bad2b068d88495b38b07dfe1e006aab4ea9445631fdcbf8c,202612353023,323872.0,176128,500000.0,54402.91613230681,0.10880583226461363,0.3088828359619527,-19.80500907960018,0.0035642220255781357,0.001601763285471236,0.03669488178994358,0.04693433116484933,0.12069072961522856,0.0256114278426134,0.005801075831507467,0.019080033076132964,0.07125916420816943,NaN,0.14589229066143314,0.0002656641622402433,145.2242602,1.2230000495910645,0.42600011825561523,experiments\out\revision_2026-09-25\fresh_runs\funnel_mw_d10_B5e5_seed23.jld2
funnel,10,500000.0,41,fresh_v1_2026-09-25,eligible,full_remaining_budget; weight_status=ok,experiments\out\runs\funnel_mw_d10_B5e5_seed41\result.h5,659a73bfb36bbbc011deab52dba9a34c3dfe0d5e1d15bb549219c70ea7cc21f3,e0f4e5c04beb42ba355d26e0ee8a18043138068c5403b096de671cae55329920,202612353041,222966.0,277034,500000.0,91066.324749146,0.182132649498292,0.328718946949277,-19.80648890117681,0.002715021604797045,0.00012194170884072264,0.04356408713530366,0.04261288796835703,0.09525283965009464,0.02124213729909784,0.003745536898172798,0.017427546221558943,0.08889002749278863,NaN,0.0693510246217729,8.852940267658804e-5,85.1470686,2.2179999351501465,0.5329999923706055,experiments\out\revision_2026-09-25\fresh_runs\funnel_mw_d10_B5e5_seed41.jld2
funnel,10,500000.0,67,fresh_v1_2026-09-25,eligible,full_remaining_budget; weight_status=ok,experiments\out\runs\funnel_mw_d10_B5e5_seed67\result.h5,14576ad075d4aea31c07dcb93508af28a9781357f28b41cb1aed2926548db62e,e0c974785c439d65943315b2acb9654e8cc037e5041f16a112c6f0378adcd931,202612353067,206767.0,293233,500000.0,94409.02589003969,0.18881805178007938,0.32195907653654154,-19.80813316950318,0.002679916082931106,0.0015223266175290462,0.040353926348688104,0.04115617874035491,0.07540838517297961,0.0283618346091432,0.006536760823044757,0.02607358003734469,0.1114352020012351,NaN,0.2344020235240304,0.00017520475439350937,74.1114065,2.947000026702881,0.5529999732971191,experiments\out\revision_2026-09-25\fresh_runs\funnel_mw_d10_B5e5_seed67.jld2
funnel,10,500000.0,97,fresh_v1_2026-09-25,eligible,full_remaining_budget; weight_status=ok,experiments\out\runs\funnel_mw_d10_B5e5_seed97\result.h5,e5083f36047aafdd9f6372613743ca0b4133a7f811efaacb2df0dfc7a34799b5,c11da90d536ef7dc1d59e17ef23c395a98a1fefbb9290a6866c2855bd29f4192,202612353097,228132.0,271868,500000.0,87068.56838721845,0.1741371367744369,0.3202604513485164,-19.805785397847917,0.0027940911359362283,0.0008254450377336298,0.03484122372255616,0.038758545315818384,0.12042118634730747,0.024765254381902392,0.003065037595063525,0.01568473584999023,0.10141278526758804,NaN,0.09194193260752474,0.00021477790381176694,112.066068,2.552999973297119,0.5130000114440918,experiments\out\revision_2026-09-25\fresh_runs\funnel_mw_d10_B5e5_seed97.jld2
funnel,10,500000.0,113,fresh_v1_2026-09-25,eligible,full_remaining_budget; weight_status=ok,experiments\out\runs\funnel_mw_d10_B5e5_seed113\result.h5,dfb324ffcd1230cf86d8475dcd6b4034ff6454f6ff397fdef4822a6dc06ae0fb,50a63d4a982afb2854c2dd3bc5f79bbe0cf0c352d596d5ea16a014d6b0887b77,202612353113,248892.0,251108,500000.0,81393.06834905526,0.1627861366981105,0.32413570395628677,-19.809535658666206,0.0028816155686767057,0.0029248157805561448,0.03550586159467069,0.039958525289914684,0.09572803699981872,0.028708948259398747,0.0072982098777019545,0.022844535049775294,0.07640402437812614,NaN,0.012716321580541147,9.883239992562418e-5,125.8386865,2.5220000743865967,0.6470000743865967,experiments\out\revision_2026-09-25\fresh_runs\funnel_mw_d10_B5e5_seed113.jld2
funnel,10,500000.0,137,fresh_v1_2026-09-25,eligible,full_remaining_budget; weight_status=ok,experiments\out\runs\funnel_mw_d10_B5e5_seed137\result.h5,0f91a1ee8f08a41cf808a6a49cf5f30a405c0ac194cd351f44e10204aa43c7b4,29f4214aa5fd74ca888a7c89b54f2892e549eaadb303bd90dd83e1111f149710,202612353137,268196.0,231804,500000.0,66037.96871628042,0.13207593743256082,0.2848870973593226,-19.806723310555128,0.003290716387099219,0.00011246766947792253,0.03445718342979211,0.03583078556760086,0.10879640728705024,0.0473096611359992,0.00960600528762034,0.02124752893776899,0.10735215911238746,NaN,0.10498108553535393,0.00012161386340186556,127.8077499,2.440000057220459,0.6360001564025879,experiments\out\revision_2026-09-25\fresh_runs\funnel_mw_d10_B5e5_seed137.jld2
funnel,10,500000.0,173,fresh_v1_2026-09-25,eligible,full_remaining_budget; weight_status=ok,experiments\out\runs\funnel_mw_d10_B5e5_seed173\result.h5,647915dbd47f3ae050da883d767526679c27a5fd5d1a338ffa6f992b017e75c4,eb7ad145b4a2b2a15887bed502ead5b4b65cbbe807bc29c81e3cb79964eb2d6d,202612353173,286135.0,213865,500000.0,66100.00564920093,0.13220001129840186,0.30907350734903294,-19.807016636789054,0.0032330704964658934,0.0004057939034041169,0.02762901883581247,0.034324723117279944,0.12633044623870604,0.013823597332444638,0.0055673064159943554,0.020245658024975143,0.09892686016808057,NaN,0.07983428916472615,0.00016411556063644075,134.5562877,2.115000009536743,0.5090000629425049,experiments\out\revision_2026-09-25\fresh_runs\funnel_mw_d10_B5e5_seed173.jld2
funnel,10,500000.0,211,fresh_v1_2026-09-25,eligible,full_remaining_budget; weight_status=ok,experiments\out\runs\funnel_mw_d10_B5e5_seed211\result.h5,179344378af26c0df29e160c51deaf065dad279256527a84b3f42549b008c536,7e97eb0d1d73c9b929939bca5778a70479962329417e5f9db957b04f6fef9315,202612353211,201147.0,298853,500000.0,95925.86195766444,0.19185172391532887,0.3209800870584014,-19.807991263802442,0.0026605620995178384,0.0013804209167922465,0.03890548322718247,0.04132132223027351,0.12066726540376878,0.03775391470693893,0.00909264474495947,0.01969757825040347,0.12877639489892,NaN,0.0420067156098573,9.077877328821018e-5,70.6283112,4.85099983215332,0.878000020980835,experiments\out\revision_2026-09-25\fresh_runs\funnel_mw_d10_B5e5_seed211.jld2
funnel,10,500000.0,239,fresh_v1_2026-09-25,eligible,full_remaining_budget; weight_status=ok,experiments\out\runs\funnel_mw_d10_B5e5_seed239\result.h5,8b0a3cc49d5503442c4eb56dea825e83e52c353a10f0eaa4aca86a2e1b63e66f,8daadfd78f3ce5dec58c44f308ad1dd17a4fed4d7011d3160f97f4f4b5ae93ee,202612353239,216180.0,283820,500000.0,85401.62837887945,0.1708032567577589,0.3009006707733051,-19.80753431747887,0.002861121935012648,0.0009234745932182875,0.03714652593950453,0.036945614916758934,0.10068385391015719,0.03037590445157038,0.009801539727924058,0.027032412671497842,0.10706758883900172,NaN,0.2411436528883614,0.0005060368779265746,86.4005767,3.184999942779541,0.7700002193450928,experiments\out\revision_2026-09-25\fresh_runs\funnel_mw_d10_B5e5_seed239.jld2
funnel,10,500000.0,277,fresh_v1_2026-09-25,eligible,full_remaining_budget; weight_status=ok,experiments\out\runs\funnel_mw_d10_B5e5_seed277\result.h5,0be04b36c38a7778ec955e24512683bb70039f488473a68e741db0d78df905ed,51b325fe0609997a0b4e47a55ef3071308bc75322635ddef7d907028caff0465,202612353277,212880.0,287120,500000.0,87908.34166596999,0.17581668333193998,0.30617282552929087,-19.804475392162757,0.0028093807933736734,0.0021354507228927844,0.038141781107933086,0.03305386192851911,0.10839768971885788,0.03154125531579345,0.004953480480970154,0.020877310893592828,0.09374125405724598,NaN,0.09004939911465382,0.00017047622411726034,90.6121251,3.115000009536743,0.5429999828338623,experiments\out\revision_2026-09-25\fresh_runs\funnel_mw_d10_B5e5_seed277.jld2
funnel,10,500000.0,313,fresh_v1_2026-09-25,eligible,full_remaining_budget; weight_status=ok,experiments\out\runs\funnel_mw_d10_B5e5_seed313\result.h5,b577988be2effdf9898432bbeb3cad1a124501e4ccb9a367a14053370e10b9f3,a5e2a5cd75e672d5197f295555dedef508df5ec6731c49a2dfdf7a6c85429ec0,202612353313,221280.0,278720,500000.0,91212.92602489491,0.18242585204978984,0.32725647971044386,-19.80485927100503,0.002715792395163177,0.001751571880621583,0.034718737047539056,0.035400187235530255,0.09879496033324756,0.023507205633034822,0.005555677366354372,0.02164411920256376,0.08165802206232034,NaN,0.10507453143556443,0.00012182726308570442,82.2094434,2.6519999504089355,0.5789999961853027,experiments\out\revision_2026-09-25\fresh_runs\funnel_mw_d10_B5e5_seed313.jld2
funnel,10,500000.0,359,fresh_v1_2026-09-25,eligible,full_remaining_budget; weight_status=ok,experiments\out\runs\funnel_mw_d10_B5e5_seed359\result.h5,b0142a9345831168edd9c47586f4dda7abb03a73039c22d4d011f451cf41ead4,683551f015eb9627382574ca972d78d6ac7d66a5fe834d62c9b4a0a1421a427d,202612353359,200383.0,299617,500000.0,95040.82311300644,0.19008164622601287,0.31720771222262567,-19.803883286887196,0.0026803358123586776,0.002727555998454534,0.03542806225778901,0.03272178754228934,0.0871241424349456,0.033222889788018004,0.00574420837408354,0.022496826579501684,0.10541851260143584,NaN,0.03059943534213141,7.714085806921141e-5,77.155179,2.749000072479248,0.5479998588562012,experiments\out\revision_2026-09-25\fresh_runs\funnel_mw_d10_B5e5_seed359.jld2
funnel,10,500000.0,401,fresh_v1_2026-09-25,eligible,full_remaining_budget; weight_status=ok,experiments\out\runs\funnel_mw_d10_B5e5_seed401\result.h5,d0b409a299161b45f5380f4ebceb6a01ac40c908bbd051e582c1029f3aa4c69c,0ac3819b193adfca3a1648f270db2c574d586fa1fc8ce69209699d925e15913d,202612353401,200734.0,299266,500000.0,95951.87115343173,0.19190374230686344,0.32062403063973766,-19.808112411685677,0.0026608988534838544,0.0015015688000268312,0.04298693396762364,0.04240271557294749,0.08967863373154591,0.014788221159031723,0.006398237834473826,0.015844545809752263,0.0637382692805856,NaN,0.18480894545744475,0.00029006270285756246,80.4347458,3.9600000381469727,0.5479998588562012,experiments\out\revision_2026-09-25\fresh_runs\funnel_mw_d10_B5e5_seed401.jld2
funnel,10,500000.0,449,fresh_v1_2026-09-25,eligible,full_remaining_budget; weight_status=ok,experiments\out\runs\funnel_mw_d10_B5e5_seed449\result.h5,df4b38be67e6cd46ac290e72f9e7fd4f6d170c1bb92bc83ca124dea4b0a3deca,143c57bb37ae3e609e490cdc3b7af1b62dbd3978872633b2f5eb3afb8bdc346a,202612353449,260024.0,239976,500000.0,73819.07191175333,0.14763814382350665,0.3076102273217044,-19.812454824504478,0.0030626053141637978,0.005843981618827598,0.04064257492711073,0.037278374867087676,0.0835013716898724,0.023440767299400932,0.0037333472473987687,0.01664219961258372,0.08061602549165307,NaN,0.07554296535773991,0.00013451065025946182,122.2660365,2.005000114440918,0.5290000438690186,experiments\out\revision_2026-09-25\fresh_runs\funnel_mw_d10_B5e5_seed449.jld2
funnel,10,500000.0,491,fresh_v1_2026-09-25,eligible,full_remaining_budget; weight_status=ok,experiments\out\runs\funnel_mw_d10_B5e5_seed491\result.h5,5fa85ff28ca0434582ce19c8858ae95640d452a9650102504a6f3477a7a1c816,c1ff20962ecc0cadbab31c029b8d6e335793374798c905beefe00acf92509beb,202612353491,234842.0,265158,500000.0,82212.41929425792,0.16442483858851584,0.3100506840987559,-19.80375392990075,0.0028969425315479654,0.002856912984899651,0.05755263729438585,0.0407758154993398,0.10137183019266413,0.03332098201628323,0.0033476880279534604,0.029897150959550443,0.14548840586944928,NaN,0.08077329358271759,0.00013162568050203722,113.1831938,2.25,0.5049998760223389,experiments\out\revision_2026-09-25\fresh_runs\funnel_mw_d10_B5e5_seed491.jld2
funnel,10,500000.0,541,fresh_v1_2026-09-25,eligible,full_remaining_budget; weight_status=ok,experiments\out\runs\funnel_mw_d10_B5e5_seed541\result.h5,74a73b67bff464b9291472e9760fbcf00cb02ac9f2fc08f6ffa867d4fd313499,a3bd23645b53e298a053316ce876c2e3fcd5cea3d1e1f6ecb9ea1e1d86d7924d,202612353541,207589.0,292411,500000.0,89279.78423115585,0.1785595684623117,0.30532293323833865,-19.800463234525196,0.0027894264515729355,0.0061476083604539156,0.029152935552918046,0.037848268874649,0.1106293361843941,0.021583148477643012,0.005076266672205798,0.021279149139532938,0.12379322547427449,NaN,-0.009437642470922141,7.232791089073327e-5,72.0046593,2.7739999294281006,0.6430001258850098,experiments\out\revision_2026-09-25\fresh_runs\funnel_mw_d10_B5e5_seed541.jld2
funnel,10,500000.0,587,fresh_v1_2026-09-25,eligible,full_remaining_budget; weight_status=ok,experiments\out\runs\funnel_mw_d10_B5e5_seed587\result.h5,c4c3818e972c81cca47d48a0f901e8b35eba4f3d4b5b85700eb8f0f4d237b8c5,262e19cdf66e7250a10af44dbb5347e7c2838486461d4fa5e3e6d5c6c7b17437,202612353587,205513.0,294487,500000.0,87759.72168874968,0.17551944337749936,0.29800881427278514,-19.79994556851329,0.0028282527033399304,0.00666527437235942,0.04203601781086529,0.03987330682578133,0.0884453652648157,0.028799763490834008,0.00331298531185441,0.017449950211948895,0.08519130271158577,NaN,0.09898952726888169,0.00011902961517785924,83.701616,3.6430001258850098,0.7279999256134033,experiments\out\revision_2026-09-25\fresh_runs\funnel_mw_d10_B5e5_seed587.jld2
funnel,10,500000.0,631,fresh_v1_2026-09-25,eligible,full_remaining_budget; weight_status=ok,experiments\out\runs\funnel_mw_d10_B5e5_seed631\result.h5,15115d614b95be206bd8e6bdac8ff22953e15de62f4f3d3d2b474809ab926fb5,ceb1f430cf7a7b77da3e4ae55eb22659039eecaeb911f77a242a940a5bf075ce,202612353631,191463.0,308537,500000.0,95158.70028160566,0.19031740056321134,0.3084190884127533,-19.803780388491965,0.002695859460999959,0.0028304543936847892,0.03607485390748702,0.0336762812920911,0.09093794478838339,0.020564257833751654,0.004495784826916817,0.016820109769667867,0.08625709167425874,NaN,0.1196433838275265,0.0001204569151789778,60.8759937,3.05400013923645,0.6050000190734863,experiments\out\revision_2026-09-25\fresh_runs\funnel_mw_d10_B5e5_seed631.jld2
funnel,10,500000.0,677,fresh_v1_2026-09-25,eligible,full_remaining_budget; weight_status=ok,experiments\out\runs\funnel_mw_d10_B5e5_seed677\result.h5,4c123c884b5ccf911ca9b47775c47e6efeab7bda6793fe2a93f1ec2b61179e04,c1d8dd2c66f83568f734e4264483ec1fd0d48e8e954619bc67b284269b0ac888,202612353677,189890.0,310110,500000.0,75585.30308534586,0.15117060617069172,0.243737070992054,-19.799235049446196,0.0031631349935639583,0.00737579343945427,0.039366383834622744,0.04813579557654317,0.06718507020876205,0.016782993086479514,0.0035300337965150684,0.020603565057046868,0.15147215411370124,NaN,0.27584815517404393,0.00133980581765191,52.9175712,2.9619998931884766,0.6909999847412109,experiments\out\revision_2026-09-25\fresh_runs\funnel_mw_d10_B5e5_seed677.jld2
mridges,2,5000.0,11,fresh_v1_2026-09-25,unavailable,exceeds_strict_budget,experiments\out\runs\mridges_mw_d2_B5e3_seed11\result.h5,bcd6b7789101ac755ebe1c87af84239690cb607d45075cde2fd0965c776339f5,53ed8c1386e77f1e1bc14a18930bb844013bbdbcb32916bf1918d0d97eaa674e,202613271011,5648.0,0,5648.0,NaN,NaN,NaN,NaN,NaN,NaN,NaN,NaN,NaN,NaN,NaN,NaN,NaN,NaN,NaN,NaN,25.2865688,NaN,NaN,experiments\out\revision_2026-09-25\fresh_runs\mridges_mw_d2_B5e3_seed11.jld2
mridges,2,5000.0,23,fresh_v1_2026-09-25,unavailable,exceeds_strict_budget,experiments\out\runs\mridges_mw_d2_B5e3_seed23\result.h5,80984f7d33fcd85dbfc86b33b88407b826258247bf30991e709a0d5cf97d9cab,9638faddcb004a4b203e01099ae787a2cbc198084aeaa2b5f6af51d78c8c3181,202613271023,5035.0,0,5035.0,NaN,NaN,NaN,NaN,NaN,NaN,NaN,NaN,NaN,NaN,NaN,NaN,NaN,NaN,NaN,NaN,0.5034029,NaN,NaN,experiments\out\revision_2026-09-25\fresh_runs\mridges_mw_d2_B5e3_seed23.jld2
mridges,2,5000.0,41,fresh_v1_2026-09-25,unavailable,exceeds_strict_budget,experiments\out\runs\mridges_mw_d2_B5e3_seed41\result.h5,ff423045cd3ef5c55748cc022f624f660622901c1d98ca72731376018e3c3044,a70451b702d03aa4c7d455f2bcc7d3d51134e666e108e54d2e900587598b85e0,202613271041,5175.0,0,5175.0,NaN,NaN,NaN,NaN,NaN,NaN,NaN,NaN,NaN,NaN,NaN,NaN,NaN,NaN,NaN,NaN,0.4689972,NaN,NaN,experiments\out\revision_2026-09-25\fresh_runs\mridges_mw_d2_B5e3_seed41.jld2
mridges,2,5000.0,67,fresh_v1_2026-09-25,unavailable,exceeds_strict_budget,experiments\out\runs\mridges_mw_d2_B5e3_seed67\result.h5,7a0bf539be0154bb7211d2da30c00f2aeb20f0855ced900bae4df01f38b1eb17,0d5efec433a396afaf0a2b238e4105c245744f47d5a31ab3ded918423d514a18,202613271067,5106.0,0,5106.0,NaN,NaN,NaN,NaN,NaN,NaN,NaN,NaN,NaN,NaN,NaN,NaN,NaN,NaN,NaN,NaN,0.4336954,NaN,NaN,experiments\out\revision_2026-09-25\fresh_runs\mridges_mw_d2_B5e3_seed67.jld2
mridges,2,5000.0,97,fresh_v1_2026-09-25,unavailable,exceeds_strict_budget,experiments\out\runs\mridges_mw_d2_B5e3_seed97\result.h5,6cfdae0121e97ee58cb11ecff95bfde0e5ada765252abbd56d292baf17e53cf7,24c709f54bf85e9dabaa0dc7f8c32ca21315ab2eb3a126b5c6b72f72c2703873,202613271097,5108.0,0,5108.0,NaN,NaN,NaN,NaN,NaN,NaN,NaN,NaN,NaN,NaN,NaN,NaN,NaN,NaN,NaN,NaN,0.4596936,NaN,NaN,experiments\out\revision_2026-09-25\fresh_runs\mridges_mw_d2_B5e3_seed97.jld2
mridges,2,5000.0,113,fresh_v1_2026-09-25,unavailable,exceeds_strict_budget,experiments\out\runs\mridges_mw_d2_B5e3_seed113\result.h5,b790bec3e5d978f602ba33e0116de2dee3bc739961f2421cd8d34ec117a71078,76d44fefc4f16600cb238cc30a28e4b9c364f991710048e6d620bb570d8c9be6,202613271113,5044.0,0,5044.0,NaN,NaN,NaN,NaN,NaN,NaN,NaN,NaN,NaN,NaN,NaN,NaN,NaN,NaN,NaN,NaN,0.3929505,NaN,NaN,experiments\out\revision_2026-09-25\fresh_runs\mridges_mw_d2_B5e3_seed113.jld2
mridges,2,5000.0,137,fresh_v1_2026-09-25,unavailable,exceeds_strict_budget,experiments\out\runs\mridges_mw_d2_B5e3_seed137\result.h5,d2233f4feb9f9b4a31d6976686685f5afb5158a9944ab0c44f5d17602cded9e6,02679a773b51c43076d2be3f684834a5a474d92484c4dc042a9c5dbf961b2951,202613271137,5002.0,0,5002.0,NaN,NaN,NaN,NaN,NaN,NaN,NaN,NaN,NaN,NaN,NaN,NaN,NaN,NaN,NaN,NaN,0.2892061,NaN,NaN,experiments\out\revision_2026-09-25\fresh_runs\mridges_mw_d2_B5e3_seed137.jld2
mridges,2,5000.0,173,fresh_v1_2026-09-25,unavailable,exceeds_strict_budget,experiments\out\runs\mridges_mw_d2_B5e3_seed173\result.h5,f10786db3f361f1fed2b8fec1f6c5ebef9ef3d4da51f72b7a0b566473f32ab36,9ba932af0a449ffdd332fa39ca740102fd5ff18d8fc0649373178cb802ccf8e1,202613271173,5281.0,0,5281.0,NaN,NaN,NaN,NaN,NaN,NaN,NaN,NaN,NaN,NaN,NaN,NaN,NaN,NaN,NaN,NaN,1.4137812,NaN,NaN,experiments\out\revision_2026-09-25\fresh_runs\mridges_mw_d2_B5e3_seed173.jld2
mridges,2,5000.0,211,fresh_v1_2026-09-25,unavailable,exceeds_strict_budget,experiments\out\runs\mridges_mw_d2_B5e3_seed211\result.h5,a9c1218a2dd88341e111c186ffa3688f992a258d597495423883a8192df84198,a63c0e3a7f25c52359a3ad68c4cecfba0a73d0aed5440ad60df80be249c01e86,202613271211,5184.0,0,5184.0,NaN,NaN,NaN,NaN,NaN,NaN,NaN,NaN,NaN,NaN,NaN,NaN,NaN,NaN,NaN,NaN,1.3447362,NaN,NaN,experiments\out\revision_2026-09-25\fresh_runs\mridges_mw_d2_B5e3_seed211.jld2
mridges,2,5000.0,239,fresh_v1_2026-09-25,unavailable,exceeds_strict_budget,experiments\out\runs\mridges_mw_d2_B5e3_seed239\result.h5,52373545af89ff928acffdccff2c52b68716eb572ab1bd19ece8bae6e89bbfd2,f5096eb714f20abf090c876b3560d8f3026101da0734bb6b90d68aa5e901b245,202613271239,5658.0,0,5658.0,NaN,NaN,NaN,NaN,NaN,NaN,NaN,NaN,NaN,NaN,NaN,NaN,NaN,NaN,NaN,NaN,1.4804881,NaN,NaN,experiments\out\revision_2026-09-25\fresh_runs\mridges_mw_d2_B5e3_seed239.jld2
mridges,2,5000.0,277,fresh_v1_2026-09-25,unavailable,exceeds_strict_budget,experiments\out\runs\mridges_mw_d2_B5e3_seed277\result.h5,e48c4c81bb93874def6432c948561b1c06d59a68e00d78d8203cc7332025664d,d21f3816fe6b8a3db11a91699ca97d26fb65c9f8b786dde241fda08fac847c49,202613271277,5431.0,0,5431.0,NaN,NaN,NaN,NaN,NaN,NaN,NaN,NaN,NaN,NaN,NaN,NaN,NaN,NaN,NaN,NaN,1.4197519,NaN,NaN,experiments\out\revision_2026-09-25\fresh_runs\mridges_mw_d2_B5e3_seed277.jld2
mridges,2,5000.0,313,fresh_v1_2026-09-25,unavailable,exceeds_strict_budget,experiments\out\runs\mridges_mw_d2_B5e3_seed313\result.h5,ecd01a9611f79e11d5d0150fb7e1a8b9a31d5b3e09c770222b1dc83abb6f5dec,2d9240cd55926976cbbd368286d435fad659d3d27dea8c0b79619926e30b2dae,202613271313,5508.0,0,5508.0,NaN,NaN,NaN,NaN,NaN,NaN,NaN,NaN,NaN,NaN,NaN,NaN,NaN,NaN,NaN,NaN,0.6072898,NaN,NaN,experiments\out\revision_2026-09-25\fresh_runs\mridges_mw_d2_B5e3_seed313.jld2
mridges,2,5000.0,359,fresh_v1_2026-09-25,unavailable,exceeds_strict_budget,experiments\out\runs\mridges_mw_d2_B5e3_seed359\result.h5,79f216b6d62f8cbad97fec0060fd7ca3f5b64dba17b2a05bd05e113d5a547c53,d5911c07ec7fba734681c554bf7dbe08157f07098e154dbc44a0d11850084091,202613271359,5150.0,0,5150.0,NaN,NaN,NaN,NaN,NaN,NaN,NaN,NaN,NaN,NaN,NaN,NaN,NaN,NaN,NaN,NaN,0.5518172,NaN,NaN,experiments\out\revision_2026-09-25\fresh_runs\mridges_mw_d2_B5e3_seed359.jld2
mridges,2,5000.0,401,fresh_v1_2026-09-25,unavailable,exceeds_strict_budget,experiments\out\runs\mridges_mw_d2_B5e3_seed401\result.h5,1b18bb9df99fd782922606137b77f46a01af644c26a44f8c31023f4c622bf74c,62581e10deb6c3b531e3b409cc0e217a686fd11a4a4bdf191724f3fc88b04940,202613271401,5181.0,0,5181.0,NaN,NaN,NaN,NaN,NaN,NaN,NaN,NaN,NaN,NaN,NaN,NaN,NaN,NaN,NaN,NaN,0.6337126,NaN,NaN,experiments\out\revision_2026-09-25\fresh_runs\mridges_mw_d2_B5e3_seed401.jld2
mridges,2,5000.0,449,fresh_v1_2026-09-25,unavailable,exceeds_strict_budget,experiments\out\runs\mridges_mw_d2_B5e3_seed449\result.h5,b5ac3fa0aa98b23cb3fbe36ebde56fa4b7ad314714366650a02bc0ca19a2d5f2,2d91f93c0f51117e2bd0147e5e45f5ef59721c1c850b61aed0af426bc8b093eb,202613271449,5244.0,0,5244.0,NaN,NaN,NaN,NaN,NaN,NaN,NaN,NaN,NaN,NaN,NaN,NaN,NaN,NaN,NaN,NaN,1.5118438,NaN,NaN,experiments\out\revision_2026-09-25\fresh_runs\mridges_mw_d2_B5e3_seed449.jld2
mridges,2,5000.0,491,fresh_v1_2026-09-25,unavailable,exceeds_strict_budget,experiments\out\runs\mridges_mw_d2_B5e3_seed491\result.h5,5dae0bb65475b62690cf667dd57b96a7183ee039c3dc4bc4aa84134fbff9fb24,3137c965304fcb70e304956f1a112645fbb8a7899a2e38dee077c6efda08dc7c,202613271491,5038.0,0,5038.0,NaN,NaN,NaN,NaN,NaN,NaN,NaN,NaN,NaN,NaN,NaN,NaN,NaN,NaN,NaN,NaN,1.1311274,NaN,NaN,experiments\out\revision_2026-09-25\fresh_runs\mridges_mw_d2_B5e3_seed491.jld2
mridges,2,5000.0,541,fresh_v1_2026-09-25,unavailable,exceeds_strict_budget,experiments\out\runs\mridges_mw_d2_B5e3_seed541\result.h5,4bb51c171e052390dcad7c4ba0213edef541bfc764ad8c7452c88338f56fc61b,535be586ae47dc1bedef9b932f39d4e70ec4acbdc5acd83a51dec498763c236d,202613271541,5208.0,0,5208.0,NaN,NaN,NaN,NaN,NaN,NaN,NaN,NaN,NaN,NaN,NaN,NaN,NaN,NaN,NaN,NaN,0.9301566,NaN,NaN,experiments\out\revision_2026-09-25\fresh_runs\mridges_mw_d2_B5e3_seed541.jld2
mridges,2,5000.0,587,fresh_v1_2026-09-25,unavailable,exceeds_strict_budget,experiments\out\runs\mridges_mw_d2_B5e3_seed587\result.h5,1ff52d776695d27db1f044f82d387a54ff10b95e27546a402446ba3747fbfe64,c271f829f5e23edd40840b1bcb89c67eadb8eda2df97909c091e007e6683d2f4,202613271587,5293.0,0,5293.0,NaN,NaN,NaN,NaN,NaN,NaN,NaN,NaN,NaN,NaN,NaN,NaN,NaN,NaN,NaN,NaN,1.3786259,NaN,NaN,experiments\out\revision_2026-09-25\fresh_runs\mridges_mw_d2_B5e3_seed587.jld2
mridges,2,5000.0,631,fresh_v1_2026-09-25,unavailable,exceeds_strict_budget,experiments\out\runs\mridges_mw_d2_B5e3_seed631\result.h5,bb26d8defcf3df95fa0ff871fca0bcfcb436ba5ea44295f06d5264ad46322237,4ba802be62e89887e66b35c529f0e5fa2eee274bc5fb499a1d4ddc9105f54f0a,202613271631,5464.0,0,5464.0,NaN,NaN,NaN,NaN,NaN,NaN,NaN,NaN,NaN,NaN,NaN,NaN,NaN,NaN,NaN,NaN,0.66607,NaN,NaN,experiments\out\revision_2026-09-25\fresh_runs\mridges_mw_d2_B5e3_seed631.jld2
mridges,2,5000.0,677,fresh_v1_2026-09-25,unavailable,exceeds_strict_budget,experiments\out\runs\mridges_mw_d2_B5e3_seed677\result.h5,f4df1baeb306470794c06f9830ce0b4bfea1ce4eddd4eb43bc8794ab7bf16c0c,f284b17060cbb989b088e35f23cfc13474932753d2480ef1d15d43f506bb098d,202613271677,5440.0,0,5440.0,NaN,NaN,NaN,NaN,NaN,NaN,NaN,NaN,NaN,NaN,NaN,NaN,NaN,NaN,NaN,NaN,0.5191953,NaN,NaN,experiments\out\revision_2026-09-25\fresh_runs\mridges_mw_d2_B5e3_seed677.jld2
mridges,2,50000.0,11,fresh_v1_2026-09-25,eligible,full_remaining_budget; weight_status=ok,experiments\out\runs\mridges_mw_d2_B5e4_seed11\result.h5,14ad386bb294ee7a2b8b3eebdef758e937df48754a2875a05569a4b0165571e3,72d35d7acc9cc71fa6f6549b4b333713deb725dfd00e6105b8ffb9529294bd0b,202613272011,14825.0,35175,50000.0,29899.63788608768,0.5979927577217536,0.8500252419641131,-5.995823458795378,0.0022396291975190865,0.004358899252044246,0.03996462831416418,0.036640192710481634,0.0166269369738119,0.014448442323353738,0.9055576125723885,0.03984317872467846,0.026588691079975524,0.005507190219258842,-0.7061292713974632,4.439994318879953e-5,8.5869895,0.5519998073577881,0.22900009155273438,experiments\out\revision_2026-09-25\fresh_runs\mridges_mw_d2_B5e4_seed11.jld2
mridges,2,50000.0,23,fresh_v1_2026-09-25,eligible,full_remaining_budget; weight_status=ok,experiments\out\runs\mridges_mw_d2_B5e4_seed23\result.h5,29e515099e4235e277acac2f4e7c0d5cc9b9262df16846f9a128d50a38e1e912,bf6667fa8129c2ae9b2bdb42092c585bdc593798a4067a424e566a4637591df5,202613272023,13146.0,36854,50000.0,29832.607640965372,0.5966521528193075,0.809480860719742,-5.995187519889747,0.0025271073870680692,0.0037229603464128402,0.021538042532036356,0.05241310866162694,0.047740511995695734,0.010344081628563817,0.5147477367049151,0.02204059949422632,0.020180300549708763,0.0026167464685043773,-0.8039636708827993,4.974112715228169e-5,5.9517883,0.1119999885559082,0.18000006675720215,experiments\out\revision_2026-09-25\fresh_runs\mridges_mw_d2_B5e4_seed23.jld2
mridges,2,50000.0,41,fresh_v1_2026-09-25,eligible,full_remaining_budget; weight_status=ok,experiments\out\runs\mridges_mw_d2_B5e4_seed41\result.h5,67498040b784b0e913a12fe662c07528d1a12a924bbfc524304368aa68f93973,60ce14d94c3adac104ae7ac50dae55adde0191ba4d0bf9ba6f60f35adddd65b6,202613272041,14724.0,35276,50000.0,29714.036413089387,0.5942807282617877,0.8423300944860355,-5.992009753151592,0.0023035284374938432,0.0005451936082581099,0.048421049936196434,0.03611370133830065,0.020318304294312917,0.01265716575771636,0.4393374895330735,0.013435260024628803,0.02504171786307663,0.004904080015687581,-1.204433361267908,4.621729284945213e-5,19.7418131,0.0709998607635498,0.1660001277923584,experiments\out\revision_2026-09-25\fresh_runs\mridges_mw_d2_B5e4_seed41.jld2
mridges,2,50000.0,67,fresh_v1_2026-09-25,eligible,full_remaining_budget; weight_status=ok,experiments\out\runs\mridges_mw_d2_B5e4_seed67\result.h5,040ce99582b551378e85dd8d652b27fd047dd60cb7af9eb00592a75b6f9da6d9,31995e20a07c71d3b6db0ff5b3f1f2467f48c408d80aeb50836df96ec64f66ab,202613272067,15250.0,34750,50000.0,29906.495686136845,0.5981299137227369,0.8606185808960243,-5.990971761941611,0.002158836127982863,0.0004927976017228275,0.03720351047864136,0.03671628043332097,0.04053329080129231,0.01747081988517385,0.15066817475715744,0.010205361481639752,0.019725014380786332,0.004312340894239777,-0.7536911823558046,4.512351666498436e-5,6.6296949,0.07000017166137695,0.43899989128112793,experiments\out\revision_2026-09-25\fresh_runs\mridges_mw_d2_B5e4_seed67.jld2
mridges,2,50000.0,97,fresh_v1_2026-09-25,eligible,full_remaining_budget; weight_status=ok,experiments\out\runs\mridges_mw_d2_B5e4_seed97\result.h5,709ab3b7cfd1c89e5750143271389af27e498cb9aad0324a07c28efab21993fe,9fa93747359a8a77cefbf3275764c91ad24e452fc7d21384ac7434b2055d8e75,202613272097,12896.0,37104,50000.0,28552.641261406352,0.5710528252281271,0.769530003811081,-5.992750033130183,0.0028410838597234304,0.0012854735868490508,0.02217979665702472,0.04859363759057901,0.02926096479705631,0.025366609912121252,0.8664184435908411,0.0077696025004656555,0.02239766725974346,0.005797706503210695,-1.0493696030509834,7.469867816570481e-5,9.6470033,0.07799983024597168,0.18899989128112793,experiments\out\revision_2026-09-25\fresh_runs\mridges_mw_d2_B5e4_seed97.jld2
mridges,2,50000.0,113,fresh_v1_2026-09-25,eligible,full_remaining_budget; weight_status=ok,experiments\out\runs\mridges_mw_d2_B5e4_seed113\result.h5,7c8460e5fe855bf809e67a942db58c144819e521c58bc29ea77b08c630d2bb6e,57b6ce2a6c88c5ecc33ed7bc8c76a0cd78d9efb3cbd5d74babf64fca2a7f5600,202613272113,13955.0,36045,50000.0,29398.194692589557,0.5879638938517912,0.8155970229598989,-5.991487332449092,0.0025045149774367594,2.2772905757584283e-5,0.03530102194512697,0.04038601880894503,0.009453089438765883,0.004005858958280317,0.34850908580397433,0.004486951514042659,0.011164339927812739,0.004179580621417031,-0.5686832238935434,4.756383945714821e-5,8.3717401,0.0839998722076416,0.1789999008178711,experiments\out\revision_2026-09-25\fresh_runs\mridges_mw_d2_B5e4_seed113.jld2
mridges,2,50000.0,137,fresh_v1_2026-09-25,eligible,full_remaining_budget; weight_status=ok,experiments\out\runs\mridges_mw_d2_B5e4_seed137\result.h5,48315d89d30a1fca17b76f81f943241a0514dabbe2462a8167f89a7f2810860a,eb48c29a70acb1a47ed6898817a512c6c81e9479ec24c526e7f001a95cd8f6bb,202613272137,12957.0,37043,50000.0,30391.423592318686,0.6078284718463737,0.8204363467407793,-5.995047364982175,0.0024307130601417142,0.0035828054388407082,0.020997442053587924,0.06325957849927608,0.04054952138022738,0.0002172824012762753,0.3777480510604343,0.01244527995092648,0.030680527131394575,0.003390624983327775,-0.9873801733298427,4.561580855355289e-5,7.13956,0.06999993324279785,0.13199996948242188,experiments\out\revision_2026-09-25\fresh_runs\mridges_mw_d2_B5e4_seed137.jld2
mridges,2,50000.0,173,fresh_v1_2026-09-25,eligible,full_remaining_budget; weight_status=ok,experiments\out\runs\mridges_mw_d2_B5e4_seed173\result.h5,be30b73b3c409af0782c6d771790638a089de8ed7c954150f3afa74d3923d523,5a56706d58e5ee1bd277dc7cd02a5749a8ec09e4957727dc1f148b51ad83c389,202613272173,13639.0,36361,50000.0,30792.52228454975,0.615850445690995,0.8468557598677084,-5.98916362815295,0.0022301172729536026,0.002300931390384342,0.04353062657778849,0.03806118006726689,0.06519147172806106,0.024223867132544097,0.48692092408527765,0.005263410062458895,0.017536998528277392,0.0031767257948837613,-0.7008441754252166,4.6998056281831476e-5,5.3014162,0.06599998474121094,0.15199995040893555,experiments\out\revision_2026-09-25\fresh_runs\mridges_mw_d2_B5e4_seed173.jld2
mridges,2,50000.0,211,fresh_v1_2026-09-25,eligible,full_remaining_budget; weight_status=ok,experiments\out\runs\mridges_mw_d2_B5e4_seed211\result.h5,e6ccc7e435d08c22e1054a4cdacb8a21b7b7baa3073b660099e75d25adaa984c,72fa0c1f33354b6ec77751f8f3a33feeba851f147ec6f19d5f46f3ed240d12cb,202613272211,14576.0,35424,50000.0,29739.055675880245,0.5947811135176049,0.8395171543552463,-5.994832545084542,0.0023230080848622788,0.003367985541207652,0.030277044879681733,0.031262002260331274,0.012453486605388253,0.010618375334590091,0.3539038156814047,0.004692656039262388,0.021391417679809566,0.0019743083512345355,-0.7888723505715541,4.597599528292762e-5,8.0508145,0.06599998474121094,0.4240000247955322,experiments\out\revision_2026-09-25\fresh_runs\mridges_mw_d2_B5e4_seed211.jld2
mridges,2,50000.0,239,fresh_v1_2026-09-25,eligible,full_remaining_budget; weight_status=ok,experiments\out\runs\mridges_mw_d2_B5e4_seed239\result.h5,ded32562e5663881bcd4cdb6deb2ad7a8652974f48a78555ea4bb8ea9c556ec9,12a86f66d9cf8bfe8c8d4117633841dff871eab16a2b31b4b18696e4ec20dd0c,202613272239,14848.0,35152,50000.0,29626.784887156224,0.5925356977431244,0.842819324281868,-5.99491761633324,0.0023033360964347794,0.0034530567899055953,0.018871223877650434,0.04013690789512735,0.024706049275825315,0.0202951284047046,0.7883157261257598,0.0034567676274606107,0.01579730329706064,0.005022581627553424,-0.6091803633384185,4.697088492376676e-5,7.3513227,0.07599997520446777,0.18000006675720215,experiments\out\revision_2026-09-25\fresh_runs\mridges_mw_d2_B5e4_seed239.jld2
mridges,2,50000.0,277,fresh_v1_2026-09-25,eligible,full_remaining_budget; weight_status=ok,experiments\out\runs\mridges_mw_d2_B5e4_seed277\result.h5,6e06a4952f3defcad8ad21754ad68288260556a4537be61536170654944303fc,06c6a8694208c831c0d840ca5e6ea9bc6669ed8fe842602c5ca7edbc5fdc49cd,202613272277,13836.0,36164,50000.0,30260.908684035152,0.6052181736807031,0.8367688497963486,-5.990199198272569,0.0023225257510085004,0.001265361270765375,0.038959541847167586,0.029904087289230764,0.023205164090751573,0.0024561572417094446,0.3964260727885516,0.004457893060067608,0.03779351413249876,0.003294989955042474,-1.0529803845683452,4.481979966029415e-5,6.8873635,0.06500005722045898,0.1700000762939453,experiments\out\revision_2026-09-25\fresh_runs\mridges_mw_d2_B5e4_seed277.jld2
mridges,2,50000.0,313,fresh_v1_2026-09-25,eligible,full_remaining_budget; weight_status=ok,experiments\out\runs\mridges_mw_d2_B5e4_seed313\result.h5,aea065a5e429cea23b33f3c7b600bd37e59ee6a394212cc0783a1fbf2d1ec62b,ddc1d79fef97a88757a644e96769cc72f1d76b239896e6e20a28239b6e934cc2,202613272313,14410.0,35590,50000.0,29887.106515105697,0.597742130302114,0.8397613519276678,-5.9940788433315335,0.0023154835523535684,0.0026142837881995007,0.020204729761432956,0.02565284283927402,0.015389909891784015,0.006361874720528515,0.524746541024929,0.017808027098027868,0.012262768775746169,0.0032004186783889527,-0.9831888419309356,4.650388453592419e-5,8.4120986,0.07299995422363281,0.1640000343322754,experiments\out\revision_2026-09-25\fresh_runs\mridges_mw_d2_B5e4_seed313.jld2
mridges,2,50000.0,359,fresh_v1_2026-09-25,eligible,full_remaining_budget; weight_status=ok,experiments\out\runs\mridges_mw_d2_B5e4_seed359\result.h5,34485617d3cbcd137f1a2f2c087145cb32644902d91dabd4d2c01260371f9dff,180b7cb96cbb23968575fa86b4e74067afbc0ae306ed4f6af185428f68e74606,202613272359,14383.0,35617,50000.0,30303.668941598542,0.6060733788319709,0.8508203650391257,-5.991053920506994,0.0022187438348828413,0.000410639036339866,0.030700855101670407,0.03601743849667662,0.026225163885850833,0.011220890342691803,0.8308955670032598,0.022509215810610606,0.0082476143131609,0.006749397555095141,-1.00653148778212,4.4474547436758544e-5,8.7781629,0.06699991226196289,0.13700008392333984,experiments\out\revision_2026-09-25\fresh_runs\mridges_mw_d2_B5e4_seed359.jld2
mridges,2,50000.0,401,fresh_v1_2026-09-25,eligible,full_remaining_budget; weight_status=ok,experiments\out\runs\mridges_mw_d2_B5e4_seed401\result.h5,0d2c058f3ea1c7f380b041f156922d65d38806deddcc77a3d719d4aaf674f9df,c4664f51e7f78658779481680923502ea92f6d62c9492b372cdee37364e3ef55,202613272401,13968.0,36032,50000.0,29654.235890005464,0.5930847178001093,0.8229972216364749,-5.9958525999394405,0.002443130540989894,0.004388040396106518,0.02317773320773427,0.04811692876271695,0.03750251410526362,0.018870767878786054,0.5189978310002199,0.020072566688944526,0.026150898241698473,0.005315899086734258,-0.8971188508021555,4.7592384595931424e-5,7.7661898,0.06299996376037598,0.38899993896484375,experiments\out\revision_2026-09-25\fresh_runs\mridges_mw_d2_B5e4_seed401.jld2
mridges,2,50000.0,449,fresh_v1_2026-09-25,eligible,full_remaining_budget; weight_status=ok,experiments\out\runs\mridges_mw_d2_B5e4_seed449\result.h5,e29419f528836a58633053f60d4472246f23c4888805d66e99913c99101805f2,17a119a62e8d57a636716fa7d679b6d801b4a2437b50ab45758f362ef4c9540b,202613272449,13167.0,36833,50000.0,30022.106028072518,0.6004421205614504,0.8150871780216794,-5.996508547314359,0.0024817780322410896,0.0050439877710246606,0.026810662546626663,0.04311816089129622,0.016401550644329355,0.022595814844013518,0.5385972899707079,0.00833867231531249,0.024948276570144978,0.005054573773560958,-0.4358944153323178,4.893135269777976e-5,5.6720397,0.06999993324279785,0.11399984359741211,experiments\out\revision_2026-09-25\fresh_runs\mridges_mw_d2_B5e4_seed449.jld2
mridges,2,50000.0,491,fresh_v1_2026-09-25,eligible,full_remaining_budget; weight_status=ok,experiments\out\runs\mridges_mw_d2_B5e4_seed491\result.h5,1f4a4dacc795a11dc3927c054b245cbcf78479801172ee0c3a7c9c2beaa73470,2d0ef9e603390a2a2f1f86f3b82310723083dc0df08f5c2c37675ac66fc5b099,202613272491,13965.0,36035,50000.0,30746.760703263637,0.6149352140652727,0.8532471403708516,-5.989028702612218,0.0021847090233735335,0.0024358569311155875,0.017176564896539646,0.020132524753018986,0.009722725593996895,0.011179943242956902,0.16916184854548866,0.009816841711264068,0.04255708376951728,0.0018023971998085975,-0.708049645189308,4.491136258382429e-5,6.1284575,0.05500006675720215,0.10299992561340332,experiments\out\revision_2026-09-25\fresh_runs\mridges_mw_d2_B5e4_seed491.jld2
mridges,2,50000.0,541,fresh_v1_2026-09-25,eligible,full_remaining_budget; weight_status=ok,experiments\out\runs\mridges_mw_d2_B5e4_seed541\result.h5,2b5dbb5c8d44ebe22451665c5d07243690a2bb46ad52c2e736990e14ca67d3dd,0081261ae5b4ecd2181775517e50dedd976ec65a9f75ca99fea446e13ac75226,202613272541,14867.0,35133,50000.0,29092.330880976435,0.5818466176195287,0.8280628150450128,-5.993282309145011,0.0024310598274730915,0.001817749601676688,0.041757440515114985,0.03774906123079182,0.036243904533936444,0.00865969852248627,0.5989683805353372,0.015247076945096083,0.032681135751228885,0.003957149281766131,-0.7641808929204448,4.955126375623806e-5,8.2963348,0.06699991226196289,0.10699987411499023,experiments\out\revision_2026-09-25\fresh_runs\mridges_mw_d2_B5e4_seed541.jld2
mridges,2,50000.0,587,fresh_v1_2026-09-25,eligible,full_remaining_budget; weight_status=ok,experiments\out\runs\mridges_mw_d2_B5e4_seed587\result.h5,fd4ae3494a97ef76b4ac2c248cde3c211e43dac6deb43deaf9ddda8545d00336,2ce3417cd0de81250bdeb37a0b5d1a29002747e499282df56d6cb44d7849e88d,202613272587,13809.0,36191,50000.0,30214.587206524135,0.6042917441304827,0.8348646681916536,-5.992771150542063,0.0023378232264778744,0.0013065909987286517,0.042657419854253684,0.035952620465414004,0.004368548326377564,0.012817502089477184,0.818937692873994,0.01608352800192092,0.012361025343317289,0.003923552000454453,-0.9106531316038479,4.6391247704761335e-5,8.1998798,0.06800007820129395,0.09599995613098145,experiments\out\revision_2026-09-25\fresh_runs\mridges_mw_d2_B5e4_seed587.jld2
mridges,2,50000.0,631,fresh_v1_2026-09-25,eligible,full_remaining_budget; weight_status=ok,experiments\out\runs\mridges_mw_d2_B5e4_seed631\result.h5,d0b1f01b815714ee031d58e2ce47280fbdab7efce15d4c2cef93dd07ea4b2738,402215a5558c2951a7526ea7c5be1687d159fbcfff03408c5346fb53d374ab96,202613272631,14822.0,35178,50000.0,29697.221125510798,0.593944422510216,0.844198678876309,-5.993183991717922,0.002290486105514919,0.0017194321745881425,0.028212639834685922,0.05627598089291678,0.02613971288024519,0.018467997634063593,0.6435312601677565,0.022658793662365895,0.018942684187428727,0.005460603219178697,-0.9922312835970488,4.8215552691740795e-5,7.9508919,0.05099987983703613,0.09200000762939453,experiments\out\revision_2026-09-25\fresh_runs\mridges_mw_d2_B5e4_seed631.jld2
mridges,2,50000.0,677,fresh_v1_2026-09-25,eligible,full_remaining_budget; weight_status=ok,experiments\out\runs\mridges_mw_d2_B5e4_seed677\result.h5,4b948bae1d50c41af93b6f2620a9eff3d7859b69d1e877a1945ff3cd6b19eeda,326958686c045330fa0a9fc688decd4fea135f5ac4fc08d2c1b08d281431f52e,202613272677,12732.0,37268,50000.0,30177.81783164697,0.6035563566329394,0.8097514712795688,-5.992188710145848,0.0025108266934322884,0.0007241506025144062,0.0276878000454093,0.02947608767411184,0.025582402956441097,0.009306920683971764,0.6513085326905732,0.01243185413531922,0.034125763135148146,0.002576235797802931,-0.7252469838860027,4.829720223506554e-5,4.193924,0.04800009727478027,0.38899993896484375,experiments\out\revision_2026-09-25\fresh_runs\mridges_mw_d2_B5e4_seed677.jld2
mridges,2,500000.0,11,fresh_v1_2026-09-25,eligible,full_remaining_budget; weight_status=ok,experiments\out\runs\mridges_mw_d2_B5e5_seed11\result.h5,a153fbb58c8cdc1efd46517901e9dc181874006f334d165a84e2f2273b3794bf,be13aff6561182dd95958395bdb51fdc9c74ad2cdd6c3d78bf684ab852c13532,202613273011,18440.0,481560,500000.0,405271.7906311131,0.8105435812622263,0.8415810919327044,-5.9909802927313685,0.0006252163405132597,0.0004842668119655613,0.0480584855543299,0.033757824944356446,0.021043454568292486,0.009369216328282803,0.2511990598942737,0.007723732047657972,0.030909778178177083,0.0016028971242262324,-0.9393901241574115,3.3537664199090872e-6,9.0123692,4.111000061035156,0.3920001983642578,experiments\out\revision_2026-09-25\fresh_runs\mridges_mw_d2_B5e5_seed11.jld2
mridges,2,500000.0,23,fresh_v1_2026-09-25,eligible,full_remaining_budget; weight_status=ok,experiments\out\runs\mridges_mw_d2_B5e5_seed23\result.h5,f48a51025d6a909c5fac1764281eba8284472e060bf93997709ef91e6ebcb430,800ff643f038f5300d990ee7939c1581f54d838902fc50a4cd8a8a1d34ea9628,202613273023,17599.0,482401,500000.0,405028.7566512694,0.8100575133025387,0.8396101099526523,-5.991699977640631,0.0006292823710528977,0.00023541809729721308,0.028748221396900784,0.03149120762536944,0.024922540390352577,0.006674994318175198,0.33499207842453105,0.004650307214469684,0.014918851870852068,0.0007989233462847162,-0.9857908770453699,3.4495452063357736e-6,8.0604989,1.247999906539917,0.6319999694824219,experiments\out\revision_2026-09-25\fresh_runs\mridges_mw_d2_B5e5_seed23.jld2
mridges,2,500000.0,41,fresh_v1_2026-09-25,eligible,full_remaining_budget; weight_status=ok,experiments\out\runs\mridges_mw_d2_B5e5_seed41\result.h5,f59c58e7d2fbdbeff5bfaba5eb3bf52f95c1fa2f1b9317d16d098f579bc9553a,47ddc84a97fbd126b056aef03c88f13865c8a92cf1ea1e4d185038c3e362a771,202613273041,18185.0,481815,500000.0,408000.82231288706,0.8160016446257741,0.8467997515911441,-5.99122627940382,0.0006127724276872291,0.00023828013951376903,0.042346452119442754,0.03422690877290293,0.02671842266376956,0.015458926940547624,0.4878383133104349,0.004832272756060796,0.010214358033412418,0.0012952221312007017,-0.9279916491612252,3.2409919164265093e-6,11.067594,1.2599999904632568,0.24000000953674316,experiments\out\revision_2026-09-25\fresh_runs\mridges_mw_d2_B5e5_seed41.jld2
mridges,2,500000.0,67,fresh_v1_2026-09-25,eligible,full_remaining_budget; weight_status=ok,experiments\out\runs\mridges_mw_d2_B5e5_seed67\result.h5,8fbfe5f3059e6fe61e91a29882b301783eeb514c0a1dca912b4e928d3117a903,55cccb40073d6043c7fc388155d0d927111e9fb10725146d906e3aa9ac242cf3,202613273067,17967.0,482033,500000.0,400083.00816025474,0.8001660163205094,0.8299909096685387,-5.991922222377118,0.000651870035545425,0.00045766283378423367,0.022707937449646814,0.06586626900199202,0.011744967432471665,0.009508592551277228,0.34098640824340243,0.01253838336803037,0.01626087168985646,0.0018396865358888126,-0.9466794797934669,3.394747466135762e-6,9.1361091,1.4270000457763672,0.3149998188018799,experiments\out\revision_2026-09-25\fresh_runs\mridges_mw_d2_B5e5_seed67.jld2
mridges,2,500000.0,97,fresh_v1_2026-09-25,eligible,full_remaining_budget; weight_status=ok,experiments\out\runs\mridges_mw_d2_B5e5_seed97\result.h5,7bfca2e70464b648881421dbad914ce61669bd8706b9a454da8e06e120bac93d,938ac90b62365f16c14295347f8adfa6feb5fb8ab2efed88a9a9c509cfc8f378,202613273097,18539.0,481461,500000.0,417033.6093411478,0.8340672186822956,0.8661835732097674,-5.99165456704953,0.0005664599192550299,0.0001900075061955775,0.030871904077973755,0.039238222214477717,0.00775730234275418,0.007414122275328339,0.3492378132182956,0.007308320208907926,0.014052359288007077,0.0006383253175265557,0.05729946181836739,6.001881623916228e-6,8.2222089,1.6110000610351562,0.3489999771118164,experiments\out\revision_2026-09-25\fresh_runs\mridges_mw_d2_B5e5_seed97.jld2
mridges,2,500000.0,113,fresh_v1_2026-09-25,eligible,full_remaining_budget; weight_status=ok,experiments\out\runs\mridges_mw_d2_B5e5_seed113\result.h5,efcd202e1d7661f12c1d4c716f8c8e4bc278547aa94327895b3dacecc058d108,157e95ea655613a51332f4e615c135d7a43ed3fb91ec6df0293eeedb9a1418e5,202613273113,18534.0,481466,500000.0,415734.4167155523,0.8314688334311046,0.8634761680275498,-5.991662898509454,0.0005730549195528747,0.00019833896612020396,0.03386703085713851,0.046801268465263925,0.011045232926433002,0.018582692376830412,0.5614313922417398,0.016725027534065795,0.011297131052260712,0.0021667002133390623,-0.9567829571183999,3.0998310285907244e-6,8.1705514,1.2960000038146973,0.22899985313415527,experiments\out\revision_2026-09-25\fresh_runs\mridges_mw_d2_B5e5_seed113.jld2
mridges,2,500000.0,137,fresh_v1_2026-09-25,eligible,full_remaining_budget; weight_status=ok,experiments\out\runs\mridges_mw_d2_B5e5_seed137\result.h5,6f28c1a1933e0b22ffdddf4582250d5baebf1e82fcda512207c110629fe47cfe,1642e0a1894cb33738fadc321764140cce0fb7b4f18396b1b2c28175530db071,202613273137,18877.0,481123,500000.0,404860.2755811062,0.8097205511622124,0.8414901710812125,-5.992303100963954,0.0006257134859952571,0.0008385414206202313,0.023891769743437104,0.03698708945583581,0.023384736531042005,0.00756414011475437,0.4459322155599954,0.021786997856699575,0.023253526620268916,0.0017684838642111622,-0.9214451715911355,3.5772947794130106e-6,6.7187464,0.9549999237060547,0.5390000343322754,experiments\out\revision_2026-09-25\fresh_runs\mridges_mw_d2_B5e5_seed137.jld2
mridges,2,500000.0,173,fresh_v1_2026-09-25,eligible,full_remaining_budget; weight_status=ok,experiments\out\runs\mridges_mw_d2_B5e5_seed173\result.h5,44d8491f86b3f0758b2eb6f2b84d2a2a6ce778db81c905725e59c77e19809ed2,165429e14bac955ea52a379ff2e10611b0a389cbffc45069e3a644c935af6e02,202613273173,19147.0,480853,500000.0,409040.83902559115,0.8180816780511823,0.8506567267451615,-5.992077698623884,0.0006042400360983943,0.0006131390805501624,0.07839442329086757,0.05300659773265078,0.021406272961958628,0.002956079929049782,0.5898965812501669,0.008062327940872027,0.008496850461276795,0.0011335923322361718,-0.9624417617278217,3.3517192695534746e-6,6.5985165,0.8619999885559082,0.20000004768371582,experiments\out\revision_2026-09-25\fresh_runs\mridges_mw_d2_B5e5_seed173.jld2
mridges,2,500000.0,211,fresh_v1_2026-09-25,eligible,full_remaining_budget; weight_status=ok,experiments\out\runs\mridges_mw_d2_B5e5_seed211\result.h5,1e99925a88cbce82ba320667774c003312d53e458eaa6949e6c66c257818f6a4,88a9e45e90d1b43b2a1ac8571bee746eaf62c4a4dcaca67d67e5fac33b216ccc,202613273211,18004.0,481996,500000.0,406393.68295894976,0.8127873659178996,0.8431474181506688,-5.9918767425069825,0.000621258525480782,0.000412182963648533,0.030875230862775046,0.03357904445978339,0.005720597984547382,0.029893302669062205,0.3280301461612587,0.008968935544117596,0.02487891638272033,0.0009901894315831467,-0.9775393203171525,3.3881387115235504e-6,6.6565015,0.8970000743865967,0.1790001392364502,experiments\out\revision_2026-09-25\fresh_runs\mridges_mw_d2_B5e5_seed211.jld2
mridges,2,500000.0,239,fresh_v1_2026-09-25,eligible,full_remaining_budget; weight_status=ok,experiments\out\runs\mridges_mw_d2_B5e5_seed239\result.h5,f59fb0755fcb6faa050ba180a91d6e5594056bfbcdbda6bbe3a76a5b7f245096,f77e7c999697a49ab960769b5373a640db56440cc90dc6b76338fcd25621c156,202613273239,18363.0,481637,500000.0,409319.0966182673,0.8186381932365346,0.8498497761141011,-5.990849795687207,0.0006056643181479531,0.0006147638561273538,0.026521781612515727,0.01886330567246484,0.007842340801634151,0.0038254129941459603,0.7064724944712399,0.010922802508943175,0.015271383425610852,0.001396084772901443,-0.9801233377757224,3.319966252193737e-6,8.4314396,0.8669998645782471,0.24000000953674316,experiments\out\revision_2026-09-25\fresh_runs\mridges_mw_d2_B5e5_seed239.jld2
mridges,2,500000.0,277,fresh_v1_2026-09-25,eligible,full_remaining_budget; weight_status=ok,experiments\out\runs\mridges_mw_d2_B5e5_seed277\result.h5,c5429e8687af65acdc384b0035369297c71e20cf36853eefdff172ee07e346df,3c7d96e718630ffb9e5e1adce125819a626a43e62d54a014045041e1a46a6e1a,202613273277,16951.0,483049,500000.0,399417.2344796833,0.7988344689593666,0.8268669109752494,-5.9901868617391285,0.0006583800138210965,0.001277697804205502,0.016894664359918193,0.03883621517827738,0.01392428411445712,0.007553559948709321,0.6272587080169962,0.013853220738150984,0.018414474286623017,0.0011231536159046346,-1.0029297735046547,3.443365378518246e-6,6.7840731,0.8119997978210449,0.2239999771118164,experiments\out\revision_2026-09-25\fresh_runs\mridges_mw_d2_B5e5_seed277.jld2
mridges,2,500000.0,313,fresh_v1_2026-09-25,eligible,full_remaining_budget; weight_status=ok,experiments\out\runs\mridges_mw_d2_B5e5_seed313\result.h5,a05b8dc5ec56ce4d31048086f4fbe2de38e37da97ef25829b1cf93b6203d05ab,72bd4197ab999249c36f54c3fc714b4d1a89645f8e69f742e9d67f717434b489,202613273313,17784.0,482216,500000.0,404072.22709161387,0.8081444541832278,0.8379486103563836,-5.991645533476127,0.0006332816136549953,0.00018097393279337126,0.019523797497592928,0.024606166628488257,0.008780092765865,0.018844307796422655,0.3301757437290751,0.004867928320754444,0.022915045226605146,0.001229777173328478,-0.9784043173462769,3.507091078166749e-6,8.599723,1.0360000133514404,0.2109999656677246,experiments\out\revision_2026-09-25\fresh_runs\mridges_mw_d2_B5e5_seed313.jld2
mridges,2,500000.0,359,fresh_v1_2026-09-25,eligible,full_remaining_budget; weight_status=ok,experiments\out\runs\mridges_mw_d2_B5e5_seed359\result.h5,689ea8c8b807be70832ff6298063a23bd08a7a9c90407486ec4446ad27f6aa4c,76d9410614a7719d734c4f6e41c0f16160336452b7695dc4630b176c34aa8090,202613273359,17912.0,482088,500000.0,399608.85024365044,0.7992177004873009,0.8289126679022304,-5.991026664945023,0.0006543217820362399,0.00043789459831078403,0.039557493750537374,0.05870325036672578,0.0350272596563892,0.017909984311319516,0.6608997937122507,0.011139818895860465,0.02579572633681182,0.0013002260502029267,-0.9630489264729484,3.4674604682439946e-6,8.0355976,1.1659998893737793,0.3280000686645508,experiments\out\revision_2026-09-25\fresh_runs\mridges_mw_d2_B5e5_seed359.jld2
mridges,2,500000.0,401,fresh_v1_2026-09-25,eligible,full_remaining_budget; weight_status=ok,experiments\out\runs\mridges_mw_d2_B5e5_seed401\result.h5,4d905e00c7b15b18f6eef28d48045f2e545236e616c876d638e62428b7ce9b54,e059ee7018c28eb9900fde34c27d1fc9f1c31757de8e2f862c525a95461bf5be,202613273401,19072.0,480928,500000.0,401231.0989654426,0.8024621979308852,0.8342851715130801,-5.99079395599938,0.0006426631408137845,0.0006706035439538738,0.03658855607226052,0.016615689837576348,0.022360514262454778,0.01033387525161622,0.24540418127191876,0.010292772812070528,0.00941997566507724,0.0010011685940733012,-0.9496496832226602,3.603117832568934e-6,8.0832455,1.13100004196167,0.6440000534057617,experiments\out\revision_2026-09-25\fresh_runs\mridges_mw_d2_B5e5_seed401.jld2
mridges,2,500000.0,449,fresh_v1_2026-09-25,eligible,full_remaining_budget; weight_status=ok,experiments\out\runs\mridges_mw_d2_B5e5_seed449\result.h5,20013741dc3bddfc2dd35c74d7dccbe6721745c4e1bd522e7f12aa9fb5d5b38f,b6ff9481b94ad2307a831af3c203293242e3dfcccb07771649a44deeffdcc032,202613273449,17670.0,482330,500000.0,406786.7892928058,0.8135735785856116,0.8433785775149915,-5.992305264330388,0.0006205005371684671,0.0008407047870537809,0.04289633057925078,0.03420692026500592,0.024250608829247344,0.013958712223245406,0.7906195550914803,0.003276833830915482,0.01221773164357809,0.0015367799370254176,-1.008388503733262,3.355423153424208e-6,5.1430076,1.2259998321533203,0.3710000514984131,experiments\out\revision_2026-09-25\fresh_runs\mridges_mw_d2_B5e5_seed449.jld2
mridges,2,500000.0,491,fresh_v1_2026-09-25,eligible,full_remaining_budget; weight_status=ok,experiments\out\runs\mridges_mw_d2_B5e5_seed491\result.h5,c798163e2d1166ee11719c687f207af8088b732dc7dd7f51b6e743242eaa94cc,57917bc2205305fcacf367a922fbe2fb618abf6e880a3238420673dd24860b7f,202613273491,18759.0,481241,500000.0,406151.1699374197,0.8123023398748395,0.8439662662520852,-5.9926531221886155,0.0006198197294949306,0.0011885626452814435,0.04626112611332191,0.035554998562683016,0.031499029628351494,0.023178636160666066,0.3741017237479123,0.013156677226505487,0.011042889394383026,0.0006440082889445781,-0.956422326810098,3.5768759878400956e-6,6.9457302,1.3650000095367432,0.24399995803833008,experiments\out\revision_2026-09-25\fresh_runs\mridges_mw_d2_B5e5_seed491.jld2
mridges,2,500000.0,541,fresh_v1_2026-09-25,eligible,full_remaining_budget; weight_status=ok,experiments\out\runs\mridges_mw_d2_B5e5_seed541\result.h5,85f7af81a9638ab9b8e77016c0d92645fecb6fbe797f752ba36589ee400d7114,3bc643b3b903c29b66ffb5abd417b8b387b2e1736d5431ef700cd4e1b18cb6b6,202613273541,18224.0,481776,500000.0,405529.2952058819,0.8110585904117638,0.8417382667585805,-5.9909630331044434,0.0006247076761577163,0.0005015264388905649,0.033179488982220166,0.03845401607345899,0.011375389044646855,0.01832404028262591,0.7729834831987579,0.007183813571063791,0.010097448388129537,0.00024369381592295736,-0.9241625129723311,3.4676718818390927e-6,19.6794678,0.9900000095367432,0.6019999980926514,experiments\out\revision_2026-09-25\fresh_runs\mridges_mw_d2_B5e5_seed541.jld2
mridges,2,500000.0,587,fresh_v1_2026-09-25,eligible,full_remaining_budget; weight_status=ok,experiments\out\runs\mridges_mw_d2_B5e5_seed587\result.h5,194972410de0def8df8724563576d8324ff4268c77a62a8673806a05c5c87d3d,6a20a570fcade22d4f7e97d21b1ae97a17b6b4c829c865a19ba0104e27dc85eb,202613273587,17438.0,482562,500000.0,396689.1861149401,0.7933783722298802,0.8220481225520039,-5.990718395881828,0.0006697706406384857,0.0007461636615060385,0.04586204358941415,0.04746242361977541,0.01433327603204404,0.0014908910352851024,0.3505632689964302,0.007328938120434891,0.012645103232934884,0.0012144404196586939,-0.992430707465434,3.572669523844949e-6,7.2371671,0.9689998626708984,0.21799993515014648,experiments\out\revision_2026-09-25\fresh_runs\mridges_mw_d2_B5e5_seed587.jld2
mridges,2,500000.0,631,fresh_v1_2026-09-25,eligible,full_remaining_budget; weight_status=ok,experiments\out\runs\mridges_mw_d2_B5e5_seed631\result.h5,feab21355213946a364dbca0a801b31d36dec9856f073e9910a9d6b4dd3669f1,8553451bbb6b2ac3edae8caa010f0d2b25e4350e5a68ba9ce7bd03bb645799cd,202613273631,17656.0,482344,500000.0,406840.4969499322,0.8136809938998644,0.8434654457190971,-5.993114003314029,0.0006202874900702116,0.0016494437706953136,0.05357304894047263,0.04432122832249109,0.013552128120710272,0.01293013876329141,0.8305913082620973,0.015617400993028774,0.01677517817036489,0.001583203524357854,-0.7772649660783306,3.27276099328892e-6,7.5049484,0.9609999656677246,0.5940001010894775,experiments\out\revision_2026-09-25\fresh_runs\mridges_mw_d2_B5e5_seed631.jld2
mridges,2,500000.0,677,fresh_v1_2026-09-25,eligible,full_remaining_budget; weight_status=ok,experiments\out\runs\mridges_mw_d2_B5e5_seed677\result.h5,e3a33370d8d3503c9e0ae19ec2340ff7b53402ebe9c08f421254ec8493d6d626,ba77ca93f99b725a03e429018cd428b16ea6dc10cd16654322866290df99b04f,202613273677,17482.0,482518,500000.0,406992.0757232586,0.8139841514465173,0.8434754262499193,-5.990815712686316,0.000620152199234712,0.0006488468570182704,0.04604874689895069,0.030584244781823408,0.007376165316685501,0.024652199777475126,0.6327309477675158,0.00924354785968129,0.01474756040523073,0.0009602083651945315,-0.9968102122759906,3.3339635672175573e-6,8.3799512,1.1059999465942383,0.20799994468688965,experiments\out\revision_2026-09-25\fresh_runs\mridges_mw_d2_B5e5_seed677.jld2
mridges,5,5000.0,11,fresh_v1_2026-09-25,unavailable,exceeds_strict_budget,experiments\out\runs\mridges_mw_d5_B5e3_seed11\result.h5,7338f3a0ab8abffcd319702875009c05fc44010caca9e13b977be9e8bbdb7303,2ee8e1d2673f4b11674d8734dd8e221041054f83f0e6e654f36aefa6bebef85d,202613301011,5639.0,0,5639.0,NaN,NaN,NaN,NaN,NaN,NaN,NaN,NaN,NaN,NaN,NaN,NaN,NaN,NaN,NaN,NaN,9.7057189,NaN,NaN,experiments\out\revision_2026-09-25\fresh_runs\mridges_mw_d5_B5e3_seed11.jld2
mridges,5,5000.0,23,fresh_v1_2026-09-25,unavailable,exceeds_strict_budget,experiments\out\runs\mridges_mw_d5_B5e3_seed23\result.h5,e3309fb70b4ce3c0b65808f78b54bf47c996901682ec97d8b98a84349eeebbae,d0a8de8a4cacceb77ae758f62dfb599a6a82e718c67055cde60af7b9217cb912,202613301023,5253.0,0,5253.0,NaN,NaN,NaN,NaN,NaN,NaN,NaN,NaN,NaN,NaN,NaN,NaN,NaN,NaN,NaN,NaN,1.4731353,NaN,NaN,experiments\out\revision_2026-09-25\fresh_runs\mridges_mw_d5_B5e3_seed23.jld2
mridges,5,5000.0,41,fresh_v1_2026-09-25,unavailable,exceeds_strict_budget,experiments\out\runs\mridges_mw_d5_B5e3_seed41\result.h5,b7b0a930d48226311e58d8b418f9de1d02bc43b8bec0672e3928bc04e3797286,62aeef78a878504b41f52bdfebcae8f54d4ba2648a5e2df8ee605c6dad10657f,202613301041,5696.0,0,5696.0,NaN,NaN,NaN,NaN,NaN,NaN,NaN,NaN,NaN,NaN,NaN,NaN,NaN,NaN,NaN,NaN,1.394038,NaN,NaN,experiments\out\revision_2026-09-25\fresh_runs\mridges_mw_d5_B5e3_seed41.jld2
mridges,5,5000.0,67,fresh_v1_2026-09-25,unavailable,exceeds_strict_budget,experiments\out\runs\mridges_mw_d5_B5e3_seed67\result.h5,55972798e1c1229ba89809eb1aab142e55288fbe553753feec1aa136fd24505c,c76f16b901a3f8565847003d5dec9541c3b15bf0542dbcc0b2c5b3bec69810b3,202613301067,5438.0,0,5438.0,NaN,NaN,NaN,NaN,NaN,NaN,NaN,NaN,NaN,NaN,NaN,NaN,NaN,NaN,NaN,NaN,0.6949458,NaN,NaN,experiments\out\revision_2026-09-25\fresh_runs\mridges_mw_d5_B5e3_seed67.jld2
mridges,5,5000.0,97,fresh_v1_2026-09-25,unavailable,exceeds_strict_budget,experiments\out\runs\mridges_mw_d5_B5e3_seed97\result.h5,15a1f8c435d02a3ff89ab4ced385c616116d618c3c99194619977b14a497122b,3957d14664779935521081b4b2ef1a105954a3f16435412c2a5517b45730c85c,202613301097,5193.0,0,5193.0,NaN,NaN,NaN,NaN,NaN,NaN,NaN,NaN,NaN,NaN,NaN,NaN,NaN,NaN,NaN,NaN,0.2042411,NaN,NaN,experiments\out\revision_2026-09-25\fresh_runs\mridges_mw_d5_B5e3_seed97.jld2
mridges,5,5000.0,113,fresh_v1_2026-09-25,unavailable,exceeds_strict_budget,experiments\out\runs\mridges_mw_d5_B5e3_seed113\result.h5,94d6539477b9ff288fd823727e43cd0013969a603f174cee7d7bea3671a66702,e2e7c3df4d5a6d7477afbf66be3955dce9bc16023fe45f7a8514366723e70c29,202613301113,5189.0,0,5189.0,NaN,NaN,NaN,NaN,NaN,NaN,NaN,NaN,NaN,NaN,NaN,NaN,NaN,NaN,NaN,NaN,0.2036222,NaN,NaN,experiments\out\revision_2026-09-25\fresh_runs\mridges_mw_d5_B5e3_seed113.jld2
mridges,5,5000.0,137,fresh_v1_2026-09-25,unavailable,exceeds_strict_budget,experiments\out\runs\mridges_mw_d5_B5e3_seed137\result.h5,cffe8256f9fd86f82544130e7e03d821a855edc6629b73eab7417b2274f9e719,015c4769c47b24ee9174db150e68362a6b471ada8ee9f0011b76a74419743f5d,202613301137,5778.0,0,5778.0,NaN,NaN,NaN,NaN,NaN,NaN,NaN,NaN,NaN,NaN,NaN,NaN,NaN,NaN,NaN,NaN,0.2220131,NaN,NaN,experiments\out\revision_2026-09-25\fresh_runs\mridges_mw_d5_B5e3_seed137.jld2
mridges,5,5000.0,173,fresh_v1_2026-09-25,unavailable,exceeds_strict_budget,experiments\out\runs\mridges_mw_d5_B5e3_seed173\result.h5,0048313b29cd8b7332a5b1e1d6da17f8aeaf690726ed33f90a17d2cf81d339f0,ca58af328a77a929a497fd4ad88cf4b31038d3da43e04fe4ac61376409a8acfa,202613301173,5076.0,0,5076.0,NaN,NaN,NaN,NaN,NaN,NaN,NaN,NaN,NaN,NaN,NaN,NaN,NaN,NaN,NaN,NaN,0.1571928,NaN,NaN,experiments\out\revision_2026-09-25\fresh_runs\mridges_mw_d5_B5e3_seed173.jld2
mridges,5,5000.0,211,fresh_v1_2026-09-25,unavailable,exceeds_strict_budget,experiments\out\runs\mridges_mw_d5_B5e3_seed211\result.h5,611e70185400168a1ce13c90807913c7b87ee70e6fe1dcc8bdded07c0ffd30c9,ac9ca85353c8c1042fc75cdd459ee2143abc62506f2afe3048135aafb0829223,202613301211,5539.0,0,5539.0,NaN,NaN,NaN,NaN,NaN,NaN,NaN,NaN,NaN,NaN,NaN,NaN,NaN,NaN,NaN,NaN,0.2023788,NaN,NaN,experiments\out\revision_2026-09-25\fresh_runs\mridges_mw_d5_B5e3_seed211.jld2
mridges,5,5000.0,239,fresh_v1_2026-09-25,unavailable,exceeds_strict_budget,experiments\out\runs\mridges_mw_d5_B5e3_seed239\result.h5,53bb571909cbba7faa4a849eae16200d13251fc3d5968d8e676fc7a2dd87ec2a,339cbcdd79b0f87959b80f76e25873550c4f02503bf13ec70f318a0616221434,202613301239,5357.0,0,5357.0,NaN,NaN,NaN,NaN,NaN,NaN,NaN,NaN,NaN,NaN,NaN,NaN,NaN,NaN,NaN,NaN,0.2264045,NaN,NaN,experiments\out\revision_2026-09-25\fresh_runs\mridges_mw_d5_B5e3_seed239.jld2
mridges,5,5000.0,277,fresh_v1_2026-09-25,unavailable,exceeds_strict_budget,experiments\out\runs\mridges_mw_d5_B5e3_seed277\result.h5,896d1b7526c4a738eb673e8ff6cfd9d97174cc9f90dbf45e3775c3125d6ba5dd,d6c4c102ba592fc5695df03aa28384933c338c88101388e13c5af0e2f9cf3cf1,202613301277,5062.0,0,5062.0,NaN,NaN,NaN,NaN,NaN,NaN,NaN,NaN,NaN,NaN,NaN,NaN,NaN,NaN,NaN,NaN,0.6286754,NaN,NaN,experiments\out\revision_2026-09-25\fresh_runs\mridges_mw_d5_B5e3_seed277.jld2
mridges,5,5000.0,313,fresh_v1_2026-09-25,unavailable,exceeds_strict_budget,experiments\out\runs\mridges_mw_d5_B5e3_seed313\result.h5,7c3623e236d00d146a3804f3459d16403e78dcae35a5645b905cd02b2112badb,65070ea8f922b4d323086e56366a823110315b06b4f3c3b441ea24af2c069d5a,202613301313,5022.0,0,5022.0,NaN,NaN,NaN,NaN,NaN,NaN,NaN,NaN,NaN,NaN,NaN,NaN,NaN,NaN,NaN,NaN,0.6205143,NaN,NaN,experiments\out\revision_2026-09-25\fresh_runs\mridges_mw_d5_B5e3_seed313.jld2
mridges,5,5000.0,359,fresh_v1_2026-09-25,unavailable,exceeds_strict_budget,experiments\out\runs\mridges_mw_d5_B5e3_seed359\result.h5,bf88ee96a61995f82d8aa2ce4e2e478e5351fbf8ed4b303406e574844af5f305,4762a4508f83463151ba5bfc889477f118abefe5f99d8459513ed069475bd584,202613301359,5506.0,0,5506.0,NaN,NaN,NaN,NaN,NaN,NaN,NaN,NaN,NaN,NaN,NaN,NaN,NaN,NaN,NaN,NaN,0.7971495,NaN,NaN,experiments\out\revision_2026-09-25\fresh_runs\mridges_mw_d5_B5e3_seed359.jld2
mridges,5,5000.0,401,fresh_v1_2026-09-25,unavailable,exceeds_strict_budget,experiments\out\runs\mridges_mw_d5_B5e3_seed401\result.h5,2a051e389f45c72d5cdff44bcec5b59c09f32d610eeb4bd233caa252e07b9a2f,f5ac7842d099965de11f19beb0e24a7cfb5fd11c41679be96c785f6ebbf654dd,202613301401,5952.0,0,5952.0,NaN,NaN,NaN,NaN,NaN,NaN,NaN,NaN,NaN,NaN,NaN,NaN,NaN,NaN,NaN,NaN,0.8759825,NaN,NaN,experiments\out\revision_2026-09-25\fresh_runs\mridges_mw_d5_B5e3_seed401.jld2
mridges,5,5000.0,449,fresh_v1_2026-09-25,unavailable,exceeds_strict_budget,experiments\out\runs\mridges_mw_d5_B5e3_seed449\result.h5,edaca2262ca60f412712ab60ef98b3b8daa01a7ca86038a41dda922aee675649,55b09af77990f81ca4e6768ca42b5a36c36d0d9d0ab6865b55e150afb5fbf6d1,202613301449,5217.0,0,5217.0,NaN,NaN,NaN,NaN,NaN,NaN,NaN,NaN,NaN,NaN,NaN,NaN,NaN,NaN,NaN,NaN,0.9458925,NaN,NaN,experiments\out\revision_2026-09-25\fresh_runs\mridges_mw_d5_B5e3_seed449.jld2
mridges,5,5000.0,491,fresh_v1_2026-09-25,unavailable,exceeds_strict_budget,experiments\out\runs\mridges_mw_d5_B5e3_seed491\result.h5,b6d770d17b411af97fc57303c988c7e362bb26529de4170093f9a5d19fe03ffb,38956e2aa93ab5ff52d126e3992e30ed1c65ef132a7b634d9bbb4c052504cc1d,202613301491,5531.0,0,5531.0,NaN,NaN,NaN,NaN,NaN,NaN,NaN,NaN,NaN,NaN,NaN,NaN,NaN,NaN,NaN,NaN,0.8048102,NaN,NaN,experiments\out\revision_2026-09-25\fresh_runs\mridges_mw_d5_B5e3_seed491.jld2
mridges,5,5000.0,541,fresh_v1_2026-09-25,unavailable,exceeds_strict_budget,experiments\out\runs\mridges_mw_d5_B5e3_seed541\result.h5,2464796ce8f3974d01ace8977a6c37f3e25eab4db56148ed49a44f9ffe290192,7841a4a83fee6673ec95f417cd34cbc2dfee2f78d8e443c2404791ae5de1842a,202613301541,5402.0,0,5402.0,NaN,NaN,NaN,NaN,NaN,NaN,NaN,NaN,NaN,NaN,NaN,NaN,NaN,NaN,NaN,NaN,0.2819403,NaN,NaN,experiments\out\revision_2026-09-25\fresh_runs\mridges_mw_d5_B5e3_seed541.jld2
mridges,5,5000.0,587,fresh_v1_2026-09-25,unavailable,exceeds_strict_budget,experiments\out\runs\mridges_mw_d5_B5e3_seed587\result.h5,bebf2e59f78e0820698add140f6153ea92ac2d39ae9ff2d029c2eb2b8b9728ce,bb5fe5b526dff3044e4d82b8911fa9b87a33ea204154bb5a0381b45942dab484,202613301587,5734.0,0,5734.0,NaN,NaN,NaN,NaN,NaN,NaN,NaN,NaN,NaN,NaN,NaN,NaN,NaN,NaN,NaN,NaN,0.3043083,NaN,NaN,experiments\out\revision_2026-09-25\fresh_runs\mridges_mw_d5_B5e3_seed587.jld2
mridges,5,5000.0,631,fresh_v1_2026-09-25,unavailable,exceeds_strict_budget,experiments\out\runs\mridges_mw_d5_B5e3_seed631\result.h5,ba45d26a7696beafc147b0fcef10ba48ad0a4adedd70226637c938f201d81391,5af76f03b3310e8bd7d66acab6c34d90dca64e9f7861a47e5267a1b4e27679db,202613301631,5059.0,0,5059.0,NaN,NaN,NaN,NaN,NaN,NaN,NaN,NaN,NaN,NaN,NaN,NaN,NaN,NaN,NaN,NaN,0.1403732,NaN,NaN,experiments\out\revision_2026-09-25\fresh_runs\mridges_mw_d5_B5e3_seed631.jld2
mridges,5,5000.0,677,fresh_v1_2026-09-25,unavailable,exceeds_strict_budget,experiments\out\runs\mridges_mw_d5_B5e3_seed677\result.h5,f0a373409ffe4744d710f80ca50ffe013ea9668ada6587e4f7adfaaf9926be4d,06622bd5ad21fd78c1c1ff05b7b742edec50a5dd37777f5ec2c9999cea4a79da,202613301677,6012.0,0,6012.0,NaN,NaN,NaN,NaN,NaN,NaN,NaN,NaN,NaN,NaN,NaN,NaN,NaN,NaN,NaN,NaN,0.2555437,NaN,NaN,experiments\out\revision_2026-09-25\fresh_runs\mridges_mw_d5_B5e3_seed677.jld2
mridges,5,50000.0,11,fresh_v1_2026-09-25,eligible,full_remaining_budget; weight_status=ok,experiments\out\runs\mridges_mw_d5_B5e4_seed11\result.h5,671c7196150b7970527d2e6f778d006f9c9f4329cbb8fead04b0275b335b573b,fc3382d9fe49c094064815445b1b6776c7f40e7ba4b4ac20588e5e2d328017be,202613302011,13229.0,36771,50000.0,1268.3017069373434,0.025366034138746867,0.034491901415173463,-15.500396806021323,0.027590951132089304,0.5217353891741432,0.4493708169557902,0.5201311841517041,0.1535316018269433,0.6161557448993988,1.1873254067093981,0.1558000262084483,0.14792629377863314,0.4032513987532107,0.8990651085192441,0.025061658490715736,7.8132977,0.125,0.13199996948242188,experiments\out\revision_2026-09-25\fresh_runs\mridges_mw_d5_B5e4_seed11.jld2
mridges,5,50000.0,23,fresh_v1_2026-09-25,eligible,full_remaining_budget; weight_status=ok,experiments\out\runs\mridges_mw_d5_B5e4_seed23\result.h5,811496889cf74167d57e31ba459e4a49025854c5dba9084bffc66f2245148772,d7f649da1d55f773042f0ec53222873dc59779efc37c943fc0d9c42156117bd1,202613302023,13201.0,36799,50000.0,1900.6894335957631,0.038013788671915266,0.051650572939366916,-15.524347639388246,0.022337193835094877,0.5456862225410664,0.4664216511030654,0.5640451333509273,0.2572923711950959,0.7052047811575106,1.191054288784636,0.12113874000610236,0.17339338996190365,0.4038510614805588,0.7040412079794494,0.019934883651620678,5.1241793,0.11300015449523926,0.14800000190734863,experiments\out\revision_2026-09-25\fresh_runs\mridges_mw_d5_B5e4_seed23.jld2
mridges,5,50000.0,41,fresh_v1_2026-09-25,eligible,full_remaining_budget; weight_status=ok,experiments\out\runs\mridges_mw_d5_B5e4_seed41\result.h5,1f00c536eb7ea1cd3d906427713fe74647aea1acaa9101ec568a3a79d09bcfeb,465ce07444e5e8bc99f40ac2489d9dc80e2afd4ba821e40cb3436a4a2e3ec62c,202613302041,13112.0,36888,50000.0,414.8334530880542,0.008296669061761085,0.011245756156149811,-15.467388522950024,0.04882107010791298,0.48872710610284464,0.42651585745779413,0.553322071941735,0.2124924649474047,0.2552883449331536,1.1270696394859232,0.09379018712194354,0.16192340072206557,0.3735507197633651,0.6757858364127219,0.03915298301004769,5.3843866,0.15400004386901855,0.30099987983703613,experiments\out\revision_2026-09-25\fresh_runs\mridges_mw_d5_B5e4_seed41.jld2
mridges,5,50000.0,67,fresh_v1_2026-09-25,eligible,full_remaining_budget; weight_status=ok,experiments\out\runs\mridges_mw_d5_B5e4_seed67\result.h5,856a3b2d145fd6b4b7ff2f72a075336da46b4b6266542a649bd41b1bd0aae98e,7f4547894e8480d922aff99abe8f3137d786964921dd4cf518df0d3bef47ebbf,202613302067,13132.0,36868,50000.0,974.3296440308949,0.0194865928806179,0.026427515569895164,-15.464394923035014,0.031610487053411684,0.4857335061878345,0.41943847348813257,0.53389089900018,0.13946774284057167,0.2594866147497009,1.243605356777353,0.07543483977624374,0.11244776393505491,0.35182676136648033,0.923046913088467,0.02013767997993407,7.2320993,0.1380000114440918,0.1790001392364502,experiments\out\revision_2026-09-25\fresh_runs\mridges_mw_d5_B5e4_seed67.jld2
mridges,5,50000.0,97,fresh_v1_2026-09-25,eligible,full_remaining_budget; weight_status=ok,experiments\out\runs\mridges_mw_d5_B5e4_seed97\result.h5,09ab0a6de29a27f34110033b93774bc7639afac979ec8bb0f5b226b7dd5cc43c,6c387ce35e16d12213c3e5638a44e152876e282370b26f3b5257aa515151531b,202613302097,12828.0,37172,50000.0,4440.1385509155025,0.08880277101831005,0.11944847064767843,-15.53573891478986,0.014082479470282912,0.5570774979426805,0.5070133362401291,0.6094691108553585,0.2365996504690094,0.7193007583305107,1.2576539299764604,0.12349535378800942,0.15010056822324785,0.42283311517289407,0.914176990234958,0.009038593199671345,4.4326476,0.1550002098083496,0.15400004386901855,experiments\out\revision_2026-09-25\fresh_runs\mridges_mw_d5_B5e4_seed97.jld2
mridges,5,50000.0,113,fresh_v1_2026-09-25,eligible,full_remaining_budget; weight_status=ok,experiments\out\runs\mridges_mw_d5_B5e4_seed113\result.h5,bef0ee3a0fa229724a8f88c70f5fedeaf21e907494a4c99de0bc9a09f3de8814,edab2b79d5545971b27ed7826096c756d420a2e3f3947b350cc98201d706a08e,202613302113,12585.0,37415,50000.0,2508.6457472559423,0.05017291494511884,0.067049198109206,-15.572469772024933,0.01928455857556879,0.5938083551777531,0.47800978600625443,0.6573944796039403,0.22795447335145633,0.7075195278043984,1.1472690253762692,0.09930099308394232,0.1298416304339544,0.42821486182677976,0.6735341671549646,0.01671298516841197,5.1703216,0.1359999179840088,0.36099982261657715,experiments\out\revision_2026-09-25\fresh_runs\mridges_mw_d5_B5e4_seed113.jld2
mridges,5,50000.0,137,fresh_v1_2026-09-25,eligible,full_remaining_budget; weight_status=ok,experiments\out\runs\mridges_mw_d5_B5e4_seed137\result.h5,f56fe4ca09f176c58055e337d861e08e59bcdccb490d49228156a77ab31cc5c4,9569399dbd065d3812304a6aecebfbf7170b0bb5cbe236ced53747af184fab8f,202613302137,13206.0,36794,50000.0,14392.670776533243,0.28785341553066485,0.39116896169302723,-15.545046689449695,0.006503957530197026,0.5663852726025151,0.48546249577804684,0.5960588389162566,0.19844965697558167,0.7404257129894721,1.2190725322397018,0.10950932760184769,0.13565579190073124,0.42940985153873706,0.6138693801036053,0.005377597635877752,6.9551171,0.1359999179840088,0.1550002098083496,experiments\out\revision_2026-09-25\fresh_runs\mridges_mw_d5_B5e4_seed137.jld2
mridges,5,50000.0,173,fresh_v1_2026-09-25,eligible,full_remaining_budget; weight_status=ok,experiments\out\runs\mridges_mw_d5_B5e4_seed173\result.h5,c793db96b0b9b39281f0bc1f8d43aecc10031005b169d732d7aa23de4289a246,396057fbbd0d7c1076e1626b17c337f0d4b6baf8a4775be4640ab7c42094ee8d,202613302173,13315.0,36685,50000.0,727.9560604244524,0.014559121208489048,0.01984342538979017,-15.47131634402408,0.03669400752533309,0.4926549271769005,0.45701449882660894,0.5547552541330174,0.17674572102326555,0.32190077004550705,1.217899821784096,0.09368569364249515,0.13661481048660534,0.36299872674047506,0.9195458513612048,0.027318878728357865,3.5968504,0.13300013542175293,0.16499996185302734,experiments\out\revision_2026-09-25\fresh_runs\mridges_mw_d5_B5e4_seed173.jld2
mridges,5,50000.0,211,fresh_v1_2026-09-25,eligible,full_remaining_budget; weight_status=ok,experiments\out\runs\mridges_mw_d5_B5e4_seed211\result.h5,a83cc14ba6afa91886d5551e3e9230af838a70f37c47536b6c25108f7f7e52c7,9116493079b682430f10b03c372d1183a884943be3c67786198219f796dfc5a9,202613302211,13146.0,36854,50000.0,256.1916623018133,0.005123833246036266,0.006951529340147971,-15.448795771303498,0.062259084128860775,0.47013435445631835,0.47437898741236306,0.5449263423686038,0.14621923778050502,0.25886678004158614,1.1678447944604098,0.10509203037636317,0.131600138561559,0.3650635614304479,0.7370473390602122,0.058611975450902194,7.8725339,0.1830000877380371,0.4270000457763672,experiments\out\revision_2026-09-25\fresh_runs\mridges_mw_d5_B5e4_seed211.jld2
mridges,5,50000.0,239,fresh_v1_2026-09-25,eligible,full_remaining_budget; weight_status=ok,experiments\out\runs\mridges_mw_d5_B5e4_seed239\result.h5,0a5bece2252461f369851be0e87325266361a56200a9735fb1bbb202f7e73531,0f56dd97100467323b9191fd94bd4d2336b97d12e58824f29872d8ff925ec073,202613302239,13230.0,36770,50000.0,18.76747151063327,0.00037534943021266543,0.0005104017272405024,-15.265817754025775,0.23077367001721938,0.2871563371785957,0.8281406597867766,0.8252914691693518,0.1474155274659455,0.8730089899520876,1.7963789055543262,0.3318493216644026,0.055983615819945154,0.4029315216431309,1.0169984844069797,0.22663887084384046,6.5065281,0.20599985122680664,0.2560000419616699,experiments\out\revision_2026-09-25\fresh_runs\mridges_mw_d5_B5e4_seed239.jld2
mridges,5,50000.0,277,fresh_v1_2026-09-25,eligible,full_remaining_budget; weight_status=ok,experiments\out\runs\mridges_mw_d5_B5e4_seed277\result.h5,8716c916ca476354e936368345e166cb76b5468a7184a37da8f9fb4a932bd8ce,fd86f96d9f31d5df4472083c2d891a131a45eb688f8e55a6656213586b877d16,202613302277,13375.0,36625,50000.0,386.60900566363415,0.007732180113272683,0.010555877287744276,-15.477945518074325,0.05058941453970653,0.49928410122714517,0.38275030628389967,0.5628972528570702,0.18063483370953765,0.3820295846665108,1.1291271418034525,0.059294777681479706,0.15645160560764576,0.3818919506431706,0.7193672607788713,0.0481117965463338,3.6251816,0.2109999656677246,0.22600007057189941,experiments\out\revision_2026-09-25\fresh_runs\mridges_mw_d5_B5e4_seed277.jld2
mridges,5,50000.0,313,fresh_v1_2026-09-25,eligible,full_remaining_budget; weight_status=ok,experiments\out\runs\mridges_mw_d5_B5e4_seed313\result.h5,9de30984ed1f7644bad691e477b99c2351b8da8df6640a2f07ec85423ebe9522,a3da753d5ffbb0631156cc79adc9563aa6c9e5bd54ac4bde09bbdd53984c3e1d,202613302313,13137.0,36863,50000.0,13199.348947578257,0.26398697895156514,0.3580649688733488,-15.542230273023907,0.006973796704647186,0.5635688561767278,0.47540162699828714,0.5755910257250526,0.21155139583529445,0.7247334588673613,1.1677759264204606,0.1094257315687055,0.1925394510619623,0.42763177990464424,0.7361193778875195,0.005628104922381244,7.3868988,0.18800020217895508,0.492999792098999,experiments\out\revision_2026-09-25\fresh_runs\mridges_mw_d5_B5e4_seed313.jld2
mridges,5,50000.0,359,fresh_v1_2026-09-25,eligible,full_remaining_budget; weight_status=ok,experiments\out\runs\mridges_mw_d5_B5e4_seed359\result.h5,129ba242bca5a6921524025ec29ae524e935b37cee4dd0de11b03906441f30cf,a827efbfaa77da6a4af0710680a96ec9c8a932edddfb31b77c97069b0f39587b,202613302359,13066.0,36934,50000.0,644.4930296802072,0.012889860593604145,0.017449857304386397,-15.443686625564963,0.03904525371087838,0.4650252087177833,0.4368218923704223,0.5528841082878697,0.2089993933093374,0.21901239600768507,1.2570172533226018,0.08502210639100438,0.10680214178983016,0.363974949500236,1.0315745166370605,0.02564270810293397,3.6754036,0.17400002479553223,0.21200013160705566,experiments\out\revision_2026-09-25\fresh_runs\mridges_mw_d5_B5e4_seed359.jld2
mridges,5,50000.0,401,fresh_v1_2026-09-25,eligible,full_remaining_budget; weight_status=ok,experiments\out\runs\mridges_mw_d5_B5e4_seed401\result.h5,428813a744423f13d6b8d0863bd465dbcecb944739a6d5c1723cc026bc34ea82,504243369f8c5b564c0d95e3babfafce5ce483de12478a1bac427b14be8aeaa7,202613302401,13389.0,36611,50000.0,1949.1806387988609,0.038983612775977214,0.05324030042333891,-15.479263682360301,0.0220390990700279,0.5006022655131215,0.36671877616390336,0.5536996975202584,0.16283553878488286,0.26659589525285277,1.0331223682410513,0.07021349595446394,0.08972090947180159,0.36583311256674006,1.0564089997353097,0.013777156080432607,4.0048385,0.1679999828338623,0.31100010871887207,experiments\out\revision_2026-09-25\fresh_runs\mridges_mw_d5_B5e4_seed401.jld2
mridges,5,50000.0,449,fresh_v1_2026-09-25,eligible,full_remaining_budget; weight_status=ok,experiments\out\runs\mridges_mw_d5_B5e4_seed449\result.h5,c536058583d7de7b187c07a47a58d7482ff4068ac9c181ff6def08e8c1a5ea74,c3ad8a12767f77dacfb60d0eadedd53727a235d6abe861a1ce610c8dfbf0ba29,202613302449,13502.0,36498,50000.0,4843.636955714839,0.09687273911429678,0.13270965411022081,-15.538533519994036,0.01338124320246708,0.5598721031468568,0.45325119781191325,0.6105756116516556,0.20106533153854694,0.7126074700682443,1.1693977338227863,0.08674904643879441,0.13298432776100677,0.41507892390807477,0.6457379258331067,0.011540144864328887,12.576891,0.2850000858306885,0.4479999542236328,experiments\out\revision_2026-09-25\fresh_runs\mridges_mw_d5_B5e4_seed449.jld2
mridges,5,50000.0,491,fresh_v1_2026-09-25,eligible,full_remaining_budget; weight_status=ok,experiments\out\runs\mridges_mw_d5_B5e4_seed491\result.h5,c461b9089236040b8f956d48147a8d66c73ae28b68c3b34902e5d9214e922858,32b0be34bb59de5dfdd9e7bd317641c41c1f1f8f0cbe8b8c05abe41f8534b886,202613302491,13678.0,36322,50000.0,21757.620703503217,0.43515241407006433,0.5990204477590225,-15.554309182959344,0.004292945870471612,0.575647766112164,0.49132840931450883,0.5829347149651789,0.2431326365742911,0.7391965549292124,1.1308377520954074,0.11114452103781422,0.1791921364074267,0.4341460707979357,0.4524604385668461,0.0015690759995883792,5.2319396,0.1919999122619629,0.2070000171661377,experiments\out\revision_2026-09-25\fresh_runs\mridges_mw_d5_B5e4_seed491.jld2
mridges,5,50000.0,541,fresh_v1_2026-09-25,eligible,full_remaining_budget; weight_status=ok,experiments\out\runs\mridges_mw_d5_B5e4_seed541\result.h5,f0921266b2fa04bc0fcafded925e37786f36df571baa6974cd06b79105c14b2a,82f7db714269ebce93e178793b5137359842acf7a5afe63a5c09340cb267136e,202613302541,13244.0,36756,50000.0,21863.34107518566,0.4372668215037132,0.5948237315046703,-15.553809157482966,0.004304906618620492,0.5751477406357868,0.4789130733812506,0.5687358599728238,0.228828595770858,0.7268011003066749,1.1321351370932635,0.09764877834706018,0.12455972802446746,0.4324364775490583,0.4773033302819172,0.0018577246407240429,6.1367909,0.19099998474121094,0.25499987602233887,experiments\out\revision_2026-09-25\fresh_runs\mridges_mw_d5_B5e4_seed541.jld2
mridges,5,50000.0,587,fresh_v1_2026-09-25,eligible,full_remaining_budget; weight_status=ok,experiments\out\runs\mridges_mw_d5_B5e4_seed587\result.h5,7f673b707f09cb3483ce40a5522479738cb24cd285e3f5f4b5f8e1132bd5846a,abcb8a511cf442ea52d21936d698330ae5157bec65b6b48123b53c5902f23192,202613302587,13417.0,36583,50000.0,16457.635656403098,0.32915271312806194,0.4498711329416149,-15.54245505173845,0.005781606040021264,0.5637936348912707,0.4528956735528927,0.5831990117747438,0.2255138720523811,0.7195191096654463,1.1855901112427911,0.09955850577291611,0.13628301377756502,0.4229586279152428,0.6115058233071162,0.0023384269359978597,7.0087028,0.18700003623962402,0.492999792098999,experiments\out\revision_2026-09-25\fresh_runs\mridges_mw_d5_B5e4_seed587.jld2
mridges,5,50000.0,631,fresh_v1_2026-09-25,eligible,full_remaining_budget; weight_status=ok,experiments\out\runs\mridges_mw_d5_B5e4_seed631\result.h5,7c5bb10cafb1ed38696c64a33e7beb59cdcea633173e4a629bde70a4c33899f8,b52657b75e93d12ed8b30d7b151c46beec56cf60f227fb05445855b1c8aecd2b,202613302631,13040.0,36960,50000.0,731.6362263977691,0.01463272452795538,0.019795352445827086,-15.57333178499188,0.03660250242942495,0.5946703681447012,0.4742336858359037,0.5402027843459704,0.13688949687295054,0.713610465376015,1.1338778538116165,0.06913526764856881,0.14809048621224763,0.4264287847812214,1.21698217314948,0.033113536391619174,4.5777005,0.2709999084472656,0.3059999942779541,experiments\out\revision_2026-09-25\fresh_runs\mridges_mw_d5_B5e4_seed631.jld2
mridges,5,50000.0,677,fresh_v1_2026-09-25,eligible,full_remaining_budget; weight_status=ok,experiments\out\runs\mridges_mw_d5_B5e4_seed677\result.h5,643e91375a1b5259d9ceb49e341a5cb2d708c72543d42cb46c95474b45144f10,f8e630ffba53f8b7cb46c5e0a28df4905bd684c768c286344233adce9e6d9868,202613302677,12939.0,37061,50000.0,108.07666398493632,0.002161533279698726,0.0029161831570906427,-15.40836911535036,0.0960505527222887,0.42970769850318113,0.5204735780946115,0.5625846141656584,0.18554964767565663,0.36746996503834833,1.2999385157597518,0.16245693291178193,0.0408772997383001,0.39305873070408887,1.303803645590561,0.07316697467219337,5.2653011,0.5069999694824219,0.2849998474121094,experiments\out\revision_2026-09-25\fresh_runs\mridges_mw_d5_B5e4_seed677.jld2
mridges,5,500000.0,11,fresh_v1_2026-09-25,eligible,full_remaining_budget; weight_status=ok,experiments\out\runs\mridges_mw_d5_B5e5_seed11\result.h5,b76ad9db1e1eb427526f138e86c2431a04db07c513276f427ad3463b838857d7,10d6be4ca19486370e4c820530900fa0c5e4cb6176249f892117e78fcc4cc6c0,202613303011,29320.0,470680,500000.0,103134.25563435466,0.20626851126870932,0.2191175652977706,-15.104675818171792,0.002751638375711004,0.12601440132461228,0.16042871314750895,0.17445755361299564,0.05562092104285954,0.04766175377018902,0.9825612187553204,0.04493443619278361,0.03939600694712135,0.11781319400899273,0.629133516962552,0.001920953214269028,6.9143503,2.9709999561309814,0.2349998950958252,experiments\out\revision_2026-09-25\fresh_runs\mridges_mw_d5_B5e5_seed11.jld2
mridges,5,500000.0,23,fresh_v1_2026-09-25,eligible,full_remaining_budget; weight_status=ok,experiments\out\runs\mridges_mw_d5_B5e5_seed23\result.h5,4f2cef856325fd57b4e4172a8b2df97d84e644c489d34db13c1bf92df2c3cbb9,8a30f7929026f935c3eeee1a4ca062115f09c9022fb8362d772cff2d7d3f6d32,202613303023,29011.0,470989,500000.0,200685.65579358078,0.40137131158716155,0.42609414613415764,-15.111207406243878,0.0016910722436122318,0.13254598939669826,0.155491635158055,0.17476278457589223,0.023975191637212935,0.05026542580920514,1.096338359638801,0.06070837214725637,0.049788309950714635,0.12304950847149031,0.6036927197633838,0.0007565863216171879,3.2276208,2.615000009536743,0.23199987411499023,experiments\out\revision_2026-09-25\fresh_runs\mridges_mw_d5_B5e5_seed23.jld2
mridges,5,500000.0,41,fresh_v1_2026-09-25,eligible,full_remaining_budget; weight_status=ok,experiments\out\runs\mridges_mw_d5_B5e5_seed41\result.h5,3ac38104218b84633586811d22f9c7183adb5ba26fd501727721315570a55991,9fdd3695832182b9db42448d1aecc3b90b69fb1993712e02b002925dcddbe796,202613303041,29200.0,470800,500000.0,204676.35793324775,0.4093527158664955,0.4347416268760573,-15.107773138930046,0.001661841736515958,0.12911172208286636,0.12438243179181985,0.17255863128142898,0.019565651900943858,0.05208142535329641,1.0544322194501798,0.04134519078144505,0.02010003299932448,0.12180361716840646,0.5708640925703672,0.0007019275491964744,6.514332,2.178999900817871,0.2070000171661377,experiments\out\revision_2026-09-25\fresh_runs\mridges_mw_d5_B5e5_seed41.jld2
mridges,5,500000.0,67,fresh_v1_2026-09-25,eligible,full_remaining_budget; weight_status=ok,experiments\out\runs\mridges_mw_d5_B5e5_seed67\result.h5,927a952a1407706a42b910a8dfa95034cb5107e10f877b76e2b6a5515f65fa49,7daa9d875f50919003f5600e07676c20654b4a80ae51a8dbcc38306143e0f523,202613303067,29180.0,470820,500000.0,128035.3384017759,0.2560706768035518,0.2719411630809564,-15.107519629640269,0.002384615222160341,0.12885821279308907,0.15785316436053318,0.1849207066805665,0.043982202438965515,0.05515602449399557,1.0296488312868792,0.03947974464441169,0.03232187549864003,0.12264611468385361,0.5308017841670563,0.0016216095117962035,2.9427989,2.2139999866485596,0.34200000762939453,experiments\out\revision_2026-09-25\fresh_runs\mridges_mw_d5_B5e5_seed67.jld2
mridges,5,500000.0,97,fresh_v1_2026-09-25,eligible,full_remaining_budget; weight_status=ok,experiments\out\runs\mridges_mw_d5_B5e5_seed97\result.h5,560ad802047ec519701f4214dbac50d97341925059997f75f7ea26fc003114f4,7cc69b7587ba7db3c4c99e224d3237f6b66f7d71d9e6d737e38483addd7d2039,202613303097,29313.0,470687,500000.0,61409.537729279655,0.12281907545855932,0.13046788572720228,-15.104381899557294,0.003762919253233764,0.12572048271011482,0.14778195448639558,0.1856708899619511,0.03871069303439212,0.04894379483719975,1.061704514034669,0.03629533268927121,0.031539230091523596,0.11610647157585317,0.5894176353215009,0.0024693603572515034,6.814742,2.0280001163482666,0.24100017547607422,experiments\out\revision_2026-09-25\fresh_runs\mridges_mw_d5_B5e5_seed97.jld2
mridges,5,500000.0,113,fresh_v1_2026-09-25,eligible,full_remaining_budget; weight_status=ok,experiments\out\runs\mridges_mw_d5_B5e5_seed113\result.h5,7adafc1cde97b3bbfd8d882bebaaaa54e86d363eac5d42fbdf8268d2e3368e9c,c46605fc1ca0b33dee16baa82964961d848985410fbe34bb13360eb407eb788b,202613303113,29105.0,470895,500000.0,106604.65228526315,0.21320930457052628,0.2263873098785571,-15.106173465765409,0.0026938518863099093,0.12751204891822887,0.17516442731298415,0.17114230255821053,0.030810429260000927,0.04809206226673331,1.0783131474743186,0.05164906111927854,0.05842227016717212,0.12320507568475081,0.6778934447262924,0.002089660148406002,3.2407135,1.8650000095367432,0.21199989318847656,experiments\out\revision_2026-09-25\fresh_runs\mridges_mw_d5_B5e5_seed113.jld2
mridges,5,500000.0,137,fresh_v1_2026-09-25,eligible,full_remaining_budget; weight_status=ok,experiments\out\runs\mridges_mw_d5_B5e5_seed137\result.h5,2c5356e2fa16608b1d1e4691693e84e52b7cf1c866c543f8120b08814f73f71c,f5ebdf6bfe29f74f9fd062528503c427fec17f2172825d56f9b898f575b39c5e,202613303137,29283.0,470717,500000.0,183290.71708661038,0.36658143417322075,0.3893862280024099,-15.108498647370276,0.0018252109370710176,0.12983723052309593,0.1544124939989905,0.16824890766388392,0.05960378225309233,0.05131287319882327,1.1010151188449833,0.05050685667134376,0.04921955340195945,0.12162757785687536,0.6640172824986674,0.0008642930696027463,7.2970313,2.324000120162964,0.2389998435974121,experiments\out\revision_2026-09-25\fresh_runs\mridges_mw_d5_B5e5_seed137.jld2
mridges,5,500000.0,173,fresh_v1_2026-09-25,eligible,full_remaining_budget; weight_status=ok,experiments\out\runs\mridges_mw_d5_B5e5_seed173\result.h5,7797a9f9eea6773bbb33ea8821a573aa33e69f94cb1c2548f2b04654bdfe30b7,7e16d936dc475965493892e4d2b570aa715039ccccf190809053f2858c7a2b41,202613303173,29414.0,470586,500000.0,6275.3617013981975,0.012550723402796395,0.013335206957704219,-15.089648202301685,0.01253907310430133,0.11098678545450547,0.152721415571263,0.1484286773221304,0.03174906179805612,0.06316182700057942,1.0570115530390538,0.028568990547074957,0.0439765007280859,0.10248555698286933,0.5679137986759741,0.008460829874880048,5.9310842,2.008999824523926,0.29600000381469727,experiments\out\revision_2026-09-25\fresh_runs\mridges_mw_d5_B5e5_seed173.jld2
mridges,5,500000.0,211,fresh_v1_2026-09-25,eligible,full_remaining_budget; weight_status=ok,experiments\out\runs\mridges_mw_d5_B5e5_seed211\result.h5,30887e9e23089285a5322782be9d18e94ed777e39923e0ad1bdc8e82c576af42,601cddea05081e3662c5bcf62e966551c4c3f08a0767059b7f6270c8b86ad0c3,202613303211,29297.0,470703,500000.0,21234.08005633935,0.0424681601126787,0.04511141857251674,-15.10113327818559,0.00670593940534013,0.12247186133840948,0.15415563941047702,0.17643120623602368,0.041913123393125584,0.044402563768375904,1.0282808111691675,0.03968911760659592,0.011973061789191154,0.11051174423539524,0.5813369785727575,0.005186412471105915,3.1967637,2.26200008392334,0.21399998664855957,experiments\out\revision_2026-09-25\fresh_runs\mridges_mw_d5_B5e5_seed211.jld2
mridges,5,500000.0,239,fresh_v1_2026-09-25,eligible,full_remaining_budget; weight_status=ok,experiments\out\runs\mridges_mw_d5_B5e5_seed239\result.h5,b912e51d783da6872f7d7895a2b6130606831efa52d5315a84db3bcbc4df46af,8b5a076d2809af6216fc3df2406f6b9bd1db53b18a4d933d4e3b0c1298332f7e,202613303239,29335.0,470665,500000.0,144794.03817346637,0.28958807634693273,0.3076371478088797,-15.108408729419743,0.0021867117520713193,0.12974731257256344,0.1658330290272559,0.1854397086297631,0.012207857557124502,0.05429205619904023,1.0730082974785269,0.0437821157339056,0.05704846853931693,0.12181274733964378,0.6168778734048775,0.0013906400147271588,6.7418975,1.9720001220703125,0.27500009536743164,experiments\out\revision_2026-09-25\fresh_runs\mridges_mw_d5_B5e5_seed239.jld2
mridges,5,500000.0,277,fresh_v1_2026-09-25,eligible,full_remaining_budget; weight_status=ok,experiments\out\runs\mridges_mw_d5_B5e5_seed277\result.h5,f726e17cd6f2dd4ff3a40c16729d92ad9a5e340f295926f794705c35ba3074b5,7d11b756b080fee709f3627b2929826d7e3c68e7be1d067e2f19c2ca4d9cefa6,202613303277,29084.0,470916,500000.0,25725.26509662278,0.05145053019324556,0.05462813983093116,-15.103010227565608,0.0060620764088351615,0.12434881071842874,0.17686986551901362,0.1684109100944827,0.04735896422409658,0.057957020310048166,1.0705172413302257,0.04038129551819791,0.02873679481606368,0.11619895536520708,0.5799222587078487,0.005829927423086664,3.1440146,2.3980000019073486,0.2739999294281006,experiments\out\revision_2026-09-25\fresh_runs\mridges_mw_d5_B5e5_seed277.jld2
mridges,5,500000.0,313,fresh_v1_2026-09-25,eligible,full_remaining_budget; weight_status=ok,experiments\out\runs\mridges_mw_d5_B5e5_seed313\result.h5,3ce3c6b8f600351626aff4e646be1321332afd1b9814c3c478e06bec88c67991,84d179499a6d874d3cc075d8d7a652fa671a124921cd3eaf39c663c6ced25fcb,202613303313,28879.0,471121,500000.0,139995.0412902214,0.2799900825804428,0.29715304834686074,-15.108533906859595,0.002240650171778909,0.1298724900124153,0.14669030485659315,0.16632435552686292,0.037908666633994684,0.0615420889088333,1.0347947294281148,0.040626393169570375,0.0382406363682013,0.12116855781365739,0.7056706897975507,0.001390508027692029,6.3628073,2.2619998455047607,0.2349998950958252,experiments\out\revision_2026-09-25\fresh_runs\mridges_mw_d5_B5e5_seed313.jld2
mridges,5,500000.0,359,fresh_v1_2026-09-25,eligible,full_remaining_budget; weight_status=ok,experiments\out\runs\mridges_mw_d5_B5e5_seed359\result.h5,7a9ead3dcd0b78ebbbe9718e30c831ee54fa0d20470998927dea13feb42e3668,5e245babd8a31942f6970964952ab07a5a744eb826320bbe759f15c42c5bbb9f,202613303359,29190.0,470810,500000.0,31095.906695026304,0.06219181339005261,0.0660476767592581,-15.099975767409529,0.005480380862893038,0.12131435056234885,0.14097250525784116,0.15784446365891816,0.023057991244825705,0.06634355209876412,0.9503246430412396,0.02790654775002883,0.03666952054613519,0.10958201170985912,0.6853972138923318,0.0047097232382145,3.1491997,3.2779998779296875,0.2349998950958252,experiments\out\revision_2026-09-25\fresh_runs\mridges_mw_d5_B5e5_seed359.jld2
mridges,5,500000.0,401,fresh_v1_2026-09-25,eligible,full_remaining_budget; weight_status=ok,experiments\out\runs\mridges_mw_d5_B5e5_seed401\result.h5,c7fc88e599376ccfcb61d46c78ea8a4343896325a664cdc52ec16ef5a0f1866f,e03532b609227cba8b10386963beeedaf62cf1bc7707c2d29a39bef3495d3979,202613303401,29165.0,470835,500000.0,227385.63796078207,0.45477127592156413,0.48294123835479963,-15.112033424536701,0.0015079551874666577,0.1333720076895215,0.15134886701583206,0.20133561699098895,0.030276911840357367,0.03726597410653154,1.0494822353880864,0.0421231605550477,0.028522923759855434,0.12314767622011026,0.5376523871537104,0.000514503391531643,8.1298949,2.486999988555908,0.29399991035461426,experiments\out\revision_2026-09-25\fresh_runs\mridges_mw_d5_B5e5_seed401.jld2
mridges,5,500000.0,449,fresh_v1_2026-09-25,eligible,full_remaining_budget; weight_status=ok,experiments\out\runs\mridges_mw_d5_B5e5_seed449\result.h5,2f1ff32144eed9deefc63eec1af7fd0e597118d1ce1afccd4bc3261993378bbe,360e9f253a316f1bf0ab535dd413605f1185ac87dd116552392c9829ccf8667b,202613303449,29240.0,470760,500000.0,202351.29719977037,0.40470259439954076,0.4298396150900042,-15.110326188296256,0.0016785934458994893,0.13166477144907596,0.14627637669510202,0.19438893223311735,0.0364002686594362,0.03490602811600416,1.1315098122831415,0.05210864362972485,0.04498031301777603,0.12333625465410952,0.6118195022415893,0.00068319467941224,19.4362337,1.8529999256134033,0.36999988555908203,experiments\out\revision_2026-09-25\fresh_runs\mridges_mw_d5_B5e5_seed449.jld2
mridges,5,500000.0,491,fresh_v1_2026-09-25,eligible,full_remaining_budget; weight_status=ok,experiments\out\runs\mridges_mw_d5_B5e5_seed491\result.h5,c3a4c7b09d45daf9510928e1b956ada2b79f5f6e373189507b256684c43d4bbb,da987caa05c4d4830bf4a2729d58baad39cfb08f68ed1acfdd11b8a068a885e2,202613303491,29199.0,470801,500000.0,276927.80293651036,0.5538556058730207,0.5882056387656576,-15.111605305671278,0.0012194301192767754,0.1329438888240979,0.19040930532750133,0.1843783312226116,0.02657327435189023,0.045621347237396484,1.023789685233142,0.06665011070798679,0.044000565420593406,0.12383522704479503,0.5444023441836936,0.0002355318114793741,4.0350454,3.2060000896453857,0.4070000648498535,experiments\out\revision_2026-09-25\fresh_runs\mridges_mw_d5_B5e5_seed491.jld2
mridges,5,500000.0,541,fresh_v1_2026-09-25,eligible,full_remaining_budget; weight_status=ok,experiments\out\runs\mridges_mw_d5_B5e5_seed541\result.h5,9a5cf2710f92d193a13562f622542842dd0681b76a46f4ac4768e38ee3736069,fa7b6d9dd00f78464cd505c163ce1602b8476710eaa79cad74c6e48aaf683d9f,202613303541,29070.0,470930,500000.0,23817.847389055572,0.047635694778111144,0.05057619474031294,-15.101517281142785,0.006313625305490549,0.12285586429560524,0.17513039818392565,0.16184101122959596,0.029575755591435195,0.05107211030174304,0.9564915983910381,0.04513170670881435,0.025158741394539864,0.11377576990982434,0.6821428350506616,0.00570872001884766,7.1808051,4.288999795913696,0.5380001068115234,experiments\out\revision_2026-09-25\fresh_runs\mridges_mw_d5_B5e5_seed541.jld2
mridges,5,500000.0,587,fresh_v1_2026-09-25,eligible,full_remaining_budget; weight_status=ok,experiments\out\runs\mridges_mw_d5_B5e5_seed587\result.h5,30a0a0fec079f7d0316972eaeae6510e900f1602b073a785b984583e1a8392a8,57383af287e842580061f0a34517ae573c3d030814c6fac70ef531a5b3f1ac91,202613303587,29129.0,470871,500000.0,62731.13419291658,0.12546226838583316,0.13322360942363531,-15.100459500375239,0.003717166091747424,0.12179808352805921,0.13786520578822867,0.17976132360356747,0.03730578495696095,0.041592365896657935,1.0333752996285899,0.040823331291908446,0.06211543271789397,0.1144722585148448,0.5860965869093228,0.001694550870044068,10.2977227,3.61299991607666,0.4500000476837158,experiments\out\revision_2026-09-25\fresh_runs\mridges_mw_d5_B5e5_seed587.jld2
mridges,5,500000.0,631,fresh_v1_2026-09-25,eligible,full_remaining_budget; weight_status=ok,experiments\out\runs\mridges_mw_d5_B5e5_seed631\result.h5,4ad50f9e10f156290a0b686f68a4c94b7e7274c40ec1692bc6444ff0f265ddbe,667373a9f185b7eae1c1ba4979fdc4f2eb0cae394e76567968d0042ac2c7568f,202613303631,29064.0,470936,500000.0,187378.3674476317,0.3747567348952634,0.3978849938157875,-15.109719056856552,0.001792585999302577,0.13105764000937192,0.14829692735147032,0.16359129642879464,0.022861856024743422,0.05985820786457774,1.0098603057482696,0.054426572141556925,0.03503923774009445,0.12199237027815342,0.6196397803216379,0.0008228586840413644,6.9954147,4.250999927520752,0.48799991607666016,experiments\out\revision_2026-09-25\fresh_runs\mridges_mw_d5_B5e5_seed631.jld2
mridges,5,500000.0,677,fresh_v1_2026-09-25,eligible,full_remaining_budget; weight_status=ok,experiments\out\runs\mridges_mw_d5_B5e5_seed677\result.h5,54ef0827bbf1af46ac2759cddf720f09ba84a3ff0639c4d98f50491ce6a7f532,a0ddfb6c45434bbe8de1a527e4e10bb1d4a4a18da1aebec1f4bcd1cb1a813446,202613303677,28915.0,471085,500000.0,115153.53853396735,0.2303070770679347,0.24444322900106638,-15.107340168681684,0.002561503225103047,0.12867875183450472,0.14510805179195152,0.17405089808929183,0.05477171394882072,0.061784072753820585,1.1072683557587244,0.042097858288864656,0.04237887496298472,0.1231156867553637,0.5979067882106089,0.0018542058655830426,4.6408571,3.6579999923706055,0.29600000381469727,experiments\out\revision_2026-09-25\fresh_runs\mridges_mw_d5_B5e5_seed677.jld2
mridges,10,5000.0,11,fresh_v1_2026-09-25,unavailable,exceeds_strict_budget,experiments\out\runs\mridges_mw_d10_B5e3_seed11\result.h5,e3463f5705caf763e526429ae43b4129259e9437ad7702543798e3cd67df8643,9dddee6b50c6fda025a1f957862b841137e0bd9e8eac366a9b0cd9b831a5291f,202613351011,6183.0,0,6183.0,NaN,NaN,NaN,NaN,NaN,NaN,NaN,NaN,NaN,NaN,NaN,NaN,NaN,NaN,NaN,NaN,20.3712888,NaN,NaN,experiments\out\revision_2026-09-25\fresh_runs\mridges_mw_d10_B5e3_seed11.jld2
mridges,10,5000.0,23,fresh_v1_2026-09-25,unavailable,exceeds_strict_budget,experiments\out\runs\mridges_mw_d10_B5e3_seed23\result.h5,6ba1b1a2deff6f8376fb414f2c7e009fb2bbaab8521bd565872ff042d67ea205,1ec419822ad47f2d4a88f9fb93e38cbbeed1fac0eaf3014cab91836e692f32ea,202613351023,5772.0,0,5772.0,NaN,NaN,NaN,NaN,NaN,NaN,NaN,NaN,NaN,NaN,NaN,NaN,NaN,NaN,NaN,NaN,0.1673796,NaN,NaN,experiments\out\revision_2026-09-25\fresh_runs\mridges_mw_d10_B5e3_seed23.jld2
mridges,10,5000.0,41,fresh_v1_2026-09-25,unavailable,exceeds_strict_budget,experiments\out\runs\mridges_mw_d10_B5e3_seed41\result.h5,c82dbc4c3deaba49782c6b5e85dc3d1999d788f0b425d79522ed47850c10590c,2cc1d031b093972dd4d3705fd9d7ca713387e1df86a1aeb9032393e0542e4073,202613351041,6246.0,0,6246.0,NaN,NaN,NaN,NaN,NaN,NaN,NaN,NaN,NaN,NaN,NaN,NaN,NaN,NaN,NaN,NaN,0.582449,NaN,NaN,experiments\out\revision_2026-09-25\fresh_runs\mridges_mw_d10_B5e3_seed41.jld2
mridges,10,5000.0,67,fresh_v1_2026-09-25,unavailable,exceeds_strict_budget,experiments\out\runs\mridges_mw_d10_B5e3_seed67\result.h5,52e1097800c7743648a67c41b0131609379208a0dcdb31a8a0a1f83ad7e01a4c,035887700b1160d2440dcb4b5cd0b5b9b262bb59f7f930778a8d7d778dd76321,202613351067,5360.0,0,5360.0,NaN,NaN,NaN,NaN,NaN,NaN,NaN,NaN,NaN,NaN,NaN,NaN,NaN,NaN,NaN,NaN,0.1315337,NaN,NaN,experiments\out\revision_2026-09-25\fresh_runs\mridges_mw_d10_B5e3_seed67.jld2
mridges,10,5000.0,97,fresh_v1_2026-09-25,unavailable,exceeds_strict_budget,experiments\out\runs\mridges_mw_d10_B5e3_seed97\result.h5,07433f76bbaee1a788d138629a35b4cac84b7202b16d92672ddd3556a4824ce8,17d83d137bf88bb22e113b47af38c11064c1cd635ed43ea7439d1fc07303630d,202613351097,5826.0,0,5826.0,NaN,NaN,NaN,NaN,NaN,NaN,NaN,NaN,NaN,NaN,NaN,NaN,NaN,NaN,NaN,NaN,0.180708,NaN,NaN,experiments\out\revision_2026-09-25\fresh_runs\mridges_mw_d10_B5e3_seed97.jld2
mridges,10,5000.0,113,fresh_v1_2026-09-25,unavailable,exceeds_strict_budget,experiments\out\runs\mridges_mw_d10_B5e3_seed113\result.h5,6d90dc008880bfcdd651d50adbe6c594a081e3359df7d8c6e2b04ccb0890e8dd,60270206c9eca08f432efd53eb0847691f2f1e903687f87bba4af9e07df48a4c,202613351113,5026.0,0,5026.0,NaN,NaN,NaN,NaN,NaN,NaN,NaN,NaN,NaN,NaN,NaN,NaN,NaN,NaN,NaN,NaN,0.390656,NaN,NaN,experiments\out\revision_2026-09-25\fresh_runs\mridges_mw_d10_B5e3_seed113.jld2
mridges,10,5000.0,137,fresh_v1_2026-09-25,unavailable,exceeds_strict_budget,experiments\out\runs\mridges_mw_d10_B5e3_seed137\result.h5,48fe78f04e9cb09325d3fc57392d28ed341423c03616c3eb785326aad4cd35fa,719a67cb567eab13b42059fa339e8f39591416ea55764e28155bc10774c06a60,202613351137,5056.0,0,5056.0,NaN,NaN,NaN,NaN,NaN,NaN,NaN,NaN,NaN,NaN,NaN,NaN,NaN,NaN,NaN,NaN,0.3256548,NaN,NaN,experiments\out\revision_2026-09-25\fresh_runs\mridges_mw_d10_B5e3_seed137.jld2
mridges,10,5000.0,173,fresh_v1_2026-09-25,unavailable,exceeds_strict_budget,experiments\out\runs\mridges_mw_d10_B5e3_seed173\result.h5,fd4b677be52656b4527e7f80b15279754d0d660a22f8ad31ef1212f130620056,966368e7832c377cfbb0f894fe0c96399470069761adbbac002f337a2d96a121,202613351173,5928.0,0,5928.0,NaN,NaN,NaN,NaN,NaN,NaN,NaN,NaN,NaN,NaN,NaN,NaN,NaN,NaN,NaN,NaN,0.4098615,NaN,NaN,experiments\out\revision_2026-09-25\fresh_runs\mridges_mw_d10_B5e3_seed173.jld2
mridges,10,5000.0,211,fresh_v1_2026-09-25,unavailable,exceeds_strict_budget,experiments\out\runs\mridges_mw_d10_B5e3_seed211\result.h5,5f7399b741bd515caa3ce5fd511ad5ae2fe8562d1ac39c22bcf5042f94a2d7a9,fad0a2346d1680ed3772c01e673f5cb2254cbce310646c7fe4935a492e7152b4,202613351211,5199.0,0,5199.0,NaN,NaN,NaN,NaN,NaN,NaN,NaN,NaN,NaN,NaN,NaN,NaN,NaN,NaN,NaN,NaN,0.4546051,NaN,NaN,experiments\out\revision_2026-09-25\fresh_runs\mridges_mw_d10_B5e3_seed211.jld2
mridges,10,5000.0,239,fresh_v1_2026-09-25,unavailable,exceeds_strict_budget,experiments\out\runs\mridges_mw_d10_B5e3_seed239\result.h5,5b9e5b97299ee3be701679561fe9e7be1a4150fb1c62f4ab72a75c428ed7eadd,2011ff46a61f9ff37a6dfd52519520b033bdbd0bf90307fd4e137f6e6696c9e0,202613351239,5774.0,0,5774.0,NaN,NaN,NaN,NaN,NaN,NaN,NaN,NaN,NaN,NaN,NaN,NaN,NaN,NaN,NaN,NaN,0.721714,NaN,NaN,experiments\out\revision_2026-09-25\fresh_runs\mridges_mw_d10_B5e3_seed239.jld2
mridges,10,5000.0,277,fresh_v1_2026-09-25,unavailable,exceeds_strict_budget,experiments\out\runs\mridges_mw_d10_B5e3_seed277\result.h5,3c90871aadd51c7e8405cee54576990ec8fb5741dd19d865449112e09bc0b890,51e864226790aba80e58c6a5594d4a83521930b05c1edeac7e1f0f2c60995b87,202613351277,5890.0,0,5890.0,NaN,NaN,NaN,NaN,NaN,NaN,NaN,NaN,NaN,NaN,NaN,NaN,NaN,NaN,NaN,NaN,0.3195662,NaN,NaN,experiments\out\revision_2026-09-25\fresh_runs\mridges_mw_d10_B5e3_seed277.jld2
mridges,10,5000.0,313,fresh_v1_2026-09-25,unavailable,exceeds_strict_budget,experiments\out\runs\mridges_mw_d10_B5e3_seed313\result.h5,ef667ee6d58c24e20166ccedc5a247d1c7e5839e60a12fd9a19c584ad08dde67,4372869595c95e67176bfc58a6f7f3741cee931c431edba38ac03fb7e7e243c6,202613351313,5892.0,0,5892.0,NaN,NaN,NaN,NaN,NaN,NaN,NaN,NaN,NaN,NaN,NaN,NaN,NaN,NaN,NaN,NaN,0.2594114,NaN,NaN,experiments\out\revision_2026-09-25\fresh_runs\mridges_mw_d10_B5e3_seed313.jld2
mridges,10,5000.0,359,fresh_v1_2026-09-25,unavailable,exceeds_strict_budget,experiments\out\runs\mridges_mw_d10_B5e3_seed359\result.h5,7d40c29e592484ad927829006fd0ed97f796b85a9a62ea69652ff98c463121a2,9b56582cc7078d0235e953937cc92c6219aa8785fe56fe9c24c12c2ee34d56c4,202613351359,5041.0,0,5041.0,NaN,NaN,NaN,NaN,NaN,NaN,NaN,NaN,NaN,NaN,NaN,NaN,NaN,NaN,NaN,NaN,0.0676013,NaN,NaN,experiments\out\revision_2026-09-25\fresh_runs\mridges_mw_d10_B5e3_seed359.jld2
mridges,10,5000.0,401,fresh_v1_2026-09-25,unavailable,exceeds_strict_budget,experiments\out\runs\mridges_mw_d10_B5e3_seed401\result.h5,3207fa93e2bd10a0c0263f6ec349fc1b94808280bafdf3ec7eab7fb38f515812,ef3a377fadbc926a6fff8d41eb1a8cb5e1e872c4fd4c2e86a09c2fb714e2ed72,202613351401,5818.0,0,5818.0,NaN,NaN,NaN,NaN,NaN,NaN,NaN,NaN,NaN,NaN,NaN,NaN,NaN,NaN,NaN,NaN,0.2307238,NaN,NaN,experiments\out\revision_2026-09-25\fresh_runs\mridges_mw_d10_B5e3_seed401.jld2
mridges,10,5000.0,449,fresh_v1_2026-09-25,unavailable,exceeds_strict_budget,experiments\out\runs\mridges_mw_d10_B5e3_seed449\result.h5,6e0b8c9c2f4edd90691b80a02fee2c3a99a1cb6ebee44ed9b19ef962a8c65488,536764eaece558d5fd80632db16a6aa91bc42588ba71f97599bac59180a420ea,202613351449,5771.0,0,5771.0,NaN,NaN,NaN,NaN,NaN,NaN,NaN,NaN,NaN,NaN,NaN,NaN,NaN,NaN,NaN,NaN,0.1595049,NaN,NaN,experiments\out\revision_2026-09-25\fresh_runs\mridges_mw_d10_B5e3_seed449.jld2
mridges,10,5000.0,491,fresh_v1_2026-09-25,unavailable,exceeds_strict_budget,experiments\out\runs\mridges_mw_d10_B5e3_seed491\result.h5,dfa7002d33f0f827db1707d94bf7d1ed0461bc796a6c1ea42449ea966b6f2e15,9d86c5fe38896b2f383667fb22485f69015cc96c10de04d791db8d9115728554,202613351491,5012.0,0,5012.0,NaN,NaN,NaN,NaN,NaN,NaN,NaN,NaN,NaN,NaN,NaN,NaN,NaN,NaN,NaN,NaN,0.0411828,NaN,NaN,experiments\out\revision_2026-09-25\fresh_runs\mridges_mw_d10_B5e3_seed491.jld2
mridges,10,5000.0,541,fresh_v1_2026-09-25,unavailable,exceeds_strict_budget,experiments\out\runs\mridges_mw_d10_B5e3_seed541\result.h5,ace8437140e78bbc446a23009d13f6575d1824ee6856ab468e4112b41f1214af,27babf6989b5eb4bc8bc543f51d810f97c5dd326c54298ee7e9a03fbc96abd3e,202613351541,5818.0,0,5818.0,NaN,NaN,NaN,NaN,NaN,NaN,NaN,NaN,NaN,NaN,NaN,NaN,NaN,NaN,NaN,NaN,0.08427,NaN,NaN,experiments\out\revision_2026-09-25\fresh_runs\mridges_mw_d10_B5e3_seed541.jld2
mridges,10,5000.0,587,fresh_v1_2026-09-25,unavailable,exceeds_strict_budget,experiments\out\runs\mridges_mw_d10_B5e3_seed587\result.h5,5ff59a04db44b53229f1d9237361eea57fc6531a504629d6d6dfbfd573491cc2,a03c6de123dc12fe0a4904b19bcafbe0043d8473020de2ad979a4664f217c279,202613351587,5823.0,0,5823.0,NaN,NaN,NaN,NaN,NaN,NaN,NaN,NaN,NaN,NaN,NaN,NaN,NaN,NaN,NaN,NaN,0.1463994,NaN,NaN,experiments\out\revision_2026-09-25\fresh_runs\mridges_mw_d10_B5e3_seed587.jld2
mridges,10,5000.0,631,fresh_v1_2026-09-25,unavailable,exceeds_strict_budget,experiments\out\runs\mridges_mw_d10_B5e3_seed631\result.h5,884782b83fced84e8024a29acddd34af459bff00faac100aa730d49e78d0b125,67f0e2512f9574d84fbeb272f6ca093d0feb70c60a16f993da8a75aeb08c3892,202613351631,5938.0,0,5938.0,NaN,NaN,NaN,NaN,NaN,NaN,NaN,NaN,NaN,NaN,NaN,NaN,NaN,NaN,NaN,NaN,0.0809473,NaN,NaN,experiments\out\revision_2026-09-25\fresh_runs\mridges_mw_d10_B5e3_seed631.jld2
mridges,10,5000.0,677,fresh_v1_2026-09-25,unavailable,exceeds_strict_budget,experiments\out\runs\mridges_mw_d10_B5e3_seed677\result.h5,ba661031239c8274f477f79faaa141ad46f09164b0e3f514f6ecc0f7c43cfb2e,26ce3bb626b9ec5da1d6d11001486935e76d42f81b82381dfe305408b677f76c,202613351677,5757.0,0,5757.0,NaN,NaN,NaN,NaN,NaN,NaN,NaN,NaN,NaN,NaN,NaN,NaN,NaN,NaN,NaN,NaN,0.0760782,NaN,NaN,experiments\out\revision_2026-09-25\fresh_runs\mridges_mw_d10_B5e3_seed677.jld2
mridges,10,50000.0,11,fresh_v1_2026-09-25,eligible,full_remaining_budget; weight_status=ok,experiments\out\runs\mridges_mw_d10_B5e4_seed11\result.h5,18809d5aef3049dd42783fac90ceb0b174126a6e1ab23c5cffdb0d2a7783417b,401a8bf210ab7c2c4a4abaab14eb59ce4d97a33f90b744b79c7c76f46c9fc71e,202613352011,24391.0,25609,50000.0,27.555729039721204,0.0005511145807944241,0.0010760173782545669,-32.510068815983296,0.19039707280756046,2.5527459721359236,0.9565688284346578,0.9164925566660729,0.9946677375306541,1.0638372835086631,0.9673131812334022,0.5521803301552846,0.6376415729225785,0.8657142543695243,1.3511078235850549,0.10954941053701434,7.7656323,0.3340001106262207,0.382000207901001,experiments\out\revision_2026-09-25\fresh_runs\mridges_mw_d10_B5e4_seed11.jld2
mridges,10,50000.0,23,fresh_v1_2026-09-25,eligible,full_remaining_budget; weight_status=ok,experiments\out\runs\mridges_mw_d10_B5e4_seed23\result.h5,4b0115e1699e7efa405917fc1f1868e1cbcf33bf3cbe6c246ce8e41c97ff3d47,fddb71c0faf952037651bba805843ae4be4070e4877b468afcf083a6e36e8a05,202613352023,23680.0,26320,50000.0,4.7038540253088765,9.407708050617753e-5,0.0001787178581044406,-32.529022014729414,0.4610353969528824,2.5716991708820416,1.4538571026089304,1.433984063984972,0.9194408961356817,1.3253354899627021,1.8384265120350918,1.245111269060902,0.6748268272731321,0.8670365630185423,1.1970199597767106,0.45665272496518017,6.1650013,0.2950000762939453,0.28600001335144043,experiments\out\revision_2026-09-25\fresh_runs\mridges_mw_d10_B5e4_seed23.jld2
mridges,10,50000.0,41,fresh_v1_2026-09-25,eligible,full_remaining_budget; weight_status=ok,experiments\out\runs\mridges_mw_d10_B5e4_seed41\result.h5,87d9038cd9f18a68239bffa0cb1fc6f3e858e74f1e24ec21e720cac350615859,0b8fca273fadf1948e89c4da11d58d882a2d7ebb4428d7ea7ba5249e3da0cafd,202613352041,23621.0,26379,50000.0,10.63843672992301,0.0002127687345984602,0.00040329188862060766,-32.404973162213864,0.30653036412025453,2.4476503183664917,1.1238841335810346,1.137855861298783,1.0480918948679665,1.1808658055103012,1.237044976287145,0.7667050641836708,0.7430442267081838,0.855456513497914,1.1555624894986238,0.25973416192349785,3.8114699,0.26799988746643066,0.3080000877380371,experiments\out\revision_2026-09-25\fresh_runs\mridges_mw_d10_B5e4_seed41.jld2
mridges,10,50000.0,67,fresh_v1_2026-09-25,eligible,full_remaining_budget; weight_status=ok,experiments\out\runs\mridges_mw_d10_B5e4_seed67\result.h5,8d1524a5d74b383cc791491e776197cc78c5e11043402a4c94f8662993143d70,e0f00f66deb86e9f3a298a28c3ca70483d934ed6d2cea4f4168edc2eb2c1af72,202613352067,23115.0,26885,50000.0,15.309012145829891,0.00030618024291659783,0.0005694257818794826,-32.18014921785009,0.25550695820065045,2.2228263740027145,0.8411990555609021,0.8622481307767864,1.014629483019626,0.9184307598866749,0.9677891834862742,0.6549806726680021,0.7554020445726197,0.8630499583181899,1.0755139813032883,0.14857172134013683,6.4094383,0.28800010681152344,0.254000186920166,experiments\out\revision_2026-09-25\fresh_runs\mridges_mw_d10_B5e4_seed67.jld2
mridges,10,50000.0,97,fresh_v1_2026-09-25,eligible,full_remaining_budget; weight_status=ok,experiments\out\runs\mridges_mw_d10_B5e4_seed97\result.h5,0c75c62439a80de26a4b29d9444c5b381d23b4836263c7c899bcc3322702a6f5,318a554679b2bc4a06a3c511ca9967259b09b411da1f01f42e45b9ebc600e091,202613352097,23369.0,26631,50000.0,12.004009615741376,0.00024008019231482752,0.0004507532430528848,-32.35915073910236,0.2885618614038815,2.401827895254989,1.115760023797604,1.0204767686927503,0.8408508904585187,1.0217319958652733,1.1101553785284966,1.0790350590342115,0.9176118465897835,0.8569215849916327,1.204830047313108,0.21673875585827274,3.6792356,0.24200010299682617,0.2850000858306885,experiments\out\revision_2026-09-25\fresh_runs\mridges_mw_d10_B5e4_seed97.jld2
mridges,10,50000.0,113,fresh_v1_2026-09-25,eligible,full_remaining_budget; weight_status=ok,experiments\out\runs\mridges_mw_d10_B5e4_seed113\result.h5,98a9ea5cec4222b19e6b081251a8ca7840f30a78f2f8efe26d7c51135b131b2d,645fd817ea6d37d93e81c11816aa1d7448f68baa20376b88470ac89bbe7599b0,202613352113,23341.0,26659,50000.0,57.602965611604326,0.0011520593122320865,0.0021607324210062015,-33.03852322838608,0.13161575328655167,3.081200384538711,0.987203676681354,0.8881935767541721,0.8327016564397889,0.9687534466779374,0.8137495851989895,0.7824199177198429,0.8313876792379951,0.8563715274028383,1.2964348746425363,0.06770543414482968,6.1190799,0.22799992561340332,0.2890000343322754,experiments\out\revision_2026-09-25\fresh_runs\mridges_mw_d10_B5e4_seed113.jld2
mridges,10,50000.0,137,fresh_v1_2026-09-25,eligible,full_remaining_budget; weight_status=ok,experiments\out\runs\mridges_mw_d10_B5e4_seed137\result.h5,b5d20ff141e2bcd2565e50f6cb48b4ed1fd29c726abb636af48978feaa4e71b5,298b70f3714de4feca046250f6931f2b779bbce8cd458de95621061794ba1458,202613352137,24163.0,25837,50000.0,1.789079912482283,3.578159824964566e-5,6.924487798437446e-5,-31.133384768439377,0.7476013782756934,1.1760619245920054,2.077050997222151,2.0382903855638217,1.5206218852481341,2.3133784129193096,2.138519199347632,1.9562098844682798,0.9904390650381932,0.905981916368972,1.236677415253854,0.7465240353532564,6.3067242,0.21500015258789062,0.2390000820159912,experiments\out\revision_2026-09-25\fresh_runs\mridges_mw_d10_B5e4_seed137.jld2
mridges,10,50000.0,173,fresh_v1_2026-09-25,eligible,full_remaining_budget; weight_status=ok,experiments\out\runs\mridges_mw_d10_B5e4_seed173\result.h5,8e5f053f1d824f884a1c63fb1868bbb4336e4ea315c37e4360d7a88c40bc286f,d968f1185775e5852ef88de4049ed22753bd333036a5cc0b3207b2d7f6773185,202613352173,23871.0,26129,50000.0,11.944861743289389,0.00023889723486578777,0.00045714959406366063,-32.080339573497824,0.2892744955123554,2.123016729650452,1.0341301999517214,1.1513796964919207,1.1082395458566565,1.127046110784071,1.091043823255352,0.5839524560705966,0.7948731380397811,0.8722066875833933,1.3329733386842555,0.23263333345666015,5.2439124,0.25099992752075195,0.27499985694885254,experiments\out\revision_2026-09-25\fresh_runs\mridges_mw_d10_B5e4_seed173.jld2
mridges,10,50000.0,211,fresh_v1_2026-09-25,eligible,full_remaining_budget; weight_status=ok,experiments\out\runs\mridges_mw_d10_B5e4_seed211\result.h5,21b68f7e1a4b07dc3e0ee42f4f5c4949f191c6f8093fd1f6fadd03d844d5e2e0,0eed9fb65702441b37b8294c7a682112dc3611460f26239296c20cfccbfcb2c4,202613352211,22973.0,27027,50000.0,10.2657597503065,0.00020531519500613,0.00037983349059483114,-32.55721460319397,0.31204839733998346,2.5998917593465976,1.1169465741960285,1.1071831592924921,1.000071956423139,1.0995816739912783,1.1490930805179664,0.8359600639374104,0.7772412592004082,0.858420711454853,1.1001440575693846,0.2971687489336147,6.8634662,0.20000004768371582,0.24300003051757812,experiments\out\revision_2026-09-25\fresh_runs\mridges_mw_d10_B5e4_seed211.jld2
mridges,10,50000.0,239,fresh_v1_2026-09-25,eligible,full_remaining_budget; weight_status=ok,experiments\out\runs\mridges_mw_d10_B5e4_seed239\result.h5,bf9abe53b076430c8796fb94d599d434cb145d7041c0775683a14aaafad2e9e1,35f4f2252b00eab5eb6f4b515ef1e40eb327ec12396fa7a0330e9792e9b23efa,202613352239,23331.0,26669,50000.0,14.77922362723558,0.00029558447254471163,0.0005541723959366898,-32.31969423395332,0.26004818043434863,2.362371390105949,1.0759692675461878,1.0083973968055289,1.0192054071405416,1.0878953894341357,1.1210517532805189,0.9331828969273482,0.8998105837859492,0.8559779975058823,1.3531884964686756,0.22517999264942412,6.442436,0.22699999809265137,0.22799992561340332,experiments\out\revision_2026-09-25\fresh_runs\mridges_mw_d10_B5e4_seed239.jld2
mridges,10,50000.0,277,fresh_v1_2026-09-25,eligible,full_remaining_budget; weight_status=ok,experiments\out\runs\mridges_mw_d10_B5e4_seed277\result.h5,3a7269c6facb2457cb8abb93a1e685866a5d4ade4ec44966e68340d6ca87f2f3,e064105836ce76ea80894394a8e194d0cb177c91a0cb301d5e210574870b21c3,202613352277,23215.0,26785,50000.0,16.053923805844672,0.00032107847611689345,0.0005993624717507811,-32.57671449518701,0.24950497655646292,2.6193916513396402,0.9903988339069059,1.0318201723019516,0.8489526475666531,1.074175612500123,1.1424505369870568,0.6981248882572542,0.8027948969669338,0.848724879667353,1.245467879555989,0.2183705739258841,3.4812589,0.18000006675720215,0.21800017356872559,experiments\out\revision_2026-09-25\fresh_runs\mridges_mw_d10_B5e4_seed277.jld2
mridges,10,50000.0,313,fresh_v1_2026-09-25,eligible,full_remaining_budget; weight_status=ok,experiments\out\runs\mridges_mw_d10_B5e4_seed313\result.h5,863ef46611084a87bb74910b9c5739a21a163f45ba543b81454e533a14cee11e,d179417a34f22e180cc647d095fdb61050ad4d7287a8b6d68d0212d0232682ae,202613352313,23074.0,26926,50000.0,5.734354959219707,0.00011468709918439415,0.00021296720490305678,-32.50875775474824,0.41755286086225585,2.5514349109008663,1.1908667179336123,1.0826401560583576,1.0069639648175888,1.3525032510115162,0.8131671692101923,1.245134077627852,0.9254405346505579,0.8725226652930439,1.1236759261843983,0.35383953278732183,4.6899464,0.18400001525878906,0.2369999885559082,experiments\out\revision_2026-09-25\fresh_runs\mridges_mw_d10_B5e4_seed313.jld2
mridges,10,50000.0,359,fresh_v1_2026-09-25,eligible,full_remaining_budget; weight_status=ok,experiments\out\runs\mridges_mw_d10_B5e4_seed359\result.h5,5c20bc425473d9e78a46edf0a1906021806c2f4057c180f5dc6aea5f8cf9c409,61e41df0e64fd2e9ec63b21ab0286e31266d08e9e5b93a002e5be86a1ddd0779,202613352359,23219.0,26781,50000.0,10.389907144084908,0.00020779814288169818,0.0003879581473464362,-32.59855452737157,0.3101772251816133,2.6412316835241967,1.112270330066292,1.1161597527237632,1.032505002710347,0.8391879680374691,1.2087828613065983,0.9359287517128569,1.0202153440890214,0.8824366397386492,1.3023536894370642,0.2760109661605076,3.1691415,0.1700000762939453,0.23100018501281738,experiments\out\revision_2026-09-25\fresh_runs\mridges_mw_d10_B5e4_seed359.jld2
mridges,10,50000.0,401,fresh_v1_2026-09-25,eligible,full_remaining_budget; weight_status=ok,experiments\out\runs\mridges_mw_d10_B5e4_seed401\result.h5,8a0c578ea75187569a44c5bd71103ef51394e97af7c6211f3072adee71ae7fbf,b729c7e839274872e11e6f049d1e136613f5faf632a871ff570bc1a0cc177673,202613352401,23938.0,26062,50000.0,11.263147623900824,0.0002252629524780165,0.000432167432426553,-32.255039392418624,0.2979039403082147,2.297716548571252,1.0081961620216855,0.9455458500540714,1.076746663575001,0.9832040869202234,0.8828536666619803,0.859195678760005,1.005402788644484,0.8696339749202356,1.1892364147116103,0.24182902914309268,8.5492365,0.19899988174438477,0.23000001907348633,experiments\out\revision_2026-09-25\fresh_runs\mridges_mw_d10_B5e4_seed401.jld2
mridges,10,50000.0,449,fresh_v1_2026-09-25,eligible,full_remaining_budget; weight_status=ok,experiments\out\runs\mridges_mw_d10_B5e4_seed449\result.h5,4b20ccbdae73884faa73e2091dee1d33fd2776cc0b57c09e00f855a35aa7e0d0,03f47e7b67bd1548a5885eaaa42584c5d92106f9d6e9daf3fd9c0532685dd893,202613352449,23523.0,26477,50000.0,29.18181289963839,0.0005836362579927678,0.0011021570759390561,-32.36388301905812,0.18501391933046665,2.4065601752107497,0.9230641017641934,0.8778659577222894,1.0206409329584873,1.0642798700424856,0.9520371565605421,0.6531038057084644,0.8613167483615058,0.851806450507926,1.405536318855,0.09086616509306575,7.1667815,0.17300009727478027,0.18799996376037598,experiments\out\revision_2026-09-25\fresh_runs\mridges_mw_d10_B5e4_seed449.jld2
mridges,10,50000.0,491,fresh_v1_2026-09-25,eligible,full_remaining_budget; weight_status=ok,experiments\out\runs\mridges_mw_d10_B5e4_seed491\result.h5,4c8d571841f60b75d4462c0deb7ada4e963f591e35a9b59f5e7738726e1a072c,e4c9573e36185f78b91690e1880156f98aa05c9ebc24e67701f0e1f9e036848d,202613352491,22982.0,27018,50000.0,13.260030604456695,0.0002652006120891339,0.0004907850545731251,-32.790070454782324,0.2745498039991103,2.832747610934952,0.921129238583893,0.9226308572382876,0.848181926861568,0.9011995125772767,0.8229148461681707,0.7895159309530996,0.9516137799189645,0.8751213494385858,1.1934459889601856,0.1935695765576521,3.321022,0.13299989700317383,0.21799993515014648,experiments\out\revision_2026-09-25\fresh_runs\mridges_mw_d10_B5e4_seed491.jld2
mridges,10,50000.0,541,fresh_v1_2026-09-25,eligible,full_remaining_budget; weight_status=ok,experiments\out\runs\mridges_mw_d10_B5e4_seed541\result.h5,e1e517ccee4bed25bdb4f5c0c6e5c2bea6ba9c71d0f7130665ff648c069438a3,7694ba65192827d9a601af4e9f3e926c6c4562f62cf52bc8c58c00448b9b7130,202613352541,23325.0,26675,50000.0,7.55662678443193,0.0001511325356886386,0.0002832849778606159,-32.00684354238261,0.36372612019620826,2.0495206985352397,1.3180360292686661,1.451643517651152,1.120919393023423,1.7676474545310767,1.5303664078151584,0.969938307093658,0.9691322166583033,0.8823644227387284,1.2663357819001764,0.22769382657484719,7.0762711,0.18899989128112793,0.21000003814697266,experiments\out\revision_2026-09-25\fresh_runs\mridges_mw_d10_B5e4_seed541.jld2
mridges,10,50000.0,587,fresh_v1_2026-09-25,eligible,full_remaining_budget; weight_status=ok,experiments\out\runs\mridges_mw_d10_B5e4_seed587\result.h5,da094b2f43ba1633bb2bae94a14cbc63517d7898126ba3eb18e9c8a4f82c15ec,e34f1e8af4742a67c89cd2e114f7781a0513da65029f7f9656c42aeea5fb9d41,202613352587,23819.0,26181,50000.0,126.84966058752408,0.0025369932117504817,0.004845103723598185,-33.126785319368864,0.08857286389919758,3.1694624755214917,0.7990352134846485,0.757261624649498,0.5026244590174145,0.8032777425781508,0.8623619705779021,0.7027947823009176,0.6818226462760102,0.8376038669301111,1.045228462136536,0.04521457846885759,9.1260635,0.20399999618530273,0.24300003051757812,experiments\out\revision_2026-09-25\fresh_runs\mridges_mw_d10_B5e4_seed587.jld2
mridges,10,50000.0,631,fresh_v1_2026-09-25,eligible,full_remaining_budget; weight_status=ok,experiments\out\runs\mridges_mw_d10_B5e4_seed631\result.h5,21879bede20cd7af3970c4b0705e9bcd6c62e3c75f6a323d436e8d94dec23ecf,2585c6e46dd545dcc918a4e8da7aae289f498135091f2308eb53ffb11c084af8,202613352631,23510.0,26490,50000.0,1.9921692360841436,3.9843384721682874e-5,7.520457667361811e-5,-30.47684176621282,0.7084685145596238,0.5195189223654495,1.8670762460966954,1.86352460893353,1.6841867037641944,2.449662918161271,1.450195967156868,1.6768108660547312,1.3868263171774005,0.9398344954595845,1.2743124908020858,0.6966772297491688,6.5533773,0.20199990272521973,0.2090001106262207,experiments\out\revision_2026-09-25\fresh_runs\mridges_mw_d10_B5e4_seed631.jld2
mridges,10,50000.0,677,fresh_v1_2026-09-25,eligible,full_remaining_budget; weight_status=ok,experiments\out\runs\mridges_mw_d10_B5e4_seed677\result.h5,27c27acd6a56e2b305a4ed42d0e69b5d4a6ddcb403ee330da5d26d3487e782ea,a6bbd650e7c5f51fba89de1c59108ca004b9b01b90f37f033115a981a94ab518,202613352677,24357.0,25643,50000.0,49.73348548953231,0.0009946697097906463,0.0019394565959338732,-32.563570449117805,0.14166220417579664,2.6062476052704326,0.8433399612361183,0.7708487581646111,0.6736719444078532,0.8379630682666059,0.8826350351590161,0.6094026005800751,0.6193931146502516,0.836854125117557,1.1460611616745735,0.09763863511785709,3.5232639,0.12999987602233887,0.19499993324279785,experiments\out\revision_2026-09-25\fresh_runs\mridges_mw_d10_B5e4_seed677.jld2
mridges,10,500000.0,11,fresh_v1_2026-09-25,eligible,full_remaining_budget; weight_status=ok,experiments\out\runs\mridges_mw_d10_B5e5_seed11\result.h5,5e1652d5e7c9162626518b1d158e5335eb9ac74611f280cb3e311e0516556e31,7c7bdf50c5d2d58fb0f295e90975864b35369999cea8724ec5531929982440cc,202613353011,75285.0,424715,500000.0,46.64193996026524,9.328387992053048e-5,0.0001098193846703442,-31.435757294199696,0.14641576768780587,1.4784344503523243,0.6414341545673495,0.6294844553223374,0.6023781380732103,0.7985689082179925,1.0261726393083166,0.4133772794296611,0.4401573054044546,0.679834042191963,1.1349065783671624,0.12467215606677215,19.6852981,4.822000026702881,0.21900010108947754,experiments\out\revision_2026-09-25\fresh_runs\mridges_mw_d10_B5e5_seed11.jld2
mridges,10,500000.0,23,fresh_v1_2026-09-25,eligible,full_remaining_budget; weight_status=ok,experiments\out\runs\mridges_mw_d10_B5e5_seed23\result.h5,82834e5996d27d384664318eaf3280d065423fe1f07057a5765cf69cd010d46f,3012e78fa7ee3f7dc56b33753a570d5e4ec2f24e4783851013c9811f0ca9927a,202613353023,75282.0,424718,500000.0,2.2630369187667774,4.526073837533555e-6,5.328328252550581e-6,-30.6526338624498,0.664741853131711,0.6953110186024283,1.7651131879522974,1.7687305652924872,1.3080453591356647,2.12337115427859,1.9235140756360511,1.0103420676091484,1.0133642897050195,0.7825353798295881,1.1176949050494607,0.6643187647582566,9.8204735,4.418999910354614,0.24100017547607422,experiments\out\revision_2026-09-25\fresh_runs\mridges_mw_d10_B5e5_seed23.jld2
mridges,10,500000.0,41,fresh_v1_2026-09-25,eligible,full_remaining_budget; weight_status=ok,experiments\out\runs\mridges_mw_d10_B5e5_seed41\result.h5,d84bb89faafde4b3de0409660a22970c8b8d37c4bdfcbf2712f2457f810cb4f9,28aed41d18781888666ce9573895b317e657e50db941cce2400a7bacb7317365,202613353041,75231.0,424769,500000.0,4.090966351095177,8.181932702190354e-6,9.631037931429028e-6,-30.64825306031506,0.4944073915292155,0.690930216467688,1.3969364355107878,1.3878177180228546,0.9735862953011889,1.2518421539728728,1.6449482635314507,1.0980384430385688,1.0004673124291652,0.7739113467545883,1.145186183251581,0.4774196712173637,6.2042293,4.9659998416900635,0.4739999771118164,experiments\out\revision_2026-09-25\fresh_runs\mridges_mw_d10_B5e5_seed41.jld2
mridges,10,500000.0,67,fresh_v1_2026-09-25,eligible,full_remaining_budget; weight_status=ok,experiments\out\runs\mridges_mw_d10_B5e5_seed67\result.h5,8c2002fd5a762994efc653b0eeec666b7823a581bada8da5373bad31a4683987,235be91b6d5ab452f9e4facba310d2321c230d2fbc2471f8ce6013397e329993,202613353067,75287.0,424713,500000.0,18.57475582790243,3.7149511655804855e-5,4.37348417117028e-5,-31.376406063348554,0.23202188251984573,1.4190832195011822,0.7483782961058832,0.7499448787653131,0.6287666454519126,0.9319704948539813,0.8704594100107069,0.5046801946003937,0.5848151106117673,0.6892142886415086,1.1098298819323218,0.17298609298563689,8.2071976,6.23199987411499,0.5929999351501465,experiments\out\revision_2026-09-25\fresh_runs\mridges_mw_d10_B5e5_seed67.jld2
mridges,10,500000.0,97,fresh_v1_2026-09-25,eligible,full_remaining_budget; weight_status=ok,experiments\out\runs\mridges_mw_d10_B5e5_seed97\result.h5,62ace5fc859a24944113dbdba7d5e3ff7f9170d04008a97b917353fcc0d8d139,0da1406942e9a8c2418a9a5c1f48cb320909e3facfc5c8f825a3cb053651f58a,202613353097,75266.0,424734,500000.0,6.834535393322651,1.3669070786645301e-5,1.6091331029120933e-5,-30.635596387703053,0.3825093076285991,0.6782735438556813,0.8893732197138196,1.0573955817842196,0.8989826396491051,1.2843197861618905,1.2516836716817517,0.46662405812022845,0.5637704591970168,0.7923439327675073,1.1238405103603117,0.31561461255798473,7.1341102,6.2200000286102295,0.3320000171661377,experiments\out\revision_2026-09-25\fresh_runs\mridges_mw_d10_B5e5_seed97.jld2
mridges,10,500000.0,113,fresh_v1_2026-09-25,eligible,full_remaining_budget; weight_status=ok,experiments\out\runs\mridges_mw_d10_B5e5_seed113\result.h5,353027a6455f5b52ceed0079c349ee625400eccde871cb381f90a6784110047a,615224df86a3fb5642c9f09bc77d901dbc61be484832d91ae3f9330595a759d8,202613353113,75318.0,424682,500000.0,292.18571480039077,0.0005843714296007816,0.0006880105933389943,-31.754331734723916,0.05848184419616191,1.797008890876544,0.5535021565232094,0.505355446524158,0.36663433249732486,0.6700997877602873,0.47567633215750077,0.3970673321835808,0.34098370664618993,0.6562281416731757,1.0010211018399364,0.030572758642524064,3.5942188,6.5980000495910645,0.7390000820159912,experiments\out\revision_2026-09-25\fresh_runs\mridges_mw_d10_B5e5_seed113.jld2
mridges,10,500000.0,137,fresh_v1_2026-09-25,eligible,full_remaining_budget; weight_status=ok,experiments\out\runs\mridges_mw_d10_B5e5_seed137\result.h5,f871d76bb89126e5a79901452561a8cfb7e48c29e83816f6be4890dc56596bd2,00a286255f02d98c7a56806e4ca1474f786073dd806946cb32e331f1c73150e3,202613353137,75378.0,424622,500000.0,106.72713658215964,0.00021345427316431928,0.00025134622460013764,-31.525882810362347,0.09678498456272978,1.5685599665149752,0.5744950411628739,0.5353037453912516,0.4704496273823569,0.6991690717407577,0.5343647751064436,0.4117038174951862,0.4549889446756518,0.6778189127070655,1.1598302994330174,0.05542586259942919,7.6733079,5.727999925613403,0.6329998970031738,experiments\out\revision_2026-09-25\fresh_runs\mridges_mw_d10_B5e5_seed137.jld2
mridges,10,500000.0,173,fresh_v1_2026-09-25,eligible,full_remaining_budget; weight_status=ok,experiments\out\runs\mridges_mw_d10_B5e5_seed173\result.h5,5af8d2f085e6b68e363c61f98eff9c1333959a068a8c50e0c0ed6c6c5fb900fa,1a6f807d7aa1c584e9f7c3880be45924ee7abc34f624ac8514c1f27b71ac05d2,202613353173,75319.0,424681,500000.0,19.81203628961571,3.9624072579231415e-5,4.6651572096740164e-5,-31.3333853508276,0.2246597711225791,1.3760625069802295,0.8127970494694192,0.8230389777311994,0.5798060218302877,0.9006842691750787,1.198013088612493,0.5647869679940165,0.47911023127339547,0.6953713390262793,1.1226297582388278,0.20484120733711728,6.1772013,4.069999933242798,0.6410000324249268,experiments\out\revision_2026-09-25\fresh_runs\mridges_mw_d10_B5e5_seed173.jld2
mridges,10,500000.0,211,fresh_v1_2026-09-25,eligible,full_remaining_budget; weight_status=ok,experiments\out\runs\mridges_mw_d10_B5e5_seed211\result.h5,e422c956f19d19fc7e4401a19fb5bc0d3cddf9952d10fb6e7c47e51d9d32af4c,cbb805d97280a3a18a85f4f610bdecbca0e7126c36ac1de541fb0aaa658308d4,202613353211,75315.0,424685,500000.0,185.3666859311197,0.0003707333718622394,0.00043648041708824116,-31.725652509903053,0.07343267620082987,1.7683296660556813,0.5579719806156819,0.5807337463894159,0.500826264958174,0.7447603084219562,0.4707692645422766,0.3967570401192566,0.34997341997168097,0.6463669676172293,1.0372773076071546,0.03948212275597887,4.3627998,5.570000171661377,0.5499999523162842,experiments\out\revision_2026-09-25\fresh_runs\mridges_mw_d10_B5e5_seed211.jld2
mridges,10,500000.0,239,fresh_v1_2026-09-25,eligible,full_remaining_budget; weight_status=ok,experiments\out\runs\mridges_mw_d10_B5e5_seed239\result.h5,6e0113c933848f9eab1e6d522ab1d38203942ce125e416adb50af98405a266d6,61f7c4da92c2c30792c82eb08945c4c22b7e17ae3c6b99e823a6fcbdac23d388,202613353239,75291.0,424709,500000.0,6.617676518916944,1.3235353037833889e-5,1.5581672436696523e-5,-31.075481652323596,0.38872623252393107,1.118158808476224,1.1756930989985563,1.2301398520956202,0.7875839652479103,0.8495230501635881,1.8252699676132444,0.7665467571019408,0.7584471944790613,0.7342448376253,1.0886951966858969,0.3843151705943853,7.1960388,3.8999998569488525,1.187999963760376,experiments\out\revision_2026-09-25\fresh_runs\mridges_mw_d10_B5e5_seed239.jld2
mridges,10,500000.0,277,fresh_v1_2026-09-25,eligible,full_remaining_budget; weight_status=ok,experiments\out\runs\mridges_mw_d10_B5e5_seed277\result.h5,65321e95068c904922b2a4f353ca53cb90fa891ca2f3563d65604e4fc4d9f5e9,11662625f79a09ff09acbb144c5d3bfb81596a8fc0f150134f01b33c14f0b710,202613353277,75302.0,424698,500000.0,3.88627662852726,7.77255325705452e-6,9.1506826698672e-6,-30.562367892143232,0.5072606309238477,0.6050450482958603,1.383811398762494,1.2583451150104945,1.025024861950547,1.1150338854367001,1.354671282326331,1.317909630360439,0.9231000667338408,0.7951472449309147,1.1207771242149962,0.4826329055082093,5.5647898,6.258999824523926,0.377000093460083,experiments\out\revision_2026-09-25\fresh_runs\mridges_mw_d10_B5e5_seed277.jld2
mridges,10,500000.0,313,fresh_v1_2026-09-25,eligible,full_remaining_budget; weight_status=ok,experiments\out\runs\mridges_mw_d10_B5e5_seed313\result.h5,46196e6a33bc6f5fddbc83a53b5a114c7ce570e5d0fca5b090fcd8befaff2536,9baa99c2bff6e7c1ad2328403d6dcae16ef0a3f350478f6d7a24647084cbdaa8,202613353313,75342.0,424658,500000.0,209.86658260666061,0.00041973316521332126,0.0004942014105625247,-31.65823460614483,0.06901142794333076,1.7009117622974586,0.5307556675591325,0.5504137441261584,0.40737677042467124,0.6756438187970012,0.6119961930302249,0.34809630337338116,0.26039934244265783,0.6541637214425218,1.0308037547346833,0.0377479028691147,5.3326139,6.985999822616577,0.621999979019165,experiments\out\revision_2026-09-25\fresh_runs\mridges_mw_d10_B5e5_seed313.jld2
mridges,10,500000.0,359,fresh_v1_2026-09-25,eligible,full_remaining_budget; weight_status=ok,experiments\out\runs\mridges_mw_d10_B5e5_seed359\result.h5,a1e6b011090921b28443047e5084a84d795fad2f0f0c84544d838d9cf6ac9f7b,d60449d7cf8982564880fa14ff76f7652fd9c6d1a548057748d1b469a6b2d9ba,202613353359,75234.0,424766,500000.0,39.88575730310437,7.977151460620874e-5,9.390054124648481e-5,-31.376579382096374,0.1583327254874885,1.4192565382490017,0.654889696053902,0.6326034335665832,0.6429365961460372,0.8220081056064357,0.7445340471491457,0.4253465723180483,0.3352253231015946,0.6925281948397841,1.120897340925202,0.09687703278779604,3.4372997,5.50600004196167,1.0240001678466797,experiments\out\revision_2026-09-25\fresh_runs\mridges_mw_d10_B5e5_seed359.jld2
mridges,10,500000.0,401,fresh_v1_2026-09-25,eligible,full_remaining_budget; weight_status=ok,experiments\out\runs\mridges_mw_d10_B5e5_seed401\result.h5,8970a29cc85f43bc566b9fbb315a661e59f29493355e3846d230b72f7805575e,e325a00eebf442083f9d347f75138b0fe16a85e6f3702886ab13917460bcd30f,202613353401,75293.0,424707,500000.0,131.18872603354518,0.00026237745206709036,0.00030889230936515097,-31.557782190981158,0.0872940528486673,1.6004593471337856,0.5953704374673856,0.5483742113824299,0.515005512875744,0.704021322183616,0.7086719590596318,0.4095466822636798,0.4755168771697532,0.6633006471381169,1.1292485717694531,0.04775587840623428,3.5971555,4.019000053405762,0.3940000534057617,experiments\out\revision_2026-09-25\fresh_runs\mridges_mw_d10_B5e5_seed401.jld2
mridges,10,500000.0,449,fresh_v1_2026-09-25,eligible,full_remaining_budget; weight_status=ok,experiments\out\runs\mridges_mw_d10_B5e5_seed449\result.h5,588ba2863c5d66d3c86fc9fded8763f43749e03f53828bd5a711ac92957fbc14,0ef4e8a9e41ae628f1d843025cabd20336f3b1080148f781602bfa3a5684375f,202613353449,75247.0,424753,500000.0,233.2450947897835,0.000466490189579567,0.0005491311298325934,-31.718911566133873,0.06545976854021508,1.7615887222865005,0.5409225542769731,0.5155702806441631,0.41526096325135864,0.679836454142168,0.5321076030553309,0.3980773810541561,0.37124089585866527,0.6555366455025271,1.0691456652501397,0.040239950123053835,5.8665248,6.062000036239624,0.6220002174377441,experiments\out\revision_2026-09-25\fresh_runs\mridges_mw_d10_B5e5_seed449.jld2
mridges,10,500000.0,491,fresh_v1_2026-09-25,eligible,full_remaining_budget; weight_status=ok,experiments\out\runs\mridges_mw_d10_B5e5_seed491\result.h5,9c1469258307f11df59d9f07be42c885777059d014faf697a2f677a0b8c9a796,5a4dbf3a4c1efa6353e63b2591e8144d123fa9443fd08bb8b5d48e019f2769ed,202613353491,75349.0,424651,500000.0,13.918282495834209,2.783656499166842e-5,3.277581471804896e-5,-31.190214347353997,0.26804027769341476,1.2328915035066252,0.7859921210606151,0.7996657576717122,0.6342592744737766,0.6612617528396415,0.9295172886117251,0.5791766461606201,0.5573166432323926,0.7264101110946174,1.1414198470143284,0.22014490258631547,5.1362868,4.577000141143799,0.7430000305175781,experiments\out\revision_2026-09-25\fresh_runs\mridges_mw_d10_B5e5_seed491.jld2
mridges,10,500000.0,541,fresh_v1_2026-09-25,eligible,full_remaining_budget; weight_status=ok,experiments\out\runs\mridges_mw_d10_B5e5_seed541\result.h5,eca87b67068009adef3bfe42f55988335a445b873c5e817f41e9ada58204a592,089bfee5c21c6cd83bec3278abd9a7939e872df8e1ae3ef00b48e3f98076ae19,202613353541,75259.0,424741,500000.0,16.21389588135715,3.24277917627143e-5,3.817360669527347e-5,-31.107148600096895,0.24834076844386135,1.1498257562495233,0.8955936805746351,0.8556905602479046,0.713026552368597,0.8620999457956952,1.2733061828957513,0.5245934262921823,0.5688217824322491,0.7265905529975202,1.1469612995960536,0.17657977175158712,8.2480984,5.9649999141693115,0.3660001754760742,experiments\out\revision_2026-09-25\fresh_runs\mridges_mw_d10_B5e5_seed541.jld2
mridges,10,500000.0,587,fresh_v1_2026-09-25,eligible,full_remaining_budget; weight_status=ok,experiments\out\runs\mridges_mw_d10_B5e5_seed587\result.h5,ac6549ee5da34e508a9e8a235f4a56428e8e38c7a1a2a6079fe4d6c78a387b81,92a10528549c0690f7ee1ffa1813fb3ab87ba9343924d4b48638403325b48c78,202613353587,75283.0,424717,500000.0,83.52484687347022,0.00016704969374694046,0.00019666000389311053,-31.516782134930516,0.10940809281998762,1.5594592910831437,0.6143923017643461,0.5897289836286825,0.5745973313562489,0.6993268761795324,0.8841504723177144,0.3826188884258736,0.40378592961940896,0.6856677751867962,1.074189748699697,0.06780949061104216,7.0826384,5.538000106811523,0.5059998035430908,experiments\out\revision_2026-09-25\fresh_runs\mridges_mw_d10_B5e5_seed587.jld2
mridges,10,500000.0,631,fresh_v1_2026-09-25,eligible,full_remaining_budget; weight_status=ok,experiments\out\runs\mridges_mw_d10_B5e5_seed631\result.h5,b24494b655235ea54400c33e2873625e179dd234332cd24ec1e78296b74c041b,3ec926d15706d0d0bf3b5545bd259ca5ce78b931bfd9f1c2aaf0bdf93a90e95c,202613353631,75275.0,424725,500000.0,15.399578169817461,3.0799156339634924e-5,3.6257762481175964e-5,-31.352139217028515,0.25482246602787845,1.3948163731811434,0.9932162680799811,1.0816801801012266,0.545824782641678,1.004378477144799,1.4663763263486853,0.6347837660920538,0.5521479221397442,0.6977540082319748,1.0555928536647887,0.2420539703706333,3.4769706,5.430000066757202,0.565000057220459,experiments\out\revision_2026-09-25\fresh_runs\mridges_mw_d10_B5e5_seed631.jld2
mridges,10,500000.0,677,fresh_v1_2026-09-25,eligible,full_remaining_budget; weight_status=ok,experiments\out\runs\mridges_mw_d10_B5e5_seed677\result.h5,fc8c4c1f54331032d98cddb2deed9c566115e9289cf223eae374aa32879e066f,d7f289ef85bf045acf707570e5f9a469cbccbd3f7306c91b3ff3d85aee73003b,202613353677,75344.0,424656,500000.0,13.2339574662376,2.64679149324752e-5,3.1163947916048755e-5,-30.943419914187956,0.2748833060470738,0.986097070340584,0.9583849518883941,0.9835843822194624,0.7464584467701508,0.9835857939117968,1.3302307571441587,0.5215111575491989,0.6445122999078402,0.7537233139981895,1.158752147348478,0.21800694297119308,7.7654854,5.335999965667725,0.2910001277923584,experiments\out\revision_2026-09-25\fresh_runs\mridges_mw_d10_B5e5_seed677.jld2
mridges_spiky,5,5000.0,11,fresh_v1_2026-09-25,unavailable,exceeds_strict_budget,experiments\out\runs\mridges_spiky_mw_d5_B5e3_seed11\result.h5,00a0d9d6f847799720a538754fdd4dfc8b0eba28689b9ef6d56daf5ba233a809,d3954ff5959476c17c36e20e57b0b411bb6d11f11f3fbd069f27120f4428f7aa,202615301011,5611.0,0,5611.0,NaN,NaN,NaN,NaN,NaN,NaN,NaN,NaN,NaN,NaN,NaN,NaN,NaN,NaN,NaN,NaN,20.4804093,NaN,NaN,experiments\out\revision_2026-09-25\fresh_runs\mridges_spiky_mw_d5_B5e3_seed11.jld2
mridges_spiky,5,5000.0,23,fresh_v1_2026-09-25,unavailable,exceeds_strict_budget,experiments\out\runs\mridges_spiky_mw_d5_B5e3_seed23\result.h5,b7541b0103d5879c3d075518f054c56cef62b96055b4768d2a0a77a17d565731,b354ddfdd201f89934e491c30be46f5f33ae5d042a60cb514c5966c4159b2f35,202615301023,5556.0,0,5556.0,NaN,NaN,NaN,NaN,NaN,NaN,NaN,NaN,NaN,NaN,NaN,NaN,NaN,NaN,NaN,NaN,0.250404,NaN,NaN,experiments\out\revision_2026-09-25\fresh_runs\mridges_spiky_mw_d5_B5e3_seed23.jld2
mridges_spiky,5,5000.0,41,fresh_v1_2026-09-25,unavailable,exceeds_strict_budget,experiments\out\runs\mridges_spiky_mw_d5_B5e3_seed41\result.h5,8c69c5854ce5d941cd833c12736ac5a1743b5a1437dc42357c44a255e938bbe9,efc9cdcbb223c5f8b17f885f21ad011aed0a719e06663d81aa386dfc581cb3c6,202615301041,5691.0,0,5691.0,NaN,NaN,NaN,NaN,NaN,NaN,NaN,NaN,NaN,NaN,NaN,NaN,NaN,NaN,NaN,NaN,0.309557,NaN,NaN,experiments\out\revision_2026-09-25\fresh_runs\mridges_spiky_mw_d5_B5e3_seed41.jld2
mridges_spiky,5,5000.0,67,fresh_v1_2026-09-25,unavailable,exceeds_strict_budget,experiments\out\runs\mridges_spiky_mw_d5_B5e3_seed67\result.h5,0af1e922aab373fba36dd2f70998bc07fafb5db781a7dae4be3a7bb0aca24d0b,7b8d57a7450e98f29c0616d24b0edad4a6e2d3ad39d9c083e7d5b288062f45e2,202615301067,5028.0,0,5028.0,NaN,NaN,NaN,NaN,NaN,NaN,NaN,NaN,NaN,NaN,NaN,NaN,NaN,NaN,NaN,NaN,0.1437217,NaN,NaN,experiments\out\revision_2026-09-25\fresh_runs\mridges_spiky_mw_d5_B5e3_seed67.jld2
mridges_spiky,5,5000.0,97,fresh_v1_2026-09-25,unavailable,exceeds_strict_budget,experiments\out\runs\mridges_spiky_mw_d5_B5e3_seed97\result.h5,8a7b8c5122e2174d71914de7f0dda417e3c6845f5b8709deb161bacb0d46e23d,1153383b05b04ebc8e078f3c75f731b1fbd51bbd9309ae123556831894d65620,202615301097,5423.0,0,5423.0,NaN,NaN,NaN,NaN,NaN,NaN,NaN,NaN,NaN,NaN,NaN,NaN,NaN,NaN,NaN,NaN,0.2764083,NaN,NaN,experiments\out\revision_2026-09-25\fresh_runs\mridges_spiky_mw_d5_B5e3_seed97.jld2
mridges_spiky,5,5000.0,113,fresh_v1_2026-09-25,unavailable,exceeds_strict_budget,experiments\out\runs\mridges_spiky_mw_d5_B5e3_seed113\result.h5,138105bad973d2420cbe48587e4c5f5db976844dc8d70ad48ae6ba8d1d398cd4,51044431e85245a976c16bbe60b15f3c13bb90dcaca6af3517bd0626cc575aad,202615301113,5593.0,0,5593.0,NaN,NaN,NaN,NaN,NaN,NaN,NaN,NaN,NaN,NaN,NaN,NaN,NaN,NaN,NaN,NaN,0.1566082,NaN,NaN,experiments\out\revision_2026-09-25\fresh_runs\mridges_spiky_mw_d5_B5e3_seed113.jld2
mridges_spiky,5,5000.0,137,fresh_v1_2026-09-25,unavailable,exceeds_strict_budget,experiments\out\runs\mridges_spiky_mw_d5_B5e3_seed137\result.h5,65276c14bc96cfd3a645cae01c725e36b9963da2fe354777f4d919f2e272ca20,19b88e6b92680dbdf12a93707cd20237d68a352df8078bff320d47eb0a6c5a27,202615301137,5400.0,0,5400.0,NaN,NaN,NaN,NaN,NaN,NaN,NaN,NaN,NaN,NaN,NaN,NaN,NaN,NaN,NaN,NaN,0.1864755,NaN,NaN,experiments\out\revision_2026-09-25\fresh_runs\mridges_spiky_mw_d5_B5e3_seed137.jld2
mridges_spiky,5,5000.0,173,fresh_v1_2026-09-25,unavailable,exceeds_strict_budget,experiments\out\runs\mridges_spiky_mw_d5_B5e3_seed173\result.h5,5b1414ae234999b92a8aeea21916f66a1d841a093c642d06a92662187b8db07a,4c5f0fcf7644459c39447f3c8ee8e7cf0fc35766e0bd92bf0a887d76363dbc92,202615301173,5075.0,0,5075.0,NaN,NaN,NaN,NaN,NaN,NaN,NaN,NaN,NaN,NaN,NaN,NaN,NaN,NaN,NaN,NaN,0.2235067,NaN,NaN,experiments\out\revision_2026-09-25\fresh_runs\mridges_spiky_mw_d5_B5e3_seed173.jld2
mridges_spiky,5,5000.0,211,fresh_v1_2026-09-25,unavailable,exceeds_strict_budget,experiments\out\runs\mridges_spiky_mw_d5_B5e3_seed211\result.h5,4370e7db2246e54d8bfb20d0cbad43e08c73b1834b9cf1b8c3ec6972abadcd99,92d35ba396211ca9540ca862de1f7763d117261fa9f2c26da11349095c8b4de8,202615301211,5614.0,0,5614.0,NaN,NaN,NaN,NaN,NaN,NaN,NaN,NaN,NaN,NaN,NaN,NaN,NaN,NaN,NaN,NaN,0.5892358,NaN,NaN,experiments\out\revision_2026-09-25\fresh_runs\mridges_spiky_mw_d5_B5e3_seed211.jld2
mridges_spiky,5,5000.0,239,fresh_v1_2026-09-25,unavailable,exceeds_strict_budget,experiments\out\runs\mridges_spiky_mw_d5_B5e3_seed239\result.h5,d8ecee3c16499630978f9a1a8504e03905794c1cfafaee26b8988161377703a1,a01bcf7a2377fc7c0fe4872bcbed3e7ff8eed4157c60baed965ba6f8145c99c7,202615301239,5171.0,0,5171.0,NaN,NaN,NaN,NaN,NaN,NaN,NaN,NaN,NaN,NaN,NaN,NaN,NaN,NaN,NaN,NaN,0.7540564,NaN,NaN,experiments\out\revision_2026-09-25\fresh_runs\mridges_spiky_mw_d5_B5e3_seed239.jld2
mridges_spiky,5,50000.0,11,fresh_v1_2026-09-25,eligible,full_remaining_budget; weight_status=ok,experiments\out\runs\mridges_spiky_mw_d5_B5e4_seed11\result.h5,0d2999b024b4e3139892fc6a1950e5794e166b6962fdf759c8873756db442655,1f8df643f429f1db8ca9032f5a46e0aed49efa5cfbfe429cc02de3218412fcc6,202615302011,13948.0,36052,50000.0,28803.959584006054,0.5760791916801211,0.7989559409743163,-14.975811913273239,0.0026419191662394267,0.0028494544967152535,0.010880722405673714,0.016410816821885273,0.007549575155404153,0.004620660856304637,0.004673035949028435,0.007419932048751831,0.010700834073757149,0.004005086444803036,-0.29860082663655807,7.621003739022086e-5,7.7618217,0.9550001621246338,0.21600008010864258,experiments\out\revision_2026-09-25\fresh_runs\mridges_spiky_mw_d5_B5e4_seed11.jld2
mridges_spiky,5,50000.0,23,fresh_v1_2026-09-25,eligible,full_remaining_budget; weight_status=ok,experiments\out\runs\mridges_spiky_mw_d5_B5e4_seed23\result.h5,0bfefd34fc12b696372cec0208707890d95888c58eb4a5843696d59df12239f6,2acc72a0a61845120076b7274f29493e6eeaff087615c5f141281369c4fd61a8,202615302023,13751.0,36249,50000.0,28979.993263012308,0.5795998652602462,0.7994701443629426,-14.978593322804787,0.0026305125643265245,6.80449651664361e-5,0.014859764808344575,0.015793657772726143,0.010101009777579485,0.0066549223065901055,0.006873864323889789,0.010744716514122754,0.00947503516733783,0.005434074056956586,0.014473881603531188,5.8342441377061315e-5,7.8211685,0.14100003242492676,0.1940000057220459,experiments\out\revision_2026-09-25\fresh_runs\mridges_spiky_mw_d5_B5e4_seed23.jld2
mridges_spiky,5,50000.0,41,fresh_v1_2026-09-25,eligible,full_remaining_budget; weight_status=ok,experiments\out\runs\mridges_spiky_mw_d5_B5e4_seed41\result.h5,4e3b7a65188b2fe30e7f3736f18fb7fc7a80e72d2608f744bfb748552e635c83,fa50be9c14f9aa85a22ef8b27e0a766a6018655d8c83abf653a4b39f4702ec4e,202615302041,13923.0,36077,50000.0,28919.459446905326,0.5783891889381065,0.8016037765586198,-14.984261034849897,0.002619217808701625,0.005599667079943416,0.01316910634306962,0.014812467696297175,0.011267267418748773,0.01223438454369219,0.006983119883649577,0.010038763454049426,0.006451227790422021,0.0035281660425100884,-0.1415977680312493,5.9561360465618706e-5,8.8317244,0.15900015830993652,0.41900014877319336,experiments\out\revision_2026-09-25\fresh_runs\mridges_spiky_mw_d5_B5e4_seed41.jld2
mridges_spiky,5,50000.0,67,fresh_v1_2026-09-25,eligible,full_remaining_budget; weight_status=ok,experiments\out\runs\mridges_spiky_mw_d5_B5e4_seed67\result.h5,930f8ecacd47561918c9d20bae65fad9c468ab8d3dceda7b2dd72407905655bc,bc56352c2f022ca31431e592f7ea9848611bbcc47e1e84010a3fa429aed656d8,202615302067,14140.0,35860,50000.0,27980.400331103112,0.5596080066220622,0.780267716985586,-14.980023072835973,0.0028023344908102107,0.00136170506601907,0.013777080504545005,0.011291966121241568,0.010700144296346647,0.005271956802042843,0.006358849639533345,0.00995661807920999,0.010315139361385084,0.004491811154249743,-0.4965870866964621,8.953679864527379e-5,8.3678528,0.12599992752075195,0.18900012969970703,experiments\out\revision_2026-09-25\fresh_runs\mridges_spiky_mw_d5_B5e4_seed67.jld2
mridges_spiky,5,50000.0,97,fresh_v1_2026-09-25,eligible,full_remaining_budget; weight_status=ok,experiments\out\runs\mridges_spiky_mw_d5_B5e4_seed97\result.h5,077f5c582623fdb901b3932cf433e6843444872a428ce1dcb5b3bbc3c22f1933,782de0918748eaa28aa1fd5e121e21e2e4755c2c9035efd0e67ba260fe38dfde,202615302097,13446.0,36554,50000.0,28484.989184373702,0.5696997836874741,0.7792577880498359,-14.981088776867978,0.0027837784312688516,0.0024274090980238583,0.008570316890731617,0.011217058592267758,0.007517364772762547,0.008362951135715613,0.00852197414661533,0.012542553219585983,0.016852971637527147,0.00385154069997767,-0.20294091554005542,7.370938203436148e-5,8.2004045,0.14100003242492676,0.15799999237060547,experiments\out\revision_2026-09-25\fresh_runs\mridges_spiky_mw_d5_B5e4_seed97.jld2
mridges_spiky,5,50000.0,113,fresh_v1_2026-09-25,eligible,full_remaining_budget; weight_status=ok,experiments\out\runs\mridges_spiky_mw_d5_B5e4_seed113\result.h5,3dd29642dd67f48bdab7be94052e72a44ecc43b8ec01250f6dd649104aad76b4,539a51248ae17a109ad831e33c55c5cb427b9614cf2f05f2916583e293f0b55d,202615302113,13995.0,36005,50000.0,28309.55629734857,0.5661911259469714,0.7862673600152359,-14.977499930291891,0.00274769734281467,0.0011614374780624104,0.010320736012076625,0.016206442364750957,0.015134837109614474,0.011699588135518125,0.00817327485297934,0.01354225445117151,0.014201929071279863,0.007535811462774274,-0.46637909241756953,9.215629865180796e-5,7.3089525,0.13099980354309082,0.2669999599456787,experiments\out\revision_2026-09-25\fresh_runs\mridges_spiky_mw_d5_B5e4_seed113.jld2
mridges_spiky,5,50000.0,137,fresh_v1_2026-09-25,eligible,full_remaining_budget; weight_status=ok,experiments\out\runs\mridges_spiky_mw_d5_B5e4_seed137\result.h5,bc1ec6782e43b5dd3adcf0d3d661ab76204726cd9b7f29c75f0b95ce2301f978,f050f3a733b12560ed9f57edf51a3b9d3678e2c855bb806b0afd635dde255a6f,202615302137,13924.0,36076,50000.0,28157.63759550554,0.5631527519101108,0.7805088589507024,-14.978955899878924,0.002791967706030957,0.0002945321089704578,0.023126550152329905,0.013392496950562206,0.011332705113906915,0.010672911365903958,0.009272811083764276,0.007526321967964933,0.01971856737432436,0.00272636013346347,-0.5043594388226217,7.36085706992115e-5,4.2742496,0.12600016593933105,0.2330000400543213,experiments\out\revision_2026-09-25\fresh_runs\mridges_spiky_mw_d5_B5e4_seed137.jld2
mridges_spiky,5,50000.0,173,fresh_v1_2026-09-25,eligible,full_remaining_budget; weight_status=ok,experiments\out\runs\mridges_spiky_mw_d5_B5e4_seed173\result.h5,0c980adc59f5f4c9def241f460d647ed8b760c271edcd1befbc5cb0b10fd825a,4989f22c8b11fd110a8bf332989fc50b500875071c75fd6df75789ee6089c8a6,202615302173,14241.0,35759,50000.0,28543.986867942986,0.5708797373588597,0.7982322455309988,-14.980156408941403,0.0026586952757835258,0.0014950411714487188,0.009667656441490535,0.017233539443207466,0.02130053417754285,0.0072563172189707755,0.0059390448026794395,0.005631547528545255,0.006331795607402135,0.005549448776317981,-0.3508635617636231,7.572330492076392e-5,8.7052817,0.11599993705749512,0.19899988174438477,experiments\out\revision_2026-09-25\fresh_runs\mridges_spiky_mw_d5_B5e4_seed173.jld2
mridges_spiky,5,50000.0,211,fresh_v1_2026-09-25,eligible,full_remaining_budget; weight_status=ok,experiments\out\runs\mridges_spiky_mw_d5_B5e4_seed211\result.h5,aba19b72a963b6fae92afb64786632e804423bfd5560e46077613f88c4bc6523,04d2d126457b5cff37dfbb14eb4808aaa1e3cb5ba8944c5ad843922965fa8cc0,202615302211,14189.0,35811,50000.0,28184.780008225476,0.5636956001645095,0.7870425290616144,-14.979829422956344,0.00274877451458764,0.0011680551863904043,0.011015570331909672,0.016732183973758898,0.012622875882599938,0.0031874020082802933,0.006556349064270592,0.010586789261995378,0.018006131953417583,0.006327646431147433,-0.1855669085833326,6.476793718792783e-5,4.4795543,0.12999987602233887,0.24699997901916504,experiments\out\revision_2026-09-25\fresh_runs\mridges_spiky_mw_d5_B5e4_seed211.jld2
mridges_spiky,5,50000.0,239,fresh_v1_2026-09-25,eligible,full_remaining_budget; weight_status=ok,experiments\out\runs\mridges_spiky_mw_d5_B5e4_seed239\result.h5,664d05949b08c9b024b1a818b854921bed2e2aa358a3bc29f86c4414bf7ba662,31aca28f61bdd43a09ad1f964b6463ab56ff6048d6b843dc485ae7ff2f16064f,202615302239,13950.0,36050,50000.0,28705.484750491927,0.5741096950098385,0.7962686477251575,-14.976993489844272,0.0026640752713214862,0.0016678779256817933,0.01665887857424015,0.013008631254471957,0.00893671929039892,0.0053140383392790815,0.009931767217768355,0.008783619371957919,0.005832424622280019,0.004072434183009982,-0.3305637654302916,8.882516764323578e-5,15.1427401,0.24000000953674316,0.20300006866455078,experiments\out\revision_2026-09-25\fresh_runs\mridges_spiky_mw_d5_B5e4_seed239.jld2
mridges_spiky,5,500000.0,11,fresh_v1_2026-09-25,eligible,full_remaining_budget; weight_status=ok,experiments\out\runs\mridges_spiky_mw_d5_B5e5_seed11\result.h5,2d5026758c8728c639b5b0a854589e73c5e0b4707aab7dfe2c996186e640d5b2,ba928b78bd6fce18d970e25990cf45c48455c1d3dde0674ce9c43a57335dcae3,202615303011,26653.0,473347,500000.0,377060.3966469868,0.7541207932939735,0.7965834718440948,-14.978173282781945,0.0007344929960232719,0.00048808498800845257,0.010403884035137171,0.011121822368531533,0.008450146086560584,0.005118677117752069,0.003187762147190997,0.007744393353116774,0.01150700665553206,0.0016892320108064206,0.698872756974767,4.971961957082725e-6,10.0300902,4.365000009536743,0.3269999027252197,experiments\out\revision_2026-09-25\fresh_runs\mridges_spiky_mw_d5_B5e5_seed11.jld2
mridges_spiky,5,500000.0,23,fresh_v1_2026-09-25,eligible,full_remaining_budget; weight_status=ok,experiments\out\runs\mridges_spiky_mw_d5_B5e5_seed23\result.h5,925a714e5af856e9f235fce393a3e529ae345baad5e32a26844afd3082955c25,1a51ae0060d5c671ff7ec38f7bf4665aafba29554c8a213047c36db8bca59c22,202615303023,25627.0,474373,500000.0,374368.4632445637,0.7487369264891275,0.7891858584796431,-14.977105905173902,0.0007504128145926025,0.001555462596051882,0.013357555779399408,0.018658406945946355,0.008830840485600188,0.011883391173742309,0.012864072616481004,0.007064787348958046,0.014361920933630933,0.0009212634002899005,-0.07112098782701863,5.249701848008189e-6,5.8112003,2.6410000324249268,0.4049999713897705,experiments\out\revision_2026-09-25\fresh_runs\mridges_spiky_mw_d5_B5e5_seed23.jld2
mridges_spiky,5,500000.0,41,fresh_v1_2026-09-25,eligible,full_remaining_budget; weight_status=ok,experiments\out\runs\mridges_spiky_mw_d5_B5e5_seed41\result.h5,76c1a1f14d41849136bb544dba5b0f86f9c9a344216d7288c1b2bf019dabc657,6ea219a751665982c879425f793b5ebe5b3af62df3340698cc0b36c493c2736c,202615303041,26627.0,473373,500000.0,373160.4462949413,0.7463208925898825,0.7883010782088148,-14.97834918496611,0.0007532020981726023,0.0003121828038441521,0.013961672670200742,0.01133235698688464,0.009697185478481907,0.007982980761037584,0.004824842622699407,0.007693338431339935,0.016423899416719047,0.0007132038677617573,0.03864641614200515,5.052069483477754e-6,5.9261484,2.694000005722046,0.46899986267089844,experiments\out\revision_2026-09-25\fresh_runs\mridges_spiky_mw_d5_B5e5_seed41.jld2
mridges_spiky,5,500000.0,67,fresh_v1_2026-09-25,eligible,full_remaining_budget; weight_status=ok,experiments\out\runs\mridges_spiky_mw_d5_B5e5_seed67\result.h5,132a40a34b75c72788248afc721006ce27d8b9e3cc48f8bb8d77bf2d0eac56e3,c9f2d5a0da10721f664425b75e5e8cabcf16b4f013add1cbae4a8f53362a5f40,202615303067,26127.0,473873,500000.0,380406.99290017877,0.7608139858003575,0.8027614844065367,-14.978038265395949,0.0007200648590311283,0.0006231023740053132,0.011837838592613467,0.01577019141220202,0.009711541184510541,0.005952980735204139,0.007550952897827081,0.0032869933654596896,0.007489414832761554,0.0014336852207715543,0.4197684827300595,4.779436629373789e-6,25.8777521,4.811000108718872,0.41100001335144043,experiments\out\revision_2026-09-25\fresh_runs\mridges_spiky_mw_d5_B5e5_seed67.jld2
mridges_spiky,5,500000.0,97,fresh_v1_2026-09-25,eligible,full_remaining_budget; weight_status=ok,experiments\out\runs\mridges_spiky_mw_d5_B5e5_seed97\result.h5,58e1bbb31479d4f4f7fa1ebf74666fc2f533fb7c4be1a5d3b233f509f992cbed,a7abde4bddf202eb4605247773f95e2eecee81bf47ffc81fc85d6401fc0d460b,202615303097,25698.0,474302,500000.0,373266.52556241053,0.746533051124821,0.7869807117878704,-14.978905277925472,0.0007554399404824573,0.00024391015551827877,0.012965442917575402,0.012764770937911209,0.0036528563240071366,0.004771220487620087,0.007388945334836675,0.008460570887728747,0.011382352631530113,0.0012105333801890675,-0.5046966108697681,5.001346231095131e-6,8.7212055,3.191999912261963,0.3320000171661377,experiments\out\revision_2026-09-25\fresh_runs\mridges_spiky_mw_d5_B5e5_seed97.jld2
mridges_spiky,5,500000.0,113,fresh_v1_2026-09-25,eligible,full_remaining_budget; weight_status=ok,experiments\out\runs\mridges_spiky_mw_d5_B5e5_seed113\result.h5,76503f87678b921dc89900dfb36d00c45434f934a4873b10e06d368d05b312c8,c2f9ffb6a1cc2ed500f84b857840229699ea505cbc3624e69554b47f0a7140b0,202615303113,25974.0,474026,500000.0,376311.6447422849,0.7526232894845698,0.7938628782857584,-14.979319945903645,0.0007401236383601475,0.0006585781336916341,0.01080430123534738,0.015435514144153175,0.012076449059585914,0.006215922630420989,0.006337128753769949,0.005888547408026412,0.009527648536731182,0.0022148012846667023,-0.12647060633659715,5.757356989592362e-6,11.085003,2.555999994277954,0.554999828338623,experiments\out\revision_2026-09-25\fresh_runs\mridges_spiky_mw_d5_B5e5_seed113.jld2
mridges_spiky,5,500000.0,137,fresh_v1_2026-09-25,eligible,full_remaining_budget; weight_status=ok,experiments\out\runs\mridges_spiky_mw_d5_B5e5_seed137\result.h5,e000bf918103ef9955759e4bceddce6370a158ee0f7fc92f3c7c14f9636f4c78,abdce9df9d3bbc986dc0880c2a28bb8e8580c6ef1d313988f5450d4460a711e3,202615303137,26288.0,473712,500000.0,365288.8032094164,0.7305776064188327,0.7711200121791646,-14.978061035334687,0.0007915634462014028,0.0006003324352672479,0.01962720104046617,0.012314661656558933,0.007632096654953879,0.009611294402054571,0.004201821400283393,0.005649074439679669,0.009984153576607424,0.0015646318809248716,-0.4917014839527114,5.594133085425928e-6,8.6769086,2.3919999599456787,0.2630000114440918,experiments\out\revision_2026-09-25\fresh_runs\mridges_spiky_mw_d5_B5e5_seed137.jld2
mridges_spiky,5,500000.0,173,fresh_v1_2026-09-25,eligible,full_remaining_budget; weight_status=ok,experiments\out\runs\mridges_spiky_mw_d5_B5e5_seed173\result.h5,7dfc23606903563ff40eefef334f84e6f64d7edfd0969778e98a0889e9e21f8e,109a2c99951312e0c49b5f2360db444ca20baaf11e66a4cd8bccd4af217817ea,202615303173,25330.0,474670,500000.0,385333.47794692306,0.7706669558938462,0.8117923566834286,-14.977998090762416,0.0006988762099187808,0.0006632770075380989,0.00868003694369818,0.013273394101249683,0.004548629765649692,0.010817465955941774,0.005136596715415097,0.004696960795773919,0.015643186194365555,0.0006598950116050405,-0.2293932436754754,4.726980909432807e-6,7.8986321,2.0829999446868896,0.31599998474121094,experiments\out\revision_2026-09-25\fresh_runs\mridges_spiky_mw_d5_B5e5_seed173.jld2
mridges_spiky,5,500000.0,211,fresh_v1_2026-09-25,eligible,full_remaining_budget; weight_status=ok,experiments\out\runs\mridges_spiky_mw_d5_B5e5_seed211\result.h5,11731ac864a188890806db8b6d79bf963bf4de7c3026ae297ddd7f713eeccf1c,95c81afa805c53c3fdf228f16c5c8c3ec55a91fad0528903f90627bbb8598ac2,202615303211,26247.0,473753,500000.0,368759.7128890806,0.7375194257781611,0.7783796891820856,-14.97707734952961,0.0007752344178821541,0.0015840182403437097,0.016025880463061627,0.021195244498401277,0.013240105604081242,0.0077503889412831265,0.0054961122261883,0.008530644438831636,0.01025038877264941,0.002136338173413202,-0.45943648502556633,6.470997786539504e-6,5.3411651,2.1439998149871826,0.3410000801086426,experiments\out\revision_2026-09-25\fresh_runs\mridges_spiky_mw_d5_B5e5_seed211.jld2
mridges_spiky,5,500000.0,239,fresh_v1_2026-09-25,eligible,full_remaining_budget; weight_status=ok,experiments\out\runs\mridges_spiky_mw_d5_B5e5_seed239\result.h5,0fe5bd509eadeb63fd5465f2ec661572fdd0d76cd0b16d52de7e21eae69f8e73,1b65db8b4a0b95878d2cf9c4879c3cf5a54b6cc9195aeccd3a244205734e4c91,202615303239,25713.0,474287,500000.0,383093.53450992156,0.7661870690198431,0.8077251421816781,-14.977871109035053,0.0007084494022883197,0.0007902587349004619,0.014046268568714645,0.01303702658611119,0.0052767844394263855,0.011552423852904049,0.005173452810242154,0.011557871387298324,0.006801497553355329,0.00129253375358971,0.09397098038974543,4.765956368449027e-6,8.0004478,2.134999990463257,0.25,experiments\out\revision_2026-09-25\fresh_runs\mridges_spiky_mw_d5_B5e5_seed239.jld2
mvn,2,5000.0,11,fresh_v1_2026-09-25,unavailable,exceeds_strict_budget,experiments\out\runs\mvn_mw_d2_B5e3_seed11\result.h5,d55547b1f8123da76ee3fe4325b4b0385bac82f3cb06a7a8a8d71cc2ec99530c,e525b91b8517de568bea8c1a761b976af2101a6eecdf61d5e56e6777016e7e44,202610271011,5356.0,0,5356.0,NaN,NaN,NaN,NaN,NaN,NaN,NaN,NaN,NaN,NaN,NaN,NaN,NaN,NaN,NaN,NaN,19.5469732,NaN,NaN,experiments\out\revision_2026-09-25\fresh_runs\mvn_mw_d2_B5e3_seed11.jld2
mvn,2,5000.0,23,fresh_v1_2026-09-25,unavailable,exceeds_strict_budget,experiments\out\runs\mvn_mw_d2_B5e3_seed23\result.h5,90fefea5215f15fe67a9fe6b8fb9684366763fc5bf633af725cecdd245590cd0,9e36a3d88ef1ce5793485846c788b89dafdc9656700dd8d760ccc3910d814227,202610271023,6548.0,0,6548.0,NaN,NaN,NaN,NaN,NaN,NaN,NaN,NaN,NaN,NaN,NaN,NaN,NaN,NaN,NaN,NaN,0.3477354,NaN,NaN,experiments\out\revision_2026-09-25\fresh_runs\mvn_mw_d2_B5e3_seed23.jld2
mvn,2,5000.0,41,fresh_v1_2026-09-25,unavailable,exceeds_strict_budget,experiments\out\runs\mvn_mw_d2_B5e3_seed41\result.h5,8c67a975998d9132b2d645eda5607fbfc14d53221d634d78f96e2cfcf0010eaf,2c5e4a741d8e0aeac59a2e5bda1ff33ba85f21497dd94560857aab78b5f605bb,202610271041,5788.0,0,5788.0,NaN,NaN,NaN,NaN,NaN,NaN,NaN,NaN,NaN,NaN,NaN,NaN,NaN,NaN,NaN,NaN,0.2688966,NaN,NaN,experiments\out\revision_2026-09-25\fresh_runs\mvn_mw_d2_B5e3_seed41.jld2
mvn,2,5000.0,67,fresh_v1_2026-09-25,unavailable,exceeds_strict_budget,experiments\out\runs\mvn_mw_d2_B5e3_seed67\result.h5,3f5acea6a063de3239d2f330e974ecd15998ee7ea663b2859c06fffdc9b2f7b3,279c727c5414645333ae2bc81b498beaed0c983f36d7d243f5cbeab9735ecaee,202610271067,6115.0,0,6115.0,NaN,NaN,NaN,NaN,NaN,NaN,NaN,NaN,NaN,NaN,NaN,NaN,NaN,NaN,NaN,NaN,0.2232535,NaN,NaN,experiments\out\revision_2026-09-25\fresh_runs\mvn_mw_d2_B5e3_seed67.jld2
mvn,2,5000.0,97,fresh_v1_2026-09-25,unavailable,exceeds_strict_budget,experiments\out\runs\mvn_mw_d2_B5e3_seed97\result.h5,1f8702e03ce8cdcc7a0140305397200725c4682e4b92822d216d212feca167cb,4553b2c8da9bbad80e7a01071d6adbaeb92451bc84b66c36dd727608aa431a87,202610271097,5148.0,0,5148.0,NaN,NaN,NaN,NaN,NaN,NaN,NaN,NaN,NaN,NaN,NaN,NaN,NaN,NaN,NaN,NaN,0.1638083,NaN,NaN,experiments\out\revision_2026-09-25\fresh_runs\mvn_mw_d2_B5e3_seed97.jld2
mvn,2,5000.0,113,fresh_v1_2026-09-25,unavailable,exceeds_strict_budget,experiments\out\runs\mvn_mw_d2_B5e3_seed113\result.h5,23e62819062653cccb4c901a06f784c2af2e80c180a7f1392bc73c6958554f12,81b84323d02e6918883e812cc66845ce3e24e20e0f8a044b59d3a8c182607b8b,202610271113,5138.0,0,5138.0,NaN,NaN,NaN,NaN,NaN,NaN,NaN,NaN,NaN,NaN,NaN,NaN,NaN,NaN,NaN,NaN,0.1087588,NaN,NaN,experiments\out\revision_2026-09-25\fresh_runs\mvn_mw_d2_B5e3_seed113.jld2
mvn,2,5000.0,137,fresh_v1_2026-09-25,unavailable,exceeds_strict_budget,experiments\out\runs\mvn_mw_d2_B5e3_seed137\result.h5,43910537f0166a4a8fbe23ce03c04e1c21219c31d427fb30a54729595b14903b,b4b07066d5c577efa1988d92b8a0479a3e37b2a9f112323a11456aa6ee8636bb,202610271137,6390.0,0,6390.0,NaN,NaN,NaN,NaN,NaN,NaN,NaN,NaN,NaN,NaN,NaN,NaN,NaN,NaN,NaN,NaN,0.2116272,NaN,NaN,experiments\out\revision_2026-09-25\fresh_runs\mvn_mw_d2_B5e3_seed137.jld2
mvn,2,5000.0,173,fresh_v1_2026-09-25,unavailable,exceeds_strict_budget,experiments\out\runs\mvn_mw_d2_B5e3_seed173\result.h5,bc94abf419786795bd7446eac9aee4ee1f6fcf731536fca70e7c2fe6a96b1d7b,c775a4e78fd4580d601ae17818d8282d69178f01205cb094fc9e85ae37ccdc53,202610271173,6148.0,0,6148.0,NaN,NaN,NaN,NaN,NaN,NaN,NaN,NaN,NaN,NaN,NaN,NaN,NaN,NaN,NaN,NaN,0.2190064,NaN,NaN,experiments\out\revision_2026-09-25\fresh_runs\mvn_mw_d2_B5e3_seed173.jld2
mvn,2,5000.0,211,fresh_v1_2026-09-25,unavailable,exceeds_strict_budget,experiments\out\runs\mvn_mw_d2_B5e3_seed211\result.h5,e3e0b3a566cd916372055103cc17cb993a6489869742ce26ccbaa30916f29060,eb3d656e68b43ab06cf6636d8995fa3f24c20840cde681191effb8ff73f2f5bb,202610271211,5440.0,0,5440.0,NaN,NaN,NaN,NaN,NaN,NaN,NaN,NaN,NaN,NaN,NaN,NaN,NaN,NaN,NaN,NaN,0.1995632,NaN,NaN,experiments\out\revision_2026-09-25\fresh_runs\mvn_mw_d2_B5e3_seed211.jld2
mvn,2,5000.0,239,fresh_v1_2026-09-25,unavailable,exceeds_strict_budget,experiments\out\runs\mvn_mw_d2_B5e3_seed239\result.h5,214357f577036d1952010e1265021d42218fcc4224387122cb8d885f801bf33a,c01143f9afa2c7f4bbdcabc04f4487de68f7bc2d8547ae86e3abed4a4b2ad461,202610271239,6305.0,0,6305.0,NaN,NaN,NaN,NaN,NaN,NaN,NaN,NaN,NaN,NaN,NaN,NaN,NaN,NaN,NaN,NaN,0.2966511,NaN,NaN,experiments\out\revision_2026-09-25\fresh_runs\mvn_mw_d2_B5e3_seed239.jld2
mvn,2,5000.0,277,fresh_v1_2026-09-25,unavailable,exceeds_strict_budget,experiments\out\runs\mvn_mw_d2_B5e3_seed277\result.h5,fb24305ab04012aa0f37e481e6df0994e5b18a438a4f9e19802c86350ad80459,4155037ca55e0d1d8ad44aaf5e7a63b42a5c0bcc41becd5241d93c7612042337,202610271277,5236.0,0,5236.0,NaN,NaN,NaN,NaN,NaN,NaN,NaN,NaN,NaN,NaN,NaN,NaN,NaN,NaN,NaN,NaN,0.2093364,NaN,NaN,experiments\out\revision_2026-09-25\fresh_runs\mvn_mw_d2_B5e3_seed277.jld2
mvn,2,5000.0,313,fresh_v1_2026-09-25,unavailable,exceeds_strict_budget,experiments\out\runs\mvn_mw_d2_B5e3_seed313\result.h5,e0b5732d261abfacea692ec719cf5778b4d1c93fa0ef10cfb085d7cfe7460447,29efe2d1e21a7c75b9235cb023fe2b0e751f8aa6c17bd9eddf3ac6f43f6e5f0e,202610271313,5497.0,0,5497.0,NaN,NaN,NaN,NaN,NaN,NaN,NaN,NaN,NaN,NaN,NaN,NaN,NaN,NaN,NaN,NaN,0.4713709,NaN,NaN,experiments\out\revision_2026-09-25\fresh_runs\mvn_mw_d2_B5e3_seed313.jld2
mvn,2,5000.0,359,fresh_v1_2026-09-25,unavailable,exceeds_strict_budget,experiments\out\runs\mvn_mw_d2_B5e3_seed359\result.h5,af9ca0327c2c6b57bffe80ad21b0b66f0e638ba463f36da507b7357671ba8fc3,0bed0a1e2267ee192d60ef5b4bfb1624a530c479d1fa657ec7a744b8e2bc1026,202610271359,5103.0,0,5103.0,NaN,NaN,NaN,NaN,NaN,NaN,NaN,NaN,NaN,NaN,NaN,NaN,NaN,NaN,NaN,NaN,0.1850278,NaN,NaN,experiments\out\revision_2026-09-25\fresh_runs\mvn_mw_d2_B5e3_seed359.jld2
mvn,2,5000.0,401,fresh_v1_2026-09-25,unavailable,exceeds_strict_budget,experiments\out\runs\mvn_mw_d2_B5e3_seed401\result.h5,93ff7c7e7021140edf614b156c2b55176c1a12b0c348c985f2bbd4a93d3d0f88,0961e37a996895e53cf5181e9df90b8dd7832b3cbcbefbe1dc064c97d178b3c9,202610271401,5350.0,0,5350.0,NaN,NaN,NaN,NaN,NaN,NaN,NaN,NaN,NaN,NaN,NaN,NaN,NaN,NaN,NaN,NaN,0.3469578,NaN,NaN,experiments\out\revision_2026-09-25\fresh_runs\mvn_mw_d2_B5e3_seed401.jld2
mvn,2,5000.0,449,fresh_v1_2026-09-25,unavailable,exceeds_strict_budget,experiments\out\runs\mvn_mw_d2_B5e3_seed449\result.h5,e46be60a0f68589a0824c62f91d637248477b72e4d82456f938aba1ec85199ce,00da65c3e31a828b22e9ee95cfa9e3c1c7f006cccdd15030e585835ef828253b,202610271449,5578.0,0,5578.0,NaN,NaN,NaN,NaN,NaN,NaN,NaN,NaN,NaN,NaN,NaN,NaN,NaN,NaN,NaN,NaN,0.6897076,NaN,NaN,experiments\out\revision_2026-09-25\fresh_runs\mvn_mw_d2_B5e3_seed449.jld2
mvn,2,5000.0,491,fresh_v1_2026-09-25,unavailable,exceeds_strict_budget,experiments\out\runs\mvn_mw_d2_B5e3_seed491\result.h5,e7e0e0185008afd9c011d24ce7696c47382d3193588efd3162df5be1181b3026,9107ccdd4be5a8afe445f1bac3c3a2dee1aeed4c1c93242cac1475250b451511,202610271491,6524.0,0,6524.0,NaN,NaN,NaN,NaN,NaN,NaN,NaN,NaN,NaN,NaN,NaN,NaN,NaN,NaN,NaN,NaN,0.7807632,NaN,NaN,experiments\out\revision_2026-09-25\fresh_runs\mvn_mw_d2_B5e3_seed491.jld2
mvn,2,5000.0,541,fresh_v1_2026-09-25,unavailable,exceeds_strict_budget,experiments\out\runs\mvn_mw_d2_B5e3_seed541\result.h5,7673671983a486624af51cfeef4d3ab7691cf6eacfcf179f62d0220b4425c943,3c18d3dd8193b385a9ba11cbed96085f11108a0938012b85020602947bf84132,202610271541,5252.0,0,5252.0,NaN,NaN,NaN,NaN,NaN,NaN,NaN,NaN,NaN,NaN,NaN,NaN,NaN,NaN,NaN,NaN,0.5499241,NaN,NaN,experiments\out\revision_2026-09-25\fresh_runs\mvn_mw_d2_B5e3_seed541.jld2
mvn,2,5000.0,587,fresh_v1_2026-09-25,unavailable,exceeds_strict_budget,experiments\out\runs\mvn_mw_d2_B5e3_seed587\result.h5,088682e3c4c2ffa7c1e371459d4c26495c70309982672873e3889ce3603a81f7,507020b5c9325ececcd0b9d13005191feecd6cd4312b8b823370afd1b98cdbe5,202610271587,5164.0,0,5164.0,NaN,NaN,NaN,NaN,NaN,NaN,NaN,NaN,NaN,NaN,NaN,NaN,NaN,NaN,NaN,NaN,1.0171957,NaN,NaN,experiments\out\revision_2026-09-25\fresh_runs\mvn_mw_d2_B5e3_seed587.jld2
mvn,2,5000.0,631,fresh_v1_2026-09-25,unavailable,exceeds_strict_budget,experiments\out\runs\mvn_mw_d2_B5e3_seed631\result.h5,edda2f506f5aba431c7b6236ee93e61278b6153c2d05f2f6ae7141b6f41c6f31,f9145b07ff9d5ade6b4e8106f10d9a8c42e24cbb850127c10b0301a2d6dc6f0b,202610271631,5277.0,0,5277.0,NaN,NaN,NaN,NaN,NaN,NaN,NaN,NaN,NaN,NaN,NaN,NaN,NaN,NaN,NaN,NaN,0.7735026,NaN,NaN,experiments\out\revision_2026-09-25\fresh_runs\mvn_mw_d2_B5e3_seed631.jld2
mvn,2,5000.0,677,fresh_v1_2026-09-25,unavailable,exceeds_strict_budget,experiments\out\runs\mvn_mw_d2_B5e3_seed677\result.h5,9dc3643a7bed74a7114fea6669e9f32669df3646e1fab8ba2b4c6abba075a841,8be55131a7ec1d5b3d0e67c6d1b58178938d3cde78aa4c83a81b6eb856ca675a,202610271677,6632.0,0,6632.0,NaN,NaN,NaN,NaN,NaN,NaN,NaN,NaN,NaN,NaN,NaN,NaN,NaN,NaN,NaN,NaN,0.518317,NaN,NaN,experiments\out\revision_2026-09-25\fresh_runs\mvn_mw_d2_B5e3_seed677.jld2
mvn,2,50000.0,11,fresh_v1_2026-09-25,eligible,full_remaining_budget; weight_status=ok,experiments\out\runs\mvn_mw_d2_B5e4_seed11\result.h5,09c06972fbdaa7a8ae0d35b7097516f108b83a11998c53a4676b9974c7770a15,cadb16bb313a0d2b700ef35e91e2b69e58182efff8563ca1f331ca86f96e7389,202610272011,32913.0,17087,50000.0,16500.360895732825,0.3300072179146565,0.9656675189168856,-4.984063243440512,0.001442466955945706,0.00011015933104996378,0.015882777864416907,0.01574124940697145,0.022680570541497747,0.012850327982683984,0.010603648214575045,0.01476165371297894,0.01402395828774683,NaN,-0.9867829021574556,6.694304020627657e-5,27.5479222,2.234999895095825,0.7440001964569092,experiments\out\revision_2026-09-25\fresh_runs\mvn_mw_d2_B5e4_seed11.jld2
mvn,2,50000.0,23,fresh_v1_2026-09-25,eligible,full_remaining_budget; weight_status=ok,experiments\out\runs\mvn_mw_d2_B5e4_seed23\result.h5,df9e941e14c606816a9fbe6d9973c32346170414615adb9a3d2dd37f3f513cb5,f4c96f1606115e91f236d8a18b739c33cd47821f9ff0941fecc42b1731466213,202610272023,36111.0,13889,50000.0,13447.356599552095,0.2689471319910419,0.9682019295523144,-4.985541755372848,0.001537736499078517,0.0015886712633861322,0.01901832462166942,0.011883595531300003,0.027472369281539177,0.021443645413992962,0.007150701305217666,0.011522308377444779,0.028004693197945407,NaN,-0.971253340574469,8.135772684491637e-5,22.5222576,0.04500007629394531,0.29600000381469727,experiments\out\revision_2026-09-25\fresh_runs\mvn_mw_d2_B5e4_seed23.jld2
mvn,2,50000.0,41,fresh_v1_2026-09-25,eligible,full_remaining_budget; weight_status=ok,experiments\out\runs\mvn_mw_d2_B5e4_seed41\result.h5,e7acdbfbee77710f1ee0e1db6d01442674b24ff48e43176f6a5a35789abade85,8c682635b59f5198e6fd0127c4fcb13900a8a02dc18f817dfc2bbf7b47e0ccf9,202610272041,35703.0,14297,50000.0,13911.870116022965,0.2782374023204593,0.9730621889923036,-4.9861184442115665,0.0013915166065813392,0.00216536010210433,0.015594775055979703,0.02693652657709871,0.017205634176546414,0.007712942505715914,0.016264690354873323,0.005215704380248931,0.04202014716475855,NaN,-1.0215755659606205,7.870468550234178e-5,22.3153938,0.04199981689453125,0.22900009155273438,experiments\out\revision_2026-09-25\fresh_runs\mvn_mw_d2_B5e4_seed41.jld2
mvn,2,50000.0,67,fresh_v1_2026-09-25,eligible,full_remaining_budget; weight_status=ok,experiments\out\runs\mvn_mw_d2_B5e4_seed67\result.h5,d310256dc6230c29d637d2040bb06b993c2454e6df6f985b559e9316cab6590b,54e20cb616f433d6fd569e06042bd11aa394573f507bac64729db734534e1f8c,202610272067,30307.0,19693,50000.0,18807.163062649663,0.37614326125299324,0.9550176744350614,-4.984021256301698,0.0015465334123921921,6.817219223620441e-5,0.015547056286678504,0.01948309618095335,0.007159473599526511,0.02133453345669617,0.006457236301901759,0.018407991446102,0.022321537389586865,NaN,-0.9731981284349875,5.867822897449809e-5,13.9059336,0.056999921798706055,0.2070000171661377,experiments\out\revision_2026-09-25\fresh_runs\mvn_mw_d2_B5e4_seed67.jld2
mvn,2,50000.0,97,fresh_v1_2026-09-25,eligible,full_remaining_budget; weight_status=ok,experiments\out\runs\mvn_mw_d2_B5e4_seed97\result.h5,baf8f53c6156bbff0a4df936a549e3f820bb9d7040f5ef5f5f612bf53fb39f7b,6eced920aca98f86240fd10571dcb50a0ff81788bf75d85880d09733c06aa320,202610272097,35756.0,14244,50000.0,13868.377155653247,0.27736754311306494,0.9736293987400482,-4.983084818923109,0.001378945792457051,0.0008682651863534119,0.02113595328498706,0.015476356743443824,0.017098068848592995,0.011998217781029885,0.003218605112015105,0.014838092942068448,0.016396205802216457,NaN,-1.038230888716651,7.850897348644091e-5,20.8196628,0.0559999942779541,0.5839998722076416,experiments\out\revision_2026-09-25\fresh_runs\mvn_mw_d2_B5e4_seed97.jld2
mvn,2,50000.0,113,fresh_v1_2026-09-25,eligible,full_remaining_budget; weight_status=ok,experiments\out\runs\mvn_mw_d2_B5e4_seed113\result.h5,28d7da1540200b9a59943dbc4aa9b961d5f91bcd70f1632bdf2f5e5cb0d2e38a,f4c2a6a3e230659649c29662d2f6adcf65b2f9783c373ab79ca7ca50fd6e9701,202610272113,31531.0,18469,50000.0,17581.350947098716,0.3516270189419743,0.9519384345172297,-4.98665666438216,0.001653380589714929,0.002703580272697792,0.026797888672920996,0.015996611321526577,0.018153140861031702,0.0073207203830528145,0.018707621520017703,0.021635849783195604,0.003842407546644111,NaN,-1.0006238734289583,6.299392138885865e-5,16.8424921,0.0559999942779541,0.1660001277923584,experiments\out\revision_2026-09-25\fresh_runs\mvn_mw_d2_B5e4_seed113.jld2
mvn,2,50000.0,137,fresh_v1_2026-09-25,eligible,full_remaining_budget; weight_status=ok,experiments\out\runs\mvn_mw_d2_B5e4_seed137\result.h5,f90675e5fa81106201117ecc81634839155e9a5ecf8fca52dec1840d4aeb9f55,0c6178d975afed283d4b3c7dcd2d3a965a9f18022c143d28ea1f2e05255b85e1,202610272137,37716.0,12284,50000.0,11823.709668291334,0.23647419336582667,0.9625292794115381,-4.986415270266086,0.0017802014234030326,0.002462186156623858,0.017743126818218036,0.01785292152978063,0.02236833489332557,0.014382136935666645,0.007257021691709831,0.04560268347329627,0.05188861206577311,NaN,-0.9071498917019647,9.259856460091925e-5,21.9692929,0.0280001163482666,0.13400006294250488,experiments\out\revision_2026-09-25\fresh_runs\mvn_mw_d2_B5e4_seed137.jld2
mvn,2,50000.0,173,fresh_v1_2026-09-25,eligible,full_remaining_budget; weight_status=ok,experiments\out\runs\mvn_mw_d2_B5e4_seed173\result.h5,138c18e3beb3be3641376ebc1ede0e16427083bff952517a8a9e3db2f6550e1f,030d62889a9e73d445cd76a1461ed53d85abe8173885901c82a9e9984556d6c3,202610272173,35355.0,14645,50000.0,14148.594026868635,0.2829718805373727,0.9661040646547379,-4.983588503330702,0.0015478082908715238,0.00036458077876044825,0.013320921663378584,0.014966182233866025,0.004554175469947963,0.006769512557303459,0.014116036927250164,0.00938374599932329,0.017137235786221616,NaN,-1.0154429989625906,7.7316194787245e-5,19.1048245,0.026000022888183594,0.48200011253356934,experiments\out\revision_2026-09-25\fresh_runs\mvn_mw_d2_B5e4_seed173.jld2
mvn,2,50000.0,211,fresh_v1_2026-09-25,eligible,full_remaining_budget; weight_status=ok,experiments\out\runs\mvn_mw_d2_B5e4_seed211\result.h5,d2095a825500e20d698023a2266516035c379295c4bdbfe2e5b0d1b11f7dfdee,8678d5b7b7b84db3324f96074ad47bb6c831aaaa196d44edb4f94d460bef0b1b,202610272211,32977.0,17023,50000.0,16399.166547530276,0.3279833309506055,0.9633534951260222,-4.984977766677259,0.0014948767661501087,0.001024682567797086,0.02047613421628982,0.014723251921763231,0.04451368177080062,0.03022373843787468,0.00709556271787104,0.01420933344957126,0.03451657710583955,NaN,-0.9571135758795195,6.751699474166858e-5,17.3025199,0.0410001277923584,0.14800000190734863,experiments\out\revision_2026-09-25\fresh_runs\mvn_mw_d2_B5e4_seed211.jld2
mvn,2,50000.0,239,fresh_v1_2026-09-25,eligible,full_remaining_budget; weight_status=ok,experiments\out\runs\mvn_mw_d2_B5e4_seed239\result.h5,433f74e4cf55010e64ee33f58d4e161dba1d9aab581b47fe11a0b096bc17770c,8a5717bd89a5fed9abe59d439d5ee45f47259fd70529e60d496dd687a4b914b0,202610272239,35335.0,14665,50000.0,14257.606821489126,0.2851521364297825,0.9722200355601177,-4.983095051206058,0.0013958621324465634,0.0008580329034044709,0.012165030033579511,0.030529668099719465,0.011644267881299908,0.012687686837283663,0.020400128471909085,0.002024144732847455,0.04707559289018359,NaN,-1.019142449930838,7.669664981816465e-5,20.848348,0.023000001907348633,0.11599993705749512,experiments\out\revision_2026-09-25\fresh_runs\mvn_mw_d2_B5e4_seed239.jld2
mvn,2,50000.0,277,fresh_v1_2026-09-25,eligible,full_remaining_budget; weight_status=ok,experiments\out\runs\mvn_mw_d2_B5e4_seed277\result.h5,0a37d82f0b66cb1a0e5367245ba4a71c31738365acf0224a371f09ed84714b0c,375b18d534ba814c76cb754a093c6f8303766dcdac35b2c8e07af6a7b1762db9,202610272277,34372.0,15628,50000.0,15061.594081699415,0.3012318816339883,0.963756979888624,-4.985672605621698,0.0015512318765009006,0.0017195215122356444,0.018675914790498217,0.013709720453335753,0.02575537712431053,0.008054651299233717,0.007027550741941724,0.0138053055549206,0.011115286109014022,NaN,-0.985727015545291,7.290731027868909e-5,22.575629,0.04500007629394531,0.0970001220703125,experiments\out\revision_2026-09-25\fresh_runs\mvn_mw_d2_B5e4_seed277.jld2
mvn,2,50000.0,313,fresh_v1_2026-09-25,eligible,full_remaining_budget; weight_status=ok,experiments\out\runs\mvn_mw_d2_B5e4_seed313\result.h5,af623a9bf4c83439fc4fb9c2f46faa427d5c281a17793211d52528df7d4dd934,23723375fba8088d9f85e09323f2138125ca25cdd5b85f3f63e657483fd9e4e8,202610272313,36199.0,13801,50000.0,13420.838499075455,0.2684167699815091,0.9724540612329147,-4.984693991735493,0.0014326462381040839,0.0007409076260307401,0.022465732192766066,0.011325088075767405,0.06594944728522123,0.02549778168581346,0.015180828956741443,0.014718140511385924,0.013834631189046931,NaN,-0.9813919869802145,8.145022766484183e-5,12.8372259,0.019999980926513672,0.36100006103515625,experiments\out\revision_2026-09-25\fresh_runs\mvn_mw_d2_B5e4_seed313.jld2
mvn,2,50000.0,359,fresh_v1_2026-09-25,eligible,full_remaining_budget; weight_status=ok,experiments\out\runs\mvn_mw_d2_B5e4_seed359\result.h5,4a796de94976178e9adb6dea3d4fae602c6456ff457a15fb99aed9494014b5f7,29d5de356434bc037b0d49e6f88b8692a206d60814fe8b6ff4ec20bb13375235,202610272359,34074.0,15926,50000.0,15314.930418822378,0.30629860837644757,0.9616306931321348,-4.9822004326337535,0.0015828306921106636,0.0017526514757086886,0.01925900273397746,0.013333907270038841,0.038821404131923365,0.03452186371516236,0.006695927820880243,0.021190901789014893,0.055184235965556105,NaN,-1.060807344076111,7.169515914551436e-5,15.3827787,0.031000137329101562,0.15799999237060547,experiments\out\revision_2026-09-25\fresh_runs\mvn_mw_d2_B5e4_seed359.jld2
mvn,2,50000.0,401,fresh_v1_2026-09-25,eligible,full_remaining_budget; weight_status=ok,experiments\out\runs\mvn_mw_d2_B5e4_seed401\result.h5,982c4efaf1323f16f1e7f47d407b05bcb57111588adbabfc07b3311005c3509c,27733f6e73634fd83f7c374d28f1bc47de18d239e8c8a36a63d8595f2f22fa9a,202610272401,35620.0,14380,50000.0,13987.270086694829,0.27974540173389656,0.9726891576282913,-4.986752443061246,0.001397336705569933,0.002799358951784292,0.020896197927088078,0.018546378780953828,0.005050706518662129,0.024226990693780814,0.00941829321063814,0.004495393551881277,0.020188456448977377,NaN,-0.9822683240164349,7.768893990394789e-5,16.7589798,0.023000001907348633,0.10700011253356934,experiments\out\revision_2026-09-25\fresh_runs\mvn_mw_d2_B5e4_seed401.jld2
mvn,2,50000.0,449,fresh_v1_2026-09-25,eligible,full_remaining_budget; weight_status=ok,experiments\out\runs\mvn_mw_d2_B5e4_seed449\result.h5,fee5be0e1aa14d546cb9290cba1a919537826d787664aa7b0a600f2f7192b72d,3307a75749fac70146123c1b7c9fa8b14c8e4a722cf55db90266fc3c9bb03eee,202610272449,37112.0,12888,50000.0,12482.876801360711,0.24965753602721422,0.9685658598200427,-4.9814982023041265,0.001586877676175613,0.002454881805335596,0.02821865376744355,0.023080670866776554,0.03811119897892168,0.024259640792990866,0.025519945929040944,0.011542277593556582,0.05720449906968206,NaN,-0.9886283379142243,8.673023137635065e-5,22.6536646,0.026999950408935547,0.0969998836517334,experiments\out\revision_2026-09-25\fresh_runs\mvn_mw_d2_B5e4_seed449.jld2
mvn,2,50000.0,491,fresh_v1_2026-09-25,eligible,full_remaining_budget; weight_status=ok,experiments\out\runs\mvn_mw_d2_B5e4_seed491\result.h5,741d7807f7a9de9d6dbadb2a55ddc97d9335a8dc729feb20c17a3bd1a3aa1d12,06a6bc7919c6ff1453347a5c90098bf3968d1a7a3aee4ea6d74a45eae094189e,202610272491,33892.0,16108,50000.0,15587.624328561347,0.31175248657122695,0.9676945821058696,-4.982524167932949,0.0014396194860048347,0.0014289161765130842,0.01565638310602552,0.021091136759060648,0.008619571378617574,0.017637306198496516,0.022330995981924673,0.020123661286142125,0.0027439123134689325,NaN,-1.0519471062181285,7.035982004872052e-5,18.827087,0.037999868392944336,0.42100000381469727,experiments\out\revision_2026-09-25\fresh_runs\mvn_mw_d2_B5e4_seed491.jld2
mvn,2,50000.0,541,fresh_v1_2026-09-25,eligible,full_remaining_budget; weight_status=ok,experiments\out\runs\mvn_mw_d2_B5e4_seed541\result.h5,06b20782e31bf8a991c2c476db754e01c6dc2897a7e68ce9eba65b724d66b1ac,1ae01a7df3d480ca2c263ad2d6a9f66276a2a44c31d6529b53ac5ce4a101e601,202610272541,34300.0,15700,50000.0,15201.12911070006,0.3040225822140012,0.9682247841210229,-4.985460791222613,0.0014457937101913167,0.001507707113151291,0.013985936814513943,0.01191995864026772,0.014291965243890759,0.002701207827393526,0.01062102739556714,0.018237372689405673,0.010190192929169228,NaN,-0.9831141760270949,7.212546888601632e-5,16.3839091,0.02499985694885254,0.1679999828338623,experiments\out\revision_2026-09-25\fresh_runs\mvn_mw_d2_B5e4_seed541.jld2
mvn,2,50000.0,587,fresh_v1_2026-09-25,eligible,full_remaining_budget; weight_status=ok,experiments\out\runs\mvn_mw_d2_B5e4_seed587\result.h5,065e2992ebb3e501a8151dfa8efed618d2a7cfd04976d25aa9b48ebf528c1c30,7133ef178470e129a769385e1c85344b22d526e70085fb7782effa9e29077c5c,202610272587,35004.0,14996,50000.0,14558.86949164605,0.291177389832921,0.970850192827824,-4.983815733730072,0.0014149921047571228,0.00013735037938999994,0.013861352340742775,0.01732533080515982,0.033458399393625604,0.009198205563269057,0.00921629907987942,0.02177825622520485,0.016086544126221902,NaN,-0.9533092845794876,7.53632609365584e-5,16.9546772,0.023000001907348633,0.12400007247924805,experiments\out\revision_2026-09-25\fresh_runs\mvn_mw_d2_B5e4_seed587.jld2
mvn,2,50000.0,631,fresh_v1_2026-09-25,eligible,full_remaining_budget; weight_status=ok,experiments\out\runs\mvn_mw_d2_B5e4_seed631\result.h5,b1a3e1844d36095f30492217681767196fc4e3eeab0f690bdc4b6ba8bd08f1b4,6f86e2effa4d7ca0309debdabe81d0e3a27bcc815acbc0c5b9d816e69f66dab6,202610272631,31361.0,18639,50000.0,17727.75028300252,0.3545550056600504,0.9511105897849949,-4.986619043034826,0.0016606594695360308,0.0026659589253634763,0.021972202512781626,0.016181991618725054,0.030384778109878607,0.009073037393093786,0.003240667735950886,0.011980227477832395,0.026023443459115114,NaN,-0.903300409166543,6.292238722951478e-5,17.3260582,0.032000064849853516,0.1100001335144043,experiments\out\revision_2026-09-25\fresh_runs\mvn_mw_d2_B5e4_seed631.jld2
mvn,2,50000.0,677,fresh_v1_2026-09-25,eligible,full_remaining_budget; weight_status=ok,experiments\out\runs\mvn_mw_d2_B5e4_seed677\result.h5,6e9abae5d7d48ec4e82308c51b07bb8270e33fed09e5348e9a7f5105cd1f8695,ce74ca4aad05f0f37dcdeaf43abaaea9e6c6a602a831d623683aa7f95d023582,202610272677,35665.0,14335,50000.0,13887.225264133911,0.27774450528267824,0.9687635342960524,-4.9832569760090415,0.0014997649660674598,0.0006961081004206449,0.023296306511064728,0.02003665767352001,0.046878581608021386,0.02205365040826729,0.018745995675892857,0.0038849382678813327,0.04782614121564599,NaN,-0.9627330805075918,7.910931985569937e-5,21.9642271,0.032000064849853516,0.08899998664855957,experiments\out\revision_2026-09-25\fresh_runs\mvn_mw_d2_B5e4_seed677.jld2
mvn,2,500000.0,11,fresh_v1_2026-09-25,eligible,full_remaining_budget; weight_status=ok,experiments\out\runs\mvn_mw_d2_B5e5_seed11\result.h5,57410345b161d1ed3f56a465e8713839fb1e86c82cc57251183f32010158e402,422247855cd923b6a18c58db863a57b3ff5ea7129f099010ac362b2ebee48f42,202610273011,37634.0,462366,500000.0,450812.84822446434,0.9016256964489286,0.9750129728926096,-4.98441789951891,0.00023542856282547314,0.00046481540944753874,0.013456524978440177,0.010111668237356456,0.010567121761269616,0.003972706580881058,0.00603775754299285,0.013210894092893832,0.031201610076467823,NaN,-0.9414427888989321,2.4177497960099213e-6,15.5338517,3.0999999046325684,1.5889999866485596,experiments\out\revision_2026-09-25\fresh_runs\mvn_mw_d2_B5e5_seed11.jld2
mvn,2,500000.0,23,fresh_v1_2026-09-25,eligible,full_remaining_budget; weight_status=ok,experiments\out\runs\mvn_mw_d2_B5e5_seed23\result.h5,2de029281c02ca34822bb76a5f845348e1e82a3c4c3072ca68194f08ac5d49ae,455a1e8c88a4487e89b90e817afe1446e4b23d7dc71c56f12857ce223148e06c,202610273023,34221.0,465779,500000.0,447609.5139561747,0.8952190279123494,0.9609911867133871,-4.984694481033095,0.00029521044186917955,0.0007413969236331752,0.029616601636704595,0.02696558199441584,0.012928324541121472,0.007333788823625065,0.008544279747255246,0.01556572265544881,0.03514951016329082,NaN,-0.9660565796813243,2.4621280328772294e-6,14.1099862,1.0679998397827148,0.48200011253356934,experiments\out\revision_2026-09-25\fresh_runs\mvn_mw_d2_B5e5_seed23.jld2
mvn,2,500000.0,41,fresh_v1_2026-09-25,eligible,full_remaining_budget; weight_status=ok,experiments\out\runs\mvn_mw_d2_B5e5_seed41\result.h5,cd415658a1a6592fd448013958ba59ce8bcbe8867724bd8771a2fc39f46f018c,cf011f63247014580df6d801c2019ba80de1dd07e11412a01a54b086faa07752,202610273041,37031.0,462969,500000.0,447531.08566715237,0.8950621713343048,0.9666545398658493,-4.98421139829461,0.00027296486747447463,0.0002583141851477677,0.00978276063085835,0.02234502968624299,0.012704530901992528,0.010750634132480508,0.011627060826864266,0.012576925089907875,0.011413357548974545,NaN,-0.9715012159837928,2.4503774198146926e-6,17.9885635,1.6750001907348633,0.505000114440918,experiments\out\revision_2026-09-25\fresh_runs\mvn_mw_d2_B5e5_seed41.jld2
mvn,2,500000.0,67,fresh_v1_2026-09-25,eligible,full_remaining_budget; weight_status=ok,experiments\out\runs\mvn_mw_d2_B5e5_seed67\result.h5,9d6c443865e0ab20754d8642aca05f429e327bb1ed3ac26605e744844d7d73a4,e6b2ffcbccf385e54ad1205c44e7ea4b83a0c2ddbff25be32b479c30c0e47e34,202610273067,37895.0,462105,500000.0,446477.2100745996,0.8929544201491992,0.9661813009480521,-4.984127369492379,0.00027521924595975424,0.0001742853829167501,0.012933830667846112,0.017270011862261892,0.022307092614851087,0.020370715332712785,0.0033377686564595166,0.023783014477682884,0.013425994809193043,NaN,-0.9769443023662397,2.44797944359844e-6,36.4543393,1.0859999656677246,0.5399999618530273,experiments\out\revision_2026-09-25\fresh_runs\mvn_mw_d2_B5e5_seed67.jld2
mvn,2,500000.0,97,fresh_v1_2026-09-25,eligible,full_remaining_budget; weight_status=ok,experiments\out\runs\mvn_mw_d2_B5e5_seed97\result.h5,4eb0e956193d81185813fb83435a8708eb8ca41a80adc27e0d876629b838bc29,457c0c69a7df960755b2e0c82fdcabcb50b5887078e8a2360d0d23e4c2ebfd71,202610273097,37810.0,462190,500000.0,448292.0874410525,0.896584174882105,0.9699303045090817,-4.984003919085746,0.0002589905860361854,5.08349762835536e-5,0.01636314738773343,0.012402655734352019,0.04138477530629803,0.012096417591785757,0.006416483708005849,0.009544403067613116,0.027894281091333184,NaN,-1.037737437591696,2.449058372764886e-6,20.4474983,1.1990001201629639,0.2519998550415039,experiments\out\revision_2026-09-25\fresh_runs\mvn_mw_d2_B5e5_seed97.jld2
mvn,2,500000.0,113,fresh_v1_2026-09-25,eligible,full_remaining_budget; weight_status=ok,experiments\out\runs\mvn_mw_d2_B5e5_seed113\result.h5,003a227ec8a0430cd256a4cf81bf8914e15ba7d57735360d2fa81975da9259e8,ccfb605f364c4c48d520a8c7764ba44b07ef7fca814a84d28c4441e2b665eef5,202610273113,38389.0,461611,500000.0,448977.86124889296,0.8979557224977859,0.9726325006312522,-4.984107599350438,0.0002468909068974247,0.00015451524097542801,0.015645506326954446,0.014056341011197349,0.030648262203708643,0.01650269918973818,0.0016413625308873137,0.01271180184658588,0.019117930258957472,NaN,-0.9820531211631353,2.4337235400772498e-6,20.7815377,1.3569998741149902,0.2569999694824219,experiments\out\revision_2026-09-25\fresh_runs\mvn_mw_d2_B5e5_seed113.jld2
mvn,2,500000.0,137,fresh_v1_2026-09-25,eligible,full_remaining_budget; weight_status=ok,experiments\out\runs\mvn_mw_d2_B5e5_seed137\result.h5,7aca9ca5d6dd2f41fd5deb00e16851da77072aa0574d220c07b473997ec20c0f,0ba03f69714a4071b2efc453ad2363a0c8d91214ae96c2d49f462e1354ace8f4,202610273137,37541.0,462459,500000.0,445820.0899222469,0.8916401798444937,0.9640207887018025,-4.984144492277222,0.0002840834947170832,0.00019140816776008762,0.013331057060938747,0.017017912778491774,0.006550528831498981,0.011034282092853454,0.008401269075697826,0.010226971452885592,0.032663484713307156,NaN,-0.9893002244282108,2.4578277453454257e-6,22.2461656,1.2740001678466797,0.21000003814697266,experiments\out\revision_2026-09-25\fresh_runs\mvn_mw_d2_B5e5_seed137.jld2
mvn,2,500000.0,173,fresh_v1_2026-09-25,eligible,full_remaining_budget; weight_status=ok,experiments\out\runs\mvn_mw_d2_B5e5_seed173\result.h5,9784a9dca5c675c07ef1ac07faea50b8a3b030036a9662444eaf3d19e59d1892,8bf10785ba5bdba0be723acc5bdd5d3bafbc25cad4c5ca5cf16cc3fd482c63d7,202610273173,37647.0,462353,500000.0,446332.5575364411,0.8926651150728822,0.9653501924642883,-4.983951027404268,0.0002786256724318823,2.056705193709263e-6,0.02254175800918015,0.01569408473086454,0.01572992435852749,0.011651730085565914,0.0014332813895769903,0.017169492433666222,0.032577055807883504,NaN,-0.9775124289193899,2.4545267289629388e-6,20.8312316,1.1629998683929443,0.2200000286102295,experiments\out\revision_2026-09-25\fresh_runs\mvn_mw_d2_B5e5_seed173.jld2
mvn,2,500000.0,211,fresh_v1_2026-09-25,eligible,full_remaining_budget; weight_status=ok,experiments\out\runs\mvn_mw_d2_B5e5_seed211\result.h5,d09b7361649efbc09e191894a1fe80ee708761f28e5995786f2ed35744e580f7,63d097292f8af8cb4751c01672d8f793e7c7cd23dd4a8052d2acd353abc68795,202610273211,38393.0,461607,500000.0,449316.4850601375,0.8986329701202751,0.9733745048496611,-4.983826078344245,0.0002434291990374959,0.00012700576521673668,0.0177578761269378,0.012134329386826,0.027239457983322723,0.007241838841770709,0.019161360379372994,0.01802823619764654,0.005863727482664061,NaN,0.04553023911385043,2.472885050119035e-6,18.0761083,0.9119999408721924,0.192000150680542,experiments\out\revision_2026-09-25\fresh_runs\mvn_mw_d2_B5e5_seed211.jld2
mvn,2,500000.0,239,fresh_v1_2026-09-25,eligible,full_remaining_budget; weight_status=ok,experiments\out\runs\mvn_mw_d2_B5e5_seed239\result.h5,931ce262f91df3ac1a12c5e6f3c5d8a47c8203295542e3b7e36458d06d2b14d9,2ebd009df6a10ade3bc6d505fe2eae9b7b4649c39e8cb7eaea29130c77d78ab6,202610273239,38135.0,461865,500000.0,445977.2392626065,0.8919544785252129,0.9656008557968377,-4.984617168831329,0.00027772659631361974,0.0006640847218672974,0.01306619688640469,0.017381532143999293,0.03311404269130336,0.0020304247969722966,0.013639240586646117,0.005358745496392869,0.03163381418916256,NaN,-1.0065237799079718,2.450356894459799e-6,20.8215619,1.123000144958496,0.25800013542175293,experiments\out\revision_2026-09-25\fresh_runs\mvn_mw_d2_B5e5_seed239.jld2
mvn,2,500000.0,277,fresh_v1_2026-09-25,eligible,full_remaining_budget; weight_status=ok,experiments\out\runs\mvn_mw_d2_B5e5_seed277\result.h5,fef929a3b9058cbc12c4302a4af0bb380aef5590964a57385744ed201bc29970,923abf0d53881b87856901a6bb676864f5cb7db4a42ce3069bc53c1dfa8ed488,202610273277,35430.0,464570,500000.0,445939.904749093,0.891879809498186,0.9598981956413307,-4.983778671357118,0.00029987743577364855,0.00017441275234375553,0.01123203427073759,0.017159799390110073,0.042191565699862044,0.016931160510226084,0.0010591645320605636,0.007789805925947968,0.008151561435481902,NaN,-0.9931135024183132,2.484821468493773e-6,17.4569972,2.492000102996826,0.31599998474121094,experiments\out\revision_2026-09-25\fresh_runs\mvn_mw_d2_B5e5_seed277.jld2
mvn,2,500000.0,313,fresh_v1_2026-09-25,eligible,full_remaining_budget; weight_status=ok,experiments\out\runs\mvn_mw_d2_B5e5_seed313\result.h5,f8ab8197d10aca9176466c26b00b9231d9557cd549aa379369df782d85c04899,36aca38039954cb784fc4a83cea5409fbe280cd7b641953f2a032912ac4281e8,202610273313,37893.0,462107,500000.0,448090.086655405,0.89618017331081,0.9696673858119548,-4.983553897131063,0.0002601790074951314,0.00039918697839880224,0.01395080076877626,0.01387698546832442,0.025860541929866865,0.010764402197361689,0.01057528914368877,0.012363684451260626,0.015791618515424766,NaN,-0.9512368857369378,2.4518263731830436e-6,19.6037169,1.69100022315979,0.5360000133514404,experiments\out\revision_2026-09-25\fresh_runs\mvn_mw_d2_B5e5_seed313.jld2
mvn,2,500000.0,359,fresh_v1_2026-09-25,eligible,full_remaining_budget; weight_status=ok,experiments\out\runs\mvn_mw_d2_B5e5_seed359\result.h5,bf3a003571d185faef007f951a48444e98a642a96028432718d8a6197e7232ad,bd43cc48dc29b42520f829902c487416902a6b1cf4f169a213e2bb49428c02e3,202610273359,34882.0,465118,500000.0,446474.6462772289,0.8929492925544578,0.9599169378033723,-4.983747379347143,0.00029962775850638765,0.00020570476231895896,0.029392536125748867,0.012002055976237656,0.017091772432578423,0.021921160588762534,0.012389966548357556,0.009184129618056203,0.010913595370352525,NaN,-0.9984963863564918,2.474311167933601e-6,15.9062766,2.3000001907348633,0.2819998264312744,experiments\out\revision_2026-09-25\fresh_runs\mvn_mw_d2_B5e5_seed359.jld2
mvn,2,500000.0,401,fresh_v1_2026-09-25,eligible,full_remaining_budget; weight_status=ok,experiments\out\runs\mvn_mw_d2_B5e5_seed401\result.h5,e2665a04734064e0f88cda2698a7c5a8df9c84d4fc1b07e25b3125fb67c2eab7,5ab8c4c44e89516d18117244a7df6cc2ea0728a10e767a511e14c8f0268ad754,202610273401,37251.0,462749,500000.0,447455.9825758239,0.8949119651516478,0.96695180881174,-4.983813702762404,0.00027176823113559084,0.0001393813470578209,0.01602068311183101,0.019411545401597844,0.01103028059948119,0.005223244797163795,0.011288303054087123,0.005857860280161498,0.03322260135770527,NaN,-1.0113914718511376,2.473341564768064e-6,18.4755407,1.505000114440918,0.25999999046325684,experiments\out\revision_2026-09-25\fresh_runs\mvn_mw_d2_B5e5_seed401.jld2
mvn,2,500000.0,449,fresh_v1_2026-09-25,eligible,full_remaining_budget; weight_status=ok,experiments\out\runs\mvn_mw_d2_B5e5_seed449\result.h5,fd53a94f8c6a9dc58a29704877791697726cbb626d4a59fb12376f9761bf8aa5,9b9db575e440d5e766acb30038988aed83e41e6caad4e6f45e6a704e55c0ddea,202610273449,38711.0,461289,500000.0,449254.65408121824,0.8985093081624365,0.9739114829992006,-4.983627113191876,0.00024097855937250796,0.00032597091758646,0.021519946795080565,0.013764087130242792,0.05859280856750637,0.007776221839372377,0.0028904728539886904,0.00729905188888752,0.006427423468768012,NaN,-0.9716168955363743,2.423057172231597e-6,18.4352937,1.2319998741149902,0.22499990463256836,experiments\out\revision_2026-09-25\fresh_runs\mvn_mw_d2_B5e5_seed449.jld2
mvn,2,500000.0,491,fresh_v1_2026-09-25,eligible,full_remaining_budget; weight_status=ok,experiments\out\runs\mvn_mw_d2_B5e5_seed491\result.h5,e7f8226ad40afeb800f93c445a95fd8d68040b0b8cdce40d95364ddb8a0f226c,209497d1fb14f421eeee0405b78a4a15a5d457d4248a4afce5778e6c20907fdc,202610273491,36850.0,463150,500000.0,445363.1079688198,0.8907262159376396,0.9615958284979376,-4.983804972140511,0.0002936514033834328,0.0001481119689508148,0.021907701815238552,0.010246718313930613,0.02855585058768273,0.00839433385047711,0.02948041394206591,0.030416548345034877,0.018959586270641537,NaN,-0.9844703015587329,2.4871657699965304e-6,21.2998917,1.183000087738037,0.22499990463256836,experiments\out\revision_2026-09-25\fresh_runs\mvn_mw_d2_B5e5_seed491.jld2
mvn,2,500000.0,541,fresh_v1_2026-09-25,eligible,full_remaining_budget; weight_status=ok,experiments\out\runs\mvn_mw_d2_B5e5_seed541\result.h5,a896ba0ffbc97d9cd07b4236e87d35d516b8a9e7eab548a1cb7ef18797f3d1aa,f60119e08d6d7057e2f7d48e34cac977d57ab22939e88dbeeff564dc2caccb2c,202610273541,35986.0,464014,500000.0,446092.0815658401,0.8921841631316803,0.9613763411574653,-4.983312837231441,0.0002942486297037944,0.0006402468780208892,0.019948794877219962,0.02122456661319326,0.014157344895286417,0.007696435326841333,0.009870268972497875,0.006215424431974148,0.022042579395285422,NaN,-0.9821328945428078,2.4812217633867467e-6,17.613568,1.0049998760223389,0.24500012397766113,experiments\out\revision_2026-09-25\fresh_runs\mvn_mw_d2_B5e5_seed541.jld2
mvn,2,500000.0,587,fresh_v1_2026-09-25,eligible,full_remaining_budget; weight_status=ok,experiments\out\runs\mvn_mw_d2_B5e5_seed587\result.h5,a47c05b9ae39960672aaf598f44bc6fbfd7a172355bc49bec49d2d4e01c4b258,7387c7a553dccfb44cfe23d36c2ed4ab3f30a68d69625043781b2589cd26dbf9,202610273587,36549.0,463451,500000.0,445505.8182816152,0.8910116365632305,0.9612792253800622,-4.983975980312769,0.00029481211627559303,2.289620330664377e-5,0.014823949465011019,0.017509057650653307,0.022481882621080973,0.009193720812958384,0.01320195537498492,0.009317222828453764,0.013814157394385518,NaN,-1.034745028814404,2.475141494416959e-6,19.9966437,1.561000108718872,0.24000000953674316,experiments\out\revision_2026-09-25\fresh_runs\mvn_mw_d2_B5e5_seed587.jld2
mvn,2,500000.0,631,fresh_v1_2026-09-25,eligible,full_remaining_budget; weight_status=ok,experiments\out\runs\mvn_mw_d2_B5e5_seed631\result.h5,709dd1417df29d98178d2c39dd31f80ad99a7de3d8d0a932dcbb4566bc707ca7,aca0fc102fb1cb2279241348d824ab4545bf1b0731bf9c9fea615f85d00badb5,202610273631,37194.0,462806,500000.0,447378.91358790174,0.8947578271758034,0.9666661918555545,-4.983829572017676,0.0002729635831653717,0.00012351209178618205,0.018969678980712106,0.018967084836512646,0.045550151592335,0.025462806949541117,0.00783436015515182,0.005373869797742736,0.019960579173140758,NaN,-0.9704789949290967,2.478153944751099e-6,20.4487163,1.3650000095367432,0.4679999351501465,experiments\out\revision_2026-09-25\fresh_runs\mvn_mw_d2_B5e5_seed631.jld2
mvn,2,500000.0,677,fresh_v1_2026-09-25,eligible,full_remaining_budget; weight_status=ok,experiments\out\runs\mvn_mw_d2_B5e5_seed677\result.h5,d59aa940b50125504fc5a4da0cce94c02193df8977eda1209a3cc9b53f42df6b,89d7c80ac39c2c53cac6c4cf6ae01dc7ccd44b10d6bcd47bfd537d2b9e0dc301,202610273677,38386.0,461614,500000.0,450524.97830387356,0.9010499566077471,0.9759777179718847,-4.983900075209213,0.00023091263305421097,5.300890024884097e-5,0.010891398906658334,0.030286617855503035,0.02072114302242578,0.017883766354936215,0.01810558922163974,0.029249010510839335,0.05646620029116178,NaN,-1.0305870281761456,2.4087558741138945e-6,20.6323218,1.247999906539917,0.2609999179840088,experiments\out\revision_2026-09-25\fresh_runs\mvn_mw_d2_B5e5_seed677.jld2
mvn,5,5000.0,11,fresh_v1_2026-09-25,unavailable,exceeds_strict_budget,experiments\out\runs\mvn_mw_d5_B5e3_seed11\result.h5,9a4ba6eecf46ef870e4bf00dfcae9fb88f99a3278dbef7cfdff65411424fcf40,41eff50b1cd8959da7c1dd78f4f2ee7456300e3da90c27cc58c8ab162af48a2a,202610301011,6254.0,0,6254.0,NaN,NaN,NaN,NaN,NaN,NaN,NaN,NaN,NaN,NaN,NaN,NaN,NaN,NaN,NaN,NaN,36.5721917,NaN,NaN,experiments\out\revision_2026-09-25\fresh_runs\mvn_mw_d5_B5e3_seed11.jld2
mvn,5,5000.0,23,fresh_v1_2026-09-25,unavailable,exceeds_strict_budget,experiments\out\runs\mvn_mw_d5_B5e3_seed23\result.h5,3abab40395515818ac9bfd244afe7bdc4dfbce70150d1587739eb89fa5a83aa3,bfe959936dff65eab6fb276619a96a2b052b2881e83027240721592488c7c799,202610301023,5570.0,0,5570.0,NaN,NaN,NaN,NaN,NaN,NaN,NaN,NaN,NaN,NaN,NaN,NaN,NaN,NaN,NaN,NaN,0.4613013,NaN,NaN,experiments\out\revision_2026-09-25\fresh_runs\mvn_mw_d5_B5e3_seed23.jld2
mvn,5,5000.0,41,fresh_v1_2026-09-25,unavailable,exceeds_strict_budget,experiments\out\runs\mvn_mw_d5_B5e3_seed41\result.h5,13da7b57b2d7cf79cd9f7fc6cc283157fc8667c1b2127bef27c89ae55ff3ccd9,1a96e4df99596d5e39ef4dff54c43488bdfa593944a370277dc52127eeeb606c,202610301041,5974.0,0,5974.0,NaN,NaN,NaN,NaN,NaN,NaN,NaN,NaN,NaN,NaN,NaN,NaN,NaN,NaN,NaN,NaN,0.611002,NaN,NaN,experiments\out\revision_2026-09-25\fresh_runs\mvn_mw_d5_B5e3_seed41.jld2
mvn,5,5000.0,67,fresh_v1_2026-09-25,unavailable,exceeds_strict_budget,experiments\out\runs\mvn_mw_d5_B5e3_seed67\result.h5,d7621c21737da813f61373a3a835ecd5907baaa6b4bb227b8907ed783f012029,380d9cdcb2cd96b5c2f0e9e7b491e7627609f8a2c96326bbc64a86a03a05c9a2,202610301067,5325.0,0,5325.0,NaN,NaN,NaN,NaN,NaN,NaN,NaN,NaN,NaN,NaN,NaN,NaN,NaN,NaN,NaN,NaN,0.2803082,NaN,NaN,experiments\out\revision_2026-09-25\fresh_runs\mvn_mw_d5_B5e3_seed67.jld2
mvn,5,5000.0,97,fresh_v1_2026-09-25,unavailable,exceeds_strict_budget,experiments\out\runs\mvn_mw_d5_B5e3_seed97\result.h5,73364c7dac40fd0c792ea6a103f4d7017988f451a5c82d933c6454c8e273807d,68b2d7776a77e11d039dd4d46af95c87783c91b5c3c9de97fc8020aea44d725b,202610301097,5858.0,0,5858.0,NaN,NaN,NaN,NaN,NaN,NaN,NaN,NaN,NaN,NaN,NaN,NaN,NaN,NaN,NaN,NaN,0.3432382,NaN,NaN,experiments\out\revision_2026-09-25\fresh_runs\mvn_mw_d5_B5e3_seed97.jld2
mvn,5,5000.0,113,fresh_v1_2026-09-25,unavailable,exceeds_strict_budget,experiments\out\runs\mvn_mw_d5_B5e3_seed113\result.h5,481bd9cc6872ef6a29475fb3ee5a6e92e611a9f60b8a586a8d6b1d10afa09d0f,6148985644a17caf2c2c31e5112ab6353ea954db0cd28a0fc257dd78611af8a7,202610301113,5579.0,0,5579.0,NaN,NaN,NaN,NaN,NaN,NaN,NaN,NaN,NaN,NaN,NaN,NaN,NaN,NaN,NaN,NaN,0.2764787,NaN,NaN,experiments\out\revision_2026-09-25\fresh_runs\mvn_mw_d5_B5e3_seed113.jld2
mvn,5,5000.0,137,fresh_v1_2026-09-25,unavailable,exceeds_strict_budget,experiments\out\runs\mvn_mw_d5_B5e3_seed137\result.h5,4f6b937e655d2925c5b0b4a5e14ea9e5a7697132d50ee1cd8ce01947e040acaf,06042613f552dc534213deb40bcab2c9f89175070e7056cf53c9f2116e01aa1d,202610301137,5359.0,0,5359.0,NaN,NaN,NaN,NaN,NaN,NaN,NaN,NaN,NaN,NaN,NaN,NaN,NaN,NaN,NaN,NaN,1.0415685,NaN,NaN,experiments\out\revision_2026-09-25\fresh_runs\mvn_mw_d5_B5e3_seed137.jld2
mvn,5,5000.0,173,fresh_v1_2026-09-25,unavailable,exceeds_strict_budget,experiments\out\runs\mvn_mw_d5_B5e3_seed173\result.h5,7fe3b8d97bc05fca5c316b82ff32ce0805360a6f931f6b4de2b8558297e65783,32aa44e8d920abef77d40b939a386434e07475bcfaad02ca01095b1b05a28d76,202610301173,6147.0,0,6147.0,NaN,NaN,NaN,NaN,NaN,NaN,NaN,NaN,NaN,NaN,NaN,NaN,NaN,NaN,NaN,NaN,0.8295735,NaN,NaN,experiments\out\revision_2026-09-25\fresh_runs\mvn_mw_d5_B5e3_seed173.jld2
mvn,5,5000.0,211,fresh_v1_2026-09-25,unavailable,exceeds_strict_budget,experiments\out\runs\mvn_mw_d5_B5e3_seed211\result.h5,57e9cac57238786f9d5f4e855fa9c04f461a8c4c6231f4037197971e7b4cf97b,20245d2ac16d656cd21b5def3ebb90528b371560d924a7d9cd12a02ee899a3b6,202610301211,6418.0,0,6418.0,NaN,NaN,NaN,NaN,NaN,NaN,NaN,NaN,NaN,NaN,NaN,NaN,NaN,NaN,NaN,NaN,1.4613667,NaN,NaN,experiments\out\revision_2026-09-25\fresh_runs\mvn_mw_d5_B5e3_seed211.jld2
mvn,5,5000.0,239,fresh_v1_2026-09-25,unavailable,exceeds_strict_budget,experiments\out\runs\mvn_mw_d5_B5e3_seed239\result.h5,de078e54944d581f7c90838fe1b67d8bd5959fd52f4f63ffd94286b2d124fa03,24822a40305d2487196489ac86e6cf943a73be37c45acbfa9bd71408d4bc40a5,202610301239,5261.0,0,5261.0,NaN,NaN,NaN,NaN,NaN,NaN,NaN,NaN,NaN,NaN,NaN,NaN,NaN,NaN,NaN,NaN,1.2479932,NaN,NaN,experiments\out\revision_2026-09-25\fresh_runs\mvn_mw_d5_B5e3_seed239.jld2
mvn,5,5000.0,277,fresh_v1_2026-09-25,unavailable,exceeds_strict_budget,experiments\out\runs\mvn_mw_d5_B5e3_seed277\result.h5,71af13e0e61af22336e969eff954118edfbb4d41ff034936f7d5e3e27deb3db6,15fbcd5c362ce7b92121d8f5bcda85c1703b0a978753c1ceb0d47519ccbde612,202610301277,6296.0,0,6296.0,NaN,NaN,NaN,NaN,NaN,NaN,NaN,NaN,NaN,NaN,NaN,NaN,NaN,NaN,NaN,NaN,0.6026958,NaN,NaN,experiments\out\revision_2026-09-25\fresh_runs\mvn_mw_d5_B5e3_seed277.jld2
mvn,5,5000.0,313,fresh_v1_2026-09-25,unavailable,exceeds_strict_budget,experiments\out\runs\mvn_mw_d5_B5e3_seed313\result.h5,6db2dc2ab411e7e667f380a45496ba5b194fe5c5b73e1305800581a38ae348cc,b4244f8a1044c37c026d54e6454b3cd8bedbbf87865fcd755bbf7527ac259b21,202610301313,6895.0,0,6895.0,NaN,NaN,NaN,NaN,NaN,NaN,NaN,NaN,NaN,NaN,NaN,NaN,NaN,NaN,NaN,NaN,0.434107,NaN,NaN,experiments\out\revision_2026-09-25\fresh_runs\mvn_mw_d5_B5e3_seed313.jld2
mvn,5,5000.0,359,fresh_v1_2026-09-25,unavailable,exceeds_strict_budget,experiments\out\runs\mvn_mw_d5_B5e3_seed359\result.h5,6c2c46804d1d461236defc0702574e962c22250ddf3a5c30321679f116f4e000,f0e5a943e686bf62820cf00c604844c3f3aaa42123d2e39f7573a8b65f49d8bc,202610301359,6354.0,0,6354.0,NaN,NaN,NaN,NaN,NaN,NaN,NaN,NaN,NaN,NaN,NaN,NaN,NaN,NaN,NaN,NaN,0.3193961,NaN,NaN,experiments\out\revision_2026-09-25\fresh_runs\mvn_mw_d5_B5e3_seed359.jld2
mvn,5,5000.0,401,fresh_v1_2026-09-25,unavailable,exceeds_strict_budget,experiments\out\runs\mvn_mw_d5_B5e3_seed401\result.h5,50622fd7844c388dcd12a37020b99128bff8e6f3f5ceb3e1cca2eed26c40d412,30b0f2f428ca9677beed23dfa951b071248506a46aada77cb8b74b0471b366a9,202610301401,5112.0,0,5112.0,NaN,NaN,NaN,NaN,NaN,NaN,NaN,NaN,NaN,NaN,NaN,NaN,NaN,NaN,NaN,NaN,0.2021789,NaN,NaN,experiments\out\revision_2026-09-25\fresh_runs\mvn_mw_d5_B5e3_seed401.jld2
mvn,5,5000.0,449,fresh_v1_2026-09-25,unavailable,exceeds_strict_budget,experiments\out\runs\mvn_mw_d5_B5e3_seed449\result.h5,bb9b45074b03816d1e2728e9f60ab47d5de9d31b6818c718694320a06c2e155d,4d0ecc68fcf6dcfb27bf7adefeb906b6c756a43be8fe55dbfefe1e9337bc3005,202610301449,6583.0,0,6583.0,NaN,NaN,NaN,NaN,NaN,NaN,NaN,NaN,NaN,NaN,NaN,NaN,NaN,NaN,NaN,NaN,0.5240616,NaN,NaN,experiments\out\revision_2026-09-25\fresh_runs\mvn_mw_d5_B5e3_seed449.jld2
mvn,5,5000.0,491,fresh_v1_2026-09-25,unavailable,exceeds_strict_budget,experiments\out\runs\mvn_mw_d5_B5e3_seed491\result.h5,7295cf1471457c4e731410d6dd8470154ed646b62e1d248f98d4188064d98125,abbfced86ac9a31e3b27104d7f0ee3750d8761336cbe9de5adc3b9d394323a08,202610301491,5124.0,0,5124.0,NaN,NaN,NaN,NaN,NaN,NaN,NaN,NaN,NaN,NaN,NaN,NaN,NaN,NaN,NaN,NaN,0.5309574,NaN,NaN,experiments\out\revision_2026-09-25\fresh_runs\mvn_mw_d5_B5e3_seed491.jld2
mvn,5,5000.0,541,fresh_v1_2026-09-25,unavailable,exceeds_strict_budget,experiments\out\runs\mvn_mw_d5_B5e3_seed541\result.h5,dc0cf3827798fa54d62333ebfe0a782a7e632195f1e287cdf8af2055d4cd98a6,bc001915cb7eda3aaf5a41d2bba955ee0662467a4d546a1fc1bd7746f5752e4c,202610301541,5656.0,0,5656.0,NaN,NaN,NaN,NaN,NaN,NaN,NaN,NaN,NaN,NaN,NaN,NaN,NaN,NaN,NaN,NaN,1.1793423,NaN,NaN,experiments\out\revision_2026-09-25\fresh_runs\mvn_mw_d5_B5e3_seed541.jld2
mvn,5,5000.0,587,fresh_v1_2026-09-25,unavailable,exceeds_strict_budget,experiments\out\runs\mvn_mw_d5_B5e3_seed587\result.h5,aee0ec0f3541cf639434d64784d6a1aa44fa8ebd4c7e538ce8a521c057e96ea0,e77e1e562a43d65e70af6d7109cf15ab2cdcc08ea849c7cb7255fa6a92b4a5b9,202610301587,6062.0,0,6062.0,NaN,NaN,NaN,NaN,NaN,NaN,NaN,NaN,NaN,NaN,NaN,NaN,NaN,NaN,NaN,NaN,1.470162,NaN,NaN,experiments\out\revision_2026-09-25\fresh_runs\mvn_mw_d5_B5e3_seed587.jld2
mvn,5,5000.0,631,fresh_v1_2026-09-25,unavailable,exceeds_strict_budget,experiments\out\runs\mvn_mw_d5_B5e3_seed631\result.h5,645c38d324641753f44349e8152e5bfa25ac827d7d96d99c6e42c51e698d0544,7fecc957a58acb920c1bb762511f984fda289fd53dfc0720bd7aed9f1c452765,202610301631,6453.0,0,6453.0,NaN,NaN,NaN,NaN,NaN,NaN,NaN,NaN,NaN,NaN,NaN,NaN,NaN,NaN,NaN,NaN,0.8988991,NaN,NaN,experiments\out\revision_2026-09-25\fresh_runs\mvn_mw_d5_B5e3_seed631.jld2
mvn,5,5000.0,677,fresh_v1_2026-09-25,unavailable,exceeds_strict_budget,experiments\out\runs\mvn_mw_d5_B5e3_seed677\result.h5,49716db160a751ce77ebef00b043590515b7db7d2cf897604a1f36525d8c4603,57c1bb2d39c24b1c50a01b03a688743ba4dc2b49a536a4b35fc8c9e6f5a68963,202610301677,6065.0,0,6065.0,NaN,NaN,NaN,NaN,NaN,NaN,NaN,NaN,NaN,NaN,NaN,NaN,NaN,NaN,NaN,NaN,0.8644113,NaN,NaN,experiments\out\revision_2026-09-25\fresh_runs\mvn_mw_d5_B5e3_seed677.jld2
mvn,5,50000.0,11,fresh_v1_2026-09-25,eligible,full_remaining_budget; weight_status=ok,experiments\out\runs\mvn_mw_d5_B5e4_seed11\result.h5,d36977b5050a51bb7d1615630ed62ee821f7f197e93ea11d41775f85a69c8d12,6ddfb148197067d6a5890da1a6302f50e854bcc0f7078615f10f489850d74487,202610302011,33804.0,16196,50000.0,14861.117767385984,0.2972223553477197,0.9175795114464055,-13.707230081751781,0.002355005112978301,0.0017989663618873664,0.015884154716645137,0.015034578235710947,0.031837098494169734,0.008027319020426327,0.026060596636388312,0.02876608343544542,0.017164123092548243,NaN,-0.4746547985524224,8.793695125928112e-5,20.4007854,0.05800008773803711,0.33299994468688965,experiments\out\revision_2026-09-25\fresh_runs\mvn_mw_d5_B5e4_seed11.jld2
mvn,5,50000.0,23,fresh_v1_2026-09-25,eligible,full_remaining_budget; weight_status=ok,experiments\out\runs\mvn_mw_d5_B5e4_seed23\result.h5,57364df6265c6c33966c19f90abfeb007eeae171d030f60cbc1be6496b2cd3ed,d590d1833e015eb06ea02446149bc0879adf4718fcf65cc85a6d0aab153546a6,202610302023,34848.0,15152,50000.0,14051.207761036263,0.28102415522072527,0.9273500370272085,-13.704714120946766,0.002273845073074528,0.000716994443127561,0.0146759809131581,0.017626424754484876,0.025420319156929817,0.011555703959084007,0.014232930563464663,0.0062740521762982395,0.02342189079286978,NaN,-0.4303212878982478,8.699901774176571e-5,15.6920716,0.05800008773803711,0.16199994087219238,experiments\out\revision_2026-09-25\fresh_runs\mvn_mw_d5_B5e4_seed23.jld2
mvn,5,50000.0,41,fresh_v1_2026-09-25,eligible,full_remaining_budget; weight_status=ok,experiments\out\runs\mvn_mw_d5_B5e4_seed41\result.h5,c86548ed1c1323eeefcfae595b157252f528bb427f2721de726681b4fb722b39,ee9c63d28e245ca2cf5a6758c3e7abf0acd8fe549d8122a9ca056a8b9ec36cef,202610302041,32832.0,17168,50000.0,15904.633765210348,0.318092675304207,0.9264115660071265,-13.706640400062266,0.002151012548364438,0.001209284672372135,0.016952588155686295,0.012769720982926065,0.037495314020719525,0.01935736479016732,0.014355897930284555,0.035368913331194164,0.025972608486368464,NaN,-0.47301382465180963,8.030494638163976e-5,21.9294288,0.06200003623962402,0.13499999046325684,experiments\out\revision_2026-09-25\fresh_runs\mvn_mw_d5_B5e4_seed41.jld2
mvn,5,50000.0,67,fresh_v1_2026-09-25,eligible,full_remaining_budget; weight_status=ok,experiments\out\runs\mvn_mw_d5_B5e4_seed67\result.h5,52cd15423d14fb56c922b7a8471726a4a0e524386940742ed2600e5312489e74,6bd9a6a52060809a8d40e91895143ac95117b49629ac197a54b0939d4649a7ce,202610302067,34265.0,15735,50000.0,14555.253208398759,0.29110506416797516,0.9250240361232132,-13.70717072337281,0.002269609529839043,0.0017396079829161692,0.01647305371920037,0.015543532604739648,0.017607537971213415,0.02212461422271559,0.018434419372019305,0.012902399610857174,0.007956773668204598,NaN,-0.41906186374118354,8.716546837200967e-5,19.0565289,0.04800009727478027,0.4529998302459717,experiments\out\revision_2026-09-25\fresh_runs\mvn_mw_d5_B5e4_seed67.jld2
mvn,5,50000.0,97,fresh_v1_2026-09-25,eligible,full_remaining_budget; weight_status=ok,experiments\out\runs\mvn_mw_d5_B5e4_seed97\result.h5,de2730ed5246c5eae18933a434567f6ab9b8d3e8a3d483b4cfb23dc49fe5d1c8,adc753ee28454676d5c7109ae4319e9153126d89632006409bf596e8cb0445a7,202610302097,35047.0,14953,50000.0,13841.902623978338,0.2768380524795668,0.9256940161825946,-13.703898379915866,0.002316935796714212,0.0015327354740275467,0.022068338714585915,0.030090557361195945,0.04454177065057681,0.012833925641329836,0.011223993471263682,0.012566288708062201,0.029391712426122218,NaN,-0.4376761574464598,9.145976651919872e-5,17.9840928,0.04499983787536621,0.12099981307983398,experiments\out\revision_2026-09-25\fresh_runs\mvn_mw_d5_B5e4_seed97.jld2
mvn,5,50000.0,113,fresh_v1_2026-09-25,eligible,full_remaining_budget; weight_status=ok,experiments\out\runs\mvn_mw_d5_B5e4_seed113\result.h5,8dc9bbbdb933247b62955e23e6771bd388901eedffcd9ec6848215394f6dba0e,c04c8c10384599b6f98ec772f95e0453d31540f459f889fadcb3a731615d4bb2,202610302113,33976.0,16024,50000.0,14803.339217137434,0.2960667843427487,0.9238229666211579,-13.710012707955288,0.0022684655187109964,0.004581592565394033,0.028192581707318455,0.014741525202547689,0.03143992300942178,0.010254672173190893,0.006988223896784262,0.015372845457958917,0.06265719186266505,NaN,-0.4089484097462578,8.642165897916417e-5,18.3485031,0.04699993133544922,0.1119999885559082,experiments\out\revision_2026-09-25\fresh_runs\mvn_mw_d5_B5e4_seed113.jld2
mvn,5,50000.0,137,fresh_v1_2026-09-25,eligible,full_remaining_budget; weight_status=ok,experiments\out\runs\mvn_mw_d5_B5e4_seed137\result.h5,d47f52e3644c3bea11106044e335060c301ae268819be6e1ea0755cab11f60dc,7bc4e5ee2bb835b60affaf758ccbcfe52fd323c0f3663978cc368c8db5eca5d5,202610302137,35248.0,14752,50000.0,13699.14105426885,0.273982821085377,0.9286294098609579,-13.705366011702457,0.0022825115045158983,6.510368743661843e-5,0.022782627843514005,0.014126663174956922,0.020806156601248692,0.018616520010728554,0.019257389315253802,0.035312406790415495,0.023571981174106506,NaN,-0.3656316102962644,9.259232916565174e-5,17.5530676,0.042999982833862305,0.13100004196166992,experiments\out\revision_2026-09-25\fresh_runs\mvn_mw_d5_B5e4_seed137.jld2
mvn,5,50000.0,173,fresh_v1_2026-09-25,eligible,full_remaining_budget; weight_status=ok,experiments\out\runs\mvn_mw_d5_B5e4_seed173\result.h5,bb7b59b1261ef0be3c01d95b94a3f221b309cce7c597badafa6c59e6d3696247,5a60896a013bbd78c02bd1823ab689688f6741f7688e6009ec29849c21f49b77,202610302173,34052.0,15948,50000.0,14860.720478542115,0.2972144095708423,0.9318234561413415,-13.703841864136098,0.002141891946762283,0.0015892512537956094,0.027305195171453172,0.015740247046011867,0.030495162545614952,0.00962190960853746,0.009542308242959052,0.017514596282732643,0.02212653426169293,NaN,-0.4678597607520638,8.520846720256513e-5,39.3308843,0.2389998435974121,0.14300012588500977,experiments\out\revision_2026-09-25\fresh_runs\mvn_mw_d5_B5e4_seed173.jld2
mvn,5,50000.0,211,fresh_v1_2026-09-25,eligible,full_remaining_budget; weight_status=ok,experiments\out\runs\mvn_mw_d5_B5e4_seed211\result.h5,a4e1e667b929048cfca69aa4340c03773ac1c9adbe44cee96d5dd56c7945e289,ff10b0a60654fad502b42f70b94b2a050efc45b25898022cd3e674d98e9429d1,202610302211,33536.0,16464,50000.0,15277.211118493597,0.30554422236987194,0.9279161272165692,-13.703721160502866,0.0021721860267519544,0.0017099548870280756,0.01880342791902829,0.014995944785754181,0.035614094466075705,0.007427820249619565,0.023914280735269244,0.012491103570020767,0.02659460066478676,NaN,-0.529844369232093,8.380728984021415e-5,21.2269253,0.051000118255615234,0.11999988555908203,experiments\out\revision_2026-09-25\fresh_runs\mvn_mw_d5_B5e4_seed211.jld2
mvn,5,50000.0,239,fresh_v1_2026-09-25,eligible,full_remaining_budget; weight_status=ok,experiments\out\runs\mvn_mw_d5_B5e4_seed239\result.h5,8f9b5df54d3f2c8b51031a27292f3d0959793f1fff4c2b5bac7b55753e3971fc,c7d5c4b0cef4a8a5f9e901169b1c90e9490fb8dc8614767c7683182e8d6b8a33,202610302239,35695.0,14305,50000.0,13381.501691742185,0.2676300338348437,0.9354422713556229,-13.704033118400051,0.002196451886110219,0.0013979969898425537,0.019133380474012845,0.02326895917517262,0.017760443752479517,0.017801431768989386,0.013237711568092437,0.005423239049011342,0.022616944098951743,NaN,-0.4975880773924989,9.432629958091329e-5,19.7011265,0.05300021171569824,0.125,experiments\out\revision_2026-09-25\fresh_runs\mvn_mw_d5_B5e4_seed239.jld2
mvn,5,50000.0,277,fresh_v1_2026-09-25,eligible,full_remaining_budget; weight_status=ok,experiments\out\runs\mvn_mw_d5_B5e4_seed277\result.h5,15309a8a86dad5333f572547a62428ec84d27ea70df44a3c80216d46eedf524f,1c46c8f0ce2dcba3eda50ad4d57f220eaca75d326a2542471c5711be0dd60b62,202610302277,33023.0,16977,50000.0,15641.402204348335,0.3128280440869667,0.9213289865316802,-13.70627103084734,0.0022426914669644855,0.0008399154574458834,0.027787622327987288,0.016300289513081125,0.04813420214278783,0.020400773432292206,0.009646595931350888,0.024001442413204142,0.02638378247822768,NaN,-0.466362574688355,8.443807866332463e-5,24.8110474,0.06099987030029297,0.12899994850158691,experiments\out\revision_2026-09-25\fresh_runs\mvn_mw_d5_B5e4_seed277.jld2
mvn,5,50000.0,313,fresh_v1_2026-09-25,eligible,full_remaining_budget; weight_status=ok,experiments\out\runs\mvn_mw_d5_B5e4_seed313\result.h5,671725e10036055431b6ff13a287cc287ea7ffdd4ff35b98057569f6af709518,152af044ea9473c938f781daa950658b866b228d9bae96cc858ddeaf43306570,202610302313,32728.0,17272,50000.0,15897.446888862065,0.3179489377772413,0.9204172585028986,-13.70439028330129,0.0022374109362283227,0.001040832088603949,0.013295079789493203,0.014666421644594047,0.04012848037687822,0.014264759296278818,0.008463875617981741,0.007738243588575999,0.03556800661871886,NaN,-0.3741855767066161,8.17040678542785e-5,16.4737565,0.0709998607635498,0.15699982643127441,experiments\out\revision_2026-09-25\fresh_runs\mvn_mw_d5_B5e4_seed313.jld2
mvn,5,50000.0,359,fresh_v1_2026-09-25,eligible,full_remaining_budget; weight_status=ok,experiments\out\runs\mvn_mw_d5_B5e4_seed359\result.h5,5b274f207cb0107df00fbca596c0acc68fff3753033090d76e66c36b12e7accb,5af1a76e16b01db7aae9d30dd1b43596ad64a14d25d29625f4c515cea3545cbe,202610302359,35250.0,14750,50000.0,13776.522597310564,0.2755304519462113,0.9340015320210552,-13.70405422567534,0.0021887548565901337,0.0013768897145531866,0.015280483282981424,0.01734968144742045,0.026784215251430998,0.009733287248707279,0.014073022909483156,0.005890000857898014,0.01653443038938267,NaN,-0.4552514959785795,9.059056810290518e-5,19.2737157,0.06799983978271484,0.15400004386901855,experiments\out\revision_2026-09-25\fresh_runs\mvn_mw_d5_B5e4_seed359.jld2
mvn,5,50000.0,401,fresh_v1_2026-09-25,eligible,full_remaining_budget; weight_status=ok,experiments\out\runs\mvn_mw_d5_B5e4_seed401\result.h5,3ddc07ee6c491d231b18448bc9322b2eead716b1644921858db5164b8388422a,42b980a0ed3371aafd978577c7f16401e0afbe480e5f4d071a2cc5f443e5f436,202610302401,32239.0,17761,50000.0,16222.111351283664,0.32444222702567327,0.9133557429921549,-13.705477606397091,0.0023110865063954537,4.649100719689159e-5,0.01983526542641492,0.02420937249157605,0.02391106258613731,0.012045378336780366,0.011621578192539773,0.01438275614046347,0.013292982933288932,NaN,-0.48885088023684525,7.874103379881844e-5,17.945264,0.2849998474121094,0.3900001049041748,experiments\out\revision_2026-09-25\fresh_runs\mvn_mw_d5_B5e4_seed401.jld2
mvn,5,50000.0,449,fresh_v1_2026-09-25,eligible,full_remaining_budget; weight_status=ok,experiments\out\runs\mvn_mw_d5_B5e4_seed449\result.h5,aa55f815c67bba0d841b569d7efa1b9f7ea495445af4cba8b1ef5671b7d038b7,747e14f709ef251f7c77b5ed7063daa794473bff0364e58d29d559cf61b5d934,202610302449,32825.0,17175,50000.0,15689.751125805293,0.31379502251610586,0.9135226274122441,-13.70901803284451,0.00234770332845594,0.0035869174546157012,0.012579628044868238,0.02156960729491431,0.02124158795080997,0.008780633722823273,0.016113400383661512,0.009737792914553012,0.021488936398116287,NaN,-0.38181953924380174,8.475063356399992e-5,15.3436456,0.09599995613098145,0.18799996376037598,experiments\out\revision_2026-09-25\fresh_runs\mvn_mw_d5_B5e4_seed449.jld2
mvn,5,50000.0,491,fresh_v1_2026-09-25,eligible,full_remaining_budget; weight_status=ok,experiments\out\runs\mvn_mw_d5_B5e4_seed491\result.h5,2fded93bdb3c07956cdeeeaffffc33b2f7006e69ca5311f3fbace754d8c18a70,c48cbb55b203d195f9ea32de419a60c4ecb61b752378e44029b6719ad09590b5,202610302491,34833.0,15167,50000.0,14059.13218749989,0.2811826437499978,0.9269553759807404,-13.70612429709169,0.0022793702301481286,0.0006931817017967745,0.02294950291628197,0.012876296362636864,0.02600209271622238,0.01104804535446784,0.005242510894863983,0.010974736461437429,0.019035979090014088,NaN,-0.4004641720244987,9.110614740897824e-5,20.4509156,0.08300018310546875,0.1359999179840088,experiments\out\revision_2026-09-25\fresh_runs\mvn_mw_d5_B5e4_seed491.jld2
mvn,5,50000.0,541,fresh_v1_2026-09-25,eligible,full_remaining_budget; weight_status=ok,experiments\out\runs\mvn_mw_d5_B5e4_seed541\result.h5,61e1672abaabaf09cbf6adab1b12941748c77219d9bc2feba0cda1efec942ead,24783f9728d958f73bf55f0ffbb4a9d6a970aa7a41bbf9acb34dfbd9b6863604,202610302541,33948.0,16052,50000.0,14772.222518474186,0.2954444503694837,0.9202730200893462,-13.70650488651644,0.002323163288078359,0.0010737711265456085,0.037144759322283574,0.01874768733501089,0.04033460588164313,0.01172741654505811,0.014642594309303546,0.010103668381389897,0.02416184039342273,NaN,-0.4157752681644449,8.661837253212687e-5,14.5226448,0.04999995231628418,0.10500001907348633,experiments\out\revision_2026-09-25\fresh_runs\mvn_mw_d5_B5e4_seed541.jld2
mvn,5,50000.0,587,fresh_v1_2026-09-25,eligible,full_remaining_budget; weight_status=ok,experiments\out\runs\mvn_mw_d5_B5e4_seed587\result.h5,7f03baec89e40fcf0ef3747caa2d9d988dd7d7edac854ed0510a9c678f0d6b8c,9b35ec1aafbeb914ac87dc9b300f519b32fc88d3883ef389b33ff9d4b0e6cf5b,202610302587,35033.0,14967,50000.0,13968.346955107336,0.2793669391021467,0.9332763382847155,-13.708296960712834,0.002185583629379391,0.00286584532294043,0.0255493517436321,0.019320367198057103,0.058693014071140984,0.032784555513913884,0.029960337950890193,0.010854691980681208,0.010525436888353746,NaN,-0.39731328719627085,9.016355507991808e-5,17.368457,0.04900002479553223,0.252000093460083,experiments\out\revision_2026-09-25\fresh_runs\mvn_mw_d5_B5e4_seed587.jld2
mvn,5,50000.0,631,fresh_v1_2026-09-25,eligible,full_remaining_budget; weight_status=ok,experiments\out\runs\mvn_mw_d5_B5e4_seed631\result.h5,a3d76723f2bfd77f323d2bef1bcc79109fab0ded856a94e35f7e9af4327be854,bd79812c4a42f119cf6d940289da029e6346c86083f93228f56c5b2d651927cb,202610302631,33803.0,16197,50000.0,14985.585929845569,0.29971171859691137,0.9252075032318064,-13.7026680726333,0.002234046207388205,0.002763042756594558,0.016989015651660926,0.018185361622002558,0.05804881163454678,0.036530930245688896,0.033115325423893796,0.013274983368044646,0.027447256371223538,NaN,-0.34823282671860545,8.629830916604786e-5,34.231047,0.04699993133544922,0.11500000953674316,experiments\out\revision_2026-09-25\fresh_runs\mvn_mw_d5_B5e4_seed631.jld2
mvn,5,50000.0,677,fresh_v1_2026-09-25,eligible,full_remaining_budget; weight_status=ok,experiments\out\runs\mvn_mw_d5_B5e4_seed677\result.h5,672a5925cf585c9de185a0b8e50b22545e1b8c411c9a6c941cee9f53c499ac5a,06dda2f5965acd15dbb51ac92e6fcdeba6b3a96eece6157aba375c103b3df966,202610302677,32221.0,17779,50000.0,16379.124224272062,0.32758248448544125,0.9212624008252468,-13.702582349371031,0.002192531016581596,0.0028487660188627473,0.014933725260486983,0.014652614899551155,0.023346406271106578,0.024628625532151394,0.015223375733481249,0.022293703015642354,0.028541726612469807,NaN,-0.39936607059414503,7.796581097671318e-5,16.5036188,0.07999992370605469,0.10699987411499023,experiments\out\revision_2026-09-25\fresh_runs\mvn_mw_d5_B5e4_seed677.jld2
mvn,5,500000.0,11,fresh_v1_2026-09-25,eligible,full_remaining_budget; weight_status=ok,experiments\out\runs\mvn_mw_d5_B5e5_seed11\result.h5,d74c9524e14628f8f00a9dc83a902ff3847191c8cf45799db8d19d94c857c188,f6b820cb5b2f7d551ace7fd29e43df4626dab7a1b3a66bed8a15bb9a710bb34f,202610303011,47244.0,452756,500000.0,418781.3887255129,0.8375627774510258,0.9249604394541715,-13.705558645346885,0.00042330310551907084,0.0001275299569911681,0.015312553886473863,0.014778331696119555,0.02906425322579138,0.007971092231677423,0.010372438800699869,0.005427468672836255,0.04111215131016142,NaN,-0.42713620781178135,3.0784991633203685e-6,16.546311,2.116999864578247,0.6309998035430908,experiments\out\revision_2026-09-25\fresh_runs\mvn_mw_d5_B5e5_seed11.jld2
mvn,5,500000.0,23,fresh_v1_2026-09-25,eligible,full_remaining_budget; weight_status=ok,experiments\out\runs\mvn_mw_d5_B5e5_seed23\result.h5,4876f865ccf1e7c5fb6b5e143635628c99dcddd93686f9f1ed0b4458d0317fdb,08772f0b97784392edfe68c0f5a297237a5171cb094fcbbdfa4b29bbf91abab3,202610303023,48242.0,451758,500000.0,418557.868187905,0.83711573637581,0.9265090340135759,-13.705365593212463,0.0004190243130598836,6.552217743127642e-5,0.012199955713929013,0.013940949854442313,0.01777938697470085,0.009630468320263198,0.008932105767521393,0.003756255841346201,0.027535917438271617,NaN,-0.40141399526892396,3.0378839854046937e-6,15.929569,1.812000036239624,0.43400001525878906,experiments\out\revision_2026-09-25\fresh_runs\mvn_mw_d5_B5e5_seed23.jld2
mvn,5,500000.0,41,fresh_v1_2026-09-25,eligible,full_remaining_budget; weight_status=ok,experiments\out\runs\mvn_mw_d5_B5e5_seed41\result.h5,ce6cad7f89ad90ca6b0c89d0d812e9f5dc942b7393afca7e09e7b71c16cf330f,57292d6554d3132bb5bad7b0b11097b34ee1ff388dc32236e1f89c26f0ad9484,202610303041,47197.0,452803,500000.0,416470.4892749533,0.8329409785499067,0.9197608877921598,-13.70510263807176,0.00043893573646108704,0.00032847731813312464,0.018860056111359946,0.018184791978833152,0.023504484966300997,0.007780064795976505,0.0030921159273500365,0.010729235796907632,0.01341104173326695,NaN,-0.4246135422293021,3.132326036671171e-6,20.4883096,2.5349998474121094,1.0460000038146973,experiments\out\revision_2026-09-25\fresh_runs\mvn_mw_d5_B5e5_seed41.jld2
mvn,5,500000.0,67,fresh_v1_2026-09-25,eligible,full_remaining_budget; weight_status=ok,experiments\out\runs\mvn_mw_d5_B5e5_seed67\result.h5,d69627b5108320b0363719f9c7552d3eeea70197c81054c36ef1aceabc8c95e9,b8174c08b4b72b20739bbc302f6ad086788ce46b12297837f0e108acb0315d9a,202610303067,47797.0,452203,500000.0,415857.3573915812,0.8317147147831624,0.9196253837139099,-13.705411715895968,0.0004396299401601978,1.939949392593121e-5,0.020679690948549802,0.013343301610521557,0.038182296895816537,0.027652432440947262,0.0065197915023183835,0.01619336785010077,0.021312946960671476,NaN,-0.4137624680439893,3.07792429214983e-6,15.4926179,4.551000118255615,1.0980000495910645,experiments\out\revision_2026-09-25\fresh_runs\mvn_mw_d5_B5e5_seed67.jld2
mvn,5,500000.0,97,fresh_v1_2026-09-25,eligible,full_remaining_budget; weight_status=ok,experiments\out\runs\mvn_mw_d5_B5e5_seed97\result.h5,1e704645ed9062f805b87dd0ec258899bdd07f7c1877685316f56bbc3ec72479,8cc8899a5089cabc422c3d5d17e2f6782f170c97c2138f983eab923152fa2c3d,202610303097,47428.0,452572,500000.0,419185.22352660145,0.8383704470532028,0.9262288067458911,-13.70538253336022,0.00041950816839070163,4.858202967383818e-5,0.01320957073196983,0.01870528024092986,0.022583674854752146,0.007198164212580527,0.007053101043046439,0.01521003534764449,0.027919637537014274,NaN,-0.4318330555790147,3.076559901756133e-6,22.8589524,2.7350001335144043,0.7230000495910645,experiments\out\revision_2026-09-25\fresh_runs\mvn_mw_d5_B5e5_seed97.jld2
mvn,5,500000.0,113,fresh_v1_2026-09-25,eligible,full_remaining_budget; weight_status=ok,experiments\out\runs\mvn_mw_d5_B5e5_seed113\result.h5,5de4ce34abff07b0f67ab23299f9ca101e4668fca5c95a877863dd27e0a5971c,9615dd664083a8c2c1b1b7a09f61c786b6ccd012768f5fbdf7d71a3f57e221f1,202610303113,48347.0,451653,500000.0,420691.7669948194,0.8413835339896388,0.9314490704032065,-13.705720178871497,0.0004036683205610814,0.00028906348160262496,0.019180022145752342,0.023047045831106373,0.03695781115906871,0.023873402048201632,0.009023148185581675,0.011710503349644385,0.03668110199484094,NaN,-0.4156926675451722,3.0276157346342017e-6,17.5124832,2.0820000171661377,0.5820000171661377,experiments\out\revision_2026-09-25\fresh_runs\mvn_mw_d5_B5e5_seed113.jld2
mvn,5,500000.0,137,fresh_v1_2026-09-25,eligible,full_remaining_budget; weight_status=ok,experiments\out\runs\mvn_mw_d5_B5e5_seed137\result.h5,0b4d4a5118279c9e67aee547de56e9e3a4e84db54e121ed2b3f7e6203403e3f0,3113b05b2326278ae25f0d7d786c57df32b6111c43bcd8d61d3b7d07fb9b7ee5,202610303137,48684.0,451316,500000.0,417355.06395870977,0.8347101279174195,0.9247513138437586,-13.705128275552468,0.0004246162564109008,0.0003028398374258501,0.015588888689791932,0.028929072855722812,0.0166582455855385,0.02413579026283117,0.012608822450723523,0.008245700422667212,0.015919873702857322,NaN,-0.42245846255415653,3.078861686829865e-6,18.7386058,2.822000026702881,0.5260000228881836,experiments\out\revision_2026-09-25\fresh_runs\mvn_mw_d5_B5e5_seed137.jld2
mvn,5,500000.0,173,fresh_v1_2026-09-25,eligible,full_remaining_budget; weight_status=ok,experiments\out\runs\mvn_mw_d5_B5e5_seed173\result.h5,06584b062048cf5332e8166d4bfa76d0f2626aa70d645bf0cae5b5d8d80d8aa1,b75b23cfbdd58af087a95995bee388275a37034af8b12e4a2acb7afcf8220725,202610303173,48859.0,451141,500000.0,417189.82959027565,0.8343796591805513,0.9247437709946018,-13.705281014599105,0.00042472162116937047,0.00015010079078869865,0.019391757407826626,0.014672985545808767,0.024955199622035316,0.012740545850442398,0.017026821955912298,0.009085464822869982,0.015033947759249067,NaN,-0.42173203785019536,3.089264733938599e-6,18.3953338,1.819000005722046,0.624000072479248,experiments\out\revision_2026-09-25\fresh_runs\mvn_mw_d5_B5e5_seed173.jld2
mvn,5,500000.0,211,fresh_v1_2026-09-25,eligible,full_remaining_budget; weight_status=ok,experiments\out\runs\mvn_mw_d5_B5e5_seed211\result.h5,3743bc1a6fe4f99851a23761a528de8acd8b952b24e5bb9b6e01810fb4d07ac2,9fe13c7eca4f522964a1fafa122e001a1bc4ba078e4af5f479906674240808c7,202610303211,48053.0,451947,500000.0,416664.172697988,0.833328345395976,0.9219314935113807,-13.706405621988285,0.000432857409609397,0.000974506598391045,0.02413609519846598,0.022447368221930865,0.019053359365232624,0.014914386132471712,0.007727925905779642,0.007294661662461221,0.01317151531492602,NaN,-0.4137465287007182,3.0326588428333087e-6,12.0276307,4.950999975204468,0.9389998912811279,experiments\out\revision_2026-09-25\fresh_runs\mvn_mw_d5_B5e5_seed211.jld2
mvn,5,500000.0,239,fresh_v1_2026-09-25,eligible,full_remaining_budget; weight_status=ok,experiments\out\runs\mvn_mw_d5_B5e5_seed239\result.h5,d91683f59b291060dd4b6f5997d4afbacf85ae5547591fc4c334602bcbfaf67d,94a319a0ca6a93d02d3f28cbcbb342cbd07d5819986576a73cd5f82b15b159e8,202610303239,48016.0,451984,500000.0,419286.1505739341,0.8385723011478682,0.9276570643516896,-13.705801132659625,0.0004153773443451777,0.000370017269730738,0.01331989837600328,0.013960055567803432,0.038177934123348266,0.02070101307636498,0.014272948769473003,0.007925757356750296,0.02111637132970774,NaN,-0.41245826219564397,3.028624198138634e-6,20.9944733,2.872999906539917,0.39999985694885254,experiments\out\revision_2026-09-25\fresh_runs\mvn_mw_d5_B5e5_seed239.jld2
mvn,5,500000.0,277,fresh_v1_2026-09-25,eligible,full_remaining_budget; weight_status=ok,experiments\out\runs\mvn_mw_d5_B5e5_seed277\result.h5,cc1aa9426bf4a1467e85ece07c0991a74e1f6621237aae4913016adf786130c5,00d3546f9676a7c2256d9836334bac158b1bb42222f5fc4e677771c9c1afab79,202610303277,48527.0,451473,500000.0,415225.48888182844,0.8304509777636568,0.9197127821194809,-13.705964800593547,0.0004397250449102525,0.0005336852036528228,0.026200701902325624,0.01937508858452832,0.03430319671862816,0.014976494657624762,0.010779193873184666,0.02071339157231864,0.022673255120071723,NaN,-0.4139732307893039,3.168764516799384e-6,21.2045727,2.761000156402588,0.500999927520752,experiments\out\revision_2026-09-25\fresh_runs\mvn_mw_d5_B5e5_seed277.jld2
mvn,5,500000.0,313,fresh_v1_2026-09-25,eligible,full_remaining_budget; weight_status=ok,experiments\out\runs\mvn_mw_d5_B5e5_seed313\result.h5,fd81e323d8fc64dda977329cc9b0b58c2867f9c63da907c339c948fb255e88f7,15dee5596a383f994de0d4c68ef033ae853f7354237dd4406766d2e381a44b79,202610303313,47772.0,452228,500000.0,416845.1049917114,0.8336902099834228,0.9217587256687144,-13.705548040495303,0.00043324205251267885,0.00011692510540939338,0.013751384684399987,0.018169379193604368,0.018277664081709187,0.016274331535144192,0.006922838006749643,0.009538535450446872,0.02036994304797215,NaN,-0.4114588802670334,3.081088956156284e-6,20.091771,2.817999839782715,0.28100013732910156,experiments\out\revision_2026-09-25\fresh_runs\mvn_mw_d5_B5e5_seed313.jld2
mvn,5,500000.0,359,fresh_v1_2026-09-25,eligible,full_remaining_budget; weight_status=ok,experiments\out\runs\mvn_mw_d5_B5e5_seed359\result.h5,a1badd93a447bc397cfafd033d4e2f3c1f6e7798f77fbb4ece2e9692f25621ec,bd54f1887de73be125e849c8079990ea9d694065981c0588f1e45d0447da5fb9,202610303359,47013.0,452987,500000.0,415267.33363511617,0.8305346672702324,0.916731238722339,-13.705349629532117,0.0004477928629145194,8.148585777689732e-5,0.02037802646535756,0.012015720922631739,0.011090026743499015,0.01231215572504254,0.007410059444622164,0.009182869889981094,0.0157549441142125,NaN,-0.445643414998332,3.1842633397543716e-6,18.257016,3.4099998474121094,0.3359999656677246,experiments\out\revision_2026-09-25\fresh_runs\mvn_mw_d5_B5e5_seed359.jld2
mvn,5,500000.0,401,fresh_v1_2026-09-25,eligible,full_remaining_budget; weight_status=ok,experiments\out\runs\mvn_mw_d5_B5e5_seed401\result.h5,c33caf1b0d0e3d8f63b725a557f64f8cdf8c0a3eaf095d40759e8d9e8bed6b5b,fe0e943e94f9ed91dea4e5f3aa596e5f4840ecdfe1c2095d81d6f9b39a6ee622,202610303401,48200.0,451800,500000.0,416065.302373752,0.832130604747504,0.9209059370822311,-13.705579148887091,0.00043600472201273154,0.0001480334971972752,0.015747708727659234,0.012056573502959918,0.022060605753997507,0.009399032896362037,0.01491137708984418,0.0065130329529431204,0.03253360292755172,NaN,-0.44552247543833634,3.10467168729478e-6,17.9151982,2.7190001010894775,0.30900001525878906,experiments\out\revision_2026-09-25\fresh_runs\mvn_mw_d5_B5e5_seed401.jld2
mvn,5,500000.0,449,fresh_v1_2026-09-25,eligible,full_remaining_budget; weight_status=ok,experiments\out\runs\mvn_mw_d5_B5e5_seed449\result.h5,c348d2507ffffb7829f75cac65afb974a1a2e5a829a145652e4246a62b9e6726,9853bedfec4a1091307aed3c3095e677fe33409e0c07988bb024cf92227eda1d,202610303449,48459.0,451541,500000.0,422339.1831326267,0.8446783662652534,0.9353285374586731,-13.705551962141321,0.00039131424113101324,0.000120846751427095,0.014388348836798393,0.0135020339423289,0.038285536362475406,0.011498132104863834,0.01571712834102925,0.010184775659642042,0.046162028560797985,NaN,-0.41560652365388995,2.9409065050298256e-6,15.0608858,2.4760000705718994,0.2849998474121094,experiments\out\revision_2026-09-25\fresh_runs\mvn_mw_d5_B5e5_seed449.jld2
mvn,5,500000.0,491,fresh_v1_2026-09-25,eligible,full_remaining_budget; weight_status=ok,experiments\out\runs\mvn_mw_d5_B5e5_seed491\result.h5,2db073ba42fe1decb62333df755e7a5ae7665599a81c6c6bbb17ec22aa610f65,6c8a22532df32a568585f5ba2da2ad2e048b37d838ba6c2ba41bada595c79a0b,202610303491,48655.0,451345,500000.0,418950.4835469483,0.8379009670938966,0.9282267080546994,-13.705429730040128,0.0004139044398429909,1.385349765570254e-6,0.01637654348169818,0.014185301148672025,0.010991486159976516,0.00955365427727728,0.011610333789538175,0.01408755476777519,0.012834661070085041,NaN,-0.4138542204718744,3.0297880147015844e-6,16.7350021,2.0280001163482666,0.3040001392364502,experiments\out\revision_2026-09-25\fresh_runs\mvn_mw_d5_B5e5_seed491.jld2
mvn,5,500000.0,541,fresh_v1_2026-09-25,eligible,full_remaining_budget; weight_status=ok,experiments\out\runs\mvn_mw_d5_B5e5_seed541\result.h5,d362e69796d7c0f67844efb3549970b36b853f3431ca8fe78d1ee6ba4d6d769e,ba55f0cf7b512f74ff0a736dcda1522bda15e59e9b6af784cf2244fd47aa5215,202610303541,48457.0,451543,500000.0,417584.1502449025,0.8351683004898051,0.9247937632626406,-13.705303186564757,0.0004243800167232676,0.0001279288251367916,0.027014112273631076,0.019651287320292053,0.03145543472672485,0.022454331786291283,0.01220589815296087,0.007961594284455841,0.008138417348399152,NaN,-0.4077511853347243,3.0584144548397408e-6,16.5447906,2.371999979019165,0.4700000286102295,experiments\out\revision_2026-09-25\fresh_runs\mvn_mw_d5_B5e5_seed541.jld2
mvn,5,500000.0,587,fresh_v1_2026-09-25,eligible,full_remaining_budget; weight_status=ok,experiments\out\runs\mvn_mw_d5_B5e5_seed587\result.h5,415496c42b759132f6215ac680ca486eda6fca8f5d2b3c02b09140eef6156293,dd99e78b074fe8465b67f54f169a9c0aaccee3719e68879af7821afe79c66f22,202610303587,47792.0,452208,500000.0,420186.04911334685,0.8403720982266937,0.9291875621690613,-13.705449237418442,0.000410519658033958,1.8122028548006597e-5,0.01671893019024894,0.011944605607994147,0.01766024535885724,0.014238500385662722,0.019792539637652595,0.01261937708858345,0.02310591521786538,NaN,-0.4239669677167587,3.0167998541307346e-6,16.5848997,2.5389997959136963,0.2709999084472656,experiments\out\revision_2026-09-25\fresh_runs\mvn_mw_d5_B5e5_seed587.jld2
mvn,5,500000.0,631,fresh_v1_2026-09-25,eligible,full_remaining_budget; weight_status=ok,experiments\out\runs\mvn_mw_d5_B5e5_seed631\result.h5,b1c746c8bc7b5167d49e1352c6ce706ba0c8baf757d2494ac579b0d7cfad3347,0a07f09ef7ecab18420d3d5c3f9a7ddfcf8870714ad6a352d8d73451a0354400,202610303631,47990.0,452010,500000.0,418448.47024147457,0.8368969404829492,0.9257504706565663,-13.706659728694918,0.00042123636873619773,0.0012286133050238845,0.013256412020861318,0.016812859608182615,0.042468282875632424,0.0121952525760882,0.00911561241703609,0.018975065682907254,0.04310402795781787,NaN,-0.4060231974725565,3.101045387755141e-6,19.9288437,3.3359999656677246,0.34999990463256836,experiments\out\revision_2026-09-25\fresh_runs\mvn_mw_d5_B5e5_seed631.jld2
mvn,5,500000.0,677,fresh_v1_2026-09-25,eligible,full_remaining_budget; weight_status=ok,experiments\out\runs\mvn_mw_d5_B5e5_seed677\result.h5,b9605b01f8d2c2bf3ad42532bb8896f132935aa51c818180147c3a30b7815c54,792bfe02b178f35673993ddd04525fbaffde97224d52710ad4d324cc03e5c4b2,202610303677,47597.0,452403,500000.0,417085.0970240481,0.8341701940480962,0.92193265080923,-13.705999907146536,0.00043263572680283906,0.0005687917566419287,0.011053353670367586,0.011377024879633485,0.01528940341995102,0.027325823795610726,0.012148980863294767,0.012339531205790833,0.017936040915486194,NaN,-0.39619441440460446,3.088039737952363e-6,40.1058411,2.372999906539917,0.28600001335144043,experiments\out\revision_2026-09-25\fresh_runs\mvn_mw_d5_B5e5_seed677.jld2
mvn,10,5000.0,11,fresh_v1_2026-09-25,unavailable,exceeds_strict_budget,experiments\out\runs\mvn_mw_d10_B5e3_seed11\result.h5,444946592d88327764c9c29cdf7f92b28b41f949cbe85d12a11addd013de3c22,a3701c6fca6c1c9aba628ee1371d2faa5df3a1933c840cff9932d6734bf6d035,202610351011,5750.0,0,5750.0,NaN,NaN,NaN,NaN,NaN,NaN,NaN,NaN,NaN,NaN,NaN,NaN,NaN,NaN,NaN,NaN,26.3366157,NaN,NaN,experiments\out\revision_2026-09-25\fresh_runs\mvn_mw_d10_B5e3_seed11.jld2
mvn,10,5000.0,23,fresh_v1_2026-09-25,unavailable,exceeds_strict_budget,experiments\out\runs\mvn_mw_d10_B5e3_seed23\result.h5,e44c078b4cee9532e07b0675e28303e54391f7e0c015f823f150c7a53ec5a5fe,d9f8a4b2426bc747a7148ffd1c0ea2109015d29962c87564289eb3aabfa85a8b,202610351023,5747.0,0,5747.0,NaN,NaN,NaN,NaN,NaN,NaN,NaN,NaN,NaN,NaN,NaN,NaN,NaN,NaN,NaN,NaN,0.6196887,NaN,NaN,experiments\out\revision_2026-09-25\fresh_runs\mvn_mw_d10_B5e3_seed23.jld2
mvn,10,5000.0,41,fresh_v1_2026-09-25,unavailable,exceeds_strict_budget,experiments\out\runs\mvn_mw_d10_B5e3_seed41\result.h5,94116e9cd461e6bc454eef11a46d03173345c6834e4275878d6045e6951ce3e0,1db64d10c8913725d0c97efb65f81022a429bc5b143dd680453e95f85597fe96,202610351041,5744.0,0,5744.0,NaN,NaN,NaN,NaN,NaN,NaN,NaN,NaN,NaN,NaN,NaN,NaN,NaN,NaN,NaN,NaN,0.1365765,NaN,NaN,experiments\out\revision_2026-09-25\fresh_runs\mvn_mw_d10_B5e3_seed41.jld2
mvn,10,5000.0,67,fresh_v1_2026-09-25,unavailable,exceeds_strict_budget,experiments\out\runs\mvn_mw_d10_B5e3_seed67\result.h5,b6d1f6afdf8ab8063733f51be7ce96e22c5113c035d0fa369fb669ac5f6a8019,c56a1e21f12eb6a0b2d91902c8ec23a7f3302ef073652774c1c2a5afef6aa788,202610351067,5745.0,0,5745.0,NaN,NaN,NaN,NaN,NaN,NaN,NaN,NaN,NaN,NaN,NaN,NaN,NaN,NaN,NaN,NaN,0.2329388,NaN,NaN,experiments\out\revision_2026-09-25\fresh_runs\mvn_mw_d10_B5e3_seed67.jld2
mvn,10,5000.0,97,fresh_v1_2026-09-25,unavailable,exceeds_strict_budget,experiments\out\runs\mvn_mw_d10_B5e3_seed97\result.h5,55f591d8f56bb6e015dd2bb74822d1707d3880f8016c79fd980ce930e43cd97b,de9ef0b12be0a0f50211b67dbc699f2ff1f6f0196d56a735476e4a042b3ee6b4,202610351097,5744.0,0,5744.0,NaN,NaN,NaN,NaN,NaN,NaN,NaN,NaN,NaN,NaN,NaN,NaN,NaN,NaN,NaN,NaN,1.8245954,NaN,NaN,experiments\out\revision_2026-09-25\fresh_runs\mvn_mw_d10_B5e3_seed97.jld2
mvn,10,5000.0,113,fresh_v1_2026-09-25,unavailable,exceeds_strict_budget,experiments\out\runs\mvn_mw_d10_B5e3_seed113\result.h5,ed4d75f64193b91c5a9294cef21894bda7bcf6aa37c8d4314d4448ed3609bd9a,b973c40be8c4200d8da4b4b2913885bce2f7c31e6d1d15719de8b241600a3839,202610351113,5748.0,0,5748.0,NaN,NaN,NaN,NaN,NaN,NaN,NaN,NaN,NaN,NaN,NaN,NaN,NaN,NaN,NaN,NaN,0.1734374,NaN,NaN,experiments\out\revision_2026-09-25\fresh_runs\mvn_mw_d10_B5e3_seed113.jld2
mvn,10,5000.0,137,fresh_v1_2026-09-25,unavailable,exceeds_strict_budget,experiments\out\runs\mvn_mw_d10_B5e3_seed137\result.h5,574ceb69652afe705c6a03cf0c31458163b90d1ccc1b023c6db18c79a6c7622c,158f6fe320c3bacc24e34bd73cefeddc83ded0145c269bd54e8f46a0d514419e,202610351137,5745.0,0,5745.0,NaN,NaN,NaN,NaN,NaN,NaN,NaN,NaN,NaN,NaN,NaN,NaN,NaN,NaN,NaN,NaN,0.1749742,NaN,NaN,experiments\out\revision_2026-09-25\fresh_runs\mvn_mw_d10_B5e3_seed137.jld2
mvn,10,5000.0,173,fresh_v1_2026-09-25,unavailable,exceeds_strict_budget,experiments\out\runs\mvn_mw_d10_B5e3_seed173\result.h5,ad3dd9d2ac5f9a2e7bec6a046ec8234a79ad9d4303825ea45b20ecf3502a1bad,bae810f3fd50177016ccb2a473cfe0bf8e8845834f15afff8de8d2ecd2faed5f,202610351173,5747.0,0,5747.0,NaN,NaN,NaN,NaN,NaN,NaN,NaN,NaN,NaN,NaN,NaN,NaN,NaN,NaN,NaN,NaN,0.1502852,NaN,NaN,experiments\out\revision_2026-09-25\fresh_runs\mvn_mw_d10_B5e3_seed173.jld2
mvn,10,5000.0,211,fresh_v1_2026-09-25,unavailable,exceeds_strict_budget,experiments\out\runs\mvn_mw_d10_B5e3_seed211\result.h5,77fb83951c345b253be3be9bfa669e920156444b3e3673689e6bf4704675b7ad,ad9faf59675035de06fe3e42cae5447df8b90fe0db865f5a4aa522dd2db6c4bd,202610351211,5758.0,0,5758.0,NaN,NaN,NaN,NaN,NaN,NaN,NaN,NaN,NaN,NaN,NaN,NaN,NaN,NaN,NaN,NaN,0.3434495,NaN,NaN,experiments\out\revision_2026-09-25\fresh_runs\mvn_mw_d10_B5e3_seed211.jld2
mvn,10,5000.0,239,fresh_v1_2026-09-25,unavailable,exceeds_strict_budget,experiments\out\runs\mvn_mw_d10_B5e3_seed239\result.h5,9681dd0013faa37839b14e0147e05c3865a034c14196fe29c90e81dc71ec3c7d,2a1836dd3f59851493095312a1fc0ae9a2395792205691103af354b8d7cb1c0b,202610351239,5746.0,0,5746.0,NaN,NaN,NaN,NaN,NaN,NaN,NaN,NaN,NaN,NaN,NaN,NaN,NaN,NaN,NaN,NaN,0.4784022,NaN,NaN,experiments\out\revision_2026-09-25\fresh_runs\mvn_mw_d10_B5e3_seed239.jld2
mvn,10,5000.0,277,fresh_v1_2026-09-25,unavailable,exceeds_strict_budget,experiments\out\runs\mvn_mw_d10_B5e3_seed277\result.h5,a03407c137a1109038059f6243188441a253ee4b89315d44135a45ca203554d1,a8377c66366f3fa04003224f20a7af0735c5de3f8805ef93301cd087a59556d7,202610351277,5749.0,0,5749.0,NaN,NaN,NaN,NaN,NaN,NaN,NaN,NaN,NaN,NaN,NaN,NaN,NaN,NaN,NaN,NaN,0.0981496,NaN,NaN,experiments\out\revision_2026-09-25\fresh_runs\mvn_mw_d10_B5e3_seed277.jld2
mvn,10,5000.0,313,fresh_v1_2026-09-25,unavailable,exceeds_strict_budget,experiments\out\runs\mvn_mw_d10_B5e3_seed313\result.h5,51b7e065383e424d7cf4024411d144deba3967e3e88bd9d7b10787e46ae01ef3,58f8080cdb8208cb1268d12e8c43fc812a230eb2201cfbf31cd6f4d74f81255b,202610351313,5746.0,0,5746.0,NaN,NaN,NaN,NaN,NaN,NaN,NaN,NaN,NaN,NaN,NaN,NaN,NaN,NaN,NaN,NaN,0.2397939,NaN,NaN,experiments\out\revision_2026-09-25\fresh_runs\mvn_mw_d10_B5e3_seed313.jld2
mvn,10,5000.0,359,fresh_v1_2026-09-25,unavailable,exceeds_strict_budget,experiments\out\runs\mvn_mw_d10_B5e3_seed359\result.h5,53eb9fa142bf4622ca36c798c6e6a870c60431936ef3c6ceb8d1e3906c421a3f,accb8999176afa37747fb15aa62a78eabef5f58268a70169e61461c798636722,202610351359,5746.0,0,5746.0,NaN,NaN,NaN,NaN,NaN,NaN,NaN,NaN,NaN,NaN,NaN,NaN,NaN,NaN,NaN,NaN,0.3192289,NaN,NaN,experiments\out\revision_2026-09-25\fresh_runs\mvn_mw_d10_B5e3_seed359.jld2
mvn,10,5000.0,401,fresh_v1_2026-09-25,unavailable,exceeds_strict_budget,experiments\out\runs\mvn_mw_d10_B5e3_seed401\result.h5,6933e40dbeedf8fd9742b9f99f910e7eb0945ae63428d47fcdbe0db0dd275be5,951bdc2dd5e05b065e8739964610cd40038420f726290191f8a3e6d0120637dc,202610351401,5744.0,0,5744.0,NaN,NaN,NaN,NaN,NaN,NaN,NaN,NaN,NaN,NaN,NaN,NaN,NaN,NaN,NaN,NaN,0.2254815,NaN,NaN,experiments\out\revision_2026-09-25\fresh_runs\mvn_mw_d10_B5e3_seed401.jld2
mvn,10,5000.0,449,fresh_v1_2026-09-25,unavailable,exceeds_strict_budget,experiments\out\runs\mvn_mw_d10_B5e3_seed449\result.h5,3e28a20def804ebc356802c4228c3d328f6ddab612d973d3b92d6dc08270785b,35605858fd2778d8721b8581269290d9fc932dd0eb55592ae801fce3a3b50222,202610351449,5743.0,0,5743.0,NaN,NaN,NaN,NaN,NaN,NaN,NaN,NaN,NaN,NaN,NaN,NaN,NaN,NaN,NaN,NaN,0.1764266,NaN,NaN,experiments\out\revision_2026-09-25\fresh_runs\mvn_mw_d10_B5e3_seed449.jld2
mvn,10,5000.0,491,fresh_v1_2026-09-25,unavailable,exceeds_strict_budget,experiments\out\runs\mvn_mw_d10_B5e3_seed491\result.h5,fcb3a705d373f4be6763dc22a6a33ad6e7139758176c3f42e4d7485e0adbea60,3b7a8aead943d3a3632c790652b35bc16717c085e7b123f777209913171c0670,202610351491,5743.0,0,5743.0,NaN,NaN,NaN,NaN,NaN,NaN,NaN,NaN,NaN,NaN,NaN,NaN,NaN,NaN,NaN,NaN,0.3393218,NaN,NaN,experiments\out\revision_2026-09-25\fresh_runs\mvn_mw_d10_B5e3_seed491.jld2
mvn,10,5000.0,541,fresh_v1_2026-09-25,unavailable,exceeds_strict_budget,experiments\out\runs\mvn_mw_d10_B5e3_seed541\result.h5,93bb426f3f25ecc435bee7edb2c074804eb59e4c6c0e3c18460488fcbf851fb7,efe009fdf461b5e96ab3af4c584f02bd400e798c80a85250cdb50677568f8352,202610351541,5750.0,0,5750.0,NaN,NaN,NaN,NaN,NaN,NaN,NaN,NaN,NaN,NaN,NaN,NaN,NaN,NaN,NaN,NaN,0.1485825,NaN,NaN,experiments\out\revision_2026-09-25\fresh_runs\mvn_mw_d10_B5e3_seed541.jld2
mvn,10,5000.0,587,fresh_v1_2026-09-25,unavailable,exceeds_strict_budget,experiments\out\runs\mvn_mw_d10_B5e3_seed587\result.h5,2f84b83cc3016c3e046087396076f83112db616fa3a50564f03ac874f1e61075,2b76fc8c8c0d5254f06f0361f899e6f48b2f02d218da57a13a610c731abbe907,202610351587,5745.0,0,5745.0,NaN,NaN,NaN,NaN,NaN,NaN,NaN,NaN,NaN,NaN,NaN,NaN,NaN,NaN,NaN,NaN,0.1753245,NaN,NaN,experiments\out\revision_2026-09-25\fresh_runs\mvn_mw_d10_B5e3_seed587.jld2
mvn,10,5000.0,631,fresh_v1_2026-09-25,unavailable,exceeds_strict_budget,experiments\out\runs\mvn_mw_d10_B5e3_seed631\result.h5,577c03cba2e07bd5e0f830ae95d24e19678b2b976f54820dfb2ae164b682b846,94c6aeb7c602ee0afc0606bd1bbf5047478ddee3eadabaf239e2cc96f815ac34,202610351631,5743.0,0,5743.0,NaN,NaN,NaN,NaN,NaN,NaN,NaN,NaN,NaN,NaN,NaN,NaN,NaN,NaN,NaN,NaN,0.116467,NaN,NaN,experiments\out\revision_2026-09-25\fresh_runs\mvn_mw_d10_B5e3_seed631.jld2
mvn,10,5000.0,677,fresh_v1_2026-09-25,unavailable,exceeds_strict_budget,experiments\out\runs\mvn_mw_d10_B5e3_seed677\result.h5,a260e7c566dc0953a58ac10d03a3a45a56549f5521bad103c51a364607d0c78e,381f31c908c31397ced8e9e0be4136d15d2294bedcfa7aaff0048af957fec487,202610351677,5753.0,0,5753.0,NaN,NaN,NaN,NaN,NaN,NaN,NaN,NaN,NaN,NaN,NaN,NaN,NaN,NaN,NaN,NaN,0.1085183,NaN,NaN,experiments\out\revision_2026-09-25\fresh_runs\mvn_mw_d10_B5e3_seed677.jld2
mvn,10,50000.0,11,fresh_v1_2026-09-25,eligible,full_remaining_budget; weight_status=ok,experiments\out\runs\mvn_mw_d10_B5e4_seed11\result.h5,689caeb3fafc424ffb9c6f6c93565ce2c21b20678e1ccca8bfe31e575c2effe3,f6500649e05c66fa7ebab2632c30b5896029909a215dce1342c48e1c2aca8f48,202610352011,32946.0,17054,50000.0,12239.105924179516,0.2447821184835903,0.717667756783131,-28.239033035142587,0.004802920440183308,0.0021947990480271073,0.02371919519153757,0.013967070466690273,0.03758126629131999,0.024781556778864677,0.01151598386449102,0.01079585027021609,0.020313095417759185,NaN,-0.2114140403379926,0.00019203855220556782,6.2533461,0.1119999885559082,0.4249999523162842,experiments\out\revision_2026-09-25\fresh_runs\mvn_mw_d10_B5e4_seed11.jld2
mvn,10,50000.0,23,fresh_v1_2026-09-25,eligible,full_remaining_budget; weight_status=ok,experiments\out\runs\mvn_mw_d10_B5e4_seed23\result.h5,6a98ac67c2003b73a62ebc3b3fa2a13a22311991a7b0360d40f69d250614d6a5,fcbe401369d651e3e2182fe94a5d42bcc81b6cfb1ba019f29871705ed3bb5550,202610352023,32404.0,17596,50000.0,12607.33067456178,0.25214661349123557,0.7164884447920993,-28.24676615240339,0.004742133872854071,0.00553831821277484,0.02646112393500688,0.015685729864319056,0.021196509987690803,0.007855846407118594,0.011781254926357043,0.027793719825876872,0.0356641028505786,NaN,-0.31778644685422114,0.00018308818522907893,9.0139261,0.09099984169006348,0.1510000228881836,experiments\out\revision_2026-09-25\fresh_runs\mvn_mw_d10_B5e4_seed23.jld2
mvn,10,50000.0,41,fresh_v1_2026-09-25,eligible,full_remaining_budget; weight_status=ok,experiments\out\runs\mvn_mw_d10_B5e4_seed41\result.h5,69f137955acbc79b1dbbd94230f3842bc4d0ce5d4875bf5b55cb77e84b80eae1,021ba050b336851e1a5f5308c5c100fd5688a600e7fc53e0fab5669f9f53af4e,202610352041,33560.0,16440,50000.0,11864.865412763924,0.23729730825527848,0.7217071418956158,-28.245141374020697,0.004843057467796882,0.003913539830083579,0.02037500259049379,0.017682750864115512,0.02336094913576303,0.011789982739530169,0.015768310800751095,0.009604522054062226,0.014448728285159973,NaN,-0.18661243322765128,0.0002083601591977944,9.1951817,0.09799981117248535,0.15599989891052246,experiments\out\revision_2026-09-25\fresh_runs\mvn_mw_d10_B5e4_seed41.jld2
mvn,10,50000.0,67,fresh_v1_2026-09-25,eligible,full_remaining_budget; weight_status=ok,experiments\out\runs\mvn_mw_d10_B5e4_seed67\result.h5,665dc46b3a866d8a38a4872df9a7d17d37641d5f8bc694175199be31ddaff056,8301268c462598a06be23d63bc511fc7a129588275c37034aa8e10cc871d1625,202610352067,32576.0,17424,50000.0,12634.536311487334,0.2526907262297467,0.7251226074085936,-28.237571472382072,0.0046643363182345635,0.003656361808541675,0.020769001446780483,0.022658627308708844,0.011353242465227509,0.009153798007097601,0.010086324335827967,0.014377105832012137,0.026648052680790003,NaN,-0.2674174087384648,0.00018202863101065734,9.6321523,0.0969998836517334,0.18799996376037598,experiments\out\revision_2026-09-25\fresh_runs\mvn_mw_d10_B5e4_seed67.jld2
mvn,10,50000.0,97,fresh_v1_2026-09-25,eligible,full_remaining_budget; weight_status=ok,experiments\out\runs\mvn_mw_d10_B5e4_seed97\result.h5,d8bd542bc815761690bc6be7a7e775ccb1b30affa254ae7ebcc7dd3e54d38b12,284a876ae02619f1c2708ba6fbf6fbc4cd11e8880ca90c42b547c9a98d8e5991,202610352097,36544.0,13456,50000.0,10498.129361545552,0.20996258723091105,0.7801820274632545,-28.236733588834404,0.004575890664435812,0.004494245356209348,0.021309994536062502,0.014227503696790498,0.02325063153879261,0.013397617219688495,0.0074446730953193095,0.013372809381820849,0.03152819286802373,NaN,-0.28796909070787097,0.00019545119238151417,13.3420321,0.13000011444091797,0.20099997520446777,experiments\out\revision_2026-09-25\fresh_runs\mvn_mw_d10_B5e4_seed97.jld2
mvn,10,50000.0,113,fresh_v1_2026-09-25,eligible,full_remaining_budget; weight_status=ok,experiments\out\runs\mvn_mw_d10_B5e4_seed113\result.h5,06bafbc9c4a4f34c70e4c1f7bf5d927b179ac9264f586bdd8ff1930b0a2a4889,ab3a07d24c90c33d24ec948a874e84cf4a8216c76c6a8b36113ecaee564f6853,202610352113,35098.0,14902,50000.0,11036.917750766259,0.22073835501532518,0.740633321082154,-28.242892252697224,0.004847671556773804,0.0016644185066105877,0.023902654919111085,0.01602352692228852,0.025679249510134183,0.012658313070122629,0.005175273921687662,0.017712082258457162,0.03365177940170785,NaN,-0.18579242962292317,0.00021884075727679047,13.6886884,0.10799980163574219,0.2049999237060547,experiments\out\revision_2026-09-25\fresh_runs\mvn_mw_d10_B5e4_seed113.jld2
mvn,10,50000.0,137,fresh_v1_2026-09-25,eligible,full_remaining_budget; weight_status=ok,experiments\out\runs\mvn_mw_d10_B5e4_seed137\result.h5,bdd92f39a588c583dce88134f469e85849c09b03b09e256c01d884e33041d9d1,4cda2cdc473413a31340c3cee8ac53c2db37d69442aec5f74593f207f48ad72f,202610352137,36119.0,13881,50000.0,10650.831017156395,0.2130166203431279,0.7672956571685322,-28.245626693811097,0.004674234504670603,0.004398859620483364,0.05163555597650321,0.03506278811938597,0.015548161161020358,0.027271789598000196,0.045994292741598566,0.030953580340015708,0.032918592153105664,NaN,-0.13490926631650885,0.00021111308557973568,9.943572,0.37800002098083496,0.2519998550415039,experiments\out\revision_2026-09-25\fresh_runs\mvn_mw_d10_B5e4_seed137.jld2
mvn,10,50000.0,173,fresh_v1_2026-09-25,eligible,full_remaining_budget; weight_status=ok,experiments\out\runs\mvn_mw_d10_B5e4_seed173\result.h5,776b224bc58b949c670338c1c41045d2d5f8161e4f41eb0dc10ae871df4b37dc,4bf6e998c937813e8e6744b33dc5420025075b6e924a6e58f51268552dcda423,202610352173,33667.0,16333,50000.0,12082.193736655465,0.2416438747331093,0.7397412439022509,-28.241204507311515,0.004641194588732771,2.3326879098561903e-5,0.015114262693697469,0.027359710092553623,0.032094007406679004,0.024364427560774914,0.013953991018249212,0.036105507745982965,0.04207869220203353,NaN,-0.1432457097720584,0.00018965074064005162,8.4610008,0.12599992752075195,0.182999849319458,experiments\out\revision_2026-09-25\fresh_runs\mvn_mw_d10_B5e4_seed173.jld2
mvn,10,50000.0,211,fresh_v1_2026-09-25,eligible,full_remaining_budget; weight_status=ok,experiments\out\runs\mvn_mw_d10_B5e4_seed211\result.h5,ae0983fbd252fc649895899250d288328af21d7c04bc2793d4834adcf383766f,d5b05352e2015a2312cc8142ce0627688e05cdcfd6f9f95579818f1a3eea9026,202610352211,33655.0,16345,50000.0,12008.227100164757,0.24016454200329515,0.7346728112673452,-28.245156505820677,0.00470057981571916,0.003928671630063718,0.027144588961043437,0.019118456466542755,0.030103884393288306,0.01341310835654742,0.019221005150500937,0.011275900879334222,0.024601682467474007,NaN,-0.25854622126587673,0.0001901709294313908,9.25026,0.11899995803833008,0.307999849319458,experiments\out\revision_2026-09-25\fresh_runs\mvn_mw_d10_B5e4_seed211.jld2
mvn,10,50000.0,239,fresh_v1_2026-09-25,eligible,full_remaining_budget; weight_status=ok,experiments\out\runs\mvn_mw_d10_B5e4_seed239\result.h5,92d8b0d477576f3daeebd60111ad2cc74034f66a4c612f26d2736b30e61ba2c4,af400ffaa80b1e865f73c6fa0d9d540f93c23d010aaccb660e4b2b4234a82d25,202610352239,33471.0,16529,50000.0,12125.368619460569,0.24250737238921138,0.7335815003606128,-28.247052503137425,0.004687429122691702,0.005824668946811329,0.019919549428224582,0.013415020927742388,0.02801761191371941,0.02003521005814176,0.009683546132146326,0.008921542682170481,0.01608967966985908,NaN,-0.2340879182059715,0.00018751876052071893,8.2587091,0.18000006675720215,0.21899986267089844,experiments\out\revision_2026-09-25\fresh_runs\mvn_mw_d10_B5e4_seed239.jld2
mvn,10,50000.0,277,fresh_v1_2026-09-25,eligible,full_remaining_budget; weight_status=ok,experiments\out\runs\mvn_mw_d10_B5e4_seed277\result.h5,b8a8fb4a667d0fdc6ceef69d61d91c2f32b4cfda5dc6f4932409db2f65e19e06,50a5f16a1d28617fd7086bffb99626eb4d78ca46e3706e5319591f4457617feb,202610352277,34747.0,15253,50000.0,11240.301545113709,0.2248060309022742,0.7369239851251366,-28.241969464008438,0.004837841616198587,0.0007416298178242187,0.0233989909183217,0.021369268400344227,0.019774171729589507,0.011793581932769304,0.013670531046516032,0.010758331867389248,0.035198480776677955,NaN,-0.24195770425276972,0.00021032286514608507,9.5519598,0.10900020599365234,0.3969998359680176,experiments\out\revision_2026-09-25\fresh_runs\mvn_mw_d10_B5e4_seed277.jld2
mvn,10,50000.0,313,fresh_v1_2026-09-25,eligible,full_remaining_budget; weight_status=ok,experiments\out\runs\mvn_mw_d10_B5e4_seed313\result.h5,ac9e796c88f376dc409d79ceb8cc7bb2c662742cecc9e2c7ba50db4e203238bc,55062632f7b63a79efc52de131c5bd762ad934c225524173710b19bab840597f,202610352313,35461.0,14539,50000.0,10740.579614423252,0.21481159228846503,0.7387426655494361,-28.237103098929325,0.004931969548162197,0.004124735261289203,0.016388252004146137,0.01703203092772491,0.02000227137608517,0.02381011869976829,0.022046562551435757,0.014705024699949488,0.03481707468755548,NaN,-0.24866671299407103,0.00021860083482813273,6.5039574,0.12800002098083496,0.3840000629425049,experiments\out\revision_2026-09-25\fresh_runs\mvn_mw_d10_B5e4_seed313.jld2
mvn,10,50000.0,359,fresh_v1_2026-09-25,eligible,full_remaining_budget; weight_status=ok,experiments\out\runs\mvn_mw_d10_B5e4_seed359\result.h5,40f35fe137042c2d3b3bd9bc2c9d8996292aaf6c4f7f3c802a753d5585be35c7,4495245d2ca083d69f69416ffa13ee34a4b742028dee0f3c22e2050515e2013a,202610352359,35392.0,14608,50000.0,10790.006353033585,0.2158001270606717,0.7386367985373483,-28.235571224247238,0.004921657304061751,0.005656609943375912,0.016292433852203338,0.014413870055376123,0.03470629456377938,0.010588023797823387,0.011452212385840354,0.01265932626238836,0.025165225564644976,NaN,-0.2706309019007145,0.00021229572355563293,9.7656901,0.2839999198913574,0.8000001907348633,experiments\out\revision_2026-09-25\fresh_runs\mvn_mw_d10_B5e4_seed359.jld2
mvn,10,50000.0,401,fresh_v1_2026-09-25,eligible,full_remaining_budget; weight_status=ok,experiments\out\runs\mvn_mw_d10_B5e4_seed401\result.h5,0fcdc5542e3ed32a4ae4616d99f7dd205e58e43096f2df4f45396c3367513427,4faa197b0ed208c90bd96423a91cfb590208972506b73dfae8c75261b45d49d3,202610352401,31202.0,18798,50000.0,12946.253519138174,0.25892507038276347,0.6887037726959343,-28.24932638930359,0.004903598178274694,0.008098555112976413,0.04230888192772112,0.020858195542664756,0.03787256208745397,0.012697018143339445,0.01871868930236271,0.019788839665882796,0.017357598024429953,NaN,-0.26236587396379796,0.00018655344821600037,6.7131672,0.24000000953674316,0.3399999141693115,experiments\out\revision_2026-09-25\fresh_runs\mvn_mw_d10_B5e4_seed401.jld2
mvn,10,50000.0,449,fresh_v1_2026-09-25,eligible,full_remaining_budget; weight_status=ok,experiments\out\runs\mvn_mw_d10_B5e4_seed449\result.h5,55cd95d7d54d55f88beba188e6ca34f5284d03d50c18fc73fd84bdc49fd5c397,e7b68ea6c48afd0497a2e4dbb5838887275471b01960ea600878a504f89040af,202610352449,33621.0,16379,50000.0,11991.554856796583,0.23983109713593168,0.7321298526647892,-28.233081247527977,0.004726333999627777,0.008146586662636679,0.025964206963602653,0.01951860862620963,0.01582021021095279,0.021216943335977,0.012324566590707775,0.029126151290296377,0.06520992122675562,NaN,-0.2747541375792333,0.00019247485640317975,31.121952,0.19999980926513672,0.33099985122680664,experiments\out\revision_2026-09-25\fresh_runs\mvn_mw_d10_B5e4_seed449.jld2
mvn,10,50000.0,491,fresh_v1_2026-09-25,eligible,full_remaining_budget; weight_status=ok,experiments\out\runs\mvn_mw_d10_B5e4_seed491\result.h5,7ecce3231e563d4f49fa3f79b98c5f73a74bd4480c6284a0db0f38bc6bb6f5f7,f053f29ffcfd43e2bfcc9062f602c5eddc2c37df56d26e3db0a6e9347415989b,202610352491,34016.0,15984,50000.0,11852.079138385716,0.2370415827677143,0.7414964425916989,-28.24506839628289,0.004670205496942347,0.003840562092275235,0.02091396448469624,0.016741426810736756,0.026639968408104474,0.016887782685745943,0.018752476665034656,0.015945488302307832,0.026571153024225504,NaN,-0.2427429544414586,0.0002042837356191912,11.6090787,0.20099997520446777,0.3259999752044678,experiments\out\revision_2026-09-25\fresh_runs\mvn_mw_d10_B5e4_seed491.jld2
mvn,10,50000.0,541,fresh_v1_2026-09-25,eligible,full_remaining_budget; weight_status=ok,experiments\out\runs\mvn_mw_d10_B5e4_seed541\result.h5,e3b5275fc37cb0b34d28f44fa95b1c624ad4f9057713b2b0bc2c2c04bd466a23,bffb13aa65036a304e244be29d6e89e12e911056357317edc8f4d0aadb01da2a,202610352541,34566.0,15434,50000.0,11589.92739239217,0.2317985478478434,0.7509347798621336,-28.237564404303072,0.004635709208653824,0.00366342988754198,0.01879213264836861,0.01523720340898166,0.017990456053600546,0.022300591660936266,0.01602281789059674,0.017625690414832317,0.025629876070853895,NaN,-0.1839242175238845,0.0001895904988628162,9.8076341,0.14499998092651367,0.3229999542236328,experiments\out\revision_2026-09-25\fresh_runs\mvn_mw_d10_B5e4_seed541.jld2
mvn,10,50000.0,587,fresh_v1_2026-09-25,eligible,full_remaining_budget; weight_status=ok,experiments\out\runs\mvn_mw_d10_B5e4_seed587\result.h5,bc27c7d569fe3431c2403b66c55488c75d10452544ed629e098120352e827ca1,23c150ac3f5e8292cab482ca4831dbb68b12cbf2142c81492ac1cc0605c9c0e3,202610352587,33743.0,16257,50000.0,11748.743107375483,0.23497486214750968,0.7226882639709346,-28.242006884046184,0.004858345775067627,0.0007790498555699799,0.018757811936211705,0.015305894707658632,0.019604758006387547,0.01176747220463702,0.02412347415682259,0.021276920039741166,0.026021868696881435,NaN,-0.20832761287188176,0.0002080771742149559,9.5671403,0.1700000762939453,0.3210000991821289,experiments\out\revision_2026-09-25\fresh_runs\mvn_mw_d10_B5e4_seed587.jld2
mvn,10,50000.0,631,fresh_v1_2026-09-25,eligible,full_remaining_budget; weight_status=ok,experiments\out\runs\mvn_mw_d10_B5e4_seed631\result.h5,dcbca20a44ed626c96ba8cc139519d48918b7808761778d7a84f078a6c5fd737,36922c75c7fe551a005619ce2f9142e1fd4a1ab356d8b553e78407f441885978,202610352631,37243.0,12757,50000.0,9880.95041837588,0.1976190083675176,0.7745512595732444,-28.244049614857264,0.004776662387379477,0.0028217806666503975,0.03140726636799347,0.015463114243300295,0.030209759520266898,0.012955758281726803,0.02579278224996919,0.008369068813045633,0.025520441100092484,NaN,-0.22265498596251865,0.00022831797094025256,10.8151291,0.2589998245239258,0.41700005531311035,experiments\out\revision_2026-09-25\fresh_runs\mvn_mw_d10_B5e4_seed631.jld2
mvn,10,50000.0,677,fresh_v1_2026-09-25,eligible,full_remaining_budget; weight_status=ok,experiments\out\runs\mvn_mw_d10_B5e4_seed677\result.h5,7beef19fb276bc50367f229c17da5949a715b2134e4a3316adf4f30c04d5543f,6b3ea811f65e31ffd8fcaa7fbaeefca0ee45fcb47dd53c0c494a8ef72f54624a,202610352677,33526.0,16474,50000.0,12410.703815480429,0.24821407630960857,0.753350966096906,-28.23297152330221,0.004458014777595543,0.008256310888402396,0.016450864467659292,0.024004037198708802,0.026413671762813375,0.011245629592569816,0.015389056687788383,0.03168293708322828,0.035791745471268045,NaN,-0.1928777255938589,0.00017554082914955686,6.7262968,0.31799983978271484,0.35700011253356934,experiments\out\revision_2026-09-25\fresh_runs\mvn_mw_d10_B5e4_seed677.jld2
mvn,10,500000.0,11,fresh_v1_2026-09-25,eligible,full_remaining_budget; weight_status=ok,experiments\out\runs\mvn_mw_d10_B5e5_seed11\result.h5,ebbde15d5b026fb48dac35c6927f64cd3cf7fa99fbd07ecdfd2f8efa60b106b7,42e486239cb47bc9ed3ee07e2b14fdaf5cef1c98b99ab383d8626da3524c0024,202610353011,81517.0,418483,500000.0,303093.1261767941,0.6061862523535883,0.7242662812510762,-28.240581194216038,0.0009537990718094417,0.0006466399745761464,0.01662620453303046,0.012381163505936267,0.016823229757135284,0.009507380963279199,0.007024741790473854,0.008188612731873912,0.022395723897969157,NaN,-0.23275102878573084,7.906393849426768e-6,10.822856,4.341000080108643,0.5940001010894775,experiments\out\revision_2026-09-25\fresh_runs\mvn_mw_d10_B5e5_seed11.jld2
mvn,10,500000.0,23,fresh_v1_2026-09-25,eligible,full_remaining_budget; weight_status=ok,experiments\out\runs\mvn_mw_d10_B5e5_seed23\result.h5,59a0e25c40065e051770b3b2a04d2522f4e8c3b97e52ae3d5bdb52bd82e2679f,f9f8d8189a2593a207b874fd96dc22c2fff19eea404e1b6b6db8de2fc26dac46,202610353023,81699.0,418301,500000.0,304032.8202233694,0.6080656404467388,0.7268278589421718,-28.243139260591512,0.000947890060373428,0.001911426400898364,0.01814563016200888,0.015030230883799973,0.0196294777882551,0.011857935330637137,0.010930149311657367,0.020268739136887638,0.014071696015986212,NaN,-0.19888721004953475,8.089841858591214e-6,9.0189656,3.5309998989105225,0.6190001964569092,experiments\out\revision_2026-09-25\fresh_runs\mvn_mw_d10_B5e5_seed23.jld2
mvn,10,500000.0,41,fresh_v1_2026-09-25,eligible,full_remaining_budget; weight_status=ok,experiments\out\runs\mvn_mw_d10_B5e5_seed41\result.h5,667d63d26a026814479bf77d5ef1679afc307c1905196b2d43a8ff5571267f8a,db069221ca0dcf7c71a6f21a3ae9573c582e5c05e3839257214cc8379997868b,202610353041,81601.0,418399,500000.0,292710.0374249377,0.5854200748498755,0.6995954517695733,-28.242455787092812,0.0010130583120745564,0.0012279529021981261,0.017831705323752202,0.015193438268294238,0.038378808667305433,0.015140338558013389,0.007921619130104673,0.011597836514491765,0.03425384823186519,NaN,-0.21905452862837183,8.79038377067325e-6,5.4506117,5.788000106811523,0.5199999809265137,experiments\out\revision_2026-09-25\fresh_runs\mvn_mw_d10_B5e5_seed41.jld2
mvn,10,500000.0,67,fresh_v1_2026-09-25,eligible,full_remaining_budget; weight_status=ok,experiments\out\runs\mvn_mw_d10_B5e5_seed67\result.h5,ea61a8fb18b5128262159509dc303679908166d6cdcac3417871ab126c0dc294,7bfe75b270146a169e151830f1816e3217e4b92997af58037af3f800b29660db,202610353067,82988.0,417012,500000.0,311958.40621496545,0.6239168124299309,0.7480801660742747,-28.24221296978741,0.0008986339752442991,0.0009851355967960274,0.01693431774737421,0.02158049009073577,0.008688641393233287,0.013885474108914598,0.00792188173480426,0.008578114254976999,0.03297498053118151,NaN,-0.2211878702952977,7.233629643550704e-6,18.9208208,2.9860000610351562,0.6820001602172852,experiments\out\revision_2026-09-25\fresh_runs\mvn_mw_d10_B5e5_seed67.jld2
mvn,10,500000.0,97,fresh_v1_2026-09-25,eligible,full_remaining_budget; weight_status=ok,experiments\out\runs\mvn_mw_d10_B5e5_seed97\result.h5,fb110ff36598121e58a60cd4d386b7a2f1ec327ea36761128d603eca19dc1061,7a347d37359609aceaea9dddef990ca1f750557e8092e8b523acffea31f393ad,202610353097,78609.0,421391,500000.0,291245.5808655819,0.5824911617311639,0.6911528268652675,-28.240684660520913,0.0010297745231633987,0.0005431736697012468,0.020907276006300414,0.01412520157131022,0.02538691914273128,0.018734392837506008,0.0058026655482445125,0.008285822091822792,0.03503651285664091,NaN,-0.19157209317754978,8.503015114861363e-6,8.6141777,6.277000188827515,0.7239999771118164,experiments\out\revision_2026-09-25\fresh_runs\mvn_mw_d10_B5e5_seed97.jld2
mvn,10,500000.0,113,fresh_v1_2026-09-25,eligible,full_remaining_budget; weight_status=ok,experiments\out\runs\mvn_mw_d10_B5e5_seed113\result.h5,6b8f22ce8b186b7e910a32c86ca8faf27c3bc176c57a807d9d14806212a8ac49,1ffd80b49d84c8e3e2d510a58b8dd1193469a9bee67626c6b957d6e8d1ba6a97,202610353113,82439.0,417561,500000.0,316382.6375926082,0.6327652751852164,0.7576920200703807,-28.241653905830546,0.0008751400055538158,0.00042607163993224617,0.01652477752523225,0.014020593577955303,0.02023618597079635,0.011185240170512289,0.007747823821734556,0.008492271816245822,0.025930168107422345,NaN,-0.22495248675247712,7.059553343681632e-6,9.3866551,6.416000127792358,0.6470000743865967,experiments\out\revision_2026-09-25\fresh_runs\mvn_mw_d10_B5e5_seed113.jld2
mvn,10,500000.0,137,fresh_v1_2026-09-25,eligible,full_remaining_budget; weight_status=ok,experiments\out\runs\mvn_mw_d10_B5e5_seed137\result.h5,093617ca9a81f2195396aade02999a78844161e7e1b8e5163959694d5031b0d2,f35a09baa544d4484b459b8ef6d5d1a2df9fd1f53c243b5c5035a492b37fbfd6,202610353137,84463.0,415537,500000.0,319985.15235811466,0.6399703047162293,0.7700521309970344,-28.242678199530896,0.0008477148304814539,0.0014503653402826444,0.013018460804849299,0.014863285157287225,0.015783780851183572,0.0116245479075212,0.005963505061924046,0.013189627205595722,0.028358686916371313,NaN,-0.22501517180937392,6.711317976304965e-6,11.8134946,4.661999940872192,0.6970000267028809,experiments\out\revision_2026-09-25\fresh_runs\mvn_mw_d10_B5e5_seed137.jld2
mvn,10,500000.0,173,fresh_v1_2026-09-25,eligible,full_remaining_budget; weight_status=ok,experiments\out\runs\mvn_mw_d10_B5e5_seed173\result.h5,6fea29ff4094e69564d60341649a21c7346b40144d1736ad50327aa6746b55d3,32c70d52033c91abf771a2632610702b29f0e993ca3cd7b4a193032c14e3c112,202610353173,79569.0,420431,500000.0,291144.32389709883,0.5822886477941976,0.6924901443925373,-28.241319441046286,0.0010277212959924533,9.160685567266569e-5,0.01684138963845947,0.013236197776658005,0.028901921748162286,0.019576014362418393,0.009937876715975768,0.009413572289794591,0.03237116861730573,NaN,-0.22061806556914923,8.880285865172377e-6,6.1198832,5.01200008392334,0.5399999618530273,experiments\out\revision_2026-09-25\fresh_runs\mvn_mw_d10_B5e5_seed173.jld2
mvn,10,500000.0,211,fresh_v1_2026-09-25,eligible,full_remaining_budget; weight_status=ok,experiments\out\runs\mvn_mw_d10_B5e5_seed211\result.h5,44b6f0e550a27dad4ba4e737b1f6a0d817db0fd197f83e8ba080caf7024401cc,7b5ae583df8a6542ac8e3e2e2514cd62f194f0225a53704566ce8a2ae2625d44,202610353211,80919.0,419081,500000.0,310429.83699890086,0.6208596739978017,0.7407394680238447,-28.241598487693352,0.0009138743236266193,0.0003706535027383495,0.028211019801031884,0.01418526907957312,0.035769647593573616,0.03460111655714927,0.025661626511844025,0.024188225443422195,0.026560907682698875,NaN,-0.24217803711121694,7.361839825377032e-6,7.8083351,5.9659998416900635,0.7290000915527344,experiments\out\revision_2026-09-25\fresh_runs\mvn_mw_d10_B5e5_seed211.jld2
mvn,10,500000.0,239,fresh_v1_2026-09-25,eligible,full_remaining_budget; weight_status=ok,experiments\out\runs\mvn_mw_d10_B5e5_seed239\result.h5,797a7b1bb1a154ef7879e54ef4dae5290e8b9026b0c6732c9d0538aa5b31f844,7f80aa36490c21da103462efe42b2fbc17774379ce0b3e48a76b56aaf9ed026e,202610353239,78495.0,421505,500000.0,293774.82726450905,0.5875496545290181,0.6969664114648914,-28.241626712936217,0.0010156360192410047,0.0003988787456030707,0.01718027621368852,0.01497356894471128,0.013280935668938443,0.0073795028916677444,0.006228711392299679,0.011435110089479051,0.02224306925805113,NaN,-0.22273963676661712,8.085495268868919e-6,5.0154397,5.1570000648498535,0.6909999847412109,experiments\out\revision_2026-09-25\fresh_runs\mvn_mw_d10_B5e5_seed239.jld2
mvn,10,500000.0,277,fresh_v1_2026-09-25,eligible,full_remaining_budget; weight_status=ok,experiments\out\runs\mvn_mw_d10_B5e5_seed277\result.h5,ef6853ca404bf00d7b6b9bf15ce2f56766fbc3efc8fbb09609e106802d89f56b,3fca12e538f5987140e6c28a3ee91da7ce7808556d142968d399c434977c903d,202610353277,79893.0,420107,500000.0,296967.2792662923,0.5939345585325846,0.7068848632998076,-28.242758055064886,0.0009934930266072676,0.0015302208742724588,0.02419110405707781,0.02060360314605874,0.013648415511060085,0.007966851604249914,0.0034125423090834773,0.009085646980669193,0.01860262033603153,NaN,-0.23771799396831755,8.306495822026634e-6,7.5434093,6.550000190734863,1.1050000190734863,experiments\out\revision_2026-09-25\fresh_runs\mvn_mw_d10_B5e5_seed277.jld2
mvn,10,500000.0,313,fresh_v1_2026-09-25,eligible,full_remaining_budget; weight_status=ok,experiments\out\runs\mvn_mw_d10_B5e5_seed313\result.h5,d59c77601d5073a8a44078386f020e0abf440d13c2ee5360f0d4638f8e6b10c4,60a2b04a1425ee844fb241f7296146e453960b0097b2b4e3c63f19b65f2101ea,202610353313,83060.0,416940,500000.0,315070.62165905157,0.6301412433181032,0.7556737699886112,-28.240426452581314,0.0008806048884079357,0.0008013816092997672,0.01789756581616781,0.013827738770530817,0.03221374495804408,0.01009003994922376,0.005631492809373207,0.011912998673696851,0.02271494109928298,NaN,-0.2579632473499863,7.572099765034577e-6,15.9086668,6.944999933242798,0.8989999294281006,experiments\out\revision_2026-09-25\fresh_runs\mvn_mw_d10_B5e5_seed313.jld2
mvn,10,500000.0,359,fresh_v1_2026-09-25,eligible,full_remaining_budget; weight_status=ok,experiments\out\runs\mvn_mw_d10_B5e5_seed359\result.h5,93da19778f2d4d659271af41effc03b0fb702e080f91e474e00c669c0121e70a,1e57951b4787a3ea8baa48fcfd6e1387fd1612d1c862d690ab538deabe6db55b,202610353359,80243.0,419757,500000.0,299216.94997239433,0.5984338999447887,0.7128337346902954,-28.240745131938652,0.0009796560259005345,0.0004827022519613422,0.014656313658906605,0.01578461488859328,0.026921941538199535,0.010737715725991836,0.004229415794020319,0.024408202719465012,0.02692753972379087,NaN,-0.2536425782182593,8.348730858002502e-6,7.9361439,5.559000015258789,0.7079999446868896,experiments\out\revision_2026-09-25\fresh_runs\mvn_mw_d10_B5e5_seed359.jld2
mvn,10,500000.0,401,fresh_v1_2026-09-25,eligible,full_remaining_budget; weight_status=ok,experiments\out\runs\mvn_mw_d10_B5e5_seed401\result.h5,6956678e1a6ddc16ede636773b54087d34d2451c584c307e6999fc1230522222,3d973e1853f5536dcec4bf10cfe9fb4fb04e5c851936e940bb249bb6ed1a68c4,202610353401,82512.0,417488,500000.0,310265.5121734809,0.6205310243469617,0.7431722880022441,-28.24067990588383,0.000909817297585726,0.0005479283067835183,0.02147835575648398,0.018969111311026663,0.016831920856012084,0.011770266406792318,0.00868996037337908,0.010370470931092213,0.02999219055582909,NaN,-0.22069799332843748,7.580885640799645e-6,10.5639379,5.28600001335144,1.190000057220459,experiments\out\revision_2026-09-25\fresh_runs\mvn_mw_d10_B5e5_seed401.jld2
mvn,10,500000.0,449,fresh_v1_2026-09-25,eligible,full_remaining_budget; weight_status=ok,experiments\out\runs\mvn_mw_d10_B5e5_seed449\result.h5,6f356085576a2b7f72f01c76d0e7c07c1b26c44d5116618f6c2712fd545820e6,68af54f36a9ceb0db225ee7228272f9ce61aae8b5108e32c6a0602a56596e27b,202610353449,81517.0,418483,500000.0,304531.6401136472,0.6090632802272944,0.7277037301721867,-28.240159309480966,0.0009455938419494808,0.0010685247096482442,0.015244046620403592,0.013793991423803284,0.030959276741308515,0.008586141840612493,0.011718281449914514,0.01111534349624218,0.018009969838407434,NaN,-0.22440469470212335,8.395356841158962e-6,5.1700682,8.538000106811523,1.0299999713897705,experiments\out\revision_2026-09-25\fresh_runs\mvn_mw_d10_B5e5_seed449.jld2
mvn,10,500000.0,491,fresh_v1_2026-09-25,eligible,full_remaining_budget; weight_status=ok,experiments\out\runs\mvn_mw_d10_B5e5_seed491\result.h5,7a590975fc12c6586b1ddf717ab273d25b493e97cd0a4da8c369c95158085ff6,91d88cd06685dec62374d2d4c96180b1e2a4884db646a1937fa3ed2a4505f2aa,202610353491,81583.0,418417,500000.0,303019.02743922337,0.6060380548784468,0.7242034320766684,-28.240294701358906,0.0009540243921384196,0.00093313283170815,0.020682428941934276,0.012365100330474612,0.01441253079806295,0.004515477095258869,0.006615673607843852,0.008411804322972805,0.016595208786023895,NaN,-0.1976651434714707,8.4438579920238e-6,10.1221543,5.296000003814697,1.3619999885559082,experiments\out\revision_2026-09-25\fresh_runs\mvn_mw_d10_B5e5_seed491.jld2
mvn,10,500000.0,541,fresh_v1_2026-09-25,eligible,full_remaining_budget; weight_status=ok,experiments\out\runs\mvn_mw_d10_B5e5_seed541\result.h5,bf832f39f50bc2d9f94f5cda07c49dd5740ba89a19c3e419fe835b654ce3467f,48a21c02a42e0fb6913f508e0df26190db00783c2524a78a79199d08d7037444,202610353541,83174.0,416826,500000.0,315534.7485110889,0.6310694970221777,0.7569939219508593,-28.243275322774203,0.0008775764726447412,0.00204748858358883,0.017520875210153185,0.015166727862965442,0.021443268685260076,0.010010056576497062,0.008268041948666927,0.010507432088105461,0.015583929458136048,NaN,-0.23136240986803447,7.463776397661615e-6,14.3718787,5.348999977111816,0.7219998836517334,experiments\out\revision_2026-09-25\fresh_runs\mvn_mw_d10_B5e5_seed541.jld2
mvn,10,500000.0,587,fresh_v1_2026-09-25,eligible,full_remaining_budget; weight_status=ok,experiments\out\runs\mvn_mw_d10_B5e5_seed587\result.h5,b945bee23583fa50c755dd96231b8905e6f726ce3ba0c90556a7251df55d529a,bc82da9314aaa6677e2a1b1b6bd35454dc8e0100b4f1d70a341dde4a36e12da1,202610353587,78331.0,421669,500000.0,285533.5160354661,0.5710670320709322,0.6771508364035916,-28.241379624441993,0.0010633378821492177,0.00015179025137967983,0.01766825409976268,0.012531368491846256,0.036130887898119135,0.024170850325243676,0.008789120026523812,0.0077378707780345725,0.01944788340247765,NaN,-0.21691210106340358,8.937692662901497e-6,8.1711069,4.409999847412109,0.6710000038146973,experiments\out\revision_2026-09-25\fresh_runs\mvn_mw_d10_B5e5_seed587.jld2
mvn,10,500000.0,631,fresh_v1_2026-09-25,eligible,full_remaining_budget; weight_status=ok,experiments\out\runs\mvn_mw_d10_B5e5_seed631\result.h5,4fd2d5d32be6b53406e134768dcbdba0f41083d996a07fba1cadd8e3e121ae5a,108a313aaf488812a676406536972b44b444bf4ba1e9bb2dba7ae20debba5a3d,202610353631,82831.0,417169,500000.0,318582.25361955015,0.6371645072391003,0.7636767200332483,-28.24108196024096,0.0008612762325874722,0.00014587394965204226,0.01414328650609919,0.013054918912141394,0.018464395769395493,0.0192197099441176,0.01576957711839011,0.012602750166046627,0.026843854451392167,NaN,-0.2528616847414029,6.7249496514696954e-6,9.3528949,5.177000045776367,0.75,experiments\out\revision_2026-09-25\fresh_runs\mvn_mw_d10_B5e5_seed631.jld2
mvn,10,500000.0,677,fresh_v1_2026-09-25,eligible,full_remaining_budget; weight_status=ok,experiments\out\runs\mvn_mw_d10_B5e5_seed677\result.h5,9a1bc35ca022b0021a22afa6bf2e5db5b1ac684dcfa52c7f8b5c18fd12ad4927,2ed6dd11c23b5ca3f70abb62c40add585fa389d27c8f4d9c65681b907e99911f,202610353677,82129.0,417871,500000.0,316020.9436252568,0.6320418872505137,0.7562643581996761,-28.240200186924618,0.0008782164908765857,0.0010276472659960234,0.025994467317714202,0.017041131011855434,0.015870361473376192,0.01136390049469741,0.009901752482393888,0.007632984552094657,0.011471138818916416,NaN,-0.24154727482856223,7.218038888423181e-6,10.3764341,4.960999965667725,0.6089999675750732,experiments\out\revision_2026-09-25\fresh_runs\mvn_mw_d10_B5e5_seed677.jld2
shell,5,5000.0,11,fresh_v1_2026-09-25,unavailable,exceeds_strict_budget,experiments\out\runs\shell_mw_d5_B5e3_seed11\result.h5,090093409717ef63c9da0d4721cb85f7356fc39b9ba9955440d4a8b492b60762,f809917c239488f3ab26a7d503cdcd408af7f0fef12387e15e58c6727b45f017,202614301011,5027.0,0,5027.0,NaN,NaN,NaN,NaN,NaN,NaN,NaN,NaN,NaN,NaN,NaN,NaN,NaN,NaN,NaN,NaN,43.5509261,NaN,NaN,experiments\out\revision_2026-09-25\fresh_runs\shell_mw_d5_B5e3_seed11.jld2
shell,5,5000.0,23,fresh_v1_2026-09-25,unavailable,exceeds_strict_budget,experiments\out\runs\shell_mw_d5_B5e3_seed23\result.h5,946c76e99104d797393f187b7c2b61b24f6494345a4b3728a0a378fd19b0a4c3,c14e432d39e919353e0c3ac4d9bf9ca868438a7081fc3860e44e67c792212a38,202614301023,5027.0,0,5027.0,NaN,NaN,NaN,NaN,NaN,NaN,NaN,NaN,NaN,NaN,NaN,NaN,NaN,NaN,NaN,NaN,3.5708118,NaN,NaN,experiments\out\revision_2026-09-25\fresh_runs\shell_mw_d5_B5e3_seed23.jld2
shell,5,5000.0,41,fresh_v1_2026-09-25,unavailable,exceeds_strict_budget,experiments\out\runs\shell_mw_d5_B5e3_seed41\result.h5,d87ff203f53778733de4aa6598812f31b26f0a18bdc264040a0d9ef7626b7b58,a7d3335ae6919cb36f863cb92f430332e31578ce9c5caf62149ad91faa5596d4,202614301041,5027.0,0,5027.0,NaN,NaN,NaN,NaN,NaN,NaN,NaN,NaN,NaN,NaN,NaN,NaN,NaN,NaN,NaN,NaN,1.5390932,NaN,NaN,experiments\out\revision_2026-09-25\fresh_runs\shell_mw_d5_B5e3_seed41.jld2
shell,5,5000.0,67,fresh_v1_2026-09-25,unavailable,exceeds_strict_budget,experiments\out\runs\shell_mw_d5_B5e3_seed67\result.h5,e30230b69280492b385c6ee2130c1999b82b0299c47b6a32a29ab69deaaf23bd,6b0348445c49eb11b37304b744330f0fb9fee40d3a623bd59c868f388b8ac5ed,202614301067,5027.0,0,5027.0,NaN,NaN,NaN,NaN,NaN,NaN,NaN,NaN,NaN,NaN,NaN,NaN,NaN,NaN,NaN,NaN,1.2217879,NaN,NaN,experiments\out\revision_2026-09-25\fresh_runs\shell_mw_d5_B5e3_seed67.jld2
shell,5,5000.0,97,fresh_v1_2026-09-25,unavailable,exceeds_strict_budget,experiments\out\runs\shell_mw_d5_B5e3_seed97\result.h5,601a91c0268e7ef665c75d370c32b717ca2ff52e64c333d243c2ea2ee9c99f29,7dcb6461895effb5f83c3344689d924c1e0bd72bd639283bbf7707edd1ddfb90,202614301097,5027.0,0,5027.0,NaN,NaN,NaN,NaN,NaN,NaN,NaN,NaN,NaN,NaN,NaN,NaN,NaN,NaN,NaN,NaN,0.5694291,NaN,NaN,experiments\out\revision_2026-09-25\fresh_runs\shell_mw_d5_B5e3_seed97.jld2
shell,5,50000.0,11,fresh_v1_2026-09-25,eligible,full_remaining_budget; weight_status=ok,experiments\out\runs\shell_mw_d5_B5e4_seed11\result.h5,554b3f1fca5cfdaa981f130d240643a143429b81ca3e0df6c83d7497f7397798,34aa0f4e7715d4e16894bef64beab64a18e9e9812073351ae343966032bda44a,202614302011,12091.0,37909,50000.0,1.0731531194609931,2.1463062389219863e-5,2.8308663363871196e-5,-9.054710261637887,0.9653015567999984,3.207588293138844,2.319974513782225,2.4379684365416483,3.973165852865511,3.105180546771921,1.7738642670186835,2.0289798289302405,2.7902023658820254,NaN,39.169828734516685,0.9651660531002003,1.8341175,0.4960000514984131,0.19000005722045898,experiments\out\revision_2026-09-25\fresh_runs\shell_mw_d5_B5e4_seed11.jld2
shell,5,50000.0,23,fresh_v1_2026-09-25,eligible,full_remaining_budget; weight_status=ok,experiments\out\runs\shell_mw_d5_B5e4_seed23\result.h5,8d26d177da6b8d88837ea2e77007a75315fac405fb0292d600149745d93d65ac,5e71ad806baa6aae1a80b1c78f960224f6c2ddf7e0769f21b7a9193358271cc0,202614302023,12091.0,37909,50000.0,1.7072965267675135,3.414593053535027e-5,4.5036707029135915e-5,-6.239157081966739,0.7653070988258368,0.3920351134676965,1.7993951744480026,1.7458465337256528,2.6622373102389703,2.2487750997178986,1.762248696124504,1.545143557233188,1.4763547841740414,NaN,37.876307410087364,0.743829891780388,1.5840623,0.13299989700317383,0.20099997520446777,experiments\out\revision_2026-09-25\fresh_runs\shell_mw_d5_B5e4_seed23.jld2
shell,5,50000.0,41,fresh_v1_2026-09-25,eligible,full_remaining_budget; weight_status=ok,experiments\out\runs\shell_mw_d5_B5e4_seed41\result.h5,d4e985b9abebfa2ac1452e385872ea6e27781bcae7b69152de29a7d787639e23,b653a3fa4984b1118c2cef7b53ffa907da0a3a63a75e75583205b3db2073e1a2,202614302041,12091.0,37909,50000.0,1.0019158699544082,2.0038317399088163e-5,2.642949879855465e-5,-7.132487616377096,0.9990302370920858,1.285365647878054,2.368036167528189,2.335251899418962,3.1875151844417027,2.337136009266401,1.921347580281828,2.3833854778646755,3.806451042099436,NaN,36.54823001106189,0.9990429837985825,4.8325131,0.15599989891052246,0.1269998550415039,experiments\out\revision_2026-09-25\fresh_runs\shell_mw_d5_B5e4_seed41.jld2
shell,5,50000.0,67,fresh_v1_2026-09-25,eligible,full_remaining_budget; weight_status=ok,experiments\out\runs\shell_mw_d5_B5e4_seed67\result.h5,d47a41c9d0c0beddede082f605c8e256399cf65bd80b6dc55cd874f74409f63c,cf0e7b5e3e6d50613b24d5f64aad696f2331d435ecb8c60b6d3685836bdcd061,202614302067,12091.0,37909,50000.0,1.0400727380480823,2.0801454760961645e-5,2.7436037301118e-5,-6.422950534608435,0.9805329351262188,0.5758285661093927,2.1961211362905084,2.1483488240990836,4.29064229097318,2.8679306210740423,1.70774053241909,1.8642047046109016,2.7173200237070043,NaN,35.39125590999763,0.9803548565702097,2.2044985,0.14700007438659668,0.21799993515014648,experiments\out\revision_2026-09-25\fresh_runs\shell_mw_d5_B5e4_seed67.jld2
shell,5,50000.0,97,fresh_v1_2026-09-25,eligible,full_remaining_budget; weight_status=ok,experiments\out\runs\shell_mw_d5_B5e4_seed97\result.h5,03518553c52f75d01613df5cf282c19599f4d459b981e55bfc2f30e2ff7e840f,57f874d15b969b5c2acbbb0223688757427458bb6a0790c72bbd83dd233db115,202614302097,12091.0,37909,50000.0,1.0763427701725814,2.1526855403451628e-5,2.8392803032857142e-5,-15.015417853469458,0.9638701603002158,9.168295884970416,2.5693402295226706,2.4876670428812675,2.6981984273969863,3.7404255436512885,1.9728409965726528,2.1514573312331917,1.6665740166121412,NaN,35.966326406341,0.9633556247254065,2.3445753,0.23600006103515625,0.43000006675720215,experiments\out\revision_2026-09-25\fresh_runs\shell_mw_d5_B5e4_seed97.jld2
shell,5,500000.0,11,fresh_v1_2026-09-25,eligible,full_remaining_budget; weight_status=ok,experiments\out\runs\shell_mw_d5_B5e5_seed11\result.h5,d047726816b223d9a6af8a914b04ea415f2a154d1c77a7f8af4779992983a8b6,12a5cb8b48ba429f637d5286aaf971ffcb6397d26dafc1eba3c4ee8f6eb4de98,202614303011,61908.0,438092,500000.0,5.452672386177751,1.0905344772355501e-5,1.2446409398431725e-5,-6.5588097561651955,0.42824528980832605,0.7116877876661531,0.9107476272780151,0.850764233853058,0.5924421052947247,0.6838826098007049,0.3935202164403101,1.3672034919333307,1.15477325342698,NaN,26.969660541172967,0.3057269917639684,2.2515258,3.2719998359680176,0.34999990463256836,experiments\out\revision_2026-09-25\fresh_runs\shell_mw_d5_B5e5_seed11.jld2
shell,5,500000.0,23,fresh_v1_2026-09-25,eligible,full_remaining_budget; weight_status=ok,experiments\out\runs\shell_mw_d5_B5e5_seed23\result.h5,392a65f27d5d73263b84120643a43312f887e56376dc121907c986260b96629d,6bd458a82467b8b5a2f97bca1f93eb533da17360ea2b9d484c535cc53cf2a298,202614303023,61908.0,438092,500000.0,5.3591685488710485,1.0718337097742096e-5,1.2232975148761101e-5,-5.676046510086,0.43196507569250464,0.17107545841304272,0.9285036475074417,0.9231273406051019,1.0416136023870834,0.9766401620133823,1.1734456111560745,0.8611402857219638,0.937541609824003,NaN,26.278206086875073,0.2287865587621125,2.1747094,4.007999897003174,0.33899998664855957,experiments\out\revision_2026-09-25\fresh_runs\shell_mw_d5_B5e5_seed23.jld2
shell,5,500000.0,41,fresh_v1_2026-09-25,eligible,full_remaining_budget; weight_status=ok,experiments\out\runs\shell_mw_d5_B5e5_seed41\result.h5,c523538f2267b96537b8d44b443a8b7155b01338a857f90c7014980700fc5693,21647cd3d5cb6e22c710137909d91f19875c70a6d42d600aaca400202e63febd,202614303041,61908.0,438092,500000.0,3.788300402761932,7.5766008055238635e-6,8.647271355701386e-6,-5.3801040273014795,0.5137784890143761,0.4670179411975628,1.0604587170443913,1.0976312671529436,0.8310977329715545,1.1364259982619611,1.3156392023196284,0.7612316193820707,0.4416210951635116,NaN,26.256004889322206,0.4678013378013498,9.877648,2.4160001277923584,0.26799988746643066,experiments\out\revision_2026-09-25\fresh_runs\shell_mw_d5_B5e5_seed41.jld2
shell,5,500000.0,67,fresh_v1_2026-09-25,eligible,full_remaining_budget; weight_status=ok,experiments\out\runs\shell_mw_d5_B5e5_seed67\result.h5,da6a4d2bf7f391a0ccc3f040ebe88a538f686613adf3952b740f11067ed27fbe,9e50e6155b1f386f2926fa65ecc4999b98c744a143bea49a16ef5d8419de326d,202614303067,61908.0,438092,500000.0,1.1836312166997651,2.3672624333995304e-6,2.7017868774133405e-6,-3.9827643928253718,0.9191601937764186,1.8643575756736706,1.9351974748638103,1.9758937326495707,2.2248071768877273,1.8813308993126718,1.4873814785313377,2.6970553649580657,1.39748931527858,NaN,26.97188973647057,0.9185105557441196,8.2859152,2.763000011444092,0.3280000686645508,experiments\out\revision_2026-09-25\fresh_runs\shell_mw_d5_B5e5_seed67.jld2
shell,5,500000.0,97,fresh_v1_2026-09-25,eligible,full_remaining_budget; weight_status=ok,experiments\out\runs\shell_mw_d5_B5e5_seed97\result.h5,c27c335748f3f77697df6c0339188aabdbd9be07faf397728fd7a22ce1d5c8e5,ad441b3604957c33ab23aea240681a5d29919b01c585608c77d4bec3a7a3dba4,202614303097,61908.0,438092,500000.0,3.8813642425706,7.7627284851412e-6,8.859701255833478e-6,-6.003771366111852,0.5075816063808263,0.15664939761281005,1.0138616959778195,1.011427094901197,0.5728642917183553,0.9494545391341243,1.502322101643714,0.9488608506791281,0.6555582093411648,NaN,26.98338695486387,0.4602282581099252,7.5510615,3.565999984741211,0.4120001792907715,experiments\out\revision_2026-09-25\fresh_runs\shell_mw_d5_B5e5_seed97.jld2
