problem,d,B,seed,algorithm,estimator_version,source_file,source_sha256,transformation,proposal_sha256,rng_seed,N_fresh,C_old,C_total,wall_fresh_draw_eval_s,status,weight_status,nthreads,hostname,julia,timestamp_utc,generating_commit,archived_code_commit
banana,2,5000.0,11,mw,fresh_v1_2026-09-25,experiments\out\runs\banana_mw_d2_B5e3_seed11\result.h5,29e62a1f835f43e5b21d8b9769f2d7ff833c39c4f9d2628c26cf9bdf66356b41,BAT PriorToGaussian (PriorSubstitution); theta_j = 2 L Phi(z_j) - L,aae776fb5b66b68fe7e627758ae36e1c3cb0598ca0c959cc3e052ce4a3a6b48e,202611271011,0,5684.0,5684.0,,exceeds_strict_budget,,8,vale24,1.11.6,2026-09-25T19:14:41,254e9852dede4aa6ee4547e114ff8f608824914d,254e9852dede4aa6ee4547e114ff8f608824914d
banana,2,5000.0,23,mw,fresh_v1_2026-09-25,experiments\out\runs\banana_mw_d2_B5e3_seed23\result.h5,7317d31800b8f92ac3bd8516cea7c9313b4840fc77808d303bb3a2d0021b1339,BAT PriorToGaussian (PriorSubstitution); theta_j = 2 L Phi(z_j) - L,c7f407387e44f03258f660fe1d7983238a94f4957eb1be77605f0d9ba8c1d20a,202611271023,0,5165.0,5165.0,,exceeds_strict_budget,,8,vale24,1.11.6,2026-09-25T19:14:41,254e9852dede4aa6ee4547e114ff8f608824914d,254e9852dede4aa6ee4547e114ff8f608824914d
banana,2,5000.0,41,mw,fresh_v1_2026-09-25,experiments\out\runs\banana_mw_d2_B5e3_seed41\result.h5,b1a0f7412b821f53b0558cba502aa84384463c3d092ec5399568afc3f4e60f40,BAT PriorToGaussian (PriorSubstitution); theta_j = 2 L Phi(z_j) - L,6a2c862bf232458729b53693cfc4b7550a82d9b0e0028bf95133c6210d5b9fd9,202611271041,0,5921.0,5921.0,,exceeds_strict_budget,,8,vale24,1.11.6,2026-09-25T19:14:41,254e9852dede4aa6ee4547e114ff8f608824914d,254e9852dede4aa6ee4547e114ff8f608824914d
banana,2,5000.0,67,mw,fresh_v1_2026-09-25,experiments\out\runs\banana_mw_d2_B5e3_seed67\result.h5,99c69e7ecd7e1a7caa9d49e9239c3d024880df3e1baa2c4ae71dabeddd7c0456,BAT PriorToGaussian (PriorSubstitution); theta_j = 2 L Phi(z_j) - L,1055f06bc1cb1fac9cf96e959ec8b4bf16858c091a4bf3bd3c791e90973c31ea,202611271067,0,5820.0,5820.0,,exceeds_strict_budget,,8,vale24,1.11.6,2026-09-25T19:14:41,254e9852dede4aa6ee4547e114ff8f608824914d,254e9852dede4aa6ee4547e114ff8f608824914d
banana,2,5000.0,97,mw,fresh_v1_2026-09-25,experiments\out\runs\banana_mw_d2_B5e3_seed97\result.h5,f3b39655f48e4fca7df1faa9b5854a437d11fbfdcb572c4ca3694896ba5a04e1,BAT PriorToGaussian (PriorSubstitution); theta_j = 2 L Phi(z_j) - L,8ce9912ec6646ffe914dbb4570dd8d038173f36dbbc140346499c8fed05b2562,202611271097,0,5171.0,5171.0,,exceeds_strict_budget,,8,vale24,1.11.6,2026-09-25T19:14:41,254e9852dede4aa6ee4547e114ff8f608824914d,254e9852dede4aa6ee4547e114ff8f608824914d
banana,2,5000.0,113,mw,fresh_v1_2026-09-25,experiments\out\runs\banana_mw_d2_B5e3_seed113\result.h5,e83224eced4694c17e2f7065dc416f3e6ce1d71879c87fa5847a7d9c266f32d5,BAT PriorToGaussian (PriorSubstitution); theta_j = 2 L Phi(z_j) - L,c81fd4d7d746898cf433e1618c937d7aa322446b592683fb0023d28442372831,202611271113,0,5733.0,5733.0,,exceeds_strict_budget,,8,vale24,1.11.6,2026-09-25T19:14:41,254e9852dede4aa6ee4547e114ff8f608824914d,254e9852dede4aa6ee4547e114ff8f608824914d
banana,2,5000.0,137,mw,fresh_v1_2026-09-25,experiments\out\runs\banana_mw_d2_B5e3_seed137\result.h5,a4f1635a6f5d01fa2029cdd18209238269e6e48bb4553f82d63e3158212a4f20,BAT PriorToGaussian (PriorSubstitution); theta_j = 2 L Phi(z_j) - L,120ee51237f840464445a2e612eb8074bf9685cfc25e55f077799f728d9ae171,202611271137,0,5218.0,5218.0,,exceeds_strict_budget,,8,vale24,1.11.6,2026-09-25T19:14:41,254e9852dede4aa6ee4547e114ff8f608824914d,254e9852dede4aa6ee4547e114ff8f608824914d
banana,2,5000.0,173,mw,fresh_v1_2026-09-25,experiments\out\runs\banana_mw_d2_B5e3_seed173\result.h5,1a5996ae80fe3048d6ddaa2f10007d18b2cbd07fc2ef0ee2b5db9f26edd63175,BAT PriorToGaussian (PriorSubstitution); theta_j = 2 L Phi(z_j) - L,11e9c68cf3c1e92f7fea8599e7fe6ad42fcd33fb8c6b1165ce690c8e43f626cc,202611271173,0,5311.0,5311.0,,exceeds_strict_budget,,8,vale24,1.11.6,2026-09-25T19:14:41,254e9852dede4aa6ee4547e114ff8f608824914d,254e9852dede4aa6ee4547e114ff8f608824914d
banana,2,5000.0,211,mw,fresh_v1_2026-09-25,experiments\out\runs\banana_mw_d2_B5e3_seed211\result.h5,a2aea67503528dffc0514cf091d6713c1d850ce3a7e6a039437b29e4819a52f2,BAT PriorToGaussian (PriorSubstitution); theta_j = 2 L Phi(z_j) - L,63be89beda7b4f919247efa643610c2046a874bc0acc017562882a1287c76461,202611271211,0,5921.0,5921.0,,exceeds_strict_budget,,8,vale24,1.11.6,2026-09-25T19:14:41,254e9852dede4aa6ee4547e114ff8f608824914d,254e9852dede4aa6ee4547e114ff8f608824914d
banana,2,5000.0,239,mw,fresh_v1_2026-09-25,experiments\out\runs\banana_mw_d2_B5e3_seed239\result.h5,4daa2eabbda1420a6ba93bc404ea6d1ee19778a393c03efe2e3bfbaa0d6e63a3,BAT PriorToGaussian (PriorSubstitution); theta_j = 2 L Phi(z_j) - L,33be2613c23ac6565c4c6e6741bb0bf078bb709a45d6691fe43e55556892a9bd,202611271239,0,6888.0,6888.0,,exceeds_strict_budget,,8,vale24,1.11.6,2026-09-25T19:14:41,254e9852dede4aa6ee4547e114ff8f608824914d,254e9852dede4aa6ee4547e114ff8f608824914d
banana,2,5000.0,277,mw,fresh_v1_2026-09-25,experiments\out\runs\banana_mw_d2_B5e3_seed277\result.h5,94a669e26742606196d7dec427399894a831db67bacf9d590059424a2023e58f,BAT PriorToGaussian (PriorSubstitution); theta_j = 2 L Phi(z_j) - L,9d824f0e181875b92a2f45e3d930ef6ef45a6c8c430f7c5a22bdbcc0669fc0eb,202611271277,0,6456.0,6456.0,,exceeds_strict_budget,,8,vale24,1.11.6,2026-09-25T19:14:41,254e9852dede4aa6ee4547e114ff8f608824914d,254e9852dede4aa6ee4547e114ff8f608824914d
banana,2,5000.0,313,mw,fresh_v1_2026-09-25,experiments\out\runs\banana_mw_d2_B5e3_seed313\result.h5,e63e179833e2e03ad4467b58390c13edd1855a9ca1ff639612ddb79f39301e3a,BAT PriorToGaussian (PriorSubstitution); theta_j = 2 L Phi(z_j) - L,7e2526359cba1a75312d5ee6d573a0db5911b2d9685c2cca2ad7c402921cbd2f,202611271313,0,5651.0,5651.0,,exceeds_strict_budget,,8,vale24,1.11.6,2026-09-25T19:14:41,254e9852dede4aa6ee4547e114ff8f608824914d,254e9852dede4aa6ee4547e114ff8f608824914d
banana,2,5000.0,359,mw,fresh_v1_2026-09-25,experiments\out\runs\banana_mw_d2_B5e3_seed359\result.h5,7f89166eab97f1b043febafa39bbddff368ea44e576e04993cbf785d288746d4,BAT PriorToGaussian (PriorSubstitution); theta_j = 2 L Phi(z_j) - L,18df691e49b96b8cf4fc37ca1aca8b126d89750a0d6765d3ad67ca310aa85461,202611271359,0,5508.0,5508.0,,exceeds_strict_budget,,8,vale24,1.11.6,2026-09-25T19:14:41,254e9852dede4aa6ee4547e114ff8f608824914d,254e9852dede4aa6ee4547e114ff8f608824914d
banana,2,5000.0,401,mw,fresh_v1_2026-09-25,experiments\out\runs\banana_mw_d2_B5e3_seed401\result.h5,83cece1e4730d2956337f4195776a6854e3528f8c8741a2208e2984334836a28,BAT PriorToGaussian (PriorSubstitution); theta_j = 2 L Phi(z_j) - L,c1821420a3b15e1b369b6275117363396ddb519c3015232131ab533a970a8bb5,202611271401,0,5549.0,5549.0,,exceeds_strict_budget,,8,vale24,1.11.6,2026-09-25T19:14:41,254e9852dede4aa6ee4547e114ff8f608824914d,254e9852dede4aa6ee4547e114ff8f608824914d
banana,2,5000.0,449,mw,fresh_v1_2026-09-25,experiments\out\runs\banana_mw_d2_B5e3_seed449\result.h5,49b363cb1cf5f5835b0e8b6f1b901ae450029341a477265221b92bb3bec2a380,BAT PriorToGaussian (PriorSubstitution); theta_j = 2 L Phi(z_j) - L,63651b91402ccb946405bff7ea66770316e98680110d5f01182354e4723b98fd,202611271449,0,5872.0,5872.0,,exceeds_strict_budget,,8,vale24,1.11.6,2026-09-25T19:14:41,254e9852dede4aa6ee4547e114ff8f608824914d,254e9852dede4aa6ee4547e114ff8f608824914d
banana,2,5000.0,491,mw,fresh_v1_2026-09-25,experiments\out\runs\banana_mw_d2_B5e3_seed491\result.h5,a05a044a47b3c710e8cffd72c0a2eb02997fce6b2c6d37f4e9c7b9bfcc142380,BAT PriorToGaussian (PriorSubstitution); theta_j = 2 L Phi(z_j) - L,a6128902b337bf26a5a8c17290fbf514a87e689aca3281835db7bb93ee0f0ad6,202611271491,0,6749.0,6749.0,,exceeds_strict_budget,,8,vale24,1.11.6,2026-09-25T19:14:41,254e9852dede4aa6ee4547e114ff8f608824914d,254e9852dede4aa6ee4547e114ff8f608824914d
banana,2,5000.0,541,mw,fresh_v1_2026-09-25,experiments\out\runs\banana_mw_d2_B5e3_seed541\result.h5,fc149a1638a0f2b4fcd4d42739a18c1fc09ebe360b45571422cd8ac8fa9ce317,BAT PriorToGaussian (PriorSubstitution); theta_j = 2 L Phi(z_j) - L,f655dc0f43f2208ba12038ef273d4d827d2221abda40dc737d6792986e5213ff,202611271541,0,5642.0,5642.0,,exceeds_strict_budget,,8,vale24,1.11.6,2026-09-25T19:14:41,254e9852dede4aa6ee4547e114ff8f608824914d,254e9852dede4aa6ee4547e114ff8f608824914d
banana,2,5000.0,587,mw,fresh_v1_2026-09-25,experiments\out\runs\banana_mw_d2_B5e3_seed587\result.h5,364b8452da47816448231fbe44264e1631b826402e98d9cedf485057c43ecc00,BAT PriorToGaussian (PriorSubstitution); theta_j = 2 L Phi(z_j) - L,eacfc38509cea9a7478652d61792c4fa21eabdf1b267e336c9078aa8b04b7bfa,202611271587,0,5984.0,5984.0,,exceeds_strict_budget,,8,vale24,1.11.6,2026-09-25T19:14:41,254e9852dede4aa6ee4547e114ff8f608824914d,254e9852dede4aa6ee4547e114ff8f608824914d
banana,2,5000.0,631,mw,fresh_v1_2026-09-25,experiments\out\runs\banana_mw_d2_B5e3_seed631\result.h5,1cc191403c738bb7b455d59e4d404c90c3b400e1bbb3e90e9a2b0b063ef1c007,BAT PriorToGaussian (PriorSubstitution); theta_j = 2 L Phi(z_j) - L,b3d3ad29400b5254810ebb587f21fa0215351e88c39c56115c59efb19f7a10de,202611271631,0,5662.0,5662.0,,exceeds_strict_budget,,8,vale24,1.11.6,2026-09-25T19:14:41,254e9852dede4aa6ee4547e114ff8f608824914d,254e9852dede4aa6ee4547e114ff8f608824914d
banana,2,5000.0,677,mw,fresh_v1_2026-09-25,experiments\out\runs\banana_mw_d2_B5e3_seed677\result.h5,b355ea70cf8e9443e7675efee72f8d62905f166452b647cb6abc1bf240d3ed60,BAT PriorToGaussian (PriorSubstitution); theta_j = 2 L Phi(z_j) - L,e1d9a2fcbf5324e1b467874da45a70fc9463decf55f34c6841f400f94a39dbef,202611271677,0,5700.0,5700.0,,exceeds_strict_budget,,8,vale24,1.11.6,2026-09-25T19:14:41,254e9852dede4aa6ee4547e114ff8f608824914d,254e9852dede4aa6ee4547e114ff8f608824914d
banana,2,50000.0,11,mw,fresh_v1_2026-09-25,experiments\out\runs\banana_mw_d2_B5e4_seed11\result.h5,238db08b64c39bdb1ab97b18e23baa07cbe31de9cea7c1eeff507d730c05f8de,BAT PriorToGaussian (PriorSubstitution); theta_j = 2 L Phi(z_j) - L,9f75746267110e345f6434f6f546193b165d4ffaa13491d792b0832182c320d3,202611272011,13938,36062.0,50000.0,0.681999921798706,full_remaining_budget,ok,8,vale24,1.11.6,2026-09-25T19:11:48,254e9852dede4aa6ee4547e114ff8f608824914d,254e9852dede4aa6ee4547e114ff8f608824914d
banana,2,50000.0,23,mw,fresh_v1_2026-09-25,experiments\out\runs\banana_mw_d2_B5e4_seed23\result.h5,04517fd8a6529b3bfae923015a50f1026765427ce32c669cc344f473eeaa2b6e,BAT PriorToGaussian (PriorSubstitution); theta_j = 2 L Phi(z_j) - L,c693450c71f1ba037d3a4cdd16f9e0da6b35a32a26877da483dd7bfd3182cbc6,202611272023,13259,36741.0,50000.0,0.03500008583068848,full_remaining_budget,ok,8,vale24,1.11.6,2026-09-25T19:11:49,254e9852dede4aa6ee4547e114ff8f608824914d,254e9852dede4aa6ee4547e114ff8f608824914d
banana,2,50000.0,41,mw,fresh_v1_2026-09-25,experiments\out\runs\banana_mw_d2_B5e4_seed41\result.h5,8c737937a58ef72ea3fe29a85d359af81cc1ee35d35974f2c816babf88d6f7ab,BAT PriorToGaussian (PriorSubstitution); theta_j = 2 L Phi(z_j) - L,e3f9795a375eb9930d74a1a04b8c3d87b0e9f9d875d19b7ff491ef07640f2ab8,202611272041,18575,31425.0,50000.0,0.06800007820129395,full_remaining_budget,ok,8,vale24,1.11.6,2026-09-25T19:11:50,254e9852dede4aa6ee4547e114ff8f608824914d,254e9852dede4aa6ee4547e114ff8f608824914d
banana,2,50000.0,67,mw,fresh_v1_2026-09-25,experiments\out\runs\banana_mw_d2_B5e4_seed67\result.h5,e64134ae0cff93635716947bc4eac8a0b1ca9e9665720dbaa69d650360683a6e,BAT PriorToGaussian (PriorSubstitution); theta_j = 2 L Phi(z_j) - L,62992a0ec181998b12247878bd53ed5a3a5cb70f5bbf1c7537135de5b8cf2517,202611272067,17735,32265.0,50000.0,0.04900002479553223,full_remaining_budget,ok,8,vale24,1.11.6,2026-09-25T19:11:50,254e9852dede4aa6ee4547e114ff8f608824914d,254e9852dede4aa6ee4547e114ff8f608824914d
banana,2,50000.0,97,mw,fresh_v1_2026-09-25,experiments\out\runs\banana_mw_d2_B5e4_seed97\result.h5,6253bb01ccf75e3b00b71ab8288be7587728883f2fc60eee81b3f0a7cf881a10,BAT PriorToGaussian (PriorSubstitution); theta_j = 2 L Phi(z_j) - L,875223964e030358e7333ca5b9b8574fbcaca99c02bfbde6763d95e3a39beb96,202611272097,14660,35340.0,50000.0,0.05499982833862305,full_remaining_budget,ok,8,vale24,1.11.6,2026-09-25T19:11:51,254e9852dede4aa6ee4547e114ff8f608824914d,254e9852dede4aa6ee4547e114ff8f608824914d
banana,2,50000.0,113,mw,fresh_v1_2026-09-25,experiments\out\runs\banana_mw_d2_B5e4_seed113\result.h5,7049e670e339266e7b80ff502be1cfa43cbb50a535d57b33ab3ee1c44209e098,BAT PriorToGaussian (PriorSubstitution); theta_j = 2 L Phi(z_j) - L,d096a54786a7194eac4a235c6e9fbd37d33408362b9f579c0be50201cb9b6210,202611272113,10695,39305.0,50000.0,0.026999950408935547,full_remaining_budget,ok,8,vale24,1.11.6,2026-09-25T19:11:51,254e9852dede4aa6ee4547e114ff8f608824914d,254e9852dede4aa6ee4547e114ff8f608824914d
banana,2,50000.0,137,mw,fresh_v1_2026-09-25,experiments\out\runs\banana_mw_d2_B5e4_seed137\result.h5,4a9b6b393b4daf9fd057b38e74245d87ee1db8bffd03cfc8912d3954e140d5d3,BAT PriorToGaussian (PriorSubstitution); theta_j = 2 L Phi(z_j) - L,1f4347245dd366e26e2be2a4e9fc3e85ad31fb29385e6d7dae387ecc523af8a5,202611272137,14377,35623.0,50000.0,0.13299989700317383,full_remaining_budget,ok,8,vale24,1.11.6,2026-09-25T19:11:52,254e9852dede4aa6ee4547e114ff8f608824914d,254e9852dede4aa6ee4547e114ff8f608824914d
banana,2,50000.0,173,mw,fresh_v1_2026-09-25,experiments\out\runs\banana_mw_d2_B5e4_seed173\result.h5,68b3588179c6054fd18807d9b3af01ad20b1d586c0e586d7cc2c5e4629953e5c,BAT PriorToGaussian (PriorSubstitution); theta_j = 2 L Phi(z_j) - L,5991a2ded6d3879096a1c11e3388aeddc289fd17b308856008d3f13e195f9f35,202611272173,16430,33570.0,50000.0,0.04900002479553223,full_remaining_budget,ok,8,vale24,1.11.6,2026-09-25T19:11:53,254e9852dede4aa6ee4547e114ff8f608824914d,254e9852dede4aa6ee4547e114ff8f608824914d
banana,2,50000.0,211,mw,fresh_v1_2026-09-25,experiments\out\runs\banana_mw_d2_B5e4_seed211\result.h5,f8c1eb18474b78a9a44c759ba350c1b6256a24c059f27a0ca3104c1d48b55864,BAT PriorToGaussian (PriorSubstitution); theta_j = 2 L Phi(z_j) - L,d9c81bd03b10ac07e2e43b2d8ecfb11052d7991b7d265d3800779aad3a777769,202611272211,13669,36331.0,50000.0,0.04399991035461426,full_remaining_budget,ok,8,vale24,1.11.6,2026-09-25T19:11:54,254e9852dede4aa6ee4547e114ff8f608824914d,254e9852dede4aa6ee4547e114ff8f608824914d
banana,2,50000.0,239,mw,fresh_v1_2026-09-25,experiments\out\runs\banana_mw_d2_B5e4_seed239\result.h5,6328d32c8e50f255f699186b0c9c5e2c0438cff38d8eaa15e15c638954274025,BAT PriorToGaussian (PriorSubstitution); theta_j = 2 L Phi(z_j) - L,0b17fb47f1538ca2495bf905484fc4f6bf28b7a4a6bed73c5ef5db254dec28de,202611272239,13121,36879.0,50000.0,0.039999961853027344,full_remaining_budget,ok,8,vale24,1.11.6,2026-09-25T19:11:55,254e9852dede4aa6ee4547e114ff8f608824914d,254e9852dede4aa6ee4547e114ff8f608824914d
banana,2,50000.0,277,mw,fresh_v1_2026-09-25,experiments\out\runs\banana_mw_d2_B5e4_seed277\result.h5,ddf07e4e52177b342e89a589e7986b1433f45d9f88715f781c4bc31df570ea0e,BAT PriorToGaussian (PriorSubstitution); theta_j = 2 L Phi(z_j) - L,989b48ff435acaad52cb27d4e7d638eae5a2d9a3d6d0e8919ec5b784a380e450,202611272277,14662,35338.0,50000.0,0.032000064849853516,full_remaining_budget,ok,8,vale24,1.11.6,2026-09-25T19:11:56,254e9852dede4aa6ee4547e114ff8f608824914d,254e9852dede4aa6ee4547e114ff8f608824914d
banana,2,50000.0,313,mw,fresh_v1_2026-09-25,experiments\out\runs\banana_mw_d2_B5e4_seed313\result.h5,db90e1366ad773909a7c4c1837f17640104f2046d28bd0a2542d682c8eb66656,BAT PriorToGaussian (PriorSubstitution); theta_j = 2 L Phi(z_j) - L,f9365f72d7af816b3bfc9091035f048678bb2e7faae6cc1419c203c3202ebf8c,202611272313,17546,32454.0,50000.0,0.039999961853027344,full_remaining_budget,ok,8,vale24,1.11.6,2026-09-25T19:11:56,254e9852dede4aa6ee4547e114ff8f608824914d,254e9852dede4aa6ee4547e114ff8f608824914d
banana,2,50000.0,359,mw,fresh_v1_2026-09-25,experiments\out\runs\banana_mw_d2_B5e4_seed359\result.h5,7ea0ab3c863110386aa04600d5bc19173220dd9a7a71282eea4452c0219dd276,BAT PriorToGaussian (PriorSubstitution); theta_j = 2 L Phi(z_j) - L,ed1c1249e1c14ea4239c37bbe6fa4f887ecc4447e20ff60e1451aff86b045a2b,202611272359,14728,35272.0,50000.0,0.029000043869018555,full_remaining_budget,ok,8,vale24,1.11.6,2026-09-25T19:11:57,254e9852dede4aa6ee4547e114ff8f608824914d,254e9852dede4aa6ee4547e114ff8f608824914d
banana,2,50000.0,401,mw,fresh_v1_2026-09-25,experiments\out\runs\banana_mw_d2_B5e4_seed401\result.h5,67abebe6c9b90f3a6d6c42a48784eaa27b2fb3b079babd93cc1684e5ea5a0841,BAT PriorToGaussian (PriorSubstitution); theta_j = 2 L Phi(z_j) - L,0672ca15cb17a053c27426bf25090207206912461e5f222f9e5d377978520232,202611272401,20662,29338.0,50000.0,0.037000179290771484,full_remaining_budget,ok,8,vale24,1.11.6,2026-09-25T19:11:57,254e9852dede4aa6ee4547e114ff8f608824914d,254e9852dede4aa6ee4547e114ff8f608824914d
banana,2,50000.0,449,mw,fresh_v1_2026-09-25,experiments\out\runs\banana_mw_d2_B5e4_seed449\result.h5,afdb1e258c402e0bb72184e8440fd0857ff65296bc7b19d883b4624071877dda,BAT PriorToGaussian (PriorSubstitution); theta_j = 2 L Phi(z_j) - L,5b4649365f8212a26ed1241607cd5551710e2bb7849363569f3d55392f54608e,202611272449,15003,34997.0,50000.0,0.032000064849853516,full_remaining_budget,ok,8,vale24,1.11.6,2026-09-25T19:11:58,254e9852dede4aa6ee4547e114ff8f608824914d,254e9852dede4aa6ee4547e114ff8f608824914d
banana,2,50000.0,491,mw,fresh_v1_2026-09-25,experiments\out\runs\banana_mw_d2_B5e4_seed491\result.h5,5a144edcf3e7f54f123445016a8c3559a625e533fb5f75fa78f773724f744d5d,BAT PriorToGaussian (PriorSubstitution); theta_j = 2 L Phi(z_j) - L,a0f16550eae85c3631442bd72b237dfdb0fea79247144d27ef438f4410dfde58,202611272491,17894,32106.0,50000.0,0.039999961853027344,full_remaining_budget,ok,8,vale24,1.11.6,2026-09-25T19:11:58,254e9852dede4aa6ee4547e114ff8f608824914d,254e9852dede4aa6ee4547e114ff8f608824914d
banana,2,50000.0,541,mw,fresh_v1_2026-09-25,experiments\out\runs\banana_mw_d2_B5e4_seed541\result.h5,f94ecb4a223cc30ded4ce20dd651cd4fc1a539ca825537b38bbf009a3c752c35,BAT PriorToGaussian (PriorSubstitution); theta_j = 2 L Phi(z_j) - L,225bd07d856609aa9b0e2c9c3094cc6c88104d9064ef8f81fc91ba1a07fe33cb,202611272541,15485,34515.0,50000.0,0.028999805450439453,full_remaining_budget,ok,8,vale24,1.11.6,2026-09-25T19:11:59,254e9852dede4aa6ee4547e114ff8f608824914d,254e9852dede4aa6ee4547e114ff8f608824914d
banana,2,50000.0,587,mw,fresh_v1_2026-09-25,experiments\out\runs\banana_mw_d2_B5e4_seed587\result.h5,0f56053d1c8802ab099fff78060f988e0b2b3821aa75e29ec458a9d6924038ea,BAT PriorToGaussian (PriorSubstitution); theta_j = 2 L Phi(z_j) - L,d9055e24022280e0f80c9886d9a57c620c2704c049695cd4abc4b198b74f6457,202611272587,13038,36962.0,50000.0,0.024000167846679688,full_remaining_budget,ok,8,vale24,1.11.6,2026-09-25T19:11:59,254e9852dede4aa6ee4547e114ff8f608824914d,254e9852dede4aa6ee4547e114ff8f608824914d
banana,2,50000.0,631,mw,fresh_v1_2026-09-25,experiments\out\runs\banana_mw_d2_B5e4_seed631\result.h5,28609e94009d3dfba79e3c382e7b8742a22bbfa2d398729f3c7e81bbf1e4db6b,BAT PriorToGaussian (PriorSubstitution); theta_j = 2 L Phi(z_j) - L,effc121098355e4003eb9564d7146ec14eaa24cd98a442319f6c0e0df1621f37,202611272631,19655,30345.0,50000.0,0.042999982833862305,full_remaining_budget,ok,8,vale24,1.11.6,2026-09-25T19:11:59,254e9852dede4aa6ee4547e114ff8f608824914d,254e9852dede4aa6ee4547e114ff8f608824914d
banana,2,50000.0,677,mw,fresh_v1_2026-09-25,experiments\out\runs\banana_mw_d2_B5e4_seed677\result.h5,e4f73cd37efecab9165f9693beb88658d9ddb7763c4b8740f6e2c9750068718f,BAT PriorToGaussian (PriorSubstitution); theta_j = 2 L Phi(z_j) - L,9b447b04ba3b7cdec52c4caf0fbe6474c140e85aef949fa1727028deb54224a1,202611272677,11691,38309.0,50000.0,0.06200003623962402,full_remaining_budget,ok,8,vale24,1.11.6,2026-09-25T19:12:00,254e9852dede4aa6ee4547e114ff8f608824914d,254e9852dede4aa6ee4547e114ff8f608824914d
banana,2,500000.0,11,mw,fresh_v1_2026-09-25,experiments\out\runs\banana_mw_d2_B5e5_seed11\result.h5,992dc26cdd7f3ec3c8ed89d228e1066c78fa9325bccd85c0daeceb1842ddd6f8,BAT PriorToGaussian (PriorSubstitution); theta_j = 2 L Phi(z_j) - L,78e2fc691e6e04cc464f5a2f9eee3c3cb38ec44404e94fb24f67727851fd2329,202611273011,461439,38561.0,500000.0,1.5260000228881836,full_remaining_budget,ok,8,vale24,1.11.6,2026-09-25T19:01:57,254e9852dede4aa6ee4547e114ff8f608824914d,254e9852dede4aa6ee4547e114ff8f608824914d
banana,2,500000.0,23,mw,fresh_v1_2026-09-25,experiments\out\runs\banana_mw_d2_B5e5_seed23\result.h5,ae5c832db6fc5d9c0ff4c245c0ab94119926513eece9f96765e0fab6201c2f77,BAT PriorToGaussian (PriorSubstitution); theta_j = 2 L Phi(z_j) - L,d8040c028cd2c99213010d9a7d0676c91e511a31a54e6cab4d914ae2b3f58b62,202611273023,465583,34417.0,500000.0,1.3259999752044678,full_remaining_budget,ok,8,vale24,1.11.6,2026-09-25T19:02:00,254e9852dede4aa6ee4547e114ff8f608824914d,254e9852dede4aa6ee4547e114ff8f608824914d
banana,2,500000.0,41,mw,fresh_v1_2026-09-25,experiments\out\runs\banana_mw_d2_B5e5_seed41\result.h5,0a6c5fe33f0d8cdc5199164d4ff5116c643ddb30a3ac0a3a55e530e2e9d51a95,BAT PriorToGaussian (PriorSubstitution); theta_j = 2 L Phi(z_j) - L,f81a2758fa201410847fcdca1e11e48832e56a259e963a01046ddfa210a0d9c4,202611273041,461596,38404.0,500000.0,1.8600001335144043,full_remaining_budget,ok,8,vale24,1.11.6,2026-09-25T19:02:02,254e9852dede4aa6ee4547e114ff8f608824914d,254e9852dede4aa6ee4547e114ff8f608824914d
banana,2,500000.0,67,mw,fresh_v1_2026-09-25,experiments\out\runs\banana_mw_d2_B5e5_seed67\result.h5,5581db45aabd05e30890d87765523459b414a1cd4e91f2a956d0f3586da8992b,BAT PriorToGaussian (PriorSubstitution); theta_j = 2 L Phi(z_j) - L,da1d0210ad7b7541e0150a350400c9881e23095305023d0a756e53c5f591f81e,202611273067,457922,42078.0,500000.0,1.7680001258850098,full_remaining_budget,ok,8,vale24,1.11.6,2026-09-25T19:02:05,254e9852dede4aa6ee4547e114ff8f608824914d,254e9852dede4aa6ee4547e114ff8f608824914d
banana,2,500000.0,97,mw,fresh_v1_2026-09-25,experiments\out\runs\banana_mw_d2_B5e5_seed97\result.h5,c17ebbf3e806d363d3432425d02a583f49a6a87aa27559f9db9aaf55f3478d69,BAT PriorToGaussian (PriorSubstitution); theta_j = 2 L Phi(z_j) - L,cb0bb2cd58082022b29ecb52b0edf6225b79e3150682bf4d1a7c7fb862d832ca,202611273097,462238,37762.0,500000.0,1.5999999046325684,full_remaining_budget,ok,8,vale24,1.11.6,2026-09-25T19:02:08,254e9852dede4aa6ee4547e114ff8f608824914d,254e9852dede4aa6ee4547e114ff8f608824914d
banana,2,500000.0,113,mw,fresh_v1_2026-09-25,experiments\out\runs\banana_mw_d2_B5e5_seed113\result.h5,9bcbdd4e16733b3bd986e6e3065ae33efd21e044ee4950a323aa41c256e0cbdc,BAT PriorToGaussian (PriorSubstitution); theta_j = 2 L Phi(z_j) - L,736e74989913b2a050cf2bed5687db13aa251709c3a652d765b6999a6fda5835,202611273113,459486,40514.0,500000.0,1.4549999237060547,full_remaining_budget,ok,8,vale24,1.11.6,2026-09-25T19:02:11,254e9852dede4aa6ee4547e114ff8f608824914d,254e9852dede4aa6ee4547e114ff8f608824914d
banana,2,500000.0,137,mw,fresh_v1_2026-09-25,experiments\out\runs\banana_mw_d2_B5e5_seed137\result.h5,31a2d0ee78b1362defa0f06a6e87437df3b14f9da43bc81e625bf50e033dadb1,BAT PriorToGaussian (PriorSubstitution); theta_j = 2 L Phi(z_j) - L,a5749826aad272d36cc6d4ab01f86a0af81f061a779bb94808b7b7fa7cdce628,202611273137,458265,41735.0,500000.0,1.5499999523162842,full_remaining_budget,ok,8,vale24,1.11.6,2026-09-25T19:02:14,254e9852dede4aa6ee4547e114ff8f608824914d,254e9852dede4aa6ee4547e114ff8f608824914d
banana,2,500000.0,173,mw,fresh_v1_2026-09-25,experiments\out\runs\banana_mw_d2_B5e5_seed173\result.h5,71dc52b38abc442f6a05a3c367d50ed7966f357d881a00a9a3a72912987962aa,BAT PriorToGaussian (PriorSubstitution); theta_j = 2 L Phi(z_j) - L,20b74dba97a42f1c4c63b59a8e912bada4563a083f360943feea2735cce2405c,202611273173,465747,34253.0,500000.0,1.373000144958496,full_remaining_budget,ok,8,vale24,1.11.6,2026-09-25T19:02:16,254e9852dede4aa6ee4547e114ff8f608824914d,254e9852dede4aa6ee4547e114ff8f608824914d
banana,2,500000.0,211,mw,fresh_v1_2026-09-25,experiments\out\runs\banana_mw_d2_B5e5_seed211\result.h5,fcca0e67e2547d293acf7dbcc4604f8d2816f3329c52ea93dfbbf9359236e88f,BAT PriorToGaussian (PriorSubstitution); theta_j = 2 L Phi(z_j) - L,6149c66c1842433bcd9cf7c49ec3ca3a514b04d596bed2a860c36910fdd4206d,202611273211,464468,35532.0,500000.0,1.501000165939331,full_remaining_budget,ok,8,vale24,1.11.6,2026-09-25T19:02:19,254e9852dede4aa6ee4547e114ff8f608824914d,254e9852dede4aa6ee4547e114ff8f608824914d
banana,2,500000.0,239,mw,fresh_v1_2026-09-25,experiments\out\runs\banana_mw_d2_B5e5_seed239\result.h5,c8e65d1dd1addd6697f1112caeba0de185d6f342c65bb5c12fb4313dccc1b7e5,BAT PriorToGaussian (PriorSubstitution); theta_j = 2 L Phi(z_j) - L,b65bd47d5a92d1f7f75424fcb123aff2a940834b6fd77965badcd0dc83ebcf52,202611273239,458794,41206.0,500000.0,1.7309999465942383,full_remaining_budget,ok,8,vale24,1.11.6,2026-09-25T19:02:21,254e9852dede4aa6ee4547e114ff8f608824914d,254e9852dede4aa6ee4547e114ff8f608824914d
banana,2,500000.0,277,mw,fresh_v1_2026-09-25,experiments\out\runs\banana_mw_d2_B5e5_seed277\result.h5,6f1ea43c2b101b29399388bce5a03f39053f70dabd88f635f585613fc2447548,BAT PriorToGaussian (PriorSubstitution); theta_j = 2 L Phi(z_j) - L,e0cea80f9cfb9e902e8f17705a54074d770629226e31b201f81951b0c14e39bb,202611273277,463310,36690.0,500000.0,1.3589999675750732,full_remaining_budget,ok,8,vale24,1.11.6,2026-09-25T19:02:24,254e9852dede4aa6ee4547e114ff8f608824914d,254e9852dede4aa6ee4547e114ff8f608824914d
banana,2,500000.0,313,mw,fresh_v1_2026-09-25,experiments\out\runs\banana_mw_d2_B5e5_seed313\result.h5,57212d6d1ff20e00587b31c627f0578fa0bd6c36ca5f10e09ce2d67b58852819,BAT PriorToGaussian (PriorSubstitution); theta_j = 2 L Phi(z_j) - L,382dfb18ab8e671486b9439663b455dc0e97ef929b67de4fc46725ba5ba8a7b6,202611273313,463352,36648.0,500000.0,1.5210001468658447,full_remaining_budget,ok,8,vale24,1.11.6,2026-09-25T19:02:26,254e9852dede4aa6ee4547e114ff8f608824914d,254e9852dede4aa6ee4547e114ff8f608824914d
banana,2,500000.0,359,mw,fresh_v1_2026-09-25,experiments\out\runs\banana_mw_d2_B5e5_seed359\result.h5,17a6d72685defc507f7a64ba4929bc005a8299372b73632c34e381a107d762ee,BAT PriorToGaussian (PriorSubstitution); theta_j = 2 L Phi(z_j) - L,2fefaf8f0d76cbabe4375db20dba227d27480ded3561460a4a49586936a7b4cf,202611273359,464978,35022.0,500000.0,2.8480000495910645,full_remaining_budget,ok,8,vale24,1.11.6,2026-09-25T19:02:29,254e9852dede4aa6ee4547e114ff8f608824914d,254e9852dede4aa6ee4547e114ff8f608824914d
banana,2,500000.0,401,mw,fresh_v1_2026-09-25,experiments\out\runs\banana_mw_d2_B5e5_seed401\result.h5,4ff8aa8107aa82d563820ca61f967c8b64fd2380551b5bbdf2192f1d41a7b476,BAT PriorToGaussian (PriorSubstitution); theta_j = 2 L Phi(z_j) - L,9bc277894a0be2a8ac64bdfa142b46c7cf38c0acf78f381ddc6523731c4b0569,202611273401,465737,34263.0,500000.0,1.3819999694824219,full_remaining_budget,ok,8,vale24,1.11.6,2026-09-25T19:02:33,254e9852dede4aa6ee4547e114ff8f608824914d,254e9852dede4aa6ee4547e114ff8f608824914d
banana,2,500000.0,449,mw,fresh_v1_2026-09-25,experiments\out\runs\banana_mw_d2_B5e5_seed449\result.h5,2d4c484998234884e2f183d4ecccf4b0b494275539f6a0920ed851cd502edcac,BAT PriorToGaussian (PriorSubstitution); theta_j = 2 L Phi(z_j) - L,baf7de8584234cebf2d73f3204dd6fe9af89b8c2022c2cb348422570d324154a,202611273449,466078,33922.0,500000.0,1.2079999446868896,full_remaining_budget,ok,8,vale24,1.11.6,2026-09-25T19:02:35,254e9852dede4aa6ee4547e114ff8f608824914d,254e9852dede4aa6ee4547e114ff8f608824914d
banana,2,500000.0,491,mw,fresh_v1_2026-09-25,experiments\out\runs\banana_mw_d2_B5e5_seed491\result.h5,9bd9fcf6a0a4091620b62079edbb6719d9de5e4a8a554d4691bb6c8d04d7779a,BAT PriorToGaussian (PriorSubstitution); theta_j = 2 L Phi(z_j) - L,7b8ee21d559ef6a46c119f9d016b712df04c487c6905765f266734fb3a1c6b90,202611273491,463245,36755.0,500000.0,1.369999885559082,full_remaining_budget,ok,8,vale24,1.11.6,2026-09-25T19:02:37,254e9852dede4aa6ee4547e114ff8f608824914d,254e9852dede4aa6ee4547e114ff8f608824914d
banana,2,500000.0,541,mw,fresh_v1_2026-09-25,experiments\out\runs\banana_mw_d2_B5e5_seed541\result.h5,6e49973d260cbc716f95975f2eced4102e2d5da1ac1d5b9100a94fb4b088d93a,BAT PriorToGaussian (PriorSubstitution); theta_j = 2 L Phi(z_j) - L,cd2f55138059837cdb7e89bc1188e54f3332143d9538351c8e63e06900e78841,202611273541,461701,38299.0,500000.0,1.569000005722046,full_remaining_budget,ok,8,vale24,1.11.6,2026-09-25T19:02:39,254e9852dede4aa6ee4547e114ff8f608824914d,254e9852dede4aa6ee4547e114ff8f608824914d
banana,2,500000.0,587,mw,fresh_v1_2026-09-25,experiments\out\runs\banana_mw_d2_B5e5_seed587\result.h5,f7686c7df969b7a57bd74eaefcd6fb175bb782105b36474d213ecdc97d91159d,BAT PriorToGaussian (PriorSubstitution); theta_j = 2 L Phi(z_j) - L,903ab56cfb3e5e8e2c4a5ee412a5e2451ab54864e13d86edacaa488b3edc1b93,202611273587,465614,34386.0,500000.0,1.306999921798706,full_remaining_budget,ok,8,vale24,1.11.6,2026-09-25T19:02:42,254e9852dede4aa6ee4547e114ff8f608824914d,254e9852dede4aa6ee4547e114ff8f608824914d
banana,2,500000.0,631,mw,fresh_v1_2026-09-25,experiments\out\runs\banana_mw_d2_B5e5_seed631\result.h5,debfab15ebfb6bf20b92d693c86accd6867ba7d2e23e838198c0a052e0d31b68,BAT PriorToGaussian (PriorSubstitution); theta_j = 2 L Phi(z_j) - L,36d3fb83187156e6a5369e851884657fe2e6c80165951ed77419ae8e88d4e929,202611273631,461920,38080.0,500000.0,1.2349998950958252,full_remaining_budget,ok,8,vale24,1.11.6,2026-09-25T19:02:44,254e9852dede4aa6ee4547e114ff8f608824914d,254e9852dede4aa6ee4547e114ff8f608824914d
banana,2,500000.0,677,mw,fresh_v1_2026-09-25,experiments\out\runs\banana_mw_d2_B5e5_seed677\result.h5,3550d31df71f730ce0b23216793be0777f0ccf66828df0ae9cba0dbae06970df,BAT PriorToGaussian (PriorSubstitution); theta_j = 2 L Phi(z_j) - L,1a50caaed0feb4496b2894d9f0a05fc8c62c3316e4f083c398794706c9530ea8,202611273677,464510,35490.0,500000.0,1.434999942779541,full_remaining_budget,ok,8,vale24,1.11.6,2026-09-25T19:02:46,254e9852dede4aa6ee4547e114ff8f608824914d,254e9852dede4aa6ee4547e114ff8f608824914d
banana,5,5000.0,11,mw,fresh_v1_2026-09-25,experiments\out\runs\banana_mw_d5_B5e3_seed11\result.h5,93392ff7a054aa7ee7df0f1d076c731e9ef0b1bb12d25446b414f84f4d6fa6b5,BAT PriorToGaussian (PriorSubstitution); theta_j = 2 L Phi(z_j) - L,d77ff772dd3276638901b0b6fe2a1183454760df64b4cc2e588dcd2ec88a08ac,202611301011,0,5938.0,5938.0,,exceeds_strict_budget,,8,vale24,1.11.6,2026-09-25T19:14:41,254e9852dede4aa6ee4547e114ff8f608824914d,254e9852dede4aa6ee4547e114ff8f608824914d
banana,5,5000.0,23,mw,fresh_v1_2026-09-25,experiments\out\runs\banana_mw_d5_B5e3_seed23\result.h5,c1b859dd1503f25bba296a5baa43a79a53ce7839f1db05281d06b0986b88c528,BAT PriorToGaussian (PriorSubstitution); theta_j = 2 L Phi(z_j) - L,07f4bf37ac58e97f8b551ca807c6916dd0e5f0b10a2f1424cbad3719eee48b22,202611301023,0,5675.0,5675.0,,exceeds_strict_budget,,8,vale24,1.11.6,2026-09-25T19:14:41,254e9852dede4aa6ee4547e114ff8f608824914d,254e9852dede4aa6ee4547e114ff8f608824914d
banana,5,5000.0,41,mw,fresh_v1_2026-09-25,experiments\out\runs\banana_mw_d5_B5e3_seed41\result.h5,0301d2b9e2b1c4fa5c767859611e9e5c103117bdbeadbffa220a7d19e517c59d,BAT PriorToGaussian (PriorSubstitution); theta_j = 2 L Phi(z_j) - L,9eeea50acb520e568924057ea4f2e62031b00c71fe24d5ee91f76f4138f5ef41,202611301041,0,5777.0,5777.0,,exceeds_strict_budget,,8,vale24,1.11.6,2026-09-25T19:14:42,254e9852dede4aa6ee4547e114ff8f608824914d,254e9852dede4aa6ee4547e114ff8f608824914d
banana,5,5000.0,67,mw,fresh_v1_2026-09-25,experiments\out\runs\banana_mw_d5_B5e3_seed67\result.h5,79a43626c0beaf09a29fc97160d555b6d14c3f4b0b0af72abbb07f234e89b0c1,BAT PriorToGaussian (PriorSubstitution); theta_j = 2 L Phi(z_j) - L,91acdc602ac2913e5332b3daea04b3c13c479d73165bf7a646331624446fd0c1,202611301067,0,5498.0,5498.0,,exceeds_strict_budget,,8,vale24,1.11.6,2026-09-25T19:14:42,254e9852dede4aa6ee4547e114ff8f608824914d,254e9852dede4aa6ee4547e114ff8f608824914d
banana,5,5000.0,97,mw,fresh_v1_2026-09-25,experiments\out\runs\banana_mw_d5_B5e3_seed97\result.h5,737f57204ab018d671bde496de6f3b8936c2fe3d530f159d9f88e790179a239f,BAT PriorToGaussian (PriorSubstitution); theta_j = 2 L Phi(z_j) - L,0d8a86fd2f6c2e8e7ed2eeb40de6ff2d5d4d36aac1c0f19bc68d395aa422cbc1,202611301097,0,5719.0,5719.0,,exceeds_strict_budget,,8,vale24,1.11.6,2026-09-25T19:14:42,254e9852dede4aa6ee4547e114ff8f608824914d,254e9852dede4aa6ee4547e114ff8f608824914d
banana,5,5000.0,113,mw,fresh_v1_2026-09-25,experiments\out\runs\banana_mw_d5_B5e3_seed113\result.h5,ab3abd4a4d0269b8891350dc7ffa49e3f82400dc7d9bf7ba7320bebae378efcb,BAT PriorToGaussian (PriorSubstitution); theta_j = 2 L Phi(z_j) - L,5b841d90439c70acd37b8794c04c229c86e9506c4dcd73d38840268850d7d4a1,202611301113,0,6172.0,6172.0,,exceeds_strict_budget,,8,vale24,1.11.6,2026-09-25T19:14:42,254e9852dede4aa6ee4547e114ff8f608824914d,254e9852dede4aa6ee4547e114ff8f608824914d
banana,5,5000.0,137,mw,fresh_v1_2026-09-25,experiments\out\runs\banana_mw_d5_B5e3_seed137\result.h5,a69937deb47c0d1775bd2c92bc262ad583002f4b843c1a93733ca166c4c59de8,BAT PriorToGaussian (PriorSubstitution); theta_j = 2 L Phi(z_j) - L,6f3437b76313b48bdbdf2df49fff3e8008b0698785fd2902c7401ff68ffd046b,202611301137,0,5151.0,5151.0,,exceeds_strict_budget,,8,vale24,1.11.6,2026-09-25T19:14:42,254e9852dede4aa6ee4547e114ff8f608824914d,254e9852dede4aa6ee4547e114ff8f608824914d
banana,5,5000.0,173,mw,fresh_v1_2026-09-25,experiments\out\runs\banana_mw_d5_B5e3_seed173\result.h5,d71c4fe3d3b896aa32bb64d3c44da02e82322a04b207cc4d41fbf84a2be2571b,BAT PriorToGaussian (PriorSubstitution); theta_j = 2 L Phi(z_j) - L,1d7e6645fbf3c17a148ee7a3cf3ffa5ea7e4a5453f481e2c1a288d5d3e0dcb09,202611301173,0,6154.0,6154.0,,exceeds_strict_budget,,8,vale24,1.11.6,2026-09-25T19:14:42,254e9852dede4aa6ee4547e114ff8f608824914d,254e9852dede4aa6ee4547e114ff8f608824914d
banana,5,5000.0,211,mw,fresh_v1_2026-09-25,experiments\out\runs\banana_mw_d5_B5e3_seed211\result.h5,571407b06e84fdde43fcc3518fab681d0e7e6777914967d1b2d727ed867ba0c1,BAT PriorToGaussian (PriorSubstitution); theta_j = 2 L Phi(z_j) - L,05092ad7a94ee2a316c173041746737f3d93f98b0c1c082822e500c82214d27e,202611301211,0,6000.0,6000.0,,exceeds_strict_budget,,8,vale24,1.11.6,2026-09-25T19:14:42,254e9852dede4aa6ee4547e114ff8f608824914d,254e9852dede4aa6ee4547e114ff8f608824914d
banana,5,5000.0,239,mw,fresh_v1_2026-09-25,experiments\out\runs\banana_mw_d5_B5e3_seed239\result.h5,7f51001f87c3c5ee3ad38d80c6755ec0cb8bc33a4fca294690e7b734204efe0b,BAT PriorToGaussian (PriorSubstitution); theta_j = 2 L Phi(z_j) - L,b2e2a53cd00379176f488a83a93daf9f994484908065a5065c86d05ed4c5da0c,202611301239,0,5991.0,5991.0,,exceeds_strict_budget,,8,vale24,1.11.6,2026-09-25T19:14:42,254e9852dede4aa6ee4547e114ff8f608824914d,254e9852dede4aa6ee4547e114ff8f608824914d
banana,5,5000.0,277,mw,fresh_v1_2026-09-25,experiments\out\runs\banana_mw_d5_B5e3_seed277\result.h5,44286bd6a235a7927d3556e167ae4788f11801af34dc659ad0e75eede827b3e4,BAT PriorToGaussian (PriorSubstitution); theta_j = 2 L Phi(z_j) - L,b2dfc74f34d0aab57412f1b2942707c2e155997f62377f4e7adb1955b02a01c7,202611301277,0,5295.0,5295.0,,exceeds_strict_budget,,8,vale24,1.11.6,2026-09-25T19:14:42,254e9852dede4aa6ee4547e114ff8f608824914d,254e9852dede4aa6ee4547e114ff8f608824914d
banana,5,5000.0,313,mw,fresh_v1_2026-09-25,experiments\out\runs\banana_mw_d5_B5e3_seed313\result.h5,0a610c5163c3263b53520f7fa3ce9558e90f0e296494c40f2f9666d825a7a15a,BAT PriorToGaussian (PriorSubstitution); theta_j = 2 L Phi(z_j) - L,e922b8aa51023b66e5922b5a4696c1e256c79908b3da7aa9a46e5a4daf38231f,202611301313,0,5227.0,5227.0,,exceeds_strict_budget,,8,vale24,1.11.6,2026-09-25T19:14:42,254e9852dede4aa6ee4547e114ff8f608824914d,254e9852dede4aa6ee4547e114ff8f608824914d
banana,5,5000.0,359,mw,fresh_v1_2026-09-25,experiments\out\runs\banana_mw_d5_B5e3_seed359\result.h5,91dccac536bbd6fa5527de8498a270ff72972b428a4365ca4cef08744876f10a,BAT PriorToGaussian (PriorSubstitution); theta_j = 2 L Phi(z_j) - L,f1ba6552183c2892a167b63b037203cbf0f68b9706668b20b4b86a579d035880,202611301359,0,5083.0,5083.0,,exceeds_strict_budget,,8,vale24,1.11.6,2026-09-25T19:14:42,254e9852dede4aa6ee4547e114ff8f608824914d,254e9852dede4aa6ee4547e114ff8f608824914d
banana,5,5000.0,401,mw,fresh_v1_2026-09-25,experiments\out\runs\banana_mw_d5_B5e3_seed401\result.h5,0a8c34c3b751c2333f9bf305ec00d19f02951193267205545383650d075fac1c,BAT PriorToGaussian (PriorSubstitution); theta_j = 2 L Phi(z_j) - L,d9dee37604f3df0c777e272af107dce03e890e92ac51971bcbcbc0299ee4407b,202611301401,0,6065.0,6065.0,,exceeds_strict_budget,,8,vale24,1.11.6,2026-09-25T19:14:42,254e9852dede4aa6ee4547e114ff8f608824914d,254e9852dede4aa6ee4547e114ff8f608824914d
banana,5,5000.0,449,mw,fresh_v1_2026-09-25,experiments\out\runs\banana_mw_d5_B5e3_seed449\result.h5,2dc0ab70c2d25c8421701821393d0121f4cbb9f32168837bc0d748746e2a6af6,BAT PriorToGaussian (PriorSubstitution); theta_j = 2 L Phi(z_j) - L,951bb15190439e599a4f765e272858dfaad0d7d96d7f991f2f627ad82e882d92,202611301449,0,5726.0,5726.0,,exceeds_strict_budget,,8,vale24,1.11.6,2026-09-25T19:14:42,254e9852dede4aa6ee4547e114ff8f608824914d,254e9852dede4aa6ee4547e114ff8f608824914d
banana,5,5000.0,491,mw,fresh_v1_2026-09-25,experiments\out\runs\banana_mw_d5_B5e3_seed491\result.h5,7ad18962565c8e312b9dea7abc418e7008c2fe318d4891db60bb215a1970e623,BAT PriorToGaussian (PriorSubstitution); theta_j = 2 L Phi(z_j) - L,876d499e24362162a85164d91b37e52e15f639c37b561bb8eb73933832b088d6,202611301491,0,5574.0,5574.0,,exceeds_strict_budget,,8,vale24,1.11.6,2026-09-25T19:14:42,254e9852dede4aa6ee4547e114ff8f608824914d,254e9852dede4aa6ee4547e114ff8f608824914d
banana,5,5000.0,541,mw,fresh_v1_2026-09-25,experiments\out\runs\banana_mw_d5_B5e3_seed541\result.h5,28edd2632d722b9b27e2aa6242a4151b4233a65de9c4f921e215735888243aff,BAT PriorToGaussian (PriorSubstitution); theta_j = 2 L Phi(z_j) - L,275a7748dafdbda600dda1f29c68b8089bd1746a4bd261b984acfafaaca1b514,202611301541,0,5747.0,5747.0,,exceeds_strict_budget,,8,vale24,1.11.6,2026-09-25T19:14:42,254e9852dede4aa6ee4547e114ff8f608824914d,254e9852dede4aa6ee4547e114ff8f608824914d
banana,5,5000.0,587,mw,fresh_v1_2026-09-25,experiments\out\runs\banana_mw_d5_B5e3_seed587\result.h5,972ed052495ff73b84db48ddcd33b210bf71313ac9d657216f040bdbd8f00c6f,BAT PriorToGaussian (PriorSubstitution); theta_j = 2 L Phi(z_j) - L,f4d99300a0f996ccba7b066ff0a0768c9ebf432aca49743a4182307e617fdb97,202611301587,0,5737.0,5737.0,,exceeds_strict_budget,,8,vale24,1.11.6,2026-09-25T19:14:42,254e9852dede4aa6ee4547e114ff8f608824914d,254e9852dede4aa6ee4547e114ff8f608824914d
banana,5,5000.0,631,mw,fresh_v1_2026-09-25,experiments\out\runs\banana_mw_d5_B5e3_seed631\result.h5,43a07073a5cb760770d5f1387f2134d85e06d9d50cb2ad11f5c2414a2c90a3c7,BAT PriorToGaussian (PriorSubstitution); theta_j = 2 L Phi(z_j) - L,58f347b29acd1c53d91c764ae5bee638183f561644ea28b6b78ffd9104d043e6,202611301631,0,5855.0,5855.0,,exceeds_strict_budget,,8,vale24,1.11.6,2026-09-25T19:14:42,254e9852dede4aa6ee4547e114ff8f608824914d,254e9852dede4aa6ee4547e114ff8f608824914d
banana,5,5000.0,677,mw,fresh_v1_2026-09-25,experiments\out\runs\banana_mw_d5_B5e3_seed677\result.h5,85b982d1a777bad2894cae1c35cab943157ddda50c98cf80b304cbe1beebe9c4,BAT PriorToGaussian (PriorSubstitution); theta_j = 2 L Phi(z_j) - L,0934e96327937e43714eac8ea17dd11126b39f04e2193ba855e8c71651e9057c,202611301677,0,5726.0,5726.0,,exceeds_strict_budget,,8,vale24,1.11.6,2026-09-25T19:14:42,254e9852dede4aa6ee4547e114ff8f608824914d,254e9852dede4aa6ee4547e114ff8f608824914d
banana,5,50000.0,11,mw,fresh_v1_2026-09-25,experiments\out\runs\banana_mw_d5_B5e4_seed11\result.h5,54ce637847014a5d1f2cefe4da72b259655f1b062277994888f3157f738bd315,BAT PriorToGaussian (PriorSubstitution); theta_j = 2 L Phi(z_j) - L,a0fdb7beb549ce593b739bd211f76983535cd0a24f908fa7f75aa3d960f37dfa,202611302011,12683,37317.0,50000.0,0.06400012969970703,full_remaining_budget,ok,8,vale24,1.11.6,2026-09-25T19:12:01,254e9852dede4aa6ee4547e114ff8f608824914d,254e9852dede4aa6ee4547e114ff8f608824914d
banana,5,50000.0,23,mw,fresh_v1_2026-09-25,experiments\out\runs\banana_mw_d5_B5e4_seed23\result.h5,2379989c5d788fb7f1278a0c0f454bc0c88c9afe96ddcdccb4763f3181c2a66e,BAT PriorToGaussian (PriorSubstitution); theta_j = 2 L Phi(z_j) - L,018a1d9f78472837c48847d96545a5c77daa97a2489cd0d052e061bcc4289194,202611302023,9926,40074.0,50000.0,0.06399989128112793,full_remaining_budget,ok,8,vale24,1.11.6,2026-09-25T19:12:01,254e9852dede4aa6ee4547e114ff8f608824914d,254e9852dede4aa6ee4547e114ff8f608824914d
banana,5,50000.0,41,mw,fresh_v1_2026-09-25,experiments\out\runs\banana_mw_d5_B5e4_seed41\result.h5,19f3819e6acfb1841dc15ff41d8e6073f479edb1feee53f097898c1bc493d464,BAT PriorToGaussian (PriorSubstitution); theta_j = 2 L Phi(z_j) - L,5f418f4e31507e6a45d9a6ff8c38893b54682bd8bf04768d4f3395e80f1f12a5,202611302041,12829,37171.0,50000.0,0.11400008201599121,full_remaining_budget,ok,8,vale24,1.11.6,2026-09-25T19:12:03,254e9852dede4aa6ee4547e114ff8f608824914d,254e9852dede4aa6ee4547e114ff8f608824914d
banana,5,50000.0,67,mw,fresh_v1_2026-09-25,experiments\out\runs\banana_mw_d5_B5e4_seed67\result.h5,046928bfbda721644f8ceea6f08d48b7c7bf380ae8feff9c4f0d576cdb70e933,BAT PriorToGaussian (PriorSubstitution); theta_j = 2 L Phi(z_j) - L,497a5f640e0e529707845753f70d906c9662256a59ac4bec987be755bd6b8b0a,202611302067,12656,37344.0,50000.0,0.12000012397766113,full_remaining_budget,ok,8,vale24,1.11.6,2026-09-25T19:12:04,254e9852dede4aa6ee4547e114ff8f608824914d,254e9852dede4aa6ee4547e114ff8f608824914d
banana,5,50000.0,97,mw,fresh_v1_2026-09-25,experiments\out\runs\banana_mw_d5_B5e4_seed97\result.h5,70347c0724f0fb80846a10408db89d87588d0c47b39f0f5ebcfad2dbdc480a91,BAT PriorToGaussian (PriorSubstitution); theta_j = 2 L Phi(z_j) - L,ee0b0240967d4edce7a84641c2e4ed1e087f163fb795a13a2f14ec6da63cfb7f,202611302097,10666,39334.0,50000.0,0.06999993324279785,full_remaining_budget,ok,8,vale24,1.11.6,2026-09-25T19:12:05,254e9852dede4aa6ee4547e114ff8f608824914d,254e9852dede4aa6ee4547e114ff8f608824914d
banana,5,50000.0,113,mw,fresh_v1_2026-09-25,experiments\out\runs\banana_mw_d5_B5e4_seed113\result.h5,2d859ccb2db4adb261de27402c11d5c9504be18447e6e013a6f7b4b60cf64e72,BAT PriorToGaussian (PriorSubstitution); theta_j = 2 L Phi(z_j) - L,be05fc7654f6bf44dc39245d096577ba90b0d7a6425fd661ac2f00e437cb2f4e,202611302113,11611,38389.0,50000.0,0.0820000171661377,full_remaining_budget,ok,8,vale24,1.11.6,2026-09-25T19:12:06,254e9852dede4aa6ee4547e114ff8f608824914d,254e9852dede4aa6ee4547e114ff8f608824914d
banana,5,50000.0,137,mw,fresh_v1_2026-09-25,experiments\out\runs\banana_mw_d5_B5e4_seed137\result.h5,46378f176dcd4ab7a098dfe62727a4fc1908b4cae6ab9a25afe3c440bf1b1b14,BAT PriorToGaussian (PriorSubstitution); theta_j = 2 L Phi(z_j) - L,de82361231b643aba631c6369b02dc76199f47a879095eed36423abdc188dad7,202611302137,13567,36433.0,50000.0,0.11300015449523926,full_remaining_budget,ok,8,vale24,1.11.6,2026-09-25T19:12:07,254e9852dede4aa6ee4547e114ff8f608824914d,254e9852dede4aa6ee4547e114ff8f608824914d
banana,5,50000.0,173,mw,fresh_v1_2026-09-25,experiments\out\runs\banana_mw_d5_B5e4_seed173\result.h5,c7a3044971857826d276cc57c560c3fcfa2feeff7547cdd7a67bee252bcce0c3,BAT PriorToGaussian (PriorSubstitution); theta_j = 2 L Phi(z_j) - L,140b4891617740a74aa219617adb7cf877dbad37c10ad708119b05795d0b47ac,202611302173,15686,34314.0,50000.0,0.182999849319458,full_remaining_budget,ok,8,vale24,1.11.6,2026-09-25T19:12:08,254e9852dede4aa6ee4547e114ff8f608824914d,254e9852dede4aa6ee4547e114ff8f608824914d
banana,5,50000.0,211,mw,fresh_v1_2026-09-25,experiments\out\runs\banana_mw_d5_B5e4_seed211\result.h5,32912a8f863572532185f9553493a0d35852e31d66968168f97b17da8e0e48d4,BAT PriorToGaussian (PriorSubstitution); theta_j = 2 L Phi(z_j) - L,3d8c583fa2419d93f9b582776f7f75d480d0d42840cd381cecffc20f197936dd,202611302211,9680,40320.0,50000.0,0.04499983787536621,full_remaining_budget,ok,8,vale24,1.11.6,2026-09-25T19:12:09,254e9852dede4aa6ee4547e114ff8f608824914d,254e9852dede4aa6ee4547e114ff8f608824914d
banana,5,50000.0,239,mw,fresh_v1_2026-09-25,experiments\out\runs\banana_mw_d5_B5e4_seed239\result.h5,293309b1a3646e689860219cbdfc8d72f2e97ad51025e16ed0d050034c8c5a78,BAT PriorToGaussian (PriorSubstitution); theta_j = 2 L Phi(z_j) - L,855f1652e3489ab7aa7f67d50096ba785b39b3e2e5d3b28dbbcbb89ba6567ad5,202611302239,10810,39190.0,50000.0,0.04400014877319336,full_remaining_budget,ok,8,vale24,1.11.6,2026-09-25T19:12:09,254e9852dede4aa6ee4547e114ff8f608824914d,254e9852dede4aa6ee4547e114ff8f608824914d
banana,5,50000.0,277,mw,fresh_v1_2026-09-25,experiments\out\runs\banana_mw_d5_B5e4_seed277\result.h5,bab43ce010cfb1cb1b8acb549c3e8e1617214502c5972a27c7fadbc83cddf441,BAT PriorToGaussian (PriorSubstitution); theta_j = 2 L Phi(z_j) - L,d891203b3d58bb6ff60d35a140ffb17834e11f5a322811b6ef985f0cadf7c161,202611302277,7079,42921.0,50000.0,0.029000043869018555,full_remaining_budget,ok,8,vale24,1.11.6,2026-09-25T19:12:10,254e9852dede4aa6ee4547e114ff8f608824914d,254e9852dede4aa6ee4547e114ff8f608824914d
banana,5,50000.0,313,mw,fresh_v1_2026-09-25,experiments\out\runs\banana_mw_d5_B5e4_seed313\result.h5,f1872b3618dd533c416dd0575e85a701ba8b0e337d90328cc884f3264596e9b2,BAT PriorToGaussian (PriorSubstitution); theta_j = 2 L Phi(z_j) - L,f1ccc58a53f3cb45f401af241c17ea656263448e94249f90dfee8b366238ca8a,202611302313,9524,40476.0,50000.0,0.04500007629394531,full_remaining_budget,ok,8,vale24,1.11.6,2026-09-25T19:12:11,254e9852dede4aa6ee4547e114ff8f608824914d,254e9852dede4aa6ee4547e114ff8f608824914d
banana,5,50000.0,359,mw,fresh_v1_2026-09-25,experiments\out\runs\banana_mw_d5_B5e4_seed359\result.h5,647940a4adc35db0ff624cdc4362b71f62044a4d80183e6cf4c43537fe94cff1,BAT PriorToGaussian (PriorSubstitution); theta_j = 2 L Phi(z_j) - L,c1288d899af54314b7c62d515a8a986cd8431a115911ce2d7bf5c990e3dbdac8,202611302359,10409,39591.0,50000.0,0.03900003433227539,full_remaining_budget,ok,8,vale24,1.11.6,2026-09-25T19:12:11,254e9852dede4aa6ee4547e114ff8f608824914d,254e9852dede4aa6ee4547e114ff8f608824914d
banana,5,50000.0,401,mw,fresh_v1_2026-09-25,experiments\out\runs\banana_mw_d5_B5e4_seed401\result.h5,7b642e7bf618ca281788a5bdb943e0586cc286de3ce5c188d49026a6eb12525f,BAT PriorToGaussian (PriorSubstitution); theta_j = 2 L Phi(z_j) - L,e1628ed1266b050f734d3f95f31893fa0002dacd6594b51cf54dcf8c503c2286,202611302401,11433,38567.0,50000.0,0.03699994087219238,full_remaining_budget,ok,8,vale24,1.11.6,2026-09-25T19:12:12,254e9852dede4aa6ee4547e114ff8f608824914d,254e9852dede4aa6ee4547e114ff8f608824914d
banana,5,50000.0,449,mw,fresh_v1_2026-09-25,experiments\out\runs\banana_mw_d5_B5e4_seed449\result.h5,f0c59b21997b2007a249388057f18eb18d22953a72708b3decb9730ebd8f23ab,BAT PriorToGaussian (PriorSubstitution); theta_j = 2 L Phi(z_j) - L,ad4a011dfb7346e075a0eb45cafaa13ff3b5247b04677b687e897f0a78332373,202611302449,11187,38813.0,50000.0,0.046000003814697266,full_remaining_budget,ok,8,vale24,1.11.6,2026-09-25T19:12:12,254e9852dede4aa6ee4547e114ff8f608824914d,254e9852dede4aa6ee4547e114ff8f608824914d
banana,5,50000.0,491,mw,fresh_v1_2026-09-25,experiments\out\runs\banana_mw_d5_B5e4_seed491\result.h5,3b580cd8212e6c6fba86d2e9edfc0628900de1d9c6806977c50dea1e741f891e,BAT PriorToGaussian (PriorSubstitution); theta_j = 2 L Phi(z_j) - L,fe8dde2e474350c087047b77b6e5e3907217e155d383e5f417b8a4bb295067a9,202611302491,13184,36816.0,50000.0,0.04900002479553223,full_remaining_budget,ok,8,vale24,1.11.6,2026-09-25T19:12:13,254e9852dede4aa6ee4547e114ff8f608824914d,254e9852dede4aa6ee4547e114ff8f608824914d
banana,5,50000.0,541,mw,fresh_v1_2026-09-25,experiments\out\runs\banana_mw_d5_B5e4_seed541\result.h5,a574012341cd2c38c015fc2bd8cac7fb16535a87c7acb876d91dac2b76a576e2,BAT PriorToGaussian (PriorSubstitution); theta_j = 2 L Phi(z_j) - L,b3496b7bea2dc0f97d8838de62c650c114140dac0a38f0241a83af29843ea0e6,202611302541,10705,39295.0,50000.0,0.029000043869018555,full_remaining_budget,ok,8,vale24,1.11.6,2026-09-25T19:12:13,254e9852dede4aa6ee4547e114ff8f608824914d,254e9852dede4aa6ee4547e114ff8f608824914d
banana,5,50000.0,587,mw,fresh_v1_2026-09-25,experiments\out\runs\banana_mw_d5_B5e4_seed587\result.h5,28ed8aaca360e4961254e7829f2e45b53916f43d8086bbaac5fea16b1e4262ef,BAT PriorToGaussian (PriorSubstitution); theta_j = 2 L Phi(z_j) - L,6fa13bd515b08ea7199725da7ac36514b548ffe28e4d93b9504bd008cae0f970,202611302587,9382,40618.0,50000.0,0.03800010681152344,full_remaining_budget,ok,8,vale24,1.11.6,2026-09-25T19:12:14,254e9852dede4aa6ee4547e114ff8f608824914d,254e9852dede4aa6ee4547e114ff8f608824914d
banana,5,50000.0,631,mw,fresh_v1_2026-09-25,experiments\out\runs\banana_mw_d5_B5e4_seed631\result.h5,8ee53eeb87c7014efa27498962abec36b6d03ad0e633ea8c99880e5ee28b4933,BAT PriorToGaussian (PriorSubstitution); theta_j = 2 L Phi(z_j) - L,8c06d4fd86e5b571f0cf0d98e6c93d2d3b57134b1b3b36273586ce68f97be09e,202611302631,12674,37326.0,50000.0,0.0410001277923584,full_remaining_budget,ok,8,vale24,1.11.6,2026-09-25T19:12:14,254e9852dede4aa6ee4547e114ff8f608824914d,254e9852dede4aa6ee4547e114ff8f608824914d
banana,5,50000.0,677,mw,fresh_v1_2026-09-25,experiments\out\runs\banana_mw_d5_B5e4_seed677\result.h5,41766a4c60ad49af16adac0fe31ff3742b50d787e63143256994b40606167450,BAT PriorToGaussian (PriorSubstitution); theta_j = 2 L Phi(z_j) - L,3dc29bf37c7fb067234e444e6ca306dabb31b86a32db7bf8b354631e57dd2220,202611302677,9405,40595.0,50000.0,0.02500009536743164,full_remaining_budget,ok,8,vale24,1.11.6,2026-09-25T19:12:15,254e9852dede4aa6ee4547e114ff8f608824914d,254e9852dede4aa6ee4547e114ff8f608824914d
banana,5,500000.0,11,mw,fresh_v1_2026-09-25,experiments\out\runs\banana_mw_d5_B5e5_seed11\result.h5,09af86ec4992e7e05365997e20526891ddf04197c6bcbeefb7a231263c812cef,BAT PriorToGaussian (PriorSubstitution); theta_j = 2 L Phi(z_j) - L,a6beb18f7cb4cf81b2153d119120b95217d842c57e8e89e3ad64ede15e83bf22,202611303011,445735,54265.0,500000.0,2.9809999465942383,full_remaining_budget,ok,8,vale24,1.11.6,2026-09-25T18:52:49,254e9852dede4aa6ee4547e114ff8f608824914d,254e9852dede4aa6ee4547e114ff8f608824914d
banana,5,500000.0,23,mw,fresh_v1_2026-09-25,experiments\out\runs\banana_mw_d5_B5e5_seed23\result.h5,db6f3ea40b125b2a79dce7122d974b6c91ecf1b5a23427eb3afa0a17b9f940f4,BAT PriorToGaussian (PriorSubstitution); theta_j = 2 L Phi(z_j) - L,4b167f5ff1acd6d1ea79931bd536aea40f7fcc9dc4ee4092dfad1fbe6c694fc8,202611303023,446661,53339.0,500000.0,2.3390002250671387,full_remaining_budget,ok,8,vale24,1.11.6,2026-09-25T18:52:53,254e9852dede4aa6ee4547e114ff8f608824914d,254e9852dede4aa6ee4547e114ff8f608824914d
banana,5,500000.0,41,mw,fresh_v1_2026-09-25,experiments\out\runs\banana_mw_d5_B5e5_seed41\result.h5,85697af55f9bd573ee28c904241f11506219743e2605b71ad5a064958ee63d1b,BAT PriorToGaussian (PriorSubstitution); theta_j = 2 L Phi(z_j) - L,813b547731a1cbd31e890fc447ae0c43f56064bca86e71ae018aa7281f015174,202611303041,440259,59741.0,500000.0,2.115999937057495,full_remaining_budget,ok,8,vale24,1.11.6,2026-09-25T18:52:57,254e9852dede4aa6ee4547e114ff8f608824914d,254e9852dede4aa6ee4547e114ff8f608824914d
banana,5,500000.0,67,mw,fresh_v1_2026-09-25,experiments\out\runs\banana_mw_d5_B5e5_seed67\result.h5,fa59371711877172afdf911a797887503bfdf4abcd5bb6b3b07770573b003ef2,BAT PriorToGaussian (PriorSubstitution); theta_j = 2 L Phi(z_j) - L,92fe49f4f1109b13220129e312c560619fdba706945b88300c26ce3df4412f56,202611303067,444241,55759.0,500000.0,2.307999849319458,full_remaining_budget,ok,8,vale24,1.11.6,2026-09-25T18:52:59,254e9852dede4aa6ee4547e114ff8f608824914d,254e9852dede4aa6ee4547e114ff8f608824914d
banana,5,500000.0,97,mw,fresh_v1_2026-09-25,experiments\out\runs\banana_mw_d5_B5e5_seed97\result.h5,16a4eb7571d0faffffd68c0f94785dbf5f0c44ad6cf18b44dd327c1c6de143bb,BAT PriorToGaussian (PriorSubstitution); theta_j = 2 L Phi(z_j) - L,be1252f1c6a7873d3bc8a34bd15eea36a50173494f2a5a444ad44f0184d984b4,202611303097,442695,57305.0,500000.0,2.9650001525878906,full_remaining_budget,ok,8,vale24,1.11.6,2026-09-25T18:53:03,254e9852dede4aa6ee4547e114ff8f608824914d,254e9852dede4aa6ee4547e114ff8f608824914d
banana,5,500000.0,113,mw,fresh_v1_2026-09-25,experiments\out\runs\banana_mw_d5_B5e5_seed113\result.h5,391707460abb51ac853536dae7d47cb8494d65e5a9f7b32eb737c6efc592add5,BAT PriorToGaussian (PriorSubstitution); theta_j = 2 L Phi(z_j) - L,38e2e14c1b1db2783675b9ffde1e9fb78058b822bef297011b342af69040fac4,202611303113,443449,56551.0,500000.0,2.9830000400543213,full_remaining_budget,ok,8,vale24,1.11.6,2026-09-25T18:53:07,254e9852dede4aa6ee4547e114ff8f608824914d,254e9852dede4aa6ee4547e114ff8f608824914d
banana,5,500000.0,137,mw,fresh_v1_2026-09-25,experiments\out\runs\banana_mw_d5_B5e5_seed137\result.h5,545d5b3bc63cd8626fa5bf921f272f24edf9a6b0ee9d8cf3872d050f690a2cb8,BAT PriorToGaussian (PriorSubstitution); theta_j = 2 L Phi(z_j) - L,c2e8f6ea819c2748c4fa1988bf1dc107e182bd8df6dbed895d61fb051970146f,202611303137,440088,59912.0,500000.0,2.503000020980835,full_remaining_budget,ok,8,vale24,1.11.6,2026-09-25T18:53:12,254e9852dede4aa6ee4547e114ff8f608824914d,254e9852dede4aa6ee4547e114ff8f608824914d
banana,5,500000.0,173,mw,fresh_v1_2026-09-25,experiments\out\runs\banana_mw_d5_B5e5_seed173\result.h5,eecd2199b2ac5ea23f104ef9afe720bd349cf321fa67229d768739811041bc75,BAT PriorToGaussian (PriorSubstitution); theta_j = 2 L Phi(z_j) - L,df0f971e60a4576b2b565f5b80facae3c18cda4f4fadc804a5a3abb030d8538e,202611303173,444696,55304.0,500000.0,2.2659997940063477,full_remaining_budget,ok,8,vale24,1.11.6,2026-09-25T18:53:16,254e9852dede4aa6ee4547e114ff8f608824914d,254e9852dede4aa6ee4547e114ff8f608824914d
banana,5,500000.0,211,mw,fresh_v1_2026-09-25,experiments\out\runs\banana_mw_d5_B5e5_seed211\result.h5,3308dedae172326b025d0f53daa052bb83567e9777a68d162e7548cbf201f2b7,BAT PriorToGaussian (PriorSubstitution); theta_j = 2 L Phi(z_j) - L,af339d9b4cdb77775b85841fffb34d634bb83e3aa99d250e42d1cf14f79322b2,202611303211,443565,56435.0,500000.0,2.064000129699707,full_remaining_budget,ok,8,vale24,1.11.6,2026-09-25T18:53:19,254e9852dede4aa6ee4547e114ff8f608824914d,254e9852dede4aa6ee4547e114ff8f608824914d
banana,5,500000.0,239,mw,fresh_v1_2026-09-25,experiments\out\runs\banana_mw_d5_B5e5_seed239\result.h5,b08f57e788f3d105009cb75128a01d654d61d7d15d15457ed173d20971c74ad2,BAT PriorToGaussian (PriorSubstitution); theta_j = 2 L Phi(z_j) - L,d6d3218b3ded10b84df14be5d2e03704f823b3c2357125285dd577c26910a890,202611303239,444570,55430.0,500000.0,2.1429998874664307,full_remaining_budget,ok,8,vale24,1.11.6,2026-09-25T18:53:22,254e9852dede4aa6ee4547e114ff8f608824914d,254e9852dede4aa6ee4547e114ff8f608824914d
banana,5,500000.0,277,mw,fresh_v1_2026-09-25,experiments\out\runs\banana_mw_d5_B5e5_seed277\result.h5,dfc11adbfaed47503ab7f9b18b1104774893a0e21ba1e1730b03d0103b3bebfc,BAT PriorToGaussian (PriorSubstitution); theta_j = 2 L Phi(z_j) - L,e72786bbd0b405ea2b2663b7af370fea37f9dfcfaf3962a4edaf8fd4fac50707,202611303277,444445,55555.0,500000.0,2.1619999408721924,full_remaining_budget,ok,8,vale24,1.11.6,2026-09-25T18:53:25,254e9852dede4aa6ee4547e114ff8f608824914d,254e9852dede4aa6ee4547e114ff8f608824914d
banana,5,500000.0,313,mw,fresh_v1_2026-09-25,experiments\out\runs\banana_mw_d5_B5e5_seed313\result.h5,fbaf25803e9a5d61d683fa6fb4963c3dcf8877e183553b166368b61070b6fb40,BAT PriorToGaussian (PriorSubstitution); theta_j = 2 L Phi(z_j) - L,65faa6a23800da5a35cd44cedd3db95223cb398d07c2fd4dd2678b11281f431c,202611303313,445885,54115.0,500000.0,3.5830001831054688,full_remaining_budget,ok,8,vale24,1.11.6,2026-09-25T18:53:28,254e9852dede4aa6ee4547e114ff8f608824914d,254e9852dede4aa6ee4547e114ff8f608824914d
banana,5,500000.0,359,mw,fresh_v1_2026-09-25,experiments\out\runs\banana_mw_d5_B5e5_seed359\result.h5,5dfde091135952ced0b71017994091d63c9f4901fb36308fbb6e560ebb038044,BAT PriorToGaussian (PriorSubstitution); theta_j = 2 L Phi(z_j) - L,e1228ed198a59be72d136be77771bdcce63a664a0696b78542d41a4a8ada11fb,202611303359,443275,56725.0,500000.0,3.114000082015991,full_remaining_budget,ok,8,vale24,1.11.6,2026-09-25T18:53:33,254e9852dede4aa6ee4547e114ff8f608824914d,254e9852dede4aa6ee4547e114ff8f608824914d
banana,5,500000.0,401,mw,fresh_v1_2026-09-25,experiments\out\runs\banana_mw_d5_B5e5_seed401\result.h5,70122d031b793a57baa6f7c953d6d44e8b08ee5a7f6fa6657b60e06325b36f6b,BAT PriorToGaussian (PriorSubstitution); theta_j = 2 L Phi(z_j) - L,077f1f4a09504152b5e589a8db51c1a2148eced8fc538a52b6898c6e1cbbb6eb,202611303401,442992,57008.0,500000.0,3.488999843597412,full_remaining_budget,ok,8,vale24,1.11.6,2026-09-25T18:53:38,254e9852dede4aa6ee4547e114ff8f608824914d,254e9852dede4aa6ee4547e114ff8f608824914d
banana,5,500000.0,449,mw,fresh_v1_2026-09-25,experiments\out\runs\banana_mw_d5_B5e5_seed449\result.h5,e61f80ffcb285bfa04914361814aaa1d6398b4e8617e8654dee861583c2c1490,BAT PriorToGaussian (PriorSubstitution); theta_j = 2 L Phi(z_j) - L,eaf4010cbcb5918ee754c22ffeaafc8410d0c17c8517c5af32cb0f484ec6466b,202611303449,441446,58554.0,500000.0,2.6610000133514404,full_remaining_budget,ok,8,vale24,1.11.6,2026-09-25T18:53:43,254e9852dede4aa6ee4547e114ff8f608824914d,254e9852dede4aa6ee4547e114ff8f608824914d
banana,5,500000.0,491,mw,fresh_v1_2026-09-25,experiments\out\runs\banana_mw_d5_B5e5_seed491\result.h5,4ad0121461a8c8874fcbdf0508ac91fc721d1ed7780d2dcc738bedeb026051ca,BAT PriorToGaussian (PriorSubstitution); theta_j = 2 L Phi(z_j) - L,6de518b1ff24729c29110634b66349b62889b7e761996fd0e37c6b5317cab1df,202611303491,443756,56244.0,500000.0,2.183000087738037,full_remaining_budget,ok,8,vale24,1.11.6,2026-09-25T18:53:48,254e9852dede4aa6ee4547e114ff8f608824914d,254e9852dede4aa6ee4547e114ff8f608824914d
banana,5,500000.0,541,mw,fresh_v1_2026-09-25,experiments\out\runs\banana_mw_d5_B5e5_seed541\result.h5,ebc6e6feeeaae9bf6d721dd4aa58881745788af5df414a6050ab974e827d3147,BAT PriorToGaussian (PriorSubstitution); theta_j = 2 L Phi(z_j) - L,409664ca41482f8ef18e0d072fb7cdc3db3799c9ddd851de6997a9092711fdd2,202611303541,444030,55970.0,500000.0,2.13100004196167,full_remaining_budget,ok,8,vale24,1.11.6,2026-09-25T18:53:51,254e9852dede4aa6ee4547e114ff8f608824914d,254e9852dede4aa6ee4547e114ff8f608824914d
banana,5,500000.0,587,mw,fresh_v1_2026-09-25,experiments\out\runs\banana_mw_d5_B5e5_seed587\result.h5,9e27306175158c3e4371aed603c0a8669e0eca73d658964c619cbc4bb5381dec,BAT PriorToGaussian (PriorSubstitution); theta_j = 2 L Phi(z_j) - L,be86efe6dc24467102f1adac6cf0afea38566781c2f003edf07ce8315110dad5,202611303587,442379,57621.0,500000.0,3.2150001525878906,full_remaining_budget,ok,8,vale24,1.11.6,2026-09-25T18:53:54,254e9852dede4aa6ee4547e114ff8f608824914d,254e9852dede4aa6ee4547e114ff8f608824914d
banana,5,500000.0,631,mw,fresh_v1_2026-09-25,experiments\out\runs\banana_mw_d5_B5e5_seed631\result.h5,03bc18ead77dbae823a9b51c93659a923f0ebfe030bfcba7cac10fdf22ce7722,BAT PriorToGaussian (PriorSubstitution); theta_j = 2 L Phi(z_j) - L,00168d1f8a663e2a78c6a9a87f9a26944fbd620c958b6e12640b967087f19095,202611303631,443086,56914.0,500000.0,2.501999855041504,full_remaining_budget,ok,8,vale24,1.11.6,2026-09-25T18:53:58,254e9852dede4aa6ee4547e114ff8f608824914d,254e9852dede4aa6ee4547e114ff8f608824914d
banana,5,500000.0,677,mw,fresh_v1_2026-09-25,experiments\out\runs\banana_mw_d5_B5e5_seed677\result.h5,373640a7f0e4040fb7f2a736708d0a9a0598fa0756ba8c428fa771ebf15d4316,BAT PriorToGaussian (PriorSubstitution); theta_j = 2 L Phi(z_j) - L,d39680f83e97f29fcab74a5cdbdad15bdb178ad783ceeb40ab71f27f3ceab44f,202611303677,446700,53300.0,500000.0,3.4029998779296875,full_remaining_budget,ok,8,vale24,1.11.6,2026-09-25T18:54:02,254e9852dede4aa6ee4547e114ff8f608824914d,254e9852dede4aa6ee4547e114ff8f608824914d
banana,10,5000.0,11,mw,fresh_v1_2026-09-25,experiments\out\runs\banana_mw_d10_B5e3_seed11\result.h5,b0821a58c4c5b3753f9e3aef8e0a7fee9720d17adf5ecab22dac0d5e2b36abaa,BAT PriorToGaussian (PriorSubstitution); theta_j = 2 L Phi(z_j) - L,0af1333eb5423b8667f47039a9cbc74a25ab2db087e4c7b4d6773886f1a66d60,202611351011,0,5209.0,5209.0,,exceeds_strict_budget,,8,vale24,1.11.6,2026-09-25T19:14:43,254e9852dede4aa6ee4547e114ff8f608824914d,254e9852dede4aa6ee4547e114ff8f608824914d
banana,10,5000.0,23,mw,fresh_v1_2026-09-25,experiments\out\runs\banana_mw_d10_B5e3_seed23\result.h5,7bce7db0dcacb819ea42b28747d7409e2314e1f36e55f0c157c0fe47a223f022,BAT PriorToGaussian (PriorSubstitution); theta_j = 2 L Phi(z_j) - L,2e914f648b3b6d54da1ba59b3d1f85bd082107036fc8e300fc571f167b8078f2,202611351023,0,5003.0,5003.0,,exceeds_strict_budget,,8,vale24,1.11.6,2026-09-25T19:14:43,254e9852dede4aa6ee4547e114ff8f608824914d,254e9852dede4aa6ee4547e114ff8f608824914d
banana,10,5000.0,41,mw,fresh_v1_2026-09-25,experiments\out\runs\banana_mw_d10_B5e3_seed41\result.h5,8e248c648db70215cb3f10442d53475ba64ea8998868071c8e316650af5dfc5b,BAT PriorToGaussian (PriorSubstitution); theta_j = 2 L Phi(z_j) - L,ddfdba52c2c93c15d78c0bfdbc50d8033c0d2565173b7e52e4515b4536a972d7,202611351041,0,5211.0,5211.0,,exceeds_strict_budget,,8,vale24,1.11.6,2026-09-25T19:14:43,254e9852dede4aa6ee4547e114ff8f608824914d,254e9852dede4aa6ee4547e114ff8f608824914d
banana,10,5000.0,67,mw,fresh_v1_2026-09-25,experiments\out\runs\banana_mw_d10_B5e3_seed67\result.h5,1ed217e634c7874f70d384f8fa27689143b6decf34d53060b92cc1026ea29db1,BAT PriorToGaussian (PriorSubstitution); theta_j = 2 L Phi(z_j) - L,692bca76d6633293427665a284e6289320369bb95e87992bd181479f9c177cb3,202611351067,0,5114.0,5114.0,,exceeds_strict_budget,,8,vale24,1.11.6,2026-09-25T19:14:43,254e9852dede4aa6ee4547e114ff8f608824914d,254e9852dede4aa6ee4547e114ff8f608824914d
banana,10,5000.0,97,mw,fresh_v1_2026-09-25,experiments\out\runs\banana_mw_d10_B5e3_seed97\result.h5,0cdbd1e4f6cea4cdf34395adee034ab9b2527c8fd54b41d6887fa3784ee04817,BAT PriorToGaussian (PriorSubstitution); theta_j = 2 L Phi(z_j) - L,deb9413908e94c29e4b3c1a006be4530d623455dd82a5b095a4e1b402c598895,202611351097,0,6065.0,6065.0,,exceeds_strict_budget,,8,vale24,1.11.6,2026-09-25T19:14:43,254e9852dede4aa6ee4547e114ff8f608824914d,254e9852dede4aa6ee4547e114ff8f608824914d
banana,10,5000.0,113,mw,fresh_v1_2026-09-25,experiments\out\runs\banana_mw_d10_B5e3_seed113\result.h5,b9becbe93dbdf10497c671fdba6183e3b6f24b8bfe1b6d7d5965d5be9502016c,BAT PriorToGaussian (PriorSubstitution); theta_j = 2 L Phi(z_j) - L,d9d1188ab45c3f0ab81be458a0a4c7a6744dc2715b1ab489748ae323df7e1750,202611351113,0,5828.0,5828.0,,exceeds_strict_budget,,8,vale24,1.11.6,2026-09-25T19:14:43,254e9852dede4aa6ee4547e114ff8f608824914d,254e9852dede4aa6ee4547e114ff8f608824914d
banana,10,5000.0,137,mw,fresh_v1_2026-09-25,experiments\out\runs\banana_mw_d10_B5e3_seed137\result.h5,fdcb065db2407a745c9e3084798f14f449933b57e6b9f6766b2050659d9cc071,BAT PriorToGaussian (PriorSubstitution); theta_j = 2 L Phi(z_j) - L,e519e40d3fd6534e2d447345c5cc72c32b6520b346f87e723a96f8ceef52b2f3,202611351137,0,5764.0,5764.0,,exceeds_strict_budget,,8,vale24,1.11.6,2026-09-25T19:14:43,254e9852dede4aa6ee4547e114ff8f608824914d,254e9852dede4aa6ee4547e114ff8f608824914d
banana,10,5000.0,173,mw,fresh_v1_2026-09-25,experiments\out\runs\banana_mw_d10_B5e3_seed173\result.h5,d326b1559eb15a3c176d26863bc55168e54808f682502a2fc8394a6981aae4eb,BAT PriorToGaussian (PriorSubstitution); theta_j = 2 L Phi(z_j) - L,ed5fd73d24a667f4732ef8c6fdd596f42f179db182e039aa6544a184593613ba,202611351173,0,5067.0,5067.0,,exceeds_strict_budget,,8,vale24,1.11.6,2026-09-25T19:14:43,254e9852dede4aa6ee4547e114ff8f608824914d,254e9852dede4aa6ee4547e114ff8f608824914d
banana,10,5000.0,211,mw,fresh_v1_2026-09-25,experiments\out\runs\banana_mw_d10_B5e3_seed211\result.h5,3484b38e4465b8c905f80b300e84e557340e7ee620c5260a376548d29d169d3e,BAT PriorToGaussian (PriorSubstitution); theta_j = 2 L Phi(z_j) - L,ba589544b91e1fe2647eecf3a76455d6dfa59bb9b994a996f038311c5b90ada4,202611351211,0,5833.0,5833.0,,exceeds_strict_budget,,8,vale24,1.11.6,2026-09-25T19:14:43,254e9852dede4aa6ee4547e114ff8f608824914d,254e9852dede4aa6ee4547e114ff8f608824914d
banana,10,5000.0,239,mw,fresh_v1_2026-09-25,experiments\out\runs\banana_mw_d10_B5e3_seed239\result.h5,7056d73d1966956749104e04ce92b1e9350d465dd5d7e2693468f5edfe42d44d,BAT PriorToGaussian (PriorSubstitution); theta_j = 2 L Phi(z_j) - L,e1035d51548bfd97770fc0109c3907b070bc77f079b2051dcae3ddffa5fde6a8,202611351239,0,5026.0,5026.0,,exceeds_strict_budget,,8,vale24,1.11.6,2026-09-25T19:14:43,254e9852dede4aa6ee4547e114ff8f608824914d,254e9852dede4aa6ee4547e114ff8f608824914d
banana,10,5000.0,277,mw,fresh_v1_2026-09-25,experiments\out\runs\banana_mw_d10_B5e3_seed277\result.h5,e8fe8ee34d76fd94899c4efed66aa6ef34b6ed0d1a5f62ae643e5c96c26e476b,BAT PriorToGaussian (PriorSubstitution); theta_j = 2 L Phi(z_j) - L,f5600778427b365bac60b57e71cf5bbcfcc7b645a61113423faf3b2b5797acde,202611351277,0,5374.0,5374.0,,exceeds_strict_budget,,8,vale24,1.11.6,2026-09-25T19:14:43,254e9852dede4aa6ee4547e114ff8f608824914d,254e9852dede4aa6ee4547e114ff8f608824914d
banana,10,5000.0,313,mw,fresh_v1_2026-09-25,experiments\out\runs\banana_mw_d10_B5e3_seed313\result.h5,117f0705e8014ae453bdd95cee635ab6a355bcc66b8b6d64cd7b1f7225729e20,BAT PriorToGaussian (PriorSubstitution); theta_j = 2 L Phi(z_j) - L,30c6fe87de0b2f74f835952e0845aaa8bc1f914979041bb7980488e23db37048,202611351313,0,6199.0,6199.0,,exceeds_strict_budget,,8,vale24,1.11.6,2026-09-25T19:14:43,254e9852dede4aa6ee4547e114ff8f608824914d,254e9852dede4aa6ee4547e114ff8f608824914d
banana,10,5000.0,359,mw,fresh_v1_2026-09-25,experiments\out\runs\banana_mw_d10_B5e3_seed359\result.h5,40f173804ff7fd9b59c9e5cb866725b58b9a163abb5e6b5625f36c36665fa665,BAT PriorToGaussian (PriorSubstitution); theta_j = 2 L Phi(z_j) - L,556fd7db5715c4d0bb428dd210acb1f8d858cb6ed708fe16d3d642b6e3066c9c,202611351359,0,5057.0,5057.0,,exceeds_strict_budget,,8,vale24,1.11.6,2026-09-25T19:14:43,254e9852dede4aa6ee4547e114ff8f608824914d,254e9852dede4aa6ee4547e114ff8f608824914d
banana,10,5000.0,401,mw,fresh_v1_2026-09-25,experiments\out\runs\banana_mw_d10_B5e3_seed401\result.h5,c48507db68506a6f5b1c9803cb9f4cd8eb5cc8e9a1f560a3a91a77af657c3b6d,BAT PriorToGaussian (PriorSubstitution); theta_j = 2 L Phi(z_j) - L,62f77f866807fc90115a0fc379d261bea8a4f112348562fef8b783dbc0223563,202611351401,0,5271.0,5271.0,,exceeds_strict_budget,,8,vale24,1.11.6,2026-09-25T19:14:43,254e9852dede4aa6ee4547e114ff8f608824914d,254e9852dede4aa6ee4547e114ff8f608824914d
banana,10,5000.0,449,mw,fresh_v1_2026-09-25,experiments\out\runs\banana_mw_d10_B5e3_seed449\result.h5,a0a8d27e1c15882786e5ce600ba8f7df2fbead7b08709de3a7057cd1e4d5840f,BAT PriorToGaussian (PriorSubstitution); theta_j = 2 L Phi(z_j) - L,3db38f739abfd015f5ddccc15fc0a2ef98de0a19c3c725d225404b0ed575cf9b,202611351449,0,5000.0,5000.0,,no_fresh_estimate_within_budget,,8,vale24,1.11.6,2026-09-25T19:14:44,254e9852dede4aa6ee4547e114ff8f608824914d,254e9852dede4aa6ee4547e114ff8f608824914d
banana,10,5000.0,491,mw,fresh_v1_2026-09-25,experiments\out\runs\banana_mw_d10_B5e3_seed491\result.h5,11e0c0b3cdd219f81e8d18d634a7bc2c7f1e25aa56465a74c53839501d3a8039,BAT PriorToGaussian (PriorSubstitution); theta_j = 2 L Phi(z_j) - L,15e4e81ff60b90d30f35c1db547482cccae14e6a240edd949b1c3f61d9feac2f,202611351491,0,5990.0,5990.0,,exceeds_strict_budget,,8,vale24,1.11.6,2026-09-25T19:14:44,254e9852dede4aa6ee4547e114ff8f608824914d,254e9852dede4aa6ee4547e114ff8f608824914d
banana,10,5000.0,541,mw,fresh_v1_2026-09-25,experiments\out\runs\banana_mw_d10_B5e3_seed541\result.h5,51ecab2da2ba6f1760993ffb596875f9c8a7b7ddd2c4fcc5649992eb0ac0187a,BAT PriorToGaussian (PriorSubstitution); theta_j = 2 L Phi(z_j) - L,2ade3dedd4716dc960705a02416ea8679ebcfcdd1591d51fdccfa73daad4a47a,202611351541,0,5388.0,5388.0,,exceeds_strict_budget,,8,vale24,1.11.6,2026-09-25T19:14:44,254e9852dede4aa6ee4547e114ff8f608824914d,254e9852dede4aa6ee4547e114ff8f608824914d
banana,10,5000.0,587,mw,fresh_v1_2026-09-25,experiments\out\runs\banana_mw_d10_B5e3_seed587\result.h5,f2f82244dd9c6d33efb352b730326fce6cdd7c1ef1179e3018f819aec475482b,BAT PriorToGaussian (PriorSubstitution); theta_j = 2 L Phi(z_j) - L,2b5eb19974cfcb6e56b2b7a8a78cfdb5e8de0db3fa0dcfb861278ef38dd6d4fa,202611351587,0,5163.0,5163.0,,exceeds_strict_budget,,8,vale24,1.11.6,2026-09-25T19:14:44,254e9852dede4aa6ee4547e114ff8f608824914d,254e9852dede4aa6ee4547e114ff8f608824914d
banana,10,5000.0,631,mw,fresh_v1_2026-09-25,experiments\out\runs\banana_mw_d10_B5e3_seed631\result.h5,9cdf0076d4e9978493ab364d75738f739f980589763dd1ff9a680a588a1b2217,BAT PriorToGaussian (PriorSubstitution); theta_j = 2 L Phi(z_j) - L,650dd4687fefcdcbcc3795283edf3df4f422f3f4b6fd29a2b02ecd18653a5831,202611351631,0,5163.0,5163.0,,exceeds_strict_budget,,8,vale24,1.11.6,2026-09-25T19:14:44,254e9852dede4aa6ee4547e114ff8f608824914d,254e9852dede4aa6ee4547e114ff8f608824914d
banana,10,5000.0,677,mw,fresh_v1_2026-09-25,experiments\out\runs\banana_mw_d10_B5e3_seed677\result.h5,f079e3d19452e3b444b9eaba6b130d7d9016b4027d3f371c47d7de29ddb9c23b,BAT PriorToGaussian (PriorSubstitution); theta_j = 2 L Phi(z_j) - L,03bf3c53a85ca3993dd26540a8f50efe9350b917392dd33ac2c7602dbe7c833f,202611351677,0,5925.0,5925.0,,exceeds_strict_budget,,8,vale24,1.11.6,2026-09-25T19:14:44,254e9852dede4aa6ee4547e114ff8f608824914d,254e9852dede4aa6ee4547e114ff8f608824914d
banana,10,50000.0,11,mw,fresh_v1_2026-09-25,experiments\out\runs\banana_mw_d10_B5e4_seed11\result.h5,02bc64a4c2bdade6d3ab83b3bdcf4e78bae639be45139c16ed257d61cb008de8,BAT PriorToGaussian (PriorSubstitution); theta_j = 2 L Phi(z_j) - L,99c98f5b54999f8d61492e874bda01e910805b07a23045b4bd92ac7bf078e6a9,202611352011,6511,43489.0,50000.0,0.03699994087219238,full_remaining_budget,ok,8,vale24,1.11.6,2026-09-25T19:12:15,254e9852dede4aa6ee4547e114ff8f608824914d,254e9852dede4aa6ee4547e114ff8f608824914d
banana,10,50000.0,23,mw,fresh_v1_2026-09-25,experiments\out\runs\banana_mw_d10_B5e4_seed23\result.h5,e48a63c17d28e1f524574787ef0d28b3d1f7510ef96748d003c289216ee48648,BAT PriorToGaussian (PriorSubstitution); theta_j = 2 L Phi(z_j) - L,5c4a0e52289a1199e9bcbee4f3db47ddedb5f0d1d38222d8f266493df752e147,202611352023,8035,41965.0,50000.0,0.06200003623962402,full_remaining_budget,ok,8,vale24,1.11.6,2026-09-25T19:12:16,254e9852dede4aa6ee4547e114ff8f608824914d,254e9852dede4aa6ee4547e114ff8f608824914d
banana,10,50000.0,41,mw,fresh_v1_2026-09-25,experiments\out\runs\banana_mw_d10_B5e4_seed41\result.h5,6806ab50e019be45b0e9eef9dc39d6b04134db8f23ee082237ef7cf0ef632266,BAT PriorToGaussian (PriorSubstitution); theta_j = 2 L Phi(z_j) - L,9a1697f717132dbba2eff06477ce4b66358591ac138d425f5b1b54864855ba16,202611352041,6191,43809.0,50000.0,0.046000003814697266,full_remaining_budget,ok,8,vale24,1.11.6,2026-09-25T19:12:17,254e9852dede4aa6ee4547e114ff8f608824914d,254e9852dede4aa6ee4547e114ff8f608824914d
banana,10,50000.0,67,mw,fresh_v1_2026-09-25,experiments\out\runs\banana_mw_d10_B5e4_seed67\result.h5,be7282fecafe221fb293f02ba93d8e6afcdd1d289fdac9c7c7b9b10959d3f1ee,BAT PriorToGaussian (PriorSubstitution); theta_j = 2 L Phi(z_j) - L,b9f8f04317b7150f0a6dccb4d0c433a85c9bdf7201e8a6a8df869706162cdb6b,202611352067,6195,43805.0,50000.0,0.03400015830993652,full_remaining_budget,ok,8,vale24,1.11.6,2026-09-25T19:12:17,254e9852dede4aa6ee4547e114ff8f608824914d,254e9852dede4aa6ee4547e114ff8f608824914d
banana,10,50000.0,97,mw,fresh_v1_2026-09-25,experiments\out\runs\banana_mw_d10_B5e4_seed97\result.h5,16105bfe5ac5b40b43329fb9e8b0c2a210d778a36061eb34fff2ebc2c122d482,BAT PriorToGaussian (PriorSubstitution); theta_j = 2 L Phi(z_j) - L,25c28476dd219e19d02d3b3e9655bdd44f94fe8bedc7d725752abd66518f6ce8,202611352097,7712,42288.0,50000.0,0.07399988174438477,full_remaining_budget,ok,8,vale24,1.11.6,2026-09-25T19:12:19,254e9852dede4aa6ee4547e114ff8f608824914d,254e9852dede4aa6ee4547e114ff8f608824914d
banana,10,50000.0,113,mw,fresh_v1_2026-09-25,experiments\out\runs\banana_mw_d10_B5e4_seed113\result.h5,4e809b81d6291056b47099da49b5e0c3f953c1631fbb16cced3935f618052fb2,BAT PriorToGaussian (PriorSubstitution); theta_j = 2 L Phi(z_j) - L,0b948740dcfb27767a45567bcc2f1340dbaa7b2a84f465e5cae5235cb314a08c,202611352113,4402,45598.0,50000.0,0.032000064849853516,full_remaining_budget,ok,8,vale24,1.11.6,2026-09-25T19:12:20,254e9852dede4aa6ee4547e114ff8f608824914d,254e9852dede4aa6ee4547e114ff8f608824914d
banana,10,50000.0,137,mw,fresh_v1_2026-09-25,experiments\out\runs\banana_mw_d10_B5e4_seed137\result.h5,b044ee07f77ebe1c8346fd72876c4bbb20d618ff47645a6c7606c22a9b044be1,BAT PriorToGaussian (PriorSubstitution); theta_j = 2 L Phi(z_j) - L,7e1851e9b5ec3a3346584950ef8cb83f92ce1eb22301de18100197391547fdf3,202611352137,8406,41594.0,50000.0,0.054000139236450195,full_remaining_budget,ok,8,vale24,1.11.6,2026-09-25T19:12:20,254e9852dede4aa6ee4547e114ff8f608824914d,254e9852dede4aa6ee4547e114ff8f608824914d
banana,10,50000.0,173,mw,fresh_v1_2026-09-25,experiments\out\runs\banana_mw_d10_B5e4_seed173\result.h5,252e4162f1b39482c3c78164e42b009d33ad0d8f3c3712381eb2ae8256b39fcd,BAT PriorToGaussian (PriorSubstitution); theta_j = 2 L Phi(z_j) - L,9f154cbfdd2f8ae24a35fb3ae1e1893a376931e9cd6b46a93ff295d1f493311a,202611352173,3992,46008.0,50000.0,0.026999950408935547,full_remaining_budget,ok,8,vale24,1.11.6,2026-09-25T19:12:21,254e9852dede4aa6ee4547e114ff8f608824914d,254e9852dede4aa6ee4547e114ff8f608824914d
banana,10,50000.0,211,mw,fresh_v1_2026-09-25,experiments\out\runs\banana_mw_d10_B5e4_seed211\result.h5,0acf6f5c4e84081048a7a82b82fef8b51f29d6152515a33e4df232e0a8e3defe,BAT PriorToGaussian (PriorSubstitution); theta_j = 2 L Phi(z_j) - L,70a6308898a1ba6b1f8f2868dc4685797b47e20c657df2d281451a26c4dd30de,202611352211,6960,43040.0,50000.0,0.05500006675720215,full_remaining_budget,ok,8,vale24,1.11.6,2026-09-25T19:12:22,254e9852dede4aa6ee4547e114ff8f608824914d,254e9852dede4aa6ee4547e114ff8f608824914d
banana,10,50000.0,239,mw,fresh_v1_2026-09-25,experiments\out\runs\banana_mw_d10_B5e4_seed239\result.h5,77ed58324f0b5e7294ebcd16aa3ba96782590d00415cea4a48c9574cf732e805,BAT PriorToGaussian (PriorSubstitution); theta_j = 2 L Phi(z_j) - L,496b890078bcf65e732d6f2b2f6c1dd3b953b863326570e1093025aa3dee75b9,202611352239,7505,42495.0,50000.0,0.05099987983703613,full_remaining_budget,ok,8,vale24,1.11.6,2026-09-25T19:12:22,254e9852dede4aa6ee4547e114ff8f608824914d,254e9852dede4aa6ee4547e114ff8f608824914d
banana,10,50000.0,277,mw,fresh_v1_2026-09-25,experiments\out\runs\banana_mw_d10_B5e4_seed277\result.h5,269b64024dd778a115fc0765ffeabf90cb9c877dd2ac01b63aacb8b28c661580,BAT PriorToGaussian (PriorSubstitution); theta_j = 2 L Phi(z_j) - L,e647e5c33ef8c928ebecbd2ecc89bb8e895eec86180d371a5c930d82e1e2aa15,202611352277,8045,41955.0,50000.0,0.06699991226196289,full_remaining_budget,ok,8,vale24,1.11.6,2026-09-25T19:12:23,254e9852dede4aa6ee4547e114ff8f608824914d,254e9852dede4aa6ee4547e114ff8f608824914d
banana,10,50000.0,313,mw,fresh_v1_2026-09-25,experiments\out\runs\banana_mw_d10_B5e4_seed313\result.h5,fca17c56eb821065c7cce5daa806d6067014fadd0393a3fad7825e4549793fad,BAT PriorToGaussian (PriorSubstitution); theta_j = 2 L Phi(z_j) - L,7185f49a02df0ced9454fe89ea9096bec865f40994bbf0643c74c85666f7012d,202611352313,8018,41982.0,50000.0,0.05300021171569824,full_remaining_budget,ok,8,vale24,1.11.6,2026-09-25T19:12:24,254e9852dede4aa6ee4547e114ff8f608824914d,254e9852dede4aa6ee4547e114ff8f608824914d
banana,10,50000.0,359,mw,fresh_v1_2026-09-25,experiments\out\runs\banana_mw_d10_B5e4_seed359\result.h5,4e82cd5ec93b7ed28fc002f30bafe2329e228125be5959c09d137897773bb5f0,BAT PriorToGaussian (PriorSubstitution); theta_j = 2 L Phi(z_j) - L,e6abcc33a0451a8f84bc859fa9ee0046882593faf5a5d97d8a8b81d87e3d94ec,202611352359,6262,43738.0,50000.0,0.04199981689453125,full_remaining_budget,ok,8,vale24,1.11.6,2026-09-25T19:12:25,254e9852dede4aa6ee4547e114ff8f608824914d,254e9852dede4aa6ee4547e114ff8f608824914d
banana,10,50000.0,401,mw,fresh_v1_2026-09-25,experiments\out\runs\banana_mw_d10_B5e4_seed401\result.h5,7015b8914a7baf4b6521c5dfe37a5249f51867cae8ceffb94f8237a9194964ba,BAT PriorToGaussian (PriorSubstitution); theta_j = 2 L Phi(z_j) - L,05237780a884d718d71e6a389f5a7577d05974ce1303be6ce2e32c864fdbb1a4,202611352401,10414,39586.0,50000.0,0.07599997520446777,full_remaining_budget,ok,8,vale24,1.11.6,2026-09-25T19:12:26,254e9852dede4aa6ee4547e114ff8f608824914d,254e9852dede4aa6ee4547e114ff8f608824914d
banana,10,50000.0,449,mw,fresh_v1_2026-09-25,experiments\out\runs\banana_mw_d10_B5e4_seed449\result.h5,45da2d4e6ef009dbdb90aba6ceaed13e10ff0197ef4039ac1c172d5b97f536c6,BAT PriorToGaussian (PriorSubstitution); theta_j = 2 L Phi(z_j) - L,235272f7509ee7e4f0795dfed840b9486cc179a2ce1c4a71040298901000261e,202611352449,6413,43587.0,50000.0,0.07400012016296387,full_remaining_budget,ok,8,vale24,1.11.6,2026-09-25T19:12:27,254e9852dede4aa6ee4547e114ff8f608824914d,254e9852dede4aa6ee4547e114ff8f608824914d
banana,10,50000.0,491,mw,fresh_v1_2026-09-25,experiments\out\runs\banana_mw_d10_B5e4_seed491\result.h5,3eb651aa74a15131ea445d9eaacbaaffa0e2b6793d1de9d5dfafc697315c1a7d,BAT PriorToGaussian (PriorSubstitution); theta_j = 2 L Phi(z_j) - L,8db28385c6f2659012f15cc6254d54495024a94b8e8b65651fd1fef53ce364c1,202611352491,7774,42226.0,50000.0,0.04399991035461426,full_remaining_budget,ok,8,vale24,1.11.6,2026-09-25T19:12:27,254e9852dede4aa6ee4547e114ff8f608824914d,254e9852dede4aa6ee4547e114ff8f608824914d
banana,10,50000.0,541,mw,fresh_v1_2026-09-25,experiments\out\runs\banana_mw_d10_B5e4_seed541\result.h5,e6be65a4c4ea60ccc58c8777d0409ec5e6a195a0059ecea192beb3d7eaef96ad,BAT PriorToGaussian (PriorSubstitution); theta_j = 2 L Phi(z_j) - L,6f490e5b1641c6409e05d8156d9ba300a2cee112a9954f4a0d2cb1f84f159d65,202611352541,9176,40824.0,50000.0,0.0559999942779541,full_remaining_budget,ok,8,vale24,1.11.6,2026-09-25T19:12:28,254e9852dede4aa6ee4547e114ff8f608824914d,254e9852dede4aa6ee4547e114ff8f608824914d
banana,10,50000.0,587,mw,fresh_v1_2026-09-25,experiments\out\runs\banana_mw_d10_B5e4_seed587\result.h5,4f3b215b579a358f26a2db21259a457ddd618dfa3d4b97e28646527cbf41b6c5,BAT PriorToGaussian (PriorSubstitution); theta_j = 2 L Phi(z_j) - L,3292c9574c7f307a99db993e1574a0394a315036a58af67bf1228eab0ed4aa7a,202611352587,9924,40076.0,50000.0,0.06099987030029297,full_remaining_budget,ok,8,vale24,1.11.6,2026-09-25T19:12:29,254e9852dede4aa6ee4547e114ff8f608824914d,254e9852dede4aa6ee4547e114ff8f608824914d
banana,10,50000.0,631,mw,fresh_v1_2026-09-25,experiments\out\runs\banana_mw_d10_B5e4_seed631\result.h5,b51e4c8dd070d5a24f04b137ea22d1a4c332cf47902eb6aa9b42e5b74d627fe6,BAT PriorToGaussian (PriorSubstitution); theta_j = 2 L Phi(z_j) - L,4d14eb6ff12f5762e2b241bfd30c63e4f5e997113f1d7c2a7d7854a69de13161,202611352631,11427,38573.0,50000.0,0.04500007629394531,full_remaining_budget,ok,8,vale24,1.11.6,2026-09-25T19:12:29,254e9852dede4aa6ee4547e114ff8f608824914d,254e9852dede4aa6ee4547e114ff8f608824914d
banana,10,50000.0,677,mw,fresh_v1_2026-09-25,experiments\out\runs\banana_mw_d10_B5e4_seed677\result.h5,aec0b58f774fa5cae6f55021fce02b793889d59d377bf0b7a1a4ae30acbc1b6c,BAT PriorToGaussian (PriorSubstitution); theta_j = 2 L Phi(z_j) - L,6962f9fbb224b0796b37d3c807f578d1fab983f53b0ce2f36453b007eceed4b9,202611352677,7143,42857.0,50000.0,0.0409998893737793,full_remaining_budget,ok,8,vale24,1.11.6,2026-09-25T19:12:30,254e9852dede4aa6ee4547e114ff8f608824914d,254e9852dede4aa6ee4547e114ff8f608824914d
banana,10,500000.0,11,mw,fresh_v1_2026-09-25,experiments\out\runs\banana_mw_d10_B5e5_seed11\result.h5,b8d88aaf0171f4018ddf36945e4410f82059dfb108fb9763c66d0dcc5d945aba,BAT PriorToGaussian (PriorSubstitution); theta_j = 2 L Phi(z_j) - L,b8c0d158e44845c786cb24f5c90c33683410020ae6b9549933041082f6b743bd,202611353011,417035,82965.0,500000.0,4.424000024795532,full_remaining_budget,ok,8,vale24,1.11.6,2026-09-25T19:02:49,254e9852dede4aa6ee4547e114ff8f608824914d,254e9852dede4aa6ee4547e114ff8f608824914d
banana,10,500000.0,23,mw,fresh_v1_2026-09-25,experiments\out\runs\banana_mw_d10_B5e5_seed23\result.h5,90827d0c003eac5747de8ab2f62d12eb0fc6dfc57217379ffbe54697be16e437,BAT PriorToGaussian (PriorSubstitution); theta_j = 2 L Phi(z_j) - L,9d6a44c9378b1ddac6b3f80e9f06f51e1567705f92f66a0b3adbe3ea7cd5687f,202611353023,416600,83400.0,500000.0,5.765000104904175,full_remaining_budget,ok,8,vale24,1.11.6,2026-09-25T19:02:55,254e9852dede4aa6ee4547e114ff8f608824914d,254e9852dede4aa6ee4547e114ff8f608824914d
banana,10,500000.0,41,mw,fresh_v1_2026-09-25,experiments\out\runs\banana_mw_d10_B5e5_seed41\result.h5,a522db119a06553b0121c7fe22455b3ca2560b639adb5c2b88ca65304dfd90d2,BAT PriorToGaussian (PriorSubstitution); theta_j = 2 L Phi(z_j) - L,92d888a912431235ae6e4a03966fa6bc640b3678b3e78e464c34433049efd05a,202611353041,417609,82391.0,500000.0,4.675999879837036,full_remaining_budget,ok,8,vale24,1.11.6,2026-09-25T19:03:03,254e9852dede4aa6ee4547e114ff8f608824914d,254e9852dede4aa6ee4547e114ff8f608824914d
banana,10,500000.0,67,mw,fresh_v1_2026-09-25,experiments\out\runs\banana_mw_d10_B5e5_seed67\result.h5,3309f729cc9cdd8ffa4a0ce690001990287557d68f07f2c485bc98652c3c4fab,BAT PriorToGaussian (PriorSubstitution); theta_j = 2 L Phi(z_j) - L,687536d0682bcffabb9d9712d404442809c63829fa3d33432022e3a3139d05a0,202611353067,414719,85281.0,500000.0,4.501999855041504,full_remaining_budget,ok,8,vale24,1.11.6,2026-09-25T19:03:10,254e9852dede4aa6ee4547e114ff8f608824914d,254e9852dede4aa6ee4547e114ff8f608824914d
banana,10,500000.0,97,mw,fresh_v1_2026-09-25,experiments\out\runs\banana_mw_d10_B5e5_seed97\result.h5,b03a40b472fe3c454e0e0716ecccafdea858cb768bb3a7dd02d2153cc68ac229,BAT PriorToGaussian (PriorSubstitution); theta_j = 2 L Phi(z_j) - L,68c03355d5ad41078049e26fabbf0554475c320bdf13fdecddcbc68e0dd8a716,202611353097,417696,82304.0,500000.0,5.170000076293945,full_remaining_budget,ok,8,vale24,1.11.6,2026-09-25T19:03:16,254e9852dede4aa6ee4547e114ff8f608824914d,254e9852dede4aa6ee4547e114ff8f608824914d
banana,10,500000.0,113,mw,fresh_v1_2026-09-25,experiments\out\runs\banana_mw_d10_B5e5_seed113\result.h5,817f876fd4b6a07fca2060eb853ab38ada5761a16cced434f93c17ec4052ec67,BAT PriorToGaussian (PriorSubstitution); theta_j = 2 L Phi(z_j) - L,63f151baac4837e5b9ecc6a44ddcc89df460f6ef50697ed3a0566885c7ae1adc,202611353113,418125,81875.0,500000.0,4.503000020980835,full_remaining_budget,ok,8,vale24,1.11.6,2026-09-25T19:03:23,254e9852dede4aa6ee4547e114ff8f608824914d,254e9852dede4aa6ee4547e114ff8f608824914d
banana,10,500000.0,137,mw,fresh_v1_2026-09-25,experiments\out\runs\banana_mw_d10_B5e5_seed137\result.h5,134143ce97c7baa00cd5e381ba922293f07d052bfe58699ba46733100c3cc480,BAT PriorToGaussian (PriorSubstitution); theta_j = 2 L Phi(z_j) - L,8c491e5521451b8d08d18cd3143e783d3ae646eda52ffc3865360dcb01ad6548,202611353137,419209,80791.0,500000.0,4.2170000076293945,full_remaining_budget,ok,8,vale24,1.11.6,2026-09-25T19:03:29,254e9852dede4aa6ee4547e114ff8f608824914d,254e9852dede4aa6ee4547e114ff8f608824914d
banana,10,500000.0,173,mw,fresh_v1_2026-09-25,experiments\out\runs\banana_mw_d10_B5e5_seed173\result.h5,e84e612c28dbe2d821aa6777deca0ba70e5d767ccf58f8359cfef2dfdab4dc00,BAT PriorToGaussian (PriorSubstitution); theta_j = 2 L Phi(z_j) - L,a8bd9d8e24e1c3db3009e2caa2c4d49b603c43bb237706715f2b73ac66542d32,202611353173,416591,83409.0,500000.0,6.171000003814697,full_remaining_budget,ok,8,vale24,1.11.6,2026-09-25T19:03:35,254e9852dede4aa6ee4547e114ff8f608824914d,254e9852dede4aa6ee4547e114ff8f608824914d
banana,10,500000.0,211,mw,fresh_v1_2026-09-25,experiments\out\runs\banana_mw_d10_B5e5_seed211\result.h5,f1f3631446b2513e0bbbe48666d4531126c003db73add7fc40a9807f3a089425,BAT PriorToGaussian (PriorSubstitution); theta_j = 2 L Phi(z_j) - L,da822553b331496a0480525620c26d60b64f24b15a54b01e27f2a79264a04bca,202611353211,420379,79621.0,500000.0,4.001999855041504,full_remaining_budget,ok,8,vale24,1.11.6,2026-09-25T19:03:42,254e9852dede4aa6ee4547e114ff8f608824914d,254e9852dede4aa6ee4547e114ff8f608824914d
banana,10,500000.0,239,mw,fresh_v1_2026-09-25,experiments\out\runs\banana_mw_d10_B5e5_seed239\result.h5,bc580d93b623faacde85bcb8bebd99362324003163f2bf8ff2aa952d019cfb6c,BAT PriorToGaussian (PriorSubstitution); theta_j = 2 L Phi(z_j) - L,bd0ff0383a4f996e151ef2d29116a9a9967bceb7e8cb6f115cdbdd3e9a0d7b10,202611353239,416912,83088.0,500000.0,3.7239999771118164,full_remaining_budget,ok,8,vale24,1.11.6,2026-09-25T19:03:48,254e9852dede4aa6ee4547e114ff8f608824914d,254e9852dede4aa6ee4547e114ff8f608824914d
banana,10,500000.0,277,mw,fresh_v1_2026-09-25,experiments\out\runs\banana_mw_d10_B5e5_seed277\result.h5,b5026cb9f3d80196080a7b94611ed37d0efb463a965aaaa9dda7c9bef24f7ed1,BAT PriorToGaussian (PriorSubstitution); theta_j = 2 L Phi(z_j) - L,f753a82b5b1a0671c2548529c11fe0af5cc18498493615fce0cb952374e9668a,202611353277,416937,83063.0,500000.0,4.20799994468689,full_remaining_budget,ok,8,vale24,1.11.6,2026-09-25T19:03:53,254e9852dede4aa6ee4547e114ff8f608824914d,254e9852dede4aa6ee4547e114ff8f608824914d
banana,10,500000.0,313,mw,fresh_v1_2026-09-25,experiments\out\runs\banana_mw_d10_B5e5_seed313\result.h5,b59258f7cfe385d6984958b9cce8d50add861f578190c179a197f4e14024e7e0,BAT PriorToGaussian (PriorSubstitution); theta_j = 2 L Phi(z_j) - L,c5b741dfa77a13e1644493a255d9350e6f91a11b4fac9f0158533784a18288ef,202611353313,415606,84394.0,500000.0,4.266000032424927,full_remaining_budget,ok,8,vale24,1.11.6,2026-09-25T19:03:58,254e9852dede4aa6ee4547e114ff8f608824914d,254e9852dede4aa6ee4547e114ff8f608824914d
banana,10,500000.0,359,mw,fresh_v1_2026-09-25,experiments\out\runs\banana_mw_d10_B5e5_seed359\result.h5,a38dd55432ad2931696c2d71eca0d5a95f5b7e2d7b5ae6fac4d0e3db21946130,BAT PriorToGaussian (PriorSubstitution); theta_j = 2 L Phi(z_j) - L,de8a2e8e26d31dc5638b2268c5a3cc68251644d6fe1913b5947821db2ccbf30a,202611353359,414194,85806.0,500000.0,4.138000011444092,full_remaining_budget,ok,8,vale24,1.11.6,2026-09-25T19:04:04,254e9852dede4aa6ee4547e114ff8f608824914d,254e9852dede4aa6ee4547e114ff8f608824914d
banana,10,500000.0,401,mw,fresh_v1_2026-09-25,experiments\out\runs\banana_mw_d10_B5e5_seed401\result.h5,ed183acc5062416d2ba28659d380cc01164d1c8dcb2540819c978285a06fdfb6,BAT PriorToGaussian (PriorSubstitution); theta_j = 2 L Phi(z_j) - L,a48c4e2e17d6683240ec88b734b84a922e20d65da34b93ee574527620166ecf4,202611353401,419309,80691.0,500000.0,5.1519999504089355,full_remaining_budget,ok,8,vale24,1.11.6,2026-09-25T19:04:10,254e9852dede4aa6ee4547e114ff8f608824914d,254e9852dede4aa6ee4547e114ff8f608824914d
banana,10,500000.0,449,mw,fresh_v1_2026-09-25,experiments\out\runs\banana_mw_d10_B5e5_seed449\result.h5,1a94038aa8bf948884e6725ac30f239bea2d2e03cd6a4e8dea246843d3955a6b,BAT PriorToGaussian (PriorSubstitution); theta_j = 2 L Phi(z_j) - L,68753620d38a4bd891aea075be599ddfe952674cbcc0d9d4fd8b43c90d3ac333,202611353449,415860,84140.0,500000.0,4.414000034332275,full_remaining_budget,ok,8,vale24,1.11.6,2026-09-25T19:04:17,254e9852dede4aa6ee4547e114ff8f608824914d,254e9852dede4aa6ee4547e114ff8f608824914d
banana,10,500000.0,491,mw,fresh_v1_2026-09-25,experiments\out\runs\banana_mw_d10_B5e5_seed491\result.h5,e31a8a2bcd11284f006b1d37806c52d293254937de418c6f3b3681533116de3b,BAT PriorToGaussian (PriorSubstitution); theta_j = 2 L Phi(z_j) - L,b2d36be64038496340b30fd2da42566f7f055e307f7b8c7d393bb602d78a449b,202611353491,415804,84196.0,500000.0,3.311999797821045,full_remaining_budget,ok,8,vale24,1.11.6,2026-09-25T19:04:23,254e9852dede4aa6ee4547e114ff8f608824914d,254e9852dede4aa6ee4547e114ff8f608824914d
banana,10,500000.0,541,mw,fresh_v1_2026-09-25,experiments\out\runs\banana_mw_d10_B5e5_seed541\result.h5,c8bfdcff5acca239de2d38fcbbdc7896cda41da597316865d35c5a0fb3b8d42b,BAT PriorToGaussian (PriorSubstitution); theta_j = 2 L Phi(z_j) - L,4455de0b66a484a0fc8442fa8f0fd695d7e81d31ffbfa5f8c1230ac059d14000,202611353541,418910,81090.0,500000.0,3.496999979019165,full_remaining_budget,ok,8,vale24,1.11.6,2026-09-25T19:04:27,254e9852dede4aa6ee4547e114ff8f608824914d,254e9852dede4aa6ee4547e114ff8f608824914d
banana,10,500000.0,587,mw,fresh_v1_2026-09-25,experiments\out\runs\banana_mw_d10_B5e5_seed587\result.h5,c67c82daa31eb127ed274544e09887bf3156d5e8c3734f956d30edc4e0cd5287,BAT PriorToGaussian (PriorSubstitution); theta_j = 2 L Phi(z_j) - L,1e79c7570e231115557b538225ea740674fa45c5e644bd953792969f0fe1b75b,202611353587,416090,83910.0,500000.0,3.563000202178955,full_remaining_budget,ok,8,vale24,1.11.6,2026-09-25T19:04:32,254e9852dede4aa6ee4547e114ff8f608824914d,254e9852dede4aa6ee4547e114ff8f608824914d
banana,10,500000.0,631,mw,fresh_v1_2026-09-25,experiments\out\runs\banana_mw_d10_B5e5_seed631\result.h5,f30cd6f11fec71521cf97f065997814fbe53eb88cb713f277300400a5b4a8722,BAT PriorToGaussian (PriorSubstitution); theta_j = 2 L Phi(z_j) - L,759958041c9a852b209b8864ba2fc5bb3115f2711daad6ed85ae1549baa9e95e,202611353631,416987,83013.0,500000.0,3.634999990463257,full_remaining_budget,ok,8,vale24,1.11.6,2026-09-25T19:04:37,254e9852dede4aa6ee4547e114ff8f608824914d,254e9852dede4aa6ee4547e114ff8f608824914d
banana,10,500000.0,677,mw,fresh_v1_2026-09-25,experiments\out\runs\banana_mw_d10_B5e5_seed677\result.h5,3dd3697500b82a12cc775590b86a3bb0ff8ca4b604fbd6dcaa6d67a7de7b1c68,BAT PriorToGaussian (PriorSubstitution); theta_j = 2 L Phi(z_j) - L,fff8ef01332f16a648ab1b4b9eef781c228d5372c255aeea2107051fded33173,202611353677,413869,86131.0,500000.0,4.236000061035156,full_remaining_budget,ok,8,vale24,1.11.6,2026-09-25T19:04:42,254e9852dede4aa6ee4547e114ff8f608824914d,254e9852dede4aa6ee4547e114ff8f608824914d
eggbox,2,5000.0,11,mw,fresh_v1_2026-09-25,experiments\out\runs\eggbox_mw_d2_B5e3_seed11\result.h5,3df08fec5b9e486201c98a07b46596391eb3b1d51848f2ba6179d0a8875b0b65,BAT PriorToGaussian (PriorSubstitution); theta_j = 2 L Phi(z_j) - L,3cc6aa97926f54b28512f223dcd46f6daaee221dfdf66f97ad51ce5318c5039d,202616271011,0,5825.0,5825.0,,exceeds_strict_budget,,8,vale24,1.11.6,2026-09-25T19:14:47,254e9852dede4aa6ee4547e114ff8f608824914d,254e9852dede4aa6ee4547e114ff8f608824914d
eggbox,2,5000.0,23,mw,fresh_v1_2026-09-25,experiments\out\runs\eggbox_mw_d2_B5e3_seed23\result.h5,8289639ed64434c6f0608db76586a3e6f0e2c120254612e02a44d152a5a29b70,BAT PriorToGaussian (PriorSubstitution); theta_j = 2 L Phi(z_j) - L,8d98890a281c76e138c5edb0aac67c1a798e72f7ed16c2ee1a8b0be1401938bf,202616271023,0,5156.0,5156.0,,exceeds_strict_budget,,8,vale24,1.11.6,2026-09-25T19:14:47,254e9852dede4aa6ee4547e114ff8f608824914d,254e9852dede4aa6ee4547e114ff8f608824914d
eggbox,2,5000.0,41,mw,fresh_v1_2026-09-25,experiments\out\runs\eggbox_mw_d2_B5e3_seed41\result.h5,7501ca0e617095f02b4389592f5c8ecbf1a7096fa9042636d3de52fca6f96763,BAT PriorToGaussian (PriorSubstitution); theta_j = 2 L Phi(z_j) - L,767f72668f9f950723e04979f82b3fe3021e6061538706d28077b1a252dfe9d1,202616271041,0,5511.0,5511.0,,exceeds_strict_budget,,8,vale24,1.11.6,2026-09-25T19:14:47,254e9852dede4aa6ee4547e114ff8f608824914d,254e9852dede4aa6ee4547e114ff8f608824914d
eggbox,2,5000.0,67,mw,fresh_v1_2026-09-25,experiments\out\runs\eggbox_mw_d2_B5e3_seed67\result.h5,f50cc9748d0ee211fa627493b0a47a333c28bea2036bdbb1eb2d7612858a6a7f,BAT PriorToGaussian (PriorSubstitution); theta_j = 2 L Phi(z_j) - L,a1bd93ca629b3aaed8a3b78185e378a5c75207cf1ccd0b3105cd7c1dceb86df1,202616271067,0,5028.0,5028.0,,exceeds_strict_budget,,8,vale24,1.11.6,2026-09-25T19:14:48,254e9852dede4aa6ee4547e114ff8f608824914d,254e9852dede4aa6ee4547e114ff8f608824914d
eggbox,2,5000.0,97,mw,fresh_v1_2026-09-25,experiments\out\runs\eggbox_mw_d2_B5e3_seed97\result.h5,4e1ee790028d96cc3e9c77dbe8a5ad90e56a815d78b6c796944466c6fa244037,BAT PriorToGaussian (PriorSubstitution); theta_j = 2 L Phi(z_j) - L,f1a8956fbfd3ef3037d698ecbc539fc076058d2a5e3852fa0392bf9111677621,202616271097,0,5367.0,5367.0,,exceeds_strict_budget,,8,vale24,1.11.6,2026-09-25T19:14:48,254e9852dede4aa6ee4547e114ff8f608824914d,254e9852dede4aa6ee4547e114ff8f608824914d
eggbox,2,5000.0,113,mw,fresh_v1_2026-09-25,experiments\out\runs\eggbox_mw_d2_B5e3_seed113\result.h5,7a8eddee6ab7ac29a541d5869fe18936a913668ac6ab883ddc5bfc7896837a57,BAT PriorToGaussian (PriorSubstitution); theta_j = 2 L Phi(z_j) - L,9e7522413183a16af1d90a2365db561ededb8ab8fd6c5efa812f55f98b1936a1,202616271113,0,5120.0,5120.0,,exceeds_strict_budget,,8,vale24,1.11.6,2026-09-25T19:14:48,254e9852dede4aa6ee4547e114ff8f608824914d,254e9852dede4aa6ee4547e114ff8f608824914d
eggbox,2,5000.0,137,mw,fresh_v1_2026-09-25,experiments\out\runs\eggbox_mw_d2_B5e3_seed137\result.h5,43f0afc5bbae94defaa04bb405fdd34a04196713020fe09dcd766fa69361c74c,BAT PriorToGaussian (PriorSubstitution); theta_j = 2 L Phi(z_j) - L,5267ce08ea2233391e74354700ec425397fc8b52c50b47bee5026aa5f881d1d0,202616271137,0,5114.0,5114.0,,exceeds_strict_budget,,8,vale24,1.11.6,2026-09-25T19:14:48,254e9852dede4aa6ee4547e114ff8f608824914d,254e9852dede4aa6ee4547e114ff8f608824914d
eggbox,2,5000.0,173,mw,fresh_v1_2026-09-25,experiments\out\runs\eggbox_mw_d2_B5e3_seed173\result.h5,a073462b6f81c1a474f35a0e82b0bd14198a29f9a9366c9f5ddd91e8eff0a1ae,BAT PriorToGaussian (PriorSubstitution); theta_j = 2 L Phi(z_j) - L,07c1d88e13f1cfddd7cec4f3bb20ee720eb5f1b03cc483d1996fcdffc4064a7a,202616271173,0,5070.0,5070.0,,exceeds_strict_budget,,8,vale24,1.11.6,2026-09-25T19:14:48,254e9852dede4aa6ee4547e114ff8f608824914d,254e9852dede4aa6ee4547e114ff8f608824914d
eggbox,2,5000.0,211,mw,fresh_v1_2026-09-25,experiments\out\runs\eggbox_mw_d2_B5e3_seed211\result.h5,f51ab9f1c3cd218fd4b64dede0eec1b3fc4f7552e9621df54ed2fa9ac1463646,BAT PriorToGaussian (PriorSubstitution); theta_j = 2 L Phi(z_j) - L,8dddab8507166cc8fb0395089efd586d87b265e9241d8952d510fb70ece483c0,202616271211,0,5448.0,5448.0,,exceeds_strict_budget,,8,vale24,1.11.6,2026-09-25T19:14:48,254e9852dede4aa6ee4547e114ff8f608824914d,254e9852dede4aa6ee4547e114ff8f608824914d
eggbox,2,5000.0,239,mw,fresh_v1_2026-09-25,experiments\out\runs\eggbox_mw_d2_B5e3_seed239\result.h5,db6f2f735663e0e01d2c5fd718914ea058e134c0611f3bc7fabfeed2740655c0,BAT PriorToGaussian (PriorSubstitution); theta_j = 2 L Phi(z_j) - L,211270743ac9fbc4621cec2c44b9a569b0875db7e1fb688de39421ab19d5dd8f,202616271239,0,5436.0,5436.0,,exceeds_strict_budget,,8,vale24,1.11.6,2026-09-25T19:14:48,254e9852dede4aa6ee4547e114ff8f608824914d,254e9852dede4aa6ee4547e114ff8f608824914d
eggbox,2,50000.0,11,mw,fresh_v1_2026-09-25,experiments\out\runs\eggbox_mw_d2_B5e4_seed11\result.h5,1423c3ba7ca5a36dc2be482d04f2e802917d434e5673736b01fba5c38280e1d2,BAT PriorToGaussian (PriorSubstitution); theta_j = 2 L Phi(z_j) - L,c1253f333708c67c7c4dce9667b43eaf91d6a03851e3930605779b837289be11,202616272011,34759,15241.0,50000.0,0.4240000247955322,full_remaining_budget,ok,8,vale24,1.11.6,2026-09-25T19:13:36,254e9852dede4aa6ee4547e114ff8f608824914d,254e9852dede4aa6ee4547e114ff8f608824914d
eggbox,2,50000.0,23,mw,fresh_v1_2026-09-25,experiments\out\runs\eggbox_mw_d2_B5e4_seed23\result.h5,2c74038f72d98434d98ac108f831e695fd3e655a4d6542cb38a71207eadcf159,BAT PriorToGaussian (PriorSubstitution); theta_j = 2 L Phi(z_j) - L,82c8c6853439744e4db7ccdcdc6a98138a7d70bbcd3598a7abfef5c3c7cc5415,202616272023,36497,13503.0,50000.0,0.0710000991821289,full_remaining_budget,ok,8,vale24,1.11.6,2026-09-25T19:13:37,254e9852dede4aa6ee4547e114ff8f608824914d,254e9852dede4aa6ee4547e114ff8f608824914d
eggbox,2,50000.0,41,mw,fresh_v1_2026-09-25,experiments\out\runs\eggbox_mw_d2_B5e4_seed41\result.h5,4904a03b6dbc546f27f63d61c5ddb5ef149e79f3d57b7638fc2784996cae0e0f,BAT PriorToGaussian (PriorSubstitution); theta_j = 2 L Phi(z_j) - L,c5f0dba2839b7b909c0f528bb5cbca395a979621ccccd7cc2f6cb875a036bbec,202616272041,34954,15046.0,50000.0,0.07200002670288086,full_remaining_budget,ok,8,vale24,1.11.6,2026-09-25T19:13:37,254e9852dede4aa6ee4547e114ff8f608824914d,254e9852dede4aa6ee4547e114ff8f608824914d
eggbox,2,50000.0,67,mw,fresh_v1_2026-09-25,experiments\out\runs\eggbox_mw_d2_B5e4_seed67\result.h5,c811a850a23de56d172415c63a4e77ec9f7a21ea2bee4d8fd9ca8e4ed5bec2bc,BAT PriorToGaussian (PriorSubstitution); theta_j = 2 L Phi(z_j) - L,90c312038fcbdd60c4add7ae62afbc2eed0e8dd1c01dceccbc8d33133c79bb70,202616272067,35413,14587.0,50000.0,0.09599995613098145,full_remaining_budget,ok,8,vale24,1.11.6,2026-09-25T19:13:38,254e9852dede4aa6ee4547e114ff8f608824914d,254e9852dede4aa6ee4547e114ff8f608824914d
eggbox,2,50000.0,97,mw,fresh_v1_2026-09-25,experiments\out\runs\eggbox_mw_d2_B5e4_seed97\result.h5,cd4fdd3ed07e382e795fe84b577578708d787ea166cc3da050115e58e2e6e024,BAT PriorToGaussian (PriorSubstitution); theta_j = 2 L Phi(z_j) - L,fe9ebef86305e33a4ec90cbd752c03b8b7ca6e08c54e8515b840b9310991b145,202616272097,37498,12502.0,50000.0,0.06599998474121094,full_remaining_budget,ok,8,vale24,1.11.6,2026-09-25T19:13:38,254e9852dede4aa6ee4547e114ff8f608824914d,254e9852dede4aa6ee4547e114ff8f608824914d
eggbox,2,50000.0,113,mw,fresh_v1_2026-09-25,experiments\out\runs\eggbox_mw_d2_B5e4_seed113\result.h5,90246ee7c72fe79a22c0d43ba791af995e2b3ade8120d58ddccd31749ac25a6d,BAT PriorToGaussian (PriorSubstitution); theta_j = 2 L Phi(z_j) - L,328b3615164228e22bce69706a5b1ad736af01766d5c0ac0c68ad827ce56d4e0,202616272113,36317,13683.0,50000.0,0.06800007820129395,full_remaining_budget,ok,8,vale24,1.11.6,2026-09-25T19:13:39,254e9852dede4aa6ee4547e114ff8f608824914d,254e9852dede4aa6ee4547e114ff8f608824914d
eggbox,2,50000.0,137,mw,fresh_v1_2026-09-25,experiments\out\runs\eggbox_mw_d2_B5e4_seed137\result.h5,ea30e7c369567aed9f03d7f00df8efcd9350b8d90e033487d36545eb5deed077,BAT PriorToGaussian (PriorSubstitution); theta_j = 2 L Phi(z_j) - L,2aecbb53521f25aee1f6e39f93990648654fea87ef164be84fa67f5a39fc0e0a,202616272137,34768,15232.0,50000.0,0.06100010871887207,full_remaining_budget,ok,8,vale24,1.11.6,2026-09-25T19:13:39,254e9852dede4aa6ee4547e114ff8f608824914d,254e9852dede4aa6ee4547e114ff8f608824914d
eggbox,2,50000.0,173,mw,fresh_v1_2026-09-25,experiments\out\runs\eggbox_mw_d2_B5e4_seed173\result.h5,ef92cc3df9b242746318c6a4f02c95a82e084657199835cb8c733dbf706cf644,BAT PriorToGaussian (PriorSubstitution); theta_j = 2 L Phi(z_j) - L,9df6c4d4812436a92d7b95b51891b5571a19dbf2ad7fe159a0f28b424a34ed51,202616272173,35580,14420.0,50000.0,0.06200003623962402,full_remaining_budget,ok,8,vale24,1.11.6,2026-09-25T19:13:39,254e9852dede4aa6ee4547e114ff8f608824914d,254e9852dede4aa6ee4547e114ff8f608824914d
eggbox,2,50000.0,211,mw,fresh_v1_2026-09-25,experiments\out\runs\eggbox_mw_d2_B5e4_seed211\result.h5,06134bc1b9d340908d7cfd3c49ec5f9ecda6d5ddf0500408ef65801c563ce42a,BAT PriorToGaussian (PriorSubstitution); theta_j = 2 L Phi(z_j) - L,4c4d3cb6bb473bcc44b0a54570b355d0fb1ead5b9f8cdddcb762e52161e44c22,202616272211,36324,13676.0,50000.0,0.06599998474121094,full_remaining_budget,ok,8,vale24,1.11.6,2026-09-25T19:13:40,254e9852dede4aa6ee4547e114ff8f608824914d,254e9852dede4aa6ee4547e114ff8f608824914d
eggbox,2,50000.0,239,mw,fresh_v1_2026-09-25,experiments\out\runs\eggbox_mw_d2_B5e4_seed239\result.h5,95ec10150c79ac0e3865a25e7d9557ee78f14625c7d64b7282662ed3a06dd8d5,BAT PriorToGaussian (PriorSubstitution); theta_j = 2 L Phi(z_j) - L,710aa17c448bdfe8ea171c0dc44c25c095be83ed42cdaef8f18a9ca4c4352851,202616272239,34548,15452.0,50000.0,0.06499981880187988,full_remaining_budget,ok,8,vale24,1.11.6,2026-09-25T19:13:40,254e9852dede4aa6ee4547e114ff8f608824914d,254e9852dede4aa6ee4547e114ff8f608824914d
eggbox,2,500000.0,11,mw,fresh_v1_2026-09-25,experiments\out\runs\eggbox_mw_d2_B5e5_seed11\result.h5,41390b6ddad2bf1f3af634db06e1e31c064305233b90d0750965941708cefd42,BAT PriorToGaussian (PriorSubstitution); theta_j = 2 L Phi(z_j) - L,e466462b2fbdc98f5c492acc7b560f5f328fefb3825ba54f9a022e70dc90c13a,202616273011,485375,14625.0,500000.0,1.933000087738037,full_remaining_budget,ok,8,vale24,1.11.6,2026-09-25T18:57:25,254e9852dede4aa6ee4547e114ff8f608824914d,254e9852dede4aa6ee4547e114ff8f608824914d
eggbox,2,500000.0,23,mw,fresh_v1_2026-09-25,experiments\out\runs\eggbox_mw_d2_B5e5_seed23\result.h5,c5011573631484662c260bf6a9d6aeb0e3de7dbc03725ce08f76a72ecbd12c93,BAT PriorToGaussian (PriorSubstitution); theta_j = 2 L Phi(z_j) - L,965cd35b9bbd6cdf5cf60238955af454c842179620fa59c9a68e8d789ff231b8,202616273023,482725,17275.0,500000.0,1.6390001773834229,full_remaining_budget,ok,8,vale24,1.11.6,2026-09-25T18:57:28,254e9852dede4aa6ee4547e114ff8f608824914d,254e9852dede4aa6ee4547e114ff8f608824914d
eggbox,2,500000.0,41,mw,fresh_v1_2026-09-25,experiments\out\runs\eggbox_mw_d2_B5e5_seed41\result.h5,89cfdf5a0fa5f4aad2d4f018554bcce72178e685b86c069d58273770ae489792,BAT PriorToGaussian (PriorSubstitution); theta_j = 2 L Phi(z_j) - L,c60bd2f95d4286520c15f2ac379b45b6c1c9ca244fe71e89b221086dcabd33cd,202616273041,483622,16378.0,500000.0,1.4830000400543213,full_remaining_budget,ok,8,vale24,1.11.6,2026-09-25T18:57:31,254e9852dede4aa6ee4547e114ff8f608824914d,254e9852dede4aa6ee4547e114ff8f608824914d
eggbox,2,500000.0,67,mw,fresh_v1_2026-09-25,experiments\out\runs\eggbox_mw_d2_B5e5_seed67\result.h5,b7990fd2bb4e9db42db0895bb83de06a7cc786f336a0c9d6eda430922914c70b,BAT PriorToGaussian (PriorSubstitution); theta_j = 2 L Phi(z_j) - L,c8ab45999d3d61096e4a62b8e102f514648f316a52e5780b87f2da8e4396701d,202616273067,482102,17898.0,500000.0,1.3529999256134033,full_remaining_budget,ok,8,vale24,1.11.6,2026-09-25T18:57:34,254e9852dede4aa6ee4547e114ff8f608824914d,254e9852dede4aa6ee4547e114ff8f608824914d
eggbox,2,500000.0,97,mw,fresh_v1_2026-09-25,experiments\out\runs\eggbox_mw_d2_B5e5_seed97\result.h5,6f10cd2c8942cda7011351ad12a82f61fe6b868db3936ee2953b39c8a0aa56af,BAT PriorToGaussian (PriorSubstitution); theta_j = 2 L Phi(z_j) - L,3d32e73254ed4bbc1217fafc8e8beca86cf881e3a26628ecfc7c231a4e4817ff,202616273097,481447,18553.0,500000.0,1.1140000820159912,full_remaining_budget,ok,8,vale24,1.11.6,2026-09-25T18:57:36,254e9852dede4aa6ee4547e114ff8f608824914d,254e9852dede4aa6ee4547e114ff8f608824914d
eggbox,2,500000.0,113,mw,fresh_v1_2026-09-25,experiments\out\runs\eggbox_mw_d2_B5e5_seed113\result.h5,cc8f859d244d296983cbdab65b40d66a0d2d675d215dca7ecc9ce15c58fd8f42,BAT PriorToGaussian (PriorSubstitution); theta_j = 2 L Phi(z_j) - L,6f06c73ff1b90bcca0938d5913275bfccbda795df9808acc7b0c3dca2fd344d6,202616273113,483719,16281.0,500000.0,1.002000093460083,full_remaining_budget,ok,8,vale24,1.11.6,2026-09-25T18:57:38,254e9852dede4aa6ee4547e114ff8f608824914d,254e9852dede4aa6ee4547e114ff8f608824914d
eggbox,2,500000.0,137,mw,fresh_v1_2026-09-25,experiments\out\runs\eggbox_mw_d2_B5e5_seed137\result.h5,c3ec398ab863923f9587a6bb4eb7e26ce7c6cc34f5dad80bdc3f724e50e73a00,BAT PriorToGaussian (PriorSubstitution); theta_j = 2 L Phi(z_j) - L,23f28f56e333bd147607349899e5d4a0e717707745b161c27b78a366e2136211,202616273137,484823,15177.0,500000.0,1.0360000133514404,full_remaining_budget,ok,8,vale24,1.11.6,2026-09-25T18:57:39,254e9852dede4aa6ee4547e114ff8f608824914d,254e9852dede4aa6ee4547e114ff8f608824914d
eggbox,2,500000.0,173,mw,fresh_v1_2026-09-25,experiments\out\runs\eggbox_mw_d2_B5e5_seed173\result.h5,6400c2d0438c422d06039a3de7217d775baaf9740e44863c07fa792d14389d62,BAT PriorToGaussian (PriorSubstitution); theta_j = 2 L Phi(z_j) - L,6bef2a1dbaccdea0294bb2b76459c97a1085f92b14a95e68d3a267a04b050483,202616273173,484173,15827.0,500000.0,1.0190000534057617,full_remaining_budget,ok,8,vale24,1.11.6,2026-09-25T18:57:41,254e9852dede4aa6ee4547e114ff8f608824914d,254e9852dede4aa6ee4547e114ff8f608824914d
eggbox,2,500000.0,211,mw,fresh_v1_2026-09-25,experiments\out\runs\eggbox_mw_d2_B5e5_seed211\result.h5,a8fb716460b86df91d1734ba09fc2ac316e90083a0c8f0e3e47f5de5de9fdb6f,BAT PriorToGaussian (PriorSubstitution); theta_j = 2 L Phi(z_j) - L,d815a165edf4f5227c4e9c6518adf00ebe63ef02dd3ffca53c2d64dc8b2a3463,202616273211,484107,15893.0,500000.0,1.1150000095367432,full_remaining_budget,ok,8,vale24,1.11.6,2026-09-25T18:57:43,254e9852dede4aa6ee4547e114ff8f608824914d,254e9852dede4aa6ee4547e114ff8f608824914d
eggbox,2,500000.0,239,mw,fresh_v1_2026-09-25,experiments\out\runs\eggbox_mw_d2_B5e5_seed239\result.h5,e9e36cb09d83a3305b82d949fe70d3d28232c3705ce7b795cdc7b70d5d37de74,BAT PriorToGaussian (PriorSubstitution); theta_j = 2 L Phi(z_j) - L,b38613e485de94d184df5fd2716801cad6f7662cddd13bb9fc9d01a2c0cd071a,202616273239,484328,15672.0,500000.0,1.4880001544952393,full_remaining_budget,ok,8,vale24,1.11.6,2026-09-25T18:57:45,254e9852dede4aa6ee4547e114ff8f608824914d,254e9852dede4aa6ee4547e114ff8f608824914d
funnel,2,5000.0,11,mw,fresh_v1_2026-09-25,experiments\out\runs\funnel_mw_d2_B5e3_seed11\result.h5,0a2efc76fff6a047db2ab744a87d9d5d7ec5c0bdb228ce39ecfe3cc331ac3407,BAT PriorToGaussian (PriorSubstitution); theta_j = 2 L Phi(z_j) - L,25e7937ad677519bec3e307bed2be088ded8873a48ccd663455f65c0f50f521f,202612271011,0,5806.0,5806.0,,exceeds_strict_budget,,8,vale24,1.11.6,2026-09-25T19:14:44,254e9852dede4aa6ee4547e114ff8f608824914d,254e9852dede4aa6ee4547e114ff8f608824914d
funnel,2,5000.0,23,mw,fresh_v1_2026-09-25,experiments\out\runs\funnel_mw_d2_B5e3_seed23\result.h5,19282eee96fb78e2402b618e3f09688dc0fc3ca7281ae2e6aabaa254a403fbf3,BAT PriorToGaussian (PriorSubstitution); theta_j = 2 L Phi(z_j) - L,f98ba1dbb88d441582d247df782288478607efc2a755c7330165e068d1c6dd9a,202612271023,0,5181.0,5181.0,,exceeds_strict_budget,,8,vale24,1.11.6,2026-09-25T19:14:44,254e9852dede4aa6ee4547e114ff8f608824914d,254e9852dede4aa6ee4547e114ff8f608824914d
funnel,2,5000.0,41,mw,fresh_v1_2026-09-25,experiments\out\runs\funnel_mw_d2_B5e3_seed41\result.h5,2408d0d35bf2e71f33169d5d517e0d062fd46b22252cfce487f108ebdd2edf1c,BAT PriorToGaussian (PriorSubstitution); theta_j = 2 L Phi(z_j) - L,ded96bb7b511b041afe627f59c5e23ee773398310ff3ec4746b13f6c1ccb7e75,202612271041,0,5616.0,5616.0,,exceeds_strict_budget,,8,vale24,1.11.6,2026-09-25T19:14:44,254e9852dede4aa6ee4547e114ff8f608824914d,254e9852dede4aa6ee4547e114ff8f608824914d
funnel,2,5000.0,67,mw,fresh_v1_2026-09-25,experiments\out\runs\funnel_mw_d2_B5e3_seed67\result.h5,658f9f8eae687e9883575f4bfe7e1f383dcc75b330d5d370c295d4ba6158eef8,BAT PriorToGaussian (PriorSubstitution); theta_j = 2 L Phi(z_j) - L,1cd3f419fd71a36119d449cf24b206b15bea05b5c74e7b6441d381f4766fe508,202612271067,0,5587.0,5587.0,,exceeds_strict_budget,,8,vale24,1.11.6,2026-09-25T19:14:44,254e9852dede4aa6ee4547e114ff8f608824914d,254e9852dede4aa6ee4547e114ff8f608824914d
funnel,2,5000.0,97,mw,fresh_v1_2026-09-25,experiments\out\runs\funnel_mw_d2_B5e3_seed97\result.h5,9214cdccae370d15f38416abba51a0e68cbc762347d94634287385665ef840f0,BAT PriorToGaussian (PriorSubstitution); theta_j = 2 L Phi(z_j) - L,28dd082b0a84d8bb3e001af12a903772263e8af39bee5fda4864244ca7f82a73,202612271097,0,5614.0,5614.0,,exceeds_strict_budget,,8,vale24,1.11.6,2026-09-25T19:14:44,254e9852dede4aa6ee4547e114ff8f608824914d,254e9852dede4aa6ee4547e114ff8f608824914d
funnel,2,5000.0,113,mw,fresh_v1_2026-09-25,experiments\out\runs\funnel_mw_d2_B5e3_seed113\result.h5,64b7f5550910862cc63ce111f5f866acdf3f9f7413226d974ae971c8e94d8769,BAT PriorToGaussian (PriorSubstitution); theta_j = 2 L Phi(z_j) - L,60860cee555a6697bd56766270d9a5b043a5e962840c86e4b8631695cf163629,202612271113,0,5809.0,5809.0,,exceeds_strict_budget,,8,vale24,1.11.6,2026-09-25T19:14:44,254e9852dede4aa6ee4547e114ff8f608824914d,254e9852dede4aa6ee4547e114ff8f608824914d
funnel,2,5000.0,137,mw,fresh_v1_2026-09-25,experiments\out\runs\funnel_mw_d2_B5e3_seed137\result.h5,94170bd1ebccc9462c8c1ffadda7856e26be21cbe0eac59e89af0167fa78873e,BAT PriorToGaussian (PriorSubstitution); theta_j = 2 L Phi(z_j) - L,2c1459fe8359348758e52a53bee7bb338b91a3270ec5af7fe82bcc8ae8b5e95e,202612271137,0,5475.0,5475.0,,exceeds_strict_budget,,8,vale24,1.11.6,2026-09-25T19:14:44,254e9852dede4aa6ee4547e114ff8f608824914d,254e9852dede4aa6ee4547e114ff8f608824914d
funnel,2,5000.0,173,mw,fresh_v1_2026-09-25,experiments\out\runs\funnel_mw_d2_B5e3_seed173\result.h5,4b51f485bb3d72c6c431035af92f32644e57da2a73aa30c1b5fdd775205ec75d,BAT PriorToGaussian (PriorSubstitution); theta_j = 2 L Phi(z_j) - L,d5ae8245eef80644a2c2754c07245c6e2968c55eda33192cc6e7ca42d903d8db,202612271173,0,5210.0,5210.0,,exceeds_strict_budget,,8,vale24,1.11.6,2026-09-25T19:14:44,254e9852dede4aa6ee4547e114ff8f608824914d,254e9852dede4aa6ee4547e114ff8f608824914d
funnel,2,5000.0,211,mw,fresh_v1_2026-09-25,experiments\out\runs\funnel_mw_d2_B5e3_seed211\result.h5,79fd2b3b4b8fd3dd80e63af43d49cad3b6339821d600d646689ebea7aa7dff41,BAT PriorToGaussian (PriorSubstitution); theta_j = 2 L Phi(z_j) - L,bec42112a1d9b02d84f46a228faae2906281298d67d02bd57be12e2bd03cf682,202612271211,0,5256.0,5256.0,,exceeds_strict_budget,,8,vale24,1.11.6,2026-09-25T19:14:44,254e9852dede4aa6ee4547e114ff8f608824914d,254e9852dede4aa6ee4547e114ff8f608824914d
funnel,2,5000.0,239,mw,fresh_v1_2026-09-25,experiments\out\runs\funnel_mw_d2_B5e3_seed239\result.h5,37d43c342b860d64d9699508050bb25d32740fde475ae38367159ef1856f52b9,BAT PriorToGaussian (PriorSubstitution); theta_j = 2 L Phi(z_j) - L,074b88119129273f0b51703df2a60964966abca7e76706ed23c60db2bd43dea8,202612271239,0,5420.0,5420.0,,exceeds_strict_budget,,8,vale24,1.11.6,2026-09-25T19:14:44,254e9852dede4aa6ee4547e114ff8f608824914d,254e9852dede4aa6ee4547e114ff8f608824914d
funnel,2,5000.0,277,mw,fresh_v1_2026-09-25,experiments\out\runs\funnel_mw_d2_B5e3_seed277\result.h5,3977a182df14aab0cd6113c91048e26b2c4e83dd45ecf8992361a10e5d512d52,BAT PriorToGaussian (PriorSubstitution); theta_j = 2 L Phi(z_j) - L,bc176f3cbf3c2c06ba05f5e13d9d8ed8ac27d3cfd72bbb045b27ae1c0c1483cb,202612271277,0,5202.0,5202.0,,exceeds_strict_budget,,8,vale24,1.11.6,2026-09-25T19:14:44,254e9852dede4aa6ee4547e114ff8f608824914d,254e9852dede4aa6ee4547e114ff8f608824914d
funnel,2,5000.0,313,mw,fresh_v1_2026-09-25,experiments\out\runs\funnel_mw_d2_B5e3_seed313\result.h5,c2e418d930800faea23ebbe176df22892624a71af986dfc0bc97d53ce8737cfb,BAT PriorToGaussian (PriorSubstitution); theta_j = 2 L Phi(z_j) - L,1f597f7f6511616f38a6a77f9fd7d50b469248d081b8c913a0fca5e89de79c9c,202612271313,0,5104.0,5104.0,,exceeds_strict_budget,,8,vale24,1.11.6,2026-09-25T19:14:44,254e9852dede4aa6ee4547e114ff8f608824914d,254e9852dede4aa6ee4547e114ff8f608824914d
funnel,2,5000.0,359,mw,fresh_v1_2026-09-25,experiments\out\runs\funnel_mw_d2_B5e3_seed359\result.h5,76cd48d2a7ac75e34434ed95d28f956bf1eee2e9c91d9aee1d10dbfbeadb38b1,BAT PriorToGaussian (PriorSubstitution); theta_j = 2 L Phi(z_j) - L,5617b11b53280372b6636583c0c70a94140b13342a5b3c0efdb3639e5fdf804a,202612271359,0,5093.0,5093.0,,exceeds_strict_budget,,8,vale24,1.11.6,2026-09-25T19:14:44,254e9852dede4aa6ee4547e114ff8f608824914d,254e9852dede4aa6ee4547e114ff8f608824914d
funnel,2,5000.0,401,mw,fresh_v1_2026-09-25,experiments\out\runs\funnel_mw_d2_B5e3_seed401\result.h5,06919501fdc1280e2b93f69ff50bee4979957ad6dbdd95207e9d541339e78ae7,BAT PriorToGaussian (PriorSubstitution); theta_j = 2 L Phi(z_j) - L,6e75d8a8563496cff2ae8b157d8eec72494a3a634ef270ebc9373d1488b706da,202612271401,0,5658.0,5658.0,,exceeds_strict_budget,,8,vale24,1.11.6,2026-09-25T19:14:44,254e9852dede4aa6ee4547e114ff8f608824914d,254e9852dede4aa6ee4547e114ff8f608824914d
funnel,2,5000.0,449,mw,fresh_v1_2026-09-25,experiments\out\runs\funnel_mw_d2_B5e3_seed449\result.h5,49906a8e87ab73f1e7af514c2b71a4bd74cb80c535916cc73dc464a5f2da49d2,BAT PriorToGaussian (PriorSubstitution); theta_j = 2 L Phi(z_j) - L,e7a1ffa4939eaf556231860bd267c8d720313c97c05e33961a8c215569c0fd05,202612271449,0,5176.0,5176.0,,exceeds_strict_budget,,8,vale24,1.11.6,2026-09-25T19:14:44,254e9852dede4aa6ee4547e114ff8f608824914d,254e9852dede4aa6ee4547e114ff8f608824914d
funnel,2,5000.0,491,mw,fresh_v1_2026-09-25,experiments\out\runs\funnel_mw_d2_B5e3_seed491\result.h5,de88c4a216bed96206ecd40d7b919f8f6540189da6121b2110c3dd073ae03657,BAT PriorToGaussian (PriorSubstitution); theta_j = 2 L Phi(z_j) - L,47a27d54a32f85695f9eb96df2a18ab52539c8197a31bd389282a455c87551d6,202612271491,0,6529.0,6529.0,,exceeds_strict_budget,,8,vale24,1.11.6,2026-09-25T19:14:44,254e9852dede4aa6ee4547e114ff8f608824914d,254e9852dede4aa6ee4547e114ff8f608824914d
funnel,2,5000.0,541,mw,fresh_v1_2026-09-25,experiments\out\runs\funnel_mw_d2_B5e3_seed541\result.h5,e52cb09e78d0b108135a7e3d6d3a7b8df98704c863a2e44a2ec924b0592fdfc9,BAT PriorToGaussian (PriorSubstitution); theta_j = 2 L Phi(z_j) - L,5ec26d1cc91652f3d447a878119c2efd984f1d07d289c480baeeab5090ece376,202612271541,0,6019.0,6019.0,,exceeds_strict_budget,,8,vale24,1.11.6,2026-09-25T19:14:44,254e9852dede4aa6ee4547e114ff8f608824914d,254e9852dede4aa6ee4547e114ff8f608824914d
funnel,2,5000.0,587,mw,fresh_v1_2026-09-25,experiments\out\runs\funnel_mw_d2_B5e3_seed587\result.h5,e6adacc5f38d55954ad6dace40460530cbf25efaf02a6894f7324373f205fd6a,BAT PriorToGaussian (PriorSubstitution); theta_j = 2 L Phi(z_j) - L,74bc95ed6ce982d3e6a8d547c35d18f38c45cdd06ead44eafb7741dd4b505fee,202612271587,0,5273.0,5273.0,,exceeds_strict_budget,,8,vale24,1.11.6,2026-09-25T19:14:44,254e9852dede4aa6ee4547e114ff8f608824914d,254e9852dede4aa6ee4547e114ff8f608824914d
funnel,2,5000.0,631,mw,fresh_v1_2026-09-25,experiments\out\runs\funnel_mw_d2_B5e3_seed631\result.h5,1c89de8d0b0383382d4ce4617939037c4457dbc1fda06a487aa789961ccd08a6,BAT PriorToGaussian (PriorSubstitution); theta_j = 2 L Phi(z_j) - L,bc6c50eacec55dbf7d284a55fa48dae9af95363446befeb843124e68b0a4f014,202612271631,0,5026.0,5026.0,,exceeds_strict_budget,,8,vale24,1.11.6,2026-09-25T19:14:44,254e9852dede4aa6ee4547e114ff8f608824914d,254e9852dede4aa6ee4547e114ff8f608824914d
funnel,2,5000.0,677,mw,fresh_v1_2026-09-25,experiments\out\runs\funnel_mw_d2_B5e3_seed677\result.h5,ce15099eeaa99799ef33ac119b36c4b4c34d23bd37df66ab14f45db67c9bdc96,BAT PriorToGaussian (PriorSubstitution); theta_j = 2 L Phi(z_j) - L,0c6aa330124b582822dc3fdf15f74656e0e7821bfaeba561ccf5223dc07fdfaf,202612271677,0,5341.0,5341.0,,exceeds_strict_budget,,8,vale24,1.11.6,2026-09-25T19:14:44,254e9852dede4aa6ee4547e114ff8f608824914d,254e9852dede4aa6ee4547e114ff8f608824914d
funnel,2,50000.0,11,mw,fresh_v1_2026-09-25,experiments\out\runs\funnel_mw_d2_B5e4_seed11\result.h5,e2e4026fd13fc8c27ca0d91992c8e7409cb484e7cb89e6130f4bb65336e7b6f9,BAT PriorToGaussian (PriorSubstitution); theta_j = 2 L Phi(z_j) - L,3bb6c65fd1acc23ebfed0754b6d8b948f74710ec7cd00f91a5dd346b6430c907,202612272011,17449,32551.0,50000.0,0.3489999771118164,full_remaining_budget,ok,8,vale24,1.11.6,2026-09-25T19:12:31,254e9852dede4aa6ee4547e114ff8f608824914d,254e9852dede4aa6ee4547e114ff8f608824914d
funnel,2,50000.0,23,mw,fresh_v1_2026-09-25,experiments\out\runs\funnel_mw_d2_B5e4_seed23\result.h5,a003db4fc34f4cb8335072508d3943946ffd7ca0f503d30bf52b42c32f40c695,BAT PriorToGaussian (PriorSubstitution); theta_j = 2 L Phi(z_j) - L,98a4e9a8b68fa75359fcb2bc0fd3ae451fa47db8eb706e2f0ef7e235683dcbde,202612272023,22859,27141.0,50000.0,0.03600001335144043,full_remaining_budget,ok,8,vale24,1.11.6,2026-09-25T19:12:31,254e9852dede4aa6ee4547e114ff8f608824914d,254e9852dede4aa6ee4547e114ff8f608824914d
funnel,2,50000.0,41,mw,fresh_v1_2026-09-25,experiments\out\runs\funnel_mw_d2_B5e4_seed41\result.h5,52de1c7ad8e305888da9f69459bbed593e0ca57cc7493f8ffdfdd2f958ec564c,BAT PriorToGaussian (PriorSubstitution); theta_j = 2 L Phi(z_j) - L,d69d6ab139b103191248aec1adde3c0d8f7fae24db5f1bd8f7d139cee2d3ac5a,202612272041,14375,35625.0,50000.0,0.0279998779296875,full_remaining_budget,ok,8,vale24,1.11.6,2026-09-25T19:12:32,254e9852dede4aa6ee4547e114ff8f608824914d,254e9852dede4aa6ee4547e114ff8f608824914d
funnel,2,50000.0,67,mw,fresh_v1_2026-09-25,experiments\out\runs\funnel_mw_d2_B5e4_seed67\result.h5,7e3a08c079f10d5447e7838dbd7964e78fe2ef912a6285126e82423825d2d21a,BAT PriorToGaussian (PriorSubstitution); theta_j = 2 L Phi(z_j) - L,a0b55e86f81901a6bb746007379afedaaa9cded58de6ec8c57fa91ef91fe96d9,202612272067,17596,32404.0,50000.0,0.04900002479553223,full_remaining_budget,ok,8,vale24,1.11.6,2026-09-25T19:12:32,254e9852dede4aa6ee4547e114ff8f608824914d,254e9852dede4aa6ee4547e114ff8f608824914d
funnel,2,50000.0,97,mw,fresh_v1_2026-09-25,experiments\out\runs\funnel_mw_d2_B5e4_seed97\result.h5,8ce808a0f554d98cd65a3395ab706815c680bac4892348bb0003aeaa64b08d69,BAT PriorToGaussian (PriorSubstitution); theta_j = 2 L Phi(z_j) - L,99b72e9718672c9414e3b146964f59444c866c2cf891d38236a2540f91d83937,202612272097,18508,31492.0,50000.0,0.03099989891052246,full_remaining_budget,ok,8,vale24,1.11.6,2026-09-25T19:12:32,254e9852dede4aa6ee4547e114ff8f608824914d,254e9852dede4aa6ee4547e114ff8f608824914d
funnel,2,50000.0,113,mw,fresh_v1_2026-09-25,experiments\out\runs\funnel_mw_d2_B5e4_seed113\result.h5,a70e8e3a9552c5d94a9f546100e5b44655cce60af8032a3592a3c4f8bf81bf86,BAT PriorToGaussian (PriorSubstitution); theta_j = 2 L Phi(z_j) - L,e761ec8d30510731ef3ec0c88ed7e397660aa1db238755a39fa90d52c7aa6a1c,202612272113,17479,32521.0,50000.0,0.029999971389770508,full_remaining_budget,ok,8,vale24,1.11.6,2026-09-25T19:12:33,254e9852dede4aa6ee4547e114ff8f608824914d,254e9852dede4aa6ee4547e114ff8f608824914d
funnel,2,50000.0,137,mw,fresh_v1_2026-09-25,experiments\out\runs\funnel_mw_d2_B5e4_seed137\result.h5,e0b97f1af09e28bf81f7e9a98818d7e81b69c79004886a95736154a946a27881,BAT PriorToGaussian (PriorSubstitution); theta_j = 2 L Phi(z_j) - L,7425590a6f80b639ab6567c422294e8bc1bdf0d46aced0ab20e0792b49d13cf2,202612272137,17253,32747.0,50000.0,0.03099989891052246,full_remaining_budget,ok,8,vale24,1.11.6,2026-09-25T19:12:33,254e9852dede4aa6ee4547e114ff8f608824914d,254e9852dede4aa6ee4547e114ff8f608824914d
funnel,2,50000.0,173,mw,fresh_v1_2026-09-25,experiments\out\runs\funnel_mw_d2_B5e4_seed173\result.h5,b31a1559066ed60f5de95004e55bed9bd1fba73fb664d9cfdffa33f3bf74254a,BAT PriorToGaussian (PriorSubstitution); theta_j = 2 L Phi(z_j) - L,552473ae1e53ff07f404ba8697e1cf1b0076a09834cb36cc71a573e57f64ac4b,202612272173,13636,36364.0,50000.0,0.02500009536743164,full_remaining_budget,ok,8,vale24,1.11.6,2026-09-25T19:12:33,254e9852dede4aa6ee4547e114ff8f608824914d,254e9852dede4aa6ee4547e114ff8f608824914d
funnel,2,50000.0,211,mw,fresh_v1_2026-09-25,experiments\out\runs\funnel_mw_d2_B5e4_seed211\result.h5,9082c06e71a7eb8dda39a61810083a18ee9c2f9afd469e7ab58a129e2ee0a042,BAT PriorToGaussian (PriorSubstitution); theta_j = 2 L Phi(z_j) - L,56b4daf56d2ffc236d927817e6ede3911004f93cc853d5be32c8742258dadd36,202612272211,12352,37648.0,50000.0,0.01900005340576172,full_remaining_budget,ok,8,vale24,1.11.6,2026-09-25T19:12:33,254e9852dede4aa6ee4547e114ff8f608824914d,254e9852dede4aa6ee4547e114ff8f608824914d
funnel,2,50000.0,239,mw,fresh_v1_2026-09-25,experiments\out\runs\funnel_mw_d2_B5e4_seed239\result.h5,a6c954494b2d03ac26b6c966b8d2be57cf6e68fec2fd3d90635f56ddc30414aa,BAT PriorToGaussian (PriorSubstitution); theta_j = 2 L Phi(z_j) - L,9e5507fdac6611a510245da6c5652af12da538faadc5d209caffb57461355d55,202612272239,18326,31674.0,50000.0,0.023000001907348633,full_remaining_budget,ok,8,vale24,1.11.6,2026-09-25T19:12:34,254e9852dede4aa6ee4547e114ff8f608824914d,254e9852dede4aa6ee4547e114ff8f608824914d
funnel,2,50000.0,277,mw,fresh_v1_2026-09-25,experiments\out\runs\funnel_mw_d2_B5e4_seed277\result.h5,9e2a272340f49ef33846da060ae33292d7cb94fca73b4c628e57629800f2e269,BAT PriorToGaussian (PriorSubstitution); theta_j = 2 L Phi(z_j) - L,451554bc54980a5aabf7f84b16757944ba705887a7fe181990221e52b4b0d0fb,202612272277,17664,32336.0,50000.0,0.032000064849853516,full_remaining_budget,ok,8,vale24,1.11.6,2026-09-25T19:12:34,254e9852dede4aa6ee4547e114ff8f608824914d,254e9852dede4aa6ee4547e114ff8f608824914d
funnel,2,50000.0,313,mw,fresh_v1_2026-09-25,experiments\out\runs\funnel_mw_d2_B5e4_seed313\result.h5,496881d3900713af1c242b20c4370f3081b3e83bdbb8243eb842348abf29c813,BAT PriorToGaussian (PriorSubstitution); theta_j = 2 L Phi(z_j) - L,2566c34bc22d5a4921506347f816ec538684673f872fb662c84dd26918706238,202612272313,13174,36826.0,50000.0,0.026000022888183594,full_remaining_budget,ok,8,vale24,1.11.6,2026-09-25T19:12:34,254e9852dede4aa6ee4547e114ff8f608824914d,254e9852dede4aa6ee4547e114ff8f608824914d
funnel,2,50000.0,359,mw,fresh_v1_2026-09-25,experiments\out\runs\funnel_mw_d2_B5e4_seed359\result.h5,6c4b2d78d45db02e57265b2ac6d53c3fb616ab9cf2f0f61d64bff88d96bf862c,BAT PriorToGaussian (PriorSubstitution); theta_j = 2 L Phi(z_j) - L,648bb4d76968c626d7cbb4dec63cb6e370beb824b3b10f68e048388cae49413b,202612272359,13130,36870.0,50000.0,0.02200007438659668,full_remaining_budget,ok,8,vale24,1.11.6,2026-09-25T19:12:34,254e9852dede4aa6ee4547e114ff8f608824914d,254e9852dede4aa6ee4547e114ff8f608824914d
funnel,2,50000.0,401,mw,fresh_v1_2026-09-25,experiments\out\runs\funnel_mw_d2_B5e4_seed401\result.h5,2ee688d55c25ef38e7216463af7eeaaf2ee7e8ff572ebc9aadb9277e4f39c08a,BAT PriorToGaussian (PriorSubstitution); theta_j = 2 L Phi(z_j) - L,55c8e6f20682647c1f66ff86a0f8070a0bbe926ed11bbcc31acb74e78328d4d8,202612272401,0,50371.0,50371.0,,exceeds_strict_budget,,8,vale24,1.11.6,2026-09-25T19:12:35,254e9852dede4aa6ee4547e114ff8f608824914d,254e9852dede4aa6ee4547e114ff8f608824914d
funnel,2,50000.0,449,mw,fresh_v1_2026-09-25,experiments\out\runs\funnel_mw_d2_B5e4_seed449\result.h5,940c5051e6c87faa4cf6a248cdedf6df82c6059578d70fbb81dad947c1706ad3,BAT PriorToGaussian (PriorSubstitution); theta_j = 2 L Phi(z_j) - L,8badc21abeb7972696f4857b9cfc62b83aac98b23f9ae2a16d426bed24626c65,202612272449,18465,31535.0,50000.0,0.03299999237060547,full_remaining_budget,ok,8,vale24,1.11.6,2026-09-25T19:12:35,254e9852dede4aa6ee4547e114ff8f608824914d,254e9852dede4aa6ee4547e114ff8f608824914d
funnel,2,50000.0,491,mw,fresh_v1_2026-09-25,experiments\out\runs\funnel_mw_d2_B5e4_seed491\result.h5,169673c33777c6101c889726c346a4ae9c3b9e8affd06b00f7560d2c3e9f989b,BAT PriorToGaussian (PriorSubstitution); theta_j = 2 L Phi(z_j) - L,6bfa27f2bad4e0d22bb64addda6419afade40beee7262c37b7cd77fac329203b,202612272491,15483,34517.0,50000.0,0.04500007629394531,full_remaining_budget,ok,8,vale24,1.11.6,2026-09-25T19:12:35,254e9852dede4aa6ee4547e114ff8f608824914d,254e9852dede4aa6ee4547e114ff8f608824914d
funnel,2,50000.0,541,mw,fresh_v1_2026-09-25,experiments\out\runs\funnel_mw_d2_B5e4_seed541\result.h5,b96fff2f1c61ed51a789dc60e74ba54e02028116ad8edb3152c5d8b7bc8663e7,BAT PriorToGaussian (PriorSubstitution); theta_j = 2 L Phi(z_j) - L,23e9b3cf9a06732647cb5dce85834c6378be68e0f6cbaa40df4de470298fdca5,202612272541,13199,36801.0,50000.0,0.02200007438659668,full_remaining_budget,ok,8,vale24,1.11.6,2026-09-25T19:12:35,254e9852dede4aa6ee4547e114ff8f608824914d,254e9852dede4aa6ee4547e114ff8f608824914d
funnel,2,50000.0,587,mw,fresh_v1_2026-09-25,experiments\out\runs\funnel_mw_d2_B5e4_seed587\result.h5,6e97c1fa2b5f984bca9561ad2fbb4e462673718916b7b93c5b4b08f4a2b4879c,BAT PriorToGaussian (PriorSubstitution); theta_j = 2 L Phi(z_j) - L,8ee7974532c4a7513f5ea9ce5e358f04eef4c9d938b5142635d51e782114d2c1,202612272587,7256,42744.0,50000.0,0.01100015640258789,full_remaining_budget,ok,8,vale24,1.11.6,2026-09-25T19:12:36,254e9852dede4aa6ee4547e114ff8f608824914d,254e9852dede4aa6ee4547e114ff8f608824914d
funnel,2,50000.0,631,mw,fresh_v1_2026-09-25,experiments\out\runs\funnel_mw_d2_B5e4_seed631\result.h5,344f4bf5618831b8c1b1d536477616a82ff51c6fb33d02991e9796586564773e,BAT PriorToGaussian (PriorSubstitution); theta_j = 2 L Phi(z_j) - L,9c32a760363f0b89cf8b76ce4033652fb5565665e1f7272b5511321b44a57d9f,202612272631,12779,37221.0,50000.0,0.01900005340576172,full_remaining_budget,ok,8,vale24,1.11.6,2026-09-25T19:12:36,254e9852dede4aa6ee4547e114ff8f608824914d,254e9852dede4aa6ee4547e114ff8f608824914d
funnel,2,50000.0,677,mw,fresh_v1_2026-09-25,experiments\out\runs\funnel_mw_d2_B5e4_seed677\result.h5,f95d7545852a292f914ea2cda04600a2df619622f90f6d6b40872905e4c3b83e,BAT PriorToGaussian (PriorSubstitution); theta_j = 2 L Phi(z_j) - L,5bd69ead28719b98959f0b59105c88e29fbcb59e9e966cb701b428cf17bad676,202612272677,20486,29514.0,50000.0,0.026000022888183594,full_remaining_budget,ok,8,vale24,1.11.6,2026-09-25T19:12:36,254e9852dede4aa6ee4547e114ff8f608824914d,254e9852dede4aa6ee4547e114ff8f608824914d
funnel,2,500000.0,11,mw,fresh_v1_2026-09-25,experiments\out\runs\funnel_mw_d2_B5e5_seed11\result.h5,c66cef27c49bb7602cd52d96909b50d9169281f060db98ea03188800e70be583,BAT PriorToGaussian (PriorSubstitution); theta_j = 2 L Phi(z_j) - L,d1f67cdfe26fdd73e73ba23cd1d5b7045311d4f75cd3f250e954fe5c9cf7df4e,202612273011,459407,40593.0,500000.0,1.874000072479248,full_remaining_budget,ok,8,vale24,1.11.6,2026-09-25T19:04:48,254e9852dede4aa6ee4547e114ff8f608824914d,254e9852dede4aa6ee4547e114ff8f608824914d
funnel,2,500000.0,23,mw,fresh_v1_2026-09-25,experiments\out\runs\funnel_mw_d2_B5e5_seed23\result.h5,ed74156ac35ba18425226b2ffa1ab4552e42829335d7ab59d93b0100d8fea8c9,BAT PriorToGaussian (PriorSubstitution); theta_j = 2 L Phi(z_j) - L,1e50403525d9c4e048695c52872c4dfced15532d14a655f09bbb892d6e533808,202612273023,457447,42553.0,500000.0,1.2699999809265137,full_remaining_budget,ok,8,vale24,1.11.6,2026-09-25T19:04:51,254e9852dede4aa6ee4547e114ff8f608824914d,254e9852dede4aa6ee4547e114ff8f608824914d
funnel,2,500000.0,41,mw,fresh_v1_2026-09-25,experiments\out\runs\funnel_mw_d2_B5e5_seed41\result.h5,c76039981aa3c1dbc20d58214b5dca7e354b74571ba2511fd844d821a3937e9a,BAT PriorToGaussian (PriorSubstitution); theta_j = 2 L Phi(z_j) - L,b77f21b76d76e68cd7b5c0c0ea6edf089ecbe5e42483a76ddc21b97f6dae2c31,202612273041,465131,34869.0,500000.0,1.0249998569488525,full_remaining_budget,ok,8,vale24,1.11.6,2026-09-25T19:04:53,254e9852dede4aa6ee4547e114ff8f608824914d,254e9852dede4aa6ee4547e114ff8f608824914d
funnel,2,500000.0,67,mw,fresh_v1_2026-09-25,experiments\out\runs\funnel_mw_d2_B5e5_seed67\result.h5,292805f318e8836d37eaa1247d8289727c0dacc3e829625cb95a64eb875ded36,BAT PriorToGaussian (PriorSubstitution); theta_j = 2 L Phi(z_j) - L,809c8ea79edca3e4f4d8c2b5796b23c7e2f68869ceeaaf6959d5d18259a3d78a,202612273067,452444,47556.0,500000.0,1.1569998264312744,full_remaining_budget,ok,8,vale24,1.11.6,2026-09-25T19:04:55,254e9852dede4aa6ee4547e114ff8f608824914d,254e9852dede4aa6ee4547e114ff8f608824914d
funnel,2,500000.0,97,mw,fresh_v1_2026-09-25,experiments\out\runs\funnel_mw_d2_B5e5_seed97\result.h5,2db27e9b61fd4b9ebcf41ce34b27ac91b1218e58de28b3f7e90267d206a433a4,BAT PriorToGaussian (PriorSubstitution); theta_j = 2 L Phi(z_j) - L,3c9f3c2199516e8d87fc1538efbb4643b4e08642fb818bc3fe72a0379db753c3,202612273097,457027,42973.0,500000.0,0.9140000343322754,full_remaining_budget,ok,8,vale24,1.11.6,2026-09-25T19:04:56,254e9852dede4aa6ee4547e114ff8f608824914d,254e9852dede4aa6ee4547e114ff8f608824914d
funnel,2,500000.0,113,mw,fresh_v1_2026-09-25,experiments\out\runs\funnel_mw_d2_B5e5_seed113\result.h5,30da3b2fab19589e0491fa6eb385966b26d1157d1df999e18c7ffdadf35f75ec,BAT PriorToGaussian (PriorSubstitution); theta_j = 2 L Phi(z_j) - L,ba23ea375f1b174986de4cad227fe2a6add38337f3b493f2b72df64eb3ff772f,202612273113,458617,41383.0,500000.0,0.9040000438690186,full_remaining_budget,ok,8,vale24,1.11.6,2026-09-25T19:04:58,254e9852dede4aa6ee4547e114ff8f608824914d,254e9852dede4aa6ee4547e114ff8f608824914d
funnel,2,500000.0,137,mw,fresh_v1_2026-09-25,experiments\out\runs\funnel_mw_d2_B5e5_seed137\result.h5,c0096821eb2ce81a941b8a590a67a018bbc2a13bb4623f0d44f9d4f346952825,BAT PriorToGaussian (PriorSubstitution); theta_j = 2 L Phi(z_j) - L,7b57ef3c8899c395005a1fd74879c9b5b7ba4e9931a5c7c3203cba12b3740b96,202612273137,459561,40439.0,500000.0,1.244999885559082,full_remaining_budget,ok,8,vale24,1.11.6,2026-09-25T19:05:00,254e9852dede4aa6ee4547e114ff8f608824914d,254e9852dede4aa6ee4547e114ff8f608824914d
funnel,2,500000.0,173,mw,fresh_v1_2026-09-25,experiments\out\runs\funnel_mw_d2_B5e5_seed173\result.h5,7695816b23dc04bfdb76b52b5fe4aeedae21d085a5b75f553285ec33930d0151,BAT PriorToGaussian (PriorSubstitution); theta_j = 2 L Phi(z_j) - L,093eaf83e7778e3fd3909d70fac3d4ebf2bfd462d3bbc48e4910f260ac8f5bcc,202612273173,463750,36250.0,500000.0,1.2559998035430908,full_remaining_budget,ok,8,vale24,1.11.6,2026-09-25T19:05:02,254e9852dede4aa6ee4547e114ff8f608824914d,254e9852dede4aa6ee4547e114ff8f608824914d
funnel,2,500000.0,211,mw,fresh_v1_2026-09-25,experiments\out\runs\funnel_mw_d2_B5e5_seed211\result.h5,f67dcd83325250ddb726f790b97adfd5de50202a09d8d96e2fbfca42ebd41016,BAT PriorToGaussian (PriorSubstitution); theta_j = 2 L Phi(z_j) - L,6dfa258e1512f3da9f7c4f1c7287bec630430be2434b177a0264577cba1df753,202612273211,457133,42867.0,500000.0,1.0160000324249268,full_remaining_budget,ok,8,vale24,1.11.6,2026-09-25T19:05:04,254e9852dede4aa6ee4547e114ff8f608824914d,254e9852dede4aa6ee4547e114ff8f608824914d
funnel,2,500000.0,239,mw,fresh_v1_2026-09-25,experiments\out\runs\funnel_mw_d2_B5e5_seed239\result.h5,f2f6cb9b5d604ffec96108da688f18e3acab6d3438ad5ed4dc1a137229335a1b,BAT PriorToGaussian (PriorSubstitution); theta_j = 2 L Phi(z_j) - L,7c8753b346e9088aaeed84cd79723797e3d458993b76c25deccdc5c124611584,202612273239,459492,40508.0,500000.0,1.2309999465942383,full_remaining_budget,ok,8,vale24,1.11.6,2026-09-25T19:05:06,254e9852dede4aa6ee4547e114ff8f608824914d,254e9852dede4aa6ee4547e114ff8f608824914d
funnel,2,500000.0,277,mw,fresh_v1_2026-09-25,experiments\out\runs\funnel_mw_d2_B5e5_seed277\result.h5,23e181ac7453e89c5a70b35d3283d4a55b233a36c8088ff7be92c05d6a464296,BAT PriorToGaussian (PriorSubstitution); theta_j = 2 L Phi(z_j) - L,93bf7e19693fc22e11d1692e0b1304489bdde5807021ecf8381ca5aaab7bae37,202612273277,460259,39741.0,500000.0,1.1329998970031738,full_remaining_budget,ok,8,vale24,1.11.6,2026-09-25T19:05:08,254e9852dede4aa6ee4547e114ff8f608824914d,254e9852dede4aa6ee4547e114ff8f608824914d
funnel,2,500000.0,313,mw,fresh_v1_2026-09-25,experiments\out\runs\funnel_mw_d2_B5e5_seed313\result.h5,d97d8237d3917c8e72738870e88d5d8d355ffdd44ba95bb325c3d46fcee74b1e,BAT PriorToGaussian (PriorSubstitution); theta_j = 2 L Phi(z_j) - L,2188c342f64f3daac14bcce0feeb54b11f665ad879075895f241b8832f14eb39,202612273313,454428,45572.0,500000.0,1.5230000019073486,full_remaining_budget,ok,8,vale24,1.11.6,2026-09-25T19:05:10,254e9852dede4aa6ee4547e114ff8f608824914d,254e9852dede4aa6ee4547e114ff8f608824914d
funnel,2,500000.0,359,mw,fresh_v1_2026-09-25,experiments\out\runs\funnel_mw_d2_B5e5_seed359\result.h5,dcf0977d50c2f3ac1184dde06337e3e49fa7023b691af679efd752d246afed8b,BAT PriorToGaussian (PriorSubstitution); theta_j = 2 L Phi(z_j) - L,d8262b6e049b955dc8521abd6da08161545216c4a3f8fe551e3a5f90315276d8,202612273359,448974,51026.0,500000.0,1.5750000476837158,full_remaining_budget,ok,8,vale24,1.11.6,2026-09-25T19:05:12,254e9852dede4aa6ee4547e114ff8f608824914d,254e9852dede4aa6ee4547e114ff8f608824914d
funnel,2,500000.0,401,mw,fresh_v1_2026-09-25,experiments\out\runs\funnel_mw_d2_B5e5_seed401\result.h5,c50bc86aa24dd6d8f3bf54e9b660b7cbc07bac11a13ab3c640730bfef1a6d90c,BAT PriorToGaussian (PriorSubstitution); theta_j = 2 L Phi(z_j) - L,364cabeb4c1553f6b64f4fd9b22180dae8b4834b17ac75af56664ae2e1f85cc5,202612273401,460631,39369.0,500000.0,1.494999885559082,full_remaining_budget,ok,8,vale24,1.11.6,2026-09-25T19:05:15,254e9852dede4aa6ee4547e114ff8f608824914d,254e9852dede4aa6ee4547e114ff8f608824914d
funnel,2,500000.0,449,mw,fresh_v1_2026-09-25,experiments\out\runs\funnel_mw_d2_B5e5_seed449\result.h5,16eb1be34302c525e097358c6ec65980e85252aae186884364533d3bd8fcc4fe,BAT PriorToGaussian (PriorSubstitution); theta_j = 2 L Phi(z_j) - L,db33f189c8c44d445a1098f474946316d9df6a06e30076b590f895441d16c410,202612273449,462103,37897.0,500000.0,1.0460000038146973,full_remaining_budget,ok,8,vale24,1.11.6,2026-09-25T19:05:17,254e9852dede4aa6ee4547e114ff8f608824914d,254e9852dede4aa6ee4547e114ff8f608824914d
funnel,2,500000.0,491,mw,fresh_v1_2026-09-25,experiments\out\runs\funnel_mw_d2_B5e5_seed491\result.h5,75d1f7647cf8d1c04a5025c4ff7accda1abdcbe69229b646f573310543e173df,BAT PriorToGaussian (PriorSubstitution); theta_j = 2 L Phi(z_j) - L,8591d8493b484be89826676f89f0bdd3402573a2e61c103334f27ea833b70da9,202612273491,459135,40865.0,500000.0,0.9289999008178711,full_remaining_budget,ok,8,vale24,1.11.6,2026-09-25T19:05:19,254e9852dede4aa6ee4547e114ff8f608824914d,254e9852dede4aa6ee4547e114ff8f608824914d
funnel,2,500000.0,541,mw,fresh_v1_2026-09-25,experiments\out\runs\funnel_mw_d2_B5e5_seed541\result.h5,1624c4437bbcf29c31b0cbdc25a1ada8b18bf58335b8f38a09f9c118832707ea,BAT PriorToGaussian (PriorSubstitution); theta_j = 2 L Phi(z_j) - L,7bb317adc6a543d10e59d5e4f973b022ab20c60e3728c5b839847509d068a5b9,202612273541,452272,47728.0,500000.0,1.059999942779541,full_remaining_budget,ok,8,vale24,1.11.6,2026-09-25T19:05:21,254e9852dede4aa6ee4547e114ff8f608824914d,254e9852dede4aa6ee4547e114ff8f608824914d
funnel,2,500000.0,587,mw,fresh_v1_2026-09-25,experiments\out\runs\funnel_mw_d2_B5e5_seed587\result.h5,596aaddbb8738236b38f4724f58d82261b50fc44e4e1c6a7a9ef563e1ffea8d8,BAT PriorToGaussian (PriorSubstitution); theta_j = 2 L Phi(z_j) - L,398d2a342df50c55a393a68f5dcdedd384d1e0ea3bf7c8f9d7fe650d54071f84,202612273587,452647,47353.0,500000.0,0.8710000514984131,full_remaining_budget,ok,8,vale24,1.11.6,2026-09-25T19:05:23,254e9852dede4aa6ee4547e114ff8f608824914d,254e9852dede4aa6ee4547e114ff8f608824914d
funnel,2,500000.0,631,mw,fresh_v1_2026-09-25,experiments\out\runs\funnel_mw_d2_B5e5_seed631\result.h5,b087585107ec7552b62d235b0ec49a59909a31e4265c796c055437e73a749979,BAT PriorToGaussian (PriorSubstitution); theta_j = 2 L Phi(z_j) - L,48eb93341d80f35a0b9c957ba55851b467c270bd808baddcf3ea194cdeaee839,202612273631,451454,48546.0,500000.0,0.9229998588562012,full_remaining_budget,ok,8,vale24,1.11.6,2026-09-25T19:05:24,254e9852dede4aa6ee4547e114ff8f608824914d,254e9852dede4aa6ee4547e114ff8f608824914d
funnel,2,500000.0,677,mw,fresh_v1_2026-09-25,experiments\out\runs\funnel_mw_d2_B5e5_seed677\result.h5,8dee6da8791f9321ee8a1e90b129cbdcf5233746de049adfe9cc6bc904f58db4,BAT PriorToGaussian (PriorSubstitution); theta_j = 2 L Phi(z_j) - L,a53b68d3976f11355357c7d22cb3d4f8cbe6c26fc306f3b1590c4fd4c1a87200,202612273677,466167,33833.0,500000.0,0.9489998817443848,full_remaining_budget,ok,8,vale24,1.11.6,2026-09-25T19:05:26,254e9852dede4aa6ee4547e114ff8f608824914d,254e9852dede4aa6ee4547e114ff8f608824914d
funnel,5,5000.0,11,mw,fresh_v1_2026-09-25,experiments\out\runs\funnel_mw_d5_B5e3_seed11\result.h5,dc107de1a1df18762655144c347698071d0232209b3bc863a117320c8c64f78c,BAT PriorToGaussian (PriorSubstitution); theta_j = 2 L Phi(z_j) - L,b27219d216cee83d1de7f633313d469a2036ca3ceca70e6a050df5f5c6783131,202612301011,0,5931.0,5931.0,,exceeds_strict_budget,,8,vale24,1.11.6,2026-09-25T19:14:44,254e9852dede4aa6ee4547e114ff8f608824914d,254e9852dede4aa6ee4547e114ff8f608824914d
funnel,5,5000.0,23,mw,fresh_v1_2026-09-25,experiments\out\runs\funnel_mw_d5_B5e3_seed23\result.h5,3ba3df148fe8d5d6d9a09c47969f49983b5706f9dffbd704b23b36ed5f701b3f,BAT PriorToGaussian (PriorSubstitution); theta_j = 2 L Phi(z_j) - L,10065800ef33d6e52e1ddcb7fab8a1d5a9e62e16249815e4924ca86f27b22e62,202612301023,0,5893.0,5893.0,,exceeds_strict_budget,,8,vale24,1.11.6,2026-09-25T19:14:45,254e9852dede4aa6ee4547e114ff8f608824914d,254e9852dede4aa6ee4547e114ff8f608824914d
funnel,5,5000.0,41,mw,fresh_v1_2026-09-25,experiments\out\runs\funnel_mw_d5_B5e3_seed41\result.h5,ffabde91db06d4ea2331bd8d68dfd7220b5f0b4501a3c616993ee81f9d03bac7,BAT PriorToGaussian (PriorSubstitution); theta_j = 2 L Phi(z_j) - L,5c2f7e1f689d69855b6b12b3741a6b2f76018f0ce56291a4451048c6d2ed2ac9,202612301041,0,5926.0,5926.0,,exceeds_strict_budget,,8,vale24,1.11.6,2026-09-25T19:14:45,254e9852dede4aa6ee4547e114ff8f608824914d,254e9852dede4aa6ee4547e114ff8f608824914d
funnel,5,5000.0,67,mw,fresh_v1_2026-09-25,experiments\out\runs\funnel_mw_d5_B5e3_seed67\result.h5,558938a16513ccafde2aa4140943600e02a63a457b44f3bfb00aff92f8cb6bf0,BAT PriorToGaussian (PriorSubstitution); theta_j = 2 L Phi(z_j) - L,bfe80cae239ab1aa5a38f11953ee972a5a390829a8d4e48753b4dfb72028c699,202612301067,0,5929.0,5929.0,,exceeds_strict_budget,,8,vale24,1.11.6,2026-09-25T19:14:45,254e9852dede4aa6ee4547e114ff8f608824914d,254e9852dede4aa6ee4547e114ff8f608824914d
funnel,5,5000.0,97,mw,fresh_v1_2026-09-25,experiments\out\runs\funnel_mw_d5_B5e3_seed97\result.h5,930ceccd39b33a4c9c3610af03c863f4a34e775b1091410911b05dec0bf61393,BAT PriorToGaussian (PriorSubstitution); theta_j = 2 L Phi(z_j) - L,da3bb774397b622168d75c31228254e1a64f0bccbfcde57fa5564a3d9ad18560,202612301097,0,5926.0,5926.0,,exceeds_strict_budget,,8,vale24,1.11.6,2026-09-25T19:14:45,254e9852dede4aa6ee4547e114ff8f608824914d,254e9852dede4aa6ee4547e114ff8f608824914d
funnel,5,5000.0,113,mw,fresh_v1_2026-09-25,experiments\out\runs\funnel_mw_d5_B5e3_seed113\result.h5,a7b699967da8250e8c3656b9b0048e65993d1a500c2cf1f61b8aeb58e7c5910f,BAT PriorToGaussian (PriorSubstitution); theta_j = 2 L Phi(z_j) - L,63ee9bed26134a2b205b70ee576f140607202f8a2c73832bfe6f879c2638def3,202612301113,0,5930.0,5930.0,,exceeds_strict_budget,,8,vale24,1.11.6,2026-09-25T19:14:45,254e9852dede4aa6ee4547e114ff8f608824914d,254e9852dede4aa6ee4547e114ff8f608824914d
funnel,5,5000.0,137,mw,fresh_v1_2026-09-25,experiments\out\runs\funnel_mw_d5_B5e3_seed137\result.h5,c17c4ead62a515036fd17b58dc706b5ee7fbdc9c6335c05b31fa3e4ac5bd820e,BAT PriorToGaussian (PriorSubstitution); theta_j = 2 L Phi(z_j) - L,f244a1fdab5e78c5723951fb008ca2dcbcb3a41898bdc010be9b6d8bec93aabb,202612301137,0,5925.0,5925.0,,exceeds_strict_budget,,8,vale24,1.11.6,2026-09-25T19:14:45,254e9852dede4aa6ee4547e114ff8f608824914d,254e9852dede4aa6ee4547e114ff8f608824914d
funnel,5,5000.0,173,mw,fresh_v1_2026-09-25,experiments\out\runs\funnel_mw_d5_B5e3_seed173\result.h5,3bec74fd704254c8a44b22243ed5a73bb9a2dbb40541c4031b2eded456dde073,BAT PriorToGaussian (PriorSubstitution); theta_j = 2 L Phi(z_j) - L,07bbdb2589af717b3ad7553f34f91564296157b8b629775c83d429ac4cf78bf5,202612301173,0,5939.0,5939.0,,exceeds_strict_budget,,8,vale24,1.11.6,2026-09-25T19:14:45,254e9852dede4aa6ee4547e114ff8f608824914d,254e9852dede4aa6ee4547e114ff8f608824914d
funnel,5,5000.0,211,mw,fresh_v1_2026-09-25,experiments\out\runs\funnel_mw_d5_B5e3_seed211\result.h5,ed1244a844af23f8162f5f4435b8710bf28a8b624d75728a5a4597c3f624ef83,BAT PriorToGaussian (PriorSubstitution); theta_j = 2 L Phi(z_j) - L,313b265ae86f600557e2c64e66650161ac6d5c86ea262102333c9498f6296c20,202612301211,0,5908.0,5908.0,,exceeds_strict_budget,,8,vale24,1.11.6,2026-09-25T19:14:45,254e9852dede4aa6ee4547e114ff8f608824914d,254e9852dede4aa6ee4547e114ff8f608824914d
funnel,5,5000.0,239,mw,fresh_v1_2026-09-25,experiments\out\runs\funnel_mw_d5_B5e3_seed239\result.h5,9adf8a1765a97a1aa022891799e77c547112319fec2efcecc7fe8809568addce,BAT PriorToGaussian (PriorSubstitution); theta_j = 2 L Phi(z_j) - L,07346cd74a1a9e135fd8ea2efe91a9f0667596dc648d7afe721a5b60e8fab4f5,202612301239,0,5758.0,5758.0,,exceeds_strict_budget,,8,vale24,1.11.6,2026-09-25T19:14:45,254e9852dede4aa6ee4547e114ff8f608824914d,254e9852dede4aa6ee4547e114ff8f608824914d
funnel,5,5000.0,277,mw,fresh_v1_2026-09-25,experiments\out\runs\funnel_mw_d5_B5e3_seed277\result.h5,d201cfde9645565e20040f5f9700a3f96e25f5fbf936b64eef96a4e36a032ade,BAT PriorToGaussian (PriorSubstitution); theta_j = 2 L Phi(z_j) - L,bf4280ea997e08da282df324901a8b088a0e6181ddfa17d22d0eec0dfe069241,202612301277,0,5933.0,5933.0,,exceeds_strict_budget,,8,vale24,1.11.6,2026-09-25T19:14:45,254e9852dede4aa6ee4547e114ff8f608824914d,254e9852dede4aa6ee4547e114ff8f608824914d
funnel,5,5000.0,313,mw,fresh_v1_2026-09-25,experiments\out\runs\funnel_mw_d5_B5e3_seed313\result.h5,e6f04b407a615f80c51665f188ae67f57d359a8af19e30e279f095706d174a58,BAT PriorToGaussian (PriorSubstitution); theta_j = 2 L Phi(z_j) - L,f878b399160d88b2a6fcbcac62c7884ef0cef6b1814c21283f670230ad974be2,202612301313,0,5933.0,5933.0,,exceeds_strict_budget,,8,vale24,1.11.6,2026-09-25T19:14:45,254e9852dede4aa6ee4547e114ff8f608824914d,254e9852dede4aa6ee4547e114ff8f608824914d
funnel,5,5000.0,359,mw,fresh_v1_2026-09-25,experiments\out\runs\funnel_mw_d5_B5e3_seed359\result.h5,66a0b16d57cf03c212976701c1c1b521478fcd1e2d3b29acd54df8f83a1f5973,BAT PriorToGaussian (PriorSubstitution); theta_j = 2 L Phi(z_j) - L,70619ada05592588b30daf6995ab3d31e59d5384e0f7ee15b289058bcbbe6d9d,202612301359,0,5918.0,5918.0,,exceeds_strict_budget,,8,vale24,1.11.6,2026-09-25T19:14:45,254e9852dede4aa6ee4547e114ff8f608824914d,254e9852dede4aa6ee4547e114ff8f608824914d
funnel,5,5000.0,401,mw,fresh_v1_2026-09-25,experiments\out\runs\funnel_mw_d5_B5e3_seed401\result.h5,9ad7448bf842854c586fd448b91a8350f95a09af57bb27020d86ecfbb1d975e1,BAT PriorToGaussian (PriorSubstitution); theta_j = 2 L Phi(z_j) - L,c913334bf643eef5773f52622818640750433a59bd9595caea045cb2055a805c,202612301401,0,5931.0,5931.0,,exceeds_strict_budget,,8,vale24,1.11.6,2026-09-25T19:14:45,254e9852dede4aa6ee4547e114ff8f608824914d,254e9852dede4aa6ee4547e114ff8f608824914d
funnel,5,5000.0,449,mw,fresh_v1_2026-09-25,experiments\out\runs\funnel_mw_d5_B5e3_seed449\result.h5,f078b5a3ce051d13197a3b412823283248763bad68d0db3ed5ae7419e295059b,BAT PriorToGaussian (PriorSubstitution); theta_j = 2 L Phi(z_j) - L,dbc4df6e424c9d08fec7eba2cf2e418d3606caa080dcb280d2e80805a27c277e,202612301449,0,5914.0,5914.0,,exceeds_strict_budget,,8,vale24,1.11.6,2026-09-25T19:14:45,254e9852dede4aa6ee4547e114ff8f608824914d,254e9852dede4aa6ee4547e114ff8f608824914d
funnel,5,5000.0,491,mw,fresh_v1_2026-09-25,experiments\out\runs\funnel_mw_d5_B5e3_seed491\result.h5,6ff5b5730a8e32bf82527e749a26c8e1d0292a15b84e059faf61cba9f2b37886,BAT PriorToGaussian (PriorSubstitution); theta_j = 2 L Phi(z_j) - L,2ab095ee98db03b9d7bc3700ee7dd66f8b9e0586c4232513f4eb6833c0654dbc,202612301491,0,5928.0,5928.0,,exceeds_strict_budget,,8,vale24,1.11.6,2026-09-25T19:14:45,254e9852dede4aa6ee4547e114ff8f608824914d,254e9852dede4aa6ee4547e114ff8f608824914d
funnel,5,5000.0,541,mw,fresh_v1_2026-09-25,experiments\out\runs\funnel_mw_d5_B5e3_seed541\result.h5,f57419427f9389017ff80691fc87011f55557891f679c25e6d696773ace095be,BAT PriorToGaussian (PriorSubstitution); theta_j = 2 L Phi(z_j) - L,5eba42e569c2d898cdb099da4ffd029f6719237068e5ef27381485ebef7b91f0,202612301541,0,5933.0,5933.0,,exceeds_strict_budget,,8,vale24,1.11.6,2026-09-25T19:14:45,254e9852dede4aa6ee4547e114ff8f608824914d,254e9852dede4aa6ee4547e114ff8f608824914d
funnel,5,5000.0,587,mw,fresh_v1_2026-09-25,experiments\out\runs\funnel_mw_d5_B5e3_seed587\result.h5,889019589e4892d989259630fdc4b612a614bf091f94ca03f7130d3f5deb6a73,BAT PriorToGaussian (PriorSubstitution); theta_j = 2 L Phi(z_j) - L,c4bdc80d8bd7a25a5a5cbbb4402a51d8dddeeb8d83db0a550d61f5535e5edb95,202612301587,0,5923.0,5923.0,,exceeds_strict_budget,,8,vale24,1.11.6,2026-09-25T19:14:45,254e9852dede4aa6ee4547e114ff8f608824914d,254e9852dede4aa6ee4547e114ff8f608824914d
funnel,5,5000.0,631,mw,fresh_v1_2026-09-25,experiments\out\runs\funnel_mw_d5_B5e3_seed631\result.h5,f403d65c1dd989b7549082a6a5bf741b2d11ee735d620d35a2a49534b948fcc0,BAT PriorToGaussian (PriorSubstitution); theta_j = 2 L Phi(z_j) - L,c55037f03cbedcdd6b190d215254437e8459d3c8ba403b318e58c281c987b1bd,202612301631,0,5905.0,5905.0,,exceeds_strict_budget,,8,vale24,1.11.6,2026-09-25T19:14:45,254e9852dede4aa6ee4547e114ff8f608824914d,254e9852dede4aa6ee4547e114ff8f608824914d
funnel,5,5000.0,677,mw,fresh_v1_2026-09-25,experiments\out\runs\funnel_mw_d5_B5e3_seed677\result.h5,4f80a627822f74ed71f7d1b7f37ce05a167311246e57bf3e586d2202e3518bcd,BAT PriorToGaussian (PriorSubstitution); theta_j = 2 L Phi(z_j) - L,f1eff46ab22eac06c6f6328f7c6a5b410fd2352c9c4e7585c4f5ad9b4ccf27d1,202612301677,0,5917.0,5917.0,,exceeds_strict_budget,,8,vale24,1.11.6,2026-09-25T19:14:45,254e9852dede4aa6ee4547e114ff8f608824914d,254e9852dede4aa6ee4547e114ff8f608824914d
funnel,5,50000.0,11,mw,fresh_v1_2026-09-25,experiments\out\runs\funnel_mw_d5_B5e4_seed11\result.h5,cc313adbf09dca97a6b85685b9b1f22049b770141d39bccf41b260d6e2713c84,BAT PriorToGaussian (PriorSubstitution); theta_j = 2 L Phi(z_j) - L,c74b41ca175187c69ce4991e4b2ebdc0c1b31ffdee785bccc157536d4fafbb16,202612302011,0,50093.0,50093.0,,exceeds_strict_budget,,8,vale24,1.11.6,2026-09-25T19:12:37,254e9852dede4aa6ee4547e114ff8f608824914d,254e9852dede4aa6ee4547e114ff8f608824914d
funnel,5,50000.0,23,mw,fresh_v1_2026-09-25,experiments\out\runs\funnel_mw_d5_B5e4_seed23\result.h5,6c23698006ca6ac772f83e556b71f2c93ee0595c89affd0300f8d3aaebd7f14a,BAT PriorToGaussian (PriorSubstitution); theta_j = 2 L Phi(z_j) - L,d2bfa9cc426b95bc064626b5006e0d9bc8c805e5039b1d0f507d4fcc087d4533,202612302023,0,54000.0,54000.0,,exceeds_strict_budget,,8,vale24,1.11.6,2026-09-25T19:12:37,254e9852dede4aa6ee4547e114ff8f608824914d,254e9852dede4aa6ee4547e114ff8f608824914d
funnel,5,50000.0,41,mw,fresh_v1_2026-09-25,experiments\out\runs\funnel_mw_d5_B5e4_seed41\result.h5,9d51d5d2e435f760f75a333867d7eaccf649969198ea7ab9c543b06605e6e3dc,BAT PriorToGaussian (PriorSubstitution); theta_j = 2 L Phi(z_j) - L,aef33322cde9e10e4f5027ebf1cf456079c6c20510a7260bc65883f43c334b20,202612302041,0,50023.0,50023.0,,exceeds_strict_budget,,8,vale24,1.11.6,2026-09-25T19:12:37,254e9852dede4aa6ee4547e114ff8f608824914d,254e9852dede4aa6ee4547e114ff8f608824914d
funnel,5,50000.0,67,mw,fresh_v1_2026-09-25,experiments\out\runs\funnel_mw_d5_B5e4_seed67\result.h5,9ab21be3703365c1d1fa02a7575a83b1eeb1c6689250f92c94f3221289968ce2,BAT PriorToGaussian (PriorSubstitution); theta_j = 2 L Phi(z_j) - L,f97ddbe6a031ef0d9307b4c4258f90cccad5b6d71211769862bdaea0b8f595fc,202612302067,0,51221.0,51221.0,,exceeds_strict_budget,,8,vale24,1.11.6,2026-09-25T19:12:37,254e9852dede4aa6ee4547e114ff8f608824914d,254e9852dede4aa6ee4547e114ff8f608824914d
funnel,5,50000.0,97,mw,fresh_v1_2026-09-25,experiments\out\runs\funnel_mw_d5_B5e4_seed97\result.h5,f88b0f48c05e3e4ca4a9f44953753cac7f1c60fa0a7d9546f4a6603d26a8af65,BAT PriorToGaussian (PriorSubstitution); theta_j = 2 L Phi(z_j) - L,4e973659298e0f61eaf7db0fa724be78b34be308183cd7520a51a7e951fea3fe,202612302097,0,51475.0,51475.0,,exceeds_strict_budget,,8,vale24,1.11.6,2026-09-25T19:12:37,254e9852dede4aa6ee4547e114ff8f608824914d,254e9852dede4aa6ee4547e114ff8f608824914d
funnel,5,50000.0,113,mw,fresh_v1_2026-09-25,experiments\out\runs\funnel_mw_d5_B5e4_seed113\result.h5,bd0965e852011c5ca0eab988d5864f19f0035e96308367d5b17ad3a942e5bdf4,BAT PriorToGaussian (PriorSubstitution); theta_j = 2 L Phi(z_j) - L,f439906eeebddec0b95bf632267aee151a2c27387e57e50e4d3cf79070f8f915,202612302113,0,51702.0,51702.0,,exceeds_strict_budget,,8,vale24,1.11.6,2026-09-25T19:12:37,254e9852dede4aa6ee4547e114ff8f608824914d,254e9852dede4aa6ee4547e114ff8f608824914d
funnel,5,50000.0,137,mw,fresh_v1_2026-09-25,experiments\out\runs\funnel_mw_d5_B5e4_seed137\result.h5,d1b7b326c2e42d8c9dd30598e5300c1708984df2d5f02bdd3ea2d6026ff4dec2,BAT PriorToGaussian (PriorSubstitution); theta_j = 2 L Phi(z_j) - L,df99e48f870124e287947f340a1cea4335b5419c75d4a224f1616562eec627c2,202612302137,0,50523.0,50523.0,,exceeds_strict_budget,,8,vale24,1.11.6,2026-09-25T19:12:38,254e9852dede4aa6ee4547e114ff8f608824914d,254e9852dede4aa6ee4547e114ff8f608824914d
funnel,5,50000.0,173,mw,fresh_v1_2026-09-25,experiments\out\runs\funnel_mw_d5_B5e4_seed173\result.h5,31ac0ed915ed2ad5b20f4508c99fe82285938c96869bfa2bbe5a242c7408ef9c,BAT PriorToGaussian (PriorSubstitution); theta_j = 2 L Phi(z_j) - L,2eae9c4e35053a8314c4ad61e778ef8971e5007c603d18b79ac23c05fed32c46,202612302173,0,50127.0,50127.0,,exceeds_strict_budget,,8,vale24,1.11.6,2026-09-25T19:12:38,254e9852dede4aa6ee4547e114ff8f608824914d,254e9852dede4aa6ee4547e114ff8f608824914d
funnel,5,50000.0,211,mw,fresh_v1_2026-09-25,experiments\out\runs\funnel_mw_d5_B5e4_seed211\result.h5,281b7a81806bd897a25125a01ff52844f9d70d56f35ed2d35f58f317b604598f,BAT PriorToGaussian (PriorSubstitution); theta_j = 2 L Phi(z_j) - L,9131929804d97160c8ac49d71a1f637d566775e42fe57a1cf9a04a4760d4ad71,202612302211,0,53610.0,53610.0,,exceeds_strict_budget,,8,vale24,1.11.6,2026-09-25T19:12:38,254e9852dede4aa6ee4547e114ff8f608824914d,254e9852dede4aa6ee4547e114ff8f608824914d
funnel,5,50000.0,239,mw,fresh_v1_2026-09-25,experiments\out\runs\funnel_mw_d5_B5e4_seed239\result.h5,975952ecde6d02a880094ebd50b3b21621058c4a0a38a795069f838e8b4771a4,BAT PriorToGaussian (PriorSubstitution); theta_j = 2 L Phi(z_j) - L,bb4758e57f424238fd88bae4c323923e340be20f51750591c04500ce96b3a3ed,202612302239,0,50160.0,50160.0,,exceeds_strict_budget,,8,vale24,1.11.6,2026-09-25T19:12:38,254e9852dede4aa6ee4547e114ff8f608824914d,254e9852dede4aa6ee4547e114ff8f608824914d
funnel,5,50000.0,277,mw,fresh_v1_2026-09-25,experiments\out\runs\funnel_mw_d5_B5e4_seed277\result.h5,ec042c2031126661419df6d7a46bd97ad4f85eb12cefda2ba0211233347c22f9,BAT PriorToGaussian (PriorSubstitution); theta_j = 2 L Phi(z_j) - L,b624e269b6cc30890f631f3f1f7331253745714a218719dc97e2a46061aaa7a1,202612302277,0,53754.0,53754.0,,exceeds_strict_budget,,8,vale24,1.11.6,2026-09-25T19:12:38,254e9852dede4aa6ee4547e114ff8f608824914d,254e9852dede4aa6ee4547e114ff8f608824914d
funnel,5,50000.0,313,mw,fresh_v1_2026-09-25,experiments\out\runs\funnel_mw_d5_B5e4_seed313\result.h5,6eeba1062a922c879a1565ea26c7a23b193863c3ea1c2fa556f2182c4eb19440,BAT PriorToGaussian (PriorSubstitution); theta_j = 2 L Phi(z_j) - L,361436fef97569f981b1d365ec2ddb9ab82c4c78e1fcfb2cd1bbfb4ea6b9002f,202612302313,0,51349.0,51349.0,,exceeds_strict_budget,,8,vale24,1.11.6,2026-09-25T19:12:38,254e9852dede4aa6ee4547e114ff8f608824914d,254e9852dede4aa6ee4547e114ff8f608824914d
funnel,5,50000.0,359,mw,fresh_v1_2026-09-25,experiments\out\runs\funnel_mw_d5_B5e4_seed359\result.h5,6996241c1d5d8edac7b49bf95a0be85043eaf25949c454e8cd6b8dc1b31a796d,BAT PriorToGaussian (PriorSubstitution); theta_j = 2 L Phi(z_j) - L,08e1e1eb7836fb0e7b9b01f24c987402c7c43edde0e927e43a4bd910e315eccb,202612302359,0,53237.0,53237.0,,exceeds_strict_budget,,8,vale24,1.11.6,2026-09-25T19:12:38,254e9852dede4aa6ee4547e114ff8f608824914d,254e9852dede4aa6ee4547e114ff8f608824914d
funnel,5,50000.0,401,mw,fresh_v1_2026-09-25,experiments\out\runs\funnel_mw_d5_B5e4_seed401\result.h5,077cf4e41371316d2a6ed532b7983f547f083c40a8b44888d2480e9ef3df40d2,BAT PriorToGaussian (PriorSubstitution); theta_j = 2 L Phi(z_j) - L,f54387d58af0b5707d44cc1e63848311af28626d24d418b59003234e8534fb0e,202612302401,0,50145.0,50145.0,,exceeds_strict_budget,,8,vale24,1.11.6,2026-09-25T19:12:39,254e9852dede4aa6ee4547e114ff8f608824914d,254e9852dede4aa6ee4547e114ff8f608824914d
funnel,5,50000.0,449,mw,fresh_v1_2026-09-25,experiments\out\runs\funnel_mw_d5_B5e4_seed449\result.h5,e822f64b25ca07fbfc4b9b28eb04ca05c7c1c6619ebd57042827ed679913033c,BAT PriorToGaussian (PriorSubstitution); theta_j = 2 L Phi(z_j) - L,b0abd0eaa1d7e6b2a2dfa58b9e3c2859672ff58e61df838a1ae5240ec0ff5296,202612302449,0,52053.0,52053.0,,exceeds_strict_budget,,8,vale24,1.11.6,2026-09-25T19:12:39,254e9852dede4aa6ee4547e114ff8f608824914d,254e9852dede4aa6ee4547e114ff8f608824914d
funnel,5,50000.0,491,mw,fresh_v1_2026-09-25,experiments\out\runs\funnel_mw_d5_B5e4_seed491\result.h5,84bd54625c08159e357c3a7be4a52983653a16dc68265a55153fb41af803ba2f,BAT PriorToGaussian (PriorSubstitution); theta_j = 2 L Phi(z_j) - L,82674995618c7b0851a8c1b31e8988452eed03dff5154df740eb102b85909c6a,202612302491,0,51526.0,51526.0,,exceeds_strict_budget,,8,vale24,1.11.6,2026-09-25T19:12:39,254e9852dede4aa6ee4547e114ff8f608824914d,254e9852dede4aa6ee4547e114ff8f608824914d
funnel,5,50000.0,541,mw,fresh_v1_2026-09-25,experiments\out\runs\funnel_mw_d5_B5e4_seed541\result.h5,0c8f8da26a0fdac40b8a65a52b724f8658fdef2214102a582e3f23252100bf1e,BAT PriorToGaussian (PriorSubstitution); theta_j = 2 L Phi(z_j) - L,11a49fe1675eb01f1f01cc982fd29ac9d90573be5b60980a607141d38cd80556,202612302541,0,50212.0,50212.0,,exceeds_strict_budget,,8,vale24,1.11.6,2026-09-25T19:12:39,254e9852dede4aa6ee4547e114ff8f608824914d,254e9852dede4aa6ee4547e114ff8f608824914d
funnel,5,50000.0,587,mw,fresh_v1_2026-09-25,experiments\out\runs\funnel_mw_d5_B5e4_seed587\result.h5,e2775e3f954f0cd65b0b5f5bce4ce60a4bc949637a66efd8729a4afa49c3a342,BAT PriorToGaussian (PriorSubstitution); theta_j = 2 L Phi(z_j) - L,a3e112f72c04945fae7bc4275c395b1e35c1a2c4d5c7ad3409e507a78389afd0,202612302587,0,52781.0,52781.0,,exceeds_strict_budget,,8,vale24,1.11.6,2026-09-25T19:12:39,254e9852dede4aa6ee4547e114ff8f608824914d,254e9852dede4aa6ee4547e114ff8f608824914d
funnel,5,50000.0,631,mw,fresh_v1_2026-09-25,experiments\out\runs\funnel_mw_d5_B5e4_seed631\result.h5,ceab807bfadf4cb8150cecac26100372f34c615c010c56368ef91d23e3306f8d,BAT PriorToGaussian (PriorSubstitution); theta_j = 2 L Phi(z_j) - L,e6232efbbba72330b1bc3ce62c26e181cd25fde8644673355832d26fb14e950c,202612302631,0,53015.0,53015.0,,exceeds_strict_budget,,8,vale24,1.11.6,2026-09-25T19:12:39,254e9852dede4aa6ee4547e114ff8f608824914d,254e9852dede4aa6ee4547e114ff8f608824914d
funnel,5,50000.0,677,mw,fresh_v1_2026-09-25,experiments\out\runs\funnel_mw_d5_B5e4_seed677\result.h5,c468e1ca3f0a572fa95e1a374bcd410711775125b9161aea89da5675fcbed8f7,BAT PriorToGaussian (PriorSubstitution); theta_j = 2 L Phi(z_j) - L,1d79a9dd755b1aaf29dc470dab52e77b7e3c8ee0047f08240ea811beefdb0032,202612302677,0,53051.0,53051.0,,exceeds_strict_budget,,8,vale24,1.11.6,2026-09-25T19:12:40,254e9852dede4aa6ee4547e114ff8f608824914d,254e9852dede4aa6ee4547e114ff8f608824914d
funnel,5,500000.0,11,mw,fresh_v1_2026-09-25,experiments\out\runs\funnel_mw_d5_B5e5_seed11\result.h5,b7d243fb663a50d51f6b15e2a539f89aa597c46f596f84c504f5d4e6f6eb7934,BAT PriorToGaussian (PriorSubstitution); theta_j = 2 L Phi(z_j) - L,fac41d231c821917c6b9dcdd98da4d87d1658c8819a300857b3a2bc3a1d14afa,202612303011,401283,98717.0,500000.0,3.4670000076293945,full_remaining_budget,ok,8,vale24,1.11.6,2026-09-25T18:54:07,254e9852dede4aa6ee4547e114ff8f608824914d,254e9852dede4aa6ee4547e114ff8f608824914d
funnel,5,500000.0,23,mw,fresh_v1_2026-09-25,experiments\out\runs\funnel_mw_d5_B5e5_seed23\result.h5,b335d2e056096077f3709f9b5a5dfde43dc71fe6ce68dffd58d60daf96e6e426,BAT PriorToGaussian (PriorSubstitution); theta_j = 2 L Phi(z_j) - L,cf48422b527f608740da64de73ea830eaa8c545fd2310e1117bab2987f91d404,202612303023,389732,110268.0,500000.0,1.696000099182129,full_remaining_budget,ok,8,vale24,1.11.6,2026-09-25T18:54:12,254e9852dede4aa6ee4547e114ff8f608824914d,254e9852dede4aa6ee4547e114ff8f608824914d
funnel,5,500000.0,41,mw,fresh_v1_2026-09-25,experiments\out\runs\funnel_mw_d5_B5e5_seed41\result.h5,0e127470914a9fd40c1c3adc28f6acc6270fcd22ee05df6434411c48de9285c4,BAT PriorToGaussian (PriorSubstitution); theta_j = 2 L Phi(z_j) - L,198be5929d43a663a9dacf308172e29a810848989dbf7faecce4b0d1afe1a5e3,202612303041,409654,90346.0,500000.0,2.140000104904175,full_remaining_budget,ok,8,vale24,1.11.6,2026-09-25T18:54:15,254e9852dede4aa6ee4547e114ff8f608824914d,254e9852dede4aa6ee4547e114ff8f608824914d
funnel,5,500000.0,67,mw,fresh_v1_2026-09-25,experiments\out\runs\funnel_mw_d5_B5e5_seed67\result.h5,6f53f2179e9bba4b0bb5215da1d49e9fac16e34658a862b95f73ad03959a9466,BAT PriorToGaussian (PriorSubstitution); theta_j = 2 L Phi(z_j) - L,2b9b3980de39183f53379727d13712724e353086a8d32dd99fef3410a3d9d366,202612303067,405807,94193.0,500000.0,2.1410000324249268,full_remaining_budget,ok,8,vale24,1.11.6,2026-09-25T18:54:18,254e9852dede4aa6ee4547e114ff8f608824914d,254e9852dede4aa6ee4547e114ff8f608824914d
funnel,5,500000.0,97,mw,fresh_v1_2026-09-25,experiments\out\runs\funnel_mw_d5_B5e5_seed97\result.h5,aee59167e22ed98bdc1f8d2f780b4ce2e181627b03724c4066abf20dd6d6b52d,BAT PriorToGaussian (PriorSubstitution); theta_j = 2 L Phi(z_j) - L,67b6990d0ecf6238788d7ea647e6f1954cf89ab957ff5b5b04efbec0098c3be1,202612303097,391339,108661.0,500000.0,1.4489998817443848,full_remaining_budget,ok,8,vale24,1.11.6,2026-09-25T18:54:21,254e9852dede4aa6ee4547e114ff8f608824914d,254e9852dede4aa6ee4547e114ff8f608824914d
funnel,5,500000.0,113,mw,fresh_v1_2026-09-25,experiments\out\runs\funnel_mw_d5_B5e5_seed113\result.h5,ece5fa42d117cd4bc298f7ea497c0d204bb57249c045162025babc991c76b904,BAT PriorToGaussian (PriorSubstitution); theta_j = 2 L Phi(z_j) - L,88256524ec48015c4999aa87514f40073a1f6335a5a4e01f782fc8430b71c880,202612303113,401931,98069.0,500000.0,1.436999797821045,full_remaining_budget,ok,8,vale24,1.11.6,2026-09-25T18:54:24,254e9852dede4aa6ee4547e114ff8f608824914d,254e9852dede4aa6ee4547e114ff8f608824914d
funnel,5,500000.0,137,mw,fresh_v1_2026-09-25,experiments\out\runs\funnel_mw_d5_B5e5_seed137\result.h5,55d8e8d49a3567f6cc25f8ac89869624cc3b80eb8362cd38397241f6c6f6bcd0,BAT PriorToGaussian (PriorSubstitution); theta_j = 2 L Phi(z_j) - L,f2dff1029d69a09cc472d67534121ee909d1f97904b4213a861bffb5f2d9f769,202612303137,406125,93875.0,500000.0,1.3619999885559082,full_remaining_budget,ok,8,vale24,1.11.6,2026-09-25T18:54:27,254e9852dede4aa6ee4547e114ff8f608824914d,254e9852dede4aa6ee4547e114ff8f608824914d
funnel,5,500000.0,173,mw,fresh_v1_2026-09-25,experiments\out\runs\funnel_mw_d5_B5e5_seed173\result.h5,10e16904f329d143207c2c854ca4e94dc87d6c40f83c48c3b970037856501f9c,BAT PriorToGaussian (PriorSubstitution); theta_j = 2 L Phi(z_j) - L,ce370cf03509e4b32ee07fec3f0c19dc355187b32d3b49b30506a797d537a33b,202612303173,402574,97426.0,500000.0,1.5230000019073486,full_remaining_budget,ok,8,vale24,1.11.6,2026-09-25T18:54:29,254e9852dede4aa6ee4547e114ff8f608824914d,254e9852dede4aa6ee4547e114ff8f608824914d
funnel,5,500000.0,211,mw,fresh_v1_2026-09-25,experiments\out\runs\funnel_mw_d5_B5e5_seed211\result.h5,254d4b14fa5ad47d189a4cb3323be3e6eed6b0bfdfbc335e0a24c221fbbb8008,BAT PriorToGaussian (PriorSubstitution); theta_j = 2 L Phi(z_j) - L,8a65e218355f5e285fffd2dc7a6edea510bd1a4f96ced5284c07ce3d8fe75af7,202612303211,412057,87943.0,500000.0,1.3849999904632568,full_remaining_budget,ok,8,vale24,1.11.6,2026-09-25T18:54:32,254e9852dede4aa6ee4547e114ff8f608824914d,254e9852dede4aa6ee4547e114ff8f608824914d
funnel,5,500000.0,239,mw,fresh_v1_2026-09-25,experiments\out\runs\funnel_mw_d5_B5e5_seed239\result.h5,eee401d7f9136aca7909e9fd6e3d9850dc981efd637038c71ae5093269db37bb,BAT PriorToGaussian (PriorSubstitution); theta_j = 2 L Phi(z_j) - L,5a48f4b92ded06624233b708876d25b9152f70bbf3873d72bea8a740290f3be2,202612303239,405249,94751.0,500000.0,1.9730000495910645,full_remaining_budget,ok,8,vale24,1.11.6,2026-09-25T18:54:34,254e9852dede4aa6ee4547e114ff8f608824914d,254e9852dede4aa6ee4547e114ff8f608824914d
funnel,5,500000.0,277,mw,fresh_v1_2026-09-25,experiments\out\runs\funnel_mw_d5_B5e5_seed277\result.h5,6290dabe4ed7f6f90bc41d5a06ccd7d328e5f27829bc73017ca8065af28ac51f,BAT PriorToGaussian (PriorSubstitution); theta_j = 2 L Phi(z_j) - L,aa8fff857cfc5eb50c3ffb93f14da1688dc942dcfc74129b9b7dfee24f35be15,202612303277,389695,110305.0,500000.0,1.488999843597412,full_remaining_budget,ok,8,vale24,1.11.6,2026-09-25T18:54:37,254e9852dede4aa6ee4547e114ff8f608824914d,254e9852dede4aa6ee4547e114ff8f608824914d
funnel,5,500000.0,313,mw,fresh_v1_2026-09-25,experiments\out\runs\funnel_mw_d5_B5e5_seed313\result.h5,00e28b3a27abc35a18be8ff3b82d051b67dc9e781a78704950d5973e67aa28b2,BAT PriorToGaussian (PriorSubstitution); theta_j = 2 L Phi(z_j) - L,22d38f513b69ccec2a74973c0069231bc7beba371e0c505858429857aa69508c,202612303313,410767,89233.0,500000.0,2.3030002117156982,full_remaining_budget,ok,8,vale24,1.11.6,2026-09-25T18:54:40,254e9852dede4aa6ee4547e114ff8f608824914d,254e9852dede4aa6ee4547e114ff8f608824914d
funnel,5,500000.0,359,mw,fresh_v1_2026-09-25,experiments\out\runs\funnel_mw_d5_B5e5_seed359\result.h5,8819a23011130a61e6fcac659de6a0270f03c20532ecfd6827860f8d3f58988c,BAT PriorToGaussian (PriorSubstitution); theta_j = 2 L Phi(z_j) - L,fdb73b883f8a9c9c86832d904158eb73a4e551d18ca3e89ff8f74797931b5c86,202612303359,398486,101514.0,500000.0,2.243000030517578,full_remaining_budget,ok,8,vale24,1.11.6,2026-09-25T18:54:43,254e9852dede4aa6ee4547e114ff8f608824914d,254e9852dede4aa6ee4547e114ff8f608824914d
funnel,5,500000.0,401,mw,fresh_v1_2026-09-25,experiments\out\runs\funnel_mw_d5_B5e5_seed401\result.h5,22c3ff89203e30eb7ad149fc9383ad080ec83822338846bbc7423d2c9fbf54cb,BAT PriorToGaussian (PriorSubstitution); theta_j = 2 L Phi(z_j) - L,1c9a0ecc7354d746096fa2a3cd38a51b063af115fae9c215306a1b05b088121d,202612303401,393374,106626.0,500000.0,2.628999948501587,full_remaining_budget,ok,8,vale24,1.11.6,2026-09-25T18:54:47,254e9852dede4aa6ee4547e114ff8f608824914d,254e9852dede4aa6ee4547e114ff8f608824914d
funnel,5,500000.0,449,mw,fresh_v1_2026-09-25,experiments\out\runs\funnel_mw_d5_B5e5_seed449\result.h5,80be73a7b2f2155aa84184c329c07963916be03301bd0867792112a4461b861d,BAT PriorToGaussian (PriorSubstitution); theta_j = 2 L Phi(z_j) - L,6a1d2d41aa458a07ea8acd9066c2d85bed0e853b9f40922587023fa8c39af1f6,202612303449,402994,97006.0,500000.0,2.01200008392334,full_remaining_budget,ok,8,vale24,1.11.6,2026-09-25T18:54:51,254e9852dede4aa6ee4547e114ff8f608824914d,254e9852dede4aa6ee4547e114ff8f608824914d
funnel,5,500000.0,491,mw,fresh_v1_2026-09-25,experiments\out\runs\funnel_mw_d5_B5e5_seed491\result.h5,e199f654d4c5173506dbcfd336bfd0f197d5805620b5a2345cf6abde318c3167,BAT PriorToGaussian (PriorSubstitution); theta_j = 2 L Phi(z_j) - L,341cc1707e048fb370bdae1d0b9b8b8ef16bcc351420147fd5f7b87cce4694fa,202612303491,399794,100206.0,500000.0,2.0989999771118164,full_remaining_budget,ok,8,vale24,1.11.6,2026-09-25T18:54:55,254e9852dede4aa6ee4547e114ff8f608824914d,254e9852dede4aa6ee4547e114ff8f608824914d
funnel,5,500000.0,541,mw,fresh_v1_2026-09-25,experiments\out\runs\funnel_mw_d5_B5e5_seed541\result.h5,3ab54f8ab99d25a28d37400e947e560343a83ed382556a6c3a682000124e2efa,BAT PriorToGaussian (PriorSubstitution); theta_j = 2 L Phi(z_j) - L,239f3da9f81f420618f2a2c59b7ece23daff19fb9720fc20e1b5fa25606ae2cd,202612303541,398943,101057.0,500000.0,1.5820000171661377,full_remaining_budget,ok,8,vale24,1.11.6,2026-09-25T18:54:58,254e9852dede4aa6ee4547e114ff8f608824914d,254e9852dede4aa6ee4547e114ff8f608824914d
funnel,5,500000.0,587,mw,fresh_v1_2026-09-25,experiments\out\runs\funnel_mw_d5_B5e5_seed587\result.h5,72c42bcd5ca92db1b175466d5254f9d4fe5bb884a1ec835115a3376d52f71245,BAT PriorToGaussian (PriorSubstitution); theta_j = 2 L Phi(z_j) - L,3cec451554c119542355ae3b463c5088c096ddf39e4ef3b2541fc18a5a9fdcce,202612303587,355474,144526.0,500000.0,2.312999963760376,full_remaining_budget,ok,8,vale24,1.11.6,2026-09-25T18:55:01,254e9852dede4aa6ee4547e114ff8f608824914d,254e9852dede4aa6ee4547e114ff8f608824914d
funnel,5,500000.0,631,mw,fresh_v1_2026-09-25,experiments\out\runs\funnel_mw_d5_B5e5_seed631\result.h5,eb524add28a1fb3addf72b4cbbbbb6cec5938b6d1b9d8289f9cd3cbc7ef4346b,BAT PriorToGaussian (PriorSubstitution); theta_j = 2 L Phi(z_j) - L,5daab3f16680fe39148b0b7123ec962518926f557525149b72371af5447e7a5d,202612303631,412258,87742.0,500000.0,2.1010000705718994,full_remaining_budget,ok,8,vale24,1.11.6,2026-09-25T18:55:05,254e9852dede4aa6ee4547e114ff8f608824914d,254e9852dede4aa6ee4547e114ff8f608824914d
funnel,5,500000.0,677,mw,fresh_v1_2026-09-25,experiments\out\runs\funnel_mw_d5_B5e5_seed677\result.h5,127d4217ce13ccbf34d8e6f0eb774b6f8a87a3efa2bd8f772970d50e9f8a31f1,BAT PriorToGaussian (PriorSubstitution); theta_j = 2 L Phi(z_j) - L,a32c9c909ec54a82f438447c858a301054bb732914fdaec368e8e2adc57da1ca,202612303677,390469,109531.0,500000.0,1.811999797821045,full_remaining_budget,ok,8,vale24,1.11.6,2026-09-25T18:55:08,254e9852dede4aa6ee4547e114ff8f608824914d,254e9852dede4aa6ee4547e114ff8f608824914d
funnel,10,5000.0,11,mw,fresh_v1_2026-09-25,experiments\out\runs\funnel_mw_d10_B5e3_seed11\result.h5,f43a3cc331a832bb09165b4d588a7693f0fe757c0790c04e159a8b52ed0c7bde,BAT PriorToGaussian (PriorSubstitution); theta_j = 2 L Phi(z_j) - L,8c7721c580bc6bfe1a17b4957e502609301856d4859b2d6455c068067a06bc85,202612351011,0,6057.0,6057.0,,exceeds_strict_budget,,8,vale24,1.11.6,2026-09-25T19:14:45,254e9852dede4aa6ee4547e114ff8f608824914d,254e9852dede4aa6ee4547e114ff8f608824914d
funnel,10,5000.0,23,mw,fresh_v1_2026-09-25,experiments\out\runs\funnel_mw_d10_B5e3_seed23\result.h5,ae2859e3e0468d5585beffd262d9e2afdf380bb0ffbb44b80ad670895bf48dd5,BAT PriorToGaussian (PriorSubstitution); theta_j = 2 L Phi(z_j) - L,8c7721c580bc6bfe1a17b4957e502609301856d4859b2d6455c068067a06bc85,202612351023,0,6057.0,6057.0,,exceeds_strict_budget,,8,vale24,1.11.6,2026-09-25T19:14:45,254e9852dede4aa6ee4547e114ff8f608824914d,254e9852dede4aa6ee4547e114ff8f608824914d
funnel,10,5000.0,41,mw,fresh_v1_2026-09-25,experiments\out\runs\funnel_mw_d10_B5e3_seed41\result.h5,8ec3f7e546c8c0125e94d06c7d53e69492a48629f923402537e6b17c7d3577bf,BAT PriorToGaussian (PriorSubstitution); theta_j = 2 L Phi(z_j) - L,8c7721c580bc6bfe1a17b4957e502609301856d4859b2d6455c068067a06bc85,202612351041,0,6057.0,6057.0,,exceeds_strict_budget,,8,vale24,1.11.6,2026-09-25T19:14:45,254e9852dede4aa6ee4547e114ff8f608824914d,254e9852dede4aa6ee4547e114ff8f608824914d
funnel,10,5000.0,67,mw,fresh_v1_2026-09-25,experiments\out\runs\funnel_mw_d10_B5e3_seed67\result.h5,dfa60846e3758ec761d8fe06f78d0bc08a8e6fa0c7d107591e86453e9a123054,BAT PriorToGaussian (PriorSubstitution); theta_j = 2 L Phi(z_j) - L,8c7721c580bc6bfe1a17b4957e502609301856d4859b2d6455c068067a06bc85,202612351067,0,6057.0,6057.0,,exceeds_strict_budget,,8,vale24,1.11.6,2026-09-25T19:14:45,254e9852dede4aa6ee4547e114ff8f608824914d,254e9852dede4aa6ee4547e114ff8f608824914d
funnel,10,5000.0,97,mw,fresh_v1_2026-09-25,experiments\out\runs\funnel_mw_d10_B5e3_seed97\result.h5,b98abb296f50b93c6de2765e6178823c531237bcc4fddfecdf1aa97a3bfa75ac,BAT PriorToGaussian (PriorSubstitution); theta_j = 2 L Phi(z_j) - L,8c7721c580bc6bfe1a17b4957e502609301856d4859b2d6455c068067a06bc85,202612351097,0,6057.0,6057.0,,exceeds_strict_budget,,8,vale24,1.11.6,2026-09-25T19:14:45,254e9852dede4aa6ee4547e114ff8f608824914d,254e9852dede4aa6ee4547e114ff8f608824914d
funnel,10,5000.0,113,mw,fresh_v1_2026-09-25,experiments\out\runs\funnel_mw_d10_B5e3_seed113\result.h5,47a99d199a89720cdc2790895ec190e53a05843eaeec1ae1339554be942d402a,BAT PriorToGaussian (PriorSubstitution); theta_j = 2 L Phi(z_j) - L,8c7721c580bc6bfe1a17b4957e502609301856d4859b2d6455c068067a06bc85,202612351113,0,6057.0,6057.0,,exceeds_strict_budget,,8,vale24,1.11.6,2026-09-25T19:14:45,254e9852dede4aa6ee4547e114ff8f608824914d,254e9852dede4aa6ee4547e114ff8f608824914d
funnel,10,5000.0,137,mw,fresh_v1_2026-09-25,experiments\out\runs\funnel_mw_d10_B5e3_seed137\result.h5,f2b2924c11c4ef174fe5fcacf1f089a0b27c8a551b21866230cc1a9654a50c16,BAT PriorToGaussian (PriorSubstitution); theta_j = 2 L Phi(z_j) - L,8c7721c580bc6bfe1a17b4957e502609301856d4859b2d6455c068067a06bc85,202612351137,0,6057.0,6057.0,,exceeds_strict_budget,,8,vale24,1.11.6,2026-09-25T19:14:45,254e9852dede4aa6ee4547e114ff8f608824914d,254e9852dede4aa6ee4547e114ff8f608824914d
funnel,10,5000.0,173,mw,fresh_v1_2026-09-25,experiments\out\runs\funnel_mw_d10_B5e3_seed173\result.h5,9ca100037c9b46b706878ebaaeff9adca3937989882858b319303e745138e811,BAT PriorToGaussian (PriorSubstitution); theta_j = 2 L Phi(z_j) - L,8c7721c580bc6bfe1a17b4957e502609301856d4859b2d6455c068067a06bc85,202612351173,0,6057.0,6057.0,,exceeds_strict_budget,,8,vale24,1.11.6,2026-09-25T19:14:45,254e9852dede4aa6ee4547e114ff8f608824914d,254e9852dede4aa6ee4547e114ff8f608824914d
funnel,10,5000.0,211,mw,fresh_v1_2026-09-25,experiments\out\runs\funnel_mw_d10_B5e3_seed211\result.h5,06926ce86208840be0a0f33a7da993aad0ec740eab64c0243dd831c28f5d5615,BAT PriorToGaussian (PriorSubstitution); theta_j = 2 L Phi(z_j) - L,8c7721c580bc6bfe1a17b4957e502609301856d4859b2d6455c068067a06bc85,202612351211,0,6057.0,6057.0,,exceeds_strict_budget,,8,vale24,1.11.6,2026-09-25T19:14:45,254e9852dede4aa6ee4547e114ff8f608824914d,254e9852dede4aa6ee4547e114ff8f608824914d
funnel,10,5000.0,239,mw,fresh_v1_2026-09-25,experiments\out\runs\funnel_mw_d10_B5e3_seed239\result.h5,329b964185ccf36f486329531502c74660443b8bea8c109ffd15e10ba351e433,BAT PriorToGaussian (PriorSubstitution); theta_j = 2 L Phi(z_j) - L,8c7721c580bc6bfe1a17b4957e502609301856d4859b2d6455c068067a06bc85,202612351239,0,6057.0,6057.0,,exceeds_strict_budget,,8,vale24,1.11.6,2026-09-25T19:14:45,254e9852dede4aa6ee4547e114ff8f608824914d,254e9852dede4aa6ee4547e114ff8f608824914d
funnel,10,5000.0,277,mw,fresh_v1_2026-09-25,experiments\out\runs\funnel_mw_d10_B5e3_seed277\result.h5,9425eb7d231bbd5a6580af13a1f00c84a7ffcf128a81ddc039e02466563bb2a2,BAT PriorToGaussian (PriorSubstitution); theta_j = 2 L Phi(z_j) - L,8c7721c580bc6bfe1a17b4957e502609301856d4859b2d6455c068067a06bc85,202612351277,0,6057.0,6057.0,,exceeds_strict_budget,,8,vale24,1.11.6,2026-09-25T19:14:45,254e9852dede4aa6ee4547e114ff8f608824914d,254e9852dede4aa6ee4547e114ff8f608824914d
funnel,10,5000.0,313,mw,fresh_v1_2026-09-25,experiments\out\runs\funnel_mw_d10_B5e3_seed313\result.h5,f6f22872df2561a62d48e270bf1095556688c33a3323a391f56df1cc27c2b1a6,BAT PriorToGaussian (PriorSubstitution); theta_j = 2 L Phi(z_j) - L,8c7721c580bc6bfe1a17b4957e502609301856d4859b2d6455c068067a06bc85,202612351313,0,6057.0,6057.0,,exceeds_strict_budget,,8,vale24,1.11.6,2026-09-25T19:14:45,254e9852dede4aa6ee4547e114ff8f608824914d,254e9852dede4aa6ee4547e114ff8f608824914d
funnel,10,5000.0,359,mw,fresh_v1_2026-09-25,experiments\out\runs\funnel_mw_d10_B5e3_seed359\result.h5,8c888c2fe89023f70394bc0743335cdf8d3b1ba43e3e104a4ea46cf822d5d9f9,BAT PriorToGaussian (PriorSubstitution); theta_j = 2 L Phi(z_j) - L,8c7721c580bc6bfe1a17b4957e502609301856d4859b2d6455c068067a06bc85,202612351359,0,6057.0,6057.0,,exceeds_strict_budget,,8,vale24,1.11.6,2026-09-25T19:14:45,254e9852dede4aa6ee4547e114ff8f608824914d,254e9852dede4aa6ee4547e114ff8f608824914d
funnel,10,5000.0,401,mw,fresh_v1_2026-09-25,experiments\out\runs\funnel_mw_d10_B5e3_seed401\result.h5,81d606c8b1855fb9194a95e7717577f383964c5833d20ce6a1c340a1d5f131a4,BAT PriorToGaussian (PriorSubstitution); theta_j = 2 L Phi(z_j) - L,8c7721c580bc6bfe1a17b4957e502609301856d4859b2d6455c068067a06bc85,202612351401,0,6057.0,6057.0,,exceeds_strict_budget,,8,vale24,1.11.6,2026-09-25T19:14:45,254e9852dede4aa6ee4547e114ff8f608824914d,254e9852dede4aa6ee4547e114ff8f608824914d
funnel,10,5000.0,449,mw,fresh_v1_2026-09-25,experiments\out\runs\funnel_mw_d10_B5e3_seed449\result.h5,9d4ef93cb76022ebac110e20f6274b494f16f55f9c09927bf51e7f3cf8fb0e12,BAT PriorToGaussian (PriorSubstitution); theta_j = 2 L Phi(z_j) - L,8c7721c580bc6bfe1a17b4957e502609301856d4859b2d6455c068067a06bc85,202612351449,0,6057.0,6057.0,,exceeds_strict_budget,,8,vale24,1.11.6,2026-09-25T19:14:46,254e9852dede4aa6ee4547e114ff8f608824914d,254e9852dede4aa6ee4547e114ff8f608824914d
funnel,10,5000.0,491,mw,fresh_v1_2026-09-25,experiments\out\runs\funnel_mw_d10_B5e3_seed491\result.h5,8614e550b9bad84efcd39199d6a2009f2693a2fa0d0c2f673caa141c06a76d15,BAT PriorToGaussian (PriorSubstitution); theta_j = 2 L Phi(z_j) - L,8c7721c580bc6bfe1a17b4957e502609301856d4859b2d6455c068067a06bc85,202612351491,0,6057.0,6057.0,,exceeds_strict_budget,,8,vale24,1.11.6,2026-09-25T19:14:46,254e9852dede4aa6ee4547e114ff8f608824914d,254e9852dede4aa6ee4547e114ff8f608824914d
funnel,10,5000.0,541,mw,fresh_v1_2026-09-25,experiments\out\runs\funnel_mw_d10_B5e3_seed541\result.h5,b8b816594f9c6c62904829f372cc70f7a3c22685410957b5765b4ca3abc1a23c,BAT PriorToGaussian (PriorSubstitution); theta_j = 2 L Phi(z_j) - L,8c7721c580bc6bfe1a17b4957e502609301856d4859b2d6455c068067a06bc85,202612351541,0,6057.0,6057.0,,exceeds_strict_budget,,8,vale24,1.11.6,2026-09-25T19:14:46,254e9852dede4aa6ee4547e114ff8f608824914d,254e9852dede4aa6ee4547e114ff8f608824914d
funnel,10,5000.0,587,mw,fresh_v1_2026-09-25,experiments\out\runs\funnel_mw_d10_B5e3_seed587\result.h5,b3fcb1abf067f7a9969bca301a9f7ab3d30c4477cfe5a1336c0b40b68c6de054,BAT PriorToGaussian (PriorSubstitution); theta_j = 2 L Phi(z_j) - L,8c7721c580bc6bfe1a17b4957e502609301856d4859b2d6455c068067a06bc85,202612351587,0,6057.0,6057.0,,exceeds_strict_budget,,8,vale24,1.11.6,2026-09-25T19:14:46,254e9852dede4aa6ee4547e114ff8f608824914d,254e9852dede4aa6ee4547e114ff8f608824914d
funnel,10,5000.0,631,mw,fresh_v1_2026-09-25,experiments\out\runs\funnel_mw_d10_B5e3_seed631\result.h5,d576c1b7ecdf7bd8738bd112b5a8d9d095a4b0d08ba9e5ab8e67e0342662e24e,BAT PriorToGaussian (PriorSubstitution); theta_j = 2 L Phi(z_j) - L,8c7721c580bc6bfe1a17b4957e502609301856d4859b2d6455c068067a06bc85,202612351631,0,6057.0,6057.0,,exceeds_strict_budget,,8,vale24,1.11.6,2026-09-25T19:14:46,254e9852dede4aa6ee4547e114ff8f608824914d,254e9852dede4aa6ee4547e114ff8f608824914d
funnel,10,5000.0,677,mw,fresh_v1_2026-09-25,experiments\out\runs\funnel_mw_d10_B5e3_seed677\result.h5,3fdb6aa96a901c27cfb7670f0df454e884acd1c3c60d1ff2ed7c7750d0bd19d6,BAT PriorToGaussian (PriorSubstitution); theta_j = 2 L Phi(z_j) - L,8c7721c580bc6bfe1a17b4957e502609301856d4859b2d6455c068067a06bc85,202612351677,0,6057.0,6057.0,,exceeds_strict_budget,,8,vale24,1.11.6,2026-09-25T19:14:46,254e9852dede4aa6ee4547e114ff8f608824914d,254e9852dede4aa6ee4547e114ff8f608824914d
funnel,10,50000.0,11,mw,fresh_v1_2026-09-25,experiments\out\runs\funnel_mw_d10_B5e4_seed11\result.h5,6f0c491b0ec9de66c31c9d77f6091c8c0896677d72876ff62c56a36bc48d138b,BAT PriorToGaussian (PriorSubstitution); theta_j = 2 L Phi(z_j) - L,d2cb490ed327f59cf87f53a2c389d22e3c3e205cac0e9e4c633ba2990511a6d9,202612352011,0,56590.0,56590.0,,exceeds_strict_budget,,8,vale24,1.11.6,2026-09-25T19:12:40,254e9852dede4aa6ee4547e114ff8f608824914d,254e9852dede4aa6ee4547e114ff8f608824914d
funnel,10,50000.0,23,mw,fresh_v1_2026-09-25,experiments\out\runs\funnel_mw_d10_B5e4_seed23\result.h5,1ab7d50eb708dea903f53d9bc20383cc34cd1fcb4e075278b3f05e27fcebe9b3,BAT PriorToGaussian (PriorSubstitution); theta_j = 2 L Phi(z_j) - L,f0e6b134c92ea06971c6259b3afa959fba6b07fd7594c53a374b75717bd9c4d6,202612352023,0,54536.0,54536.0,,exceeds_strict_budget,,8,vale24,1.11.6,2026-09-25T19:12:40,254e9852dede4aa6ee4547e114ff8f608824914d,254e9852dede4aa6ee4547e114ff8f608824914d
funnel,10,50000.0,41,mw,fresh_v1_2026-09-25,experiments\out\runs\funnel_mw_d10_B5e4_seed41\result.h5,7f9a3f1f92412c789002ad1a4c44ab00f4f47a03a657f0129d89485154175803,BAT PriorToGaussian (PriorSubstitution); theta_j = 2 L Phi(z_j) - L,15c814603eec70b0078b9388f639a2003ec6913c858862efb1ea71e025df0b01,202612352041,0,54426.0,54426.0,,exceeds_strict_budget,,8,vale24,1.11.6,2026-09-25T19:12:40,254e9852dede4aa6ee4547e114ff8f608824914d,254e9852dede4aa6ee4547e114ff8f608824914d
funnel,10,50000.0,67,mw,fresh_v1_2026-09-25,experiments\out\runs\funnel_mw_d10_B5e4_seed67\result.h5,29d3cabd35740008bfb5af4f9943d35d50f44749284e005e7997cf3260f95513,BAT PriorToGaussian (PriorSubstitution); theta_j = 2 L Phi(z_j) - L,05a7675bde9fdf324e14c430e31e555a4b0c6be2b05372e9db4da754ad014cea,202612352067,0,57195.0,57195.0,,exceeds_strict_budget,,8,vale24,1.11.6,2026-09-25T19:12:40,254e9852dede4aa6ee4547e114ff8f608824914d,254e9852dede4aa6ee4547e114ff8f608824914d
funnel,10,50000.0,97,mw,fresh_v1_2026-09-25,experiments\out\runs\funnel_mw_d10_B5e4_seed97\result.h5,621ffddae7efa3d8b7e756b987b8e3f8fc6960ee640094ef0f69c6c7ea7ead12,BAT PriorToGaussian (PriorSubstitution); theta_j = 2 L Phi(z_j) - L,e393d329452d7b8eea6983997d2c6f7252da6fac1a6a26dc5187d5628d3da6ac,202612352097,0,54105.0,54105.0,,exceeds_strict_budget,,8,vale24,1.11.6,2026-09-25T19:12:40,254e9852dede4aa6ee4547e114ff8f608824914d,254e9852dede4aa6ee4547e114ff8f608824914d
funnel,10,50000.0,113,mw,fresh_v1_2026-09-25,experiments\out\runs\funnel_mw_d10_B5e4_seed113\result.h5,a943df5a10e289639e99339f048ebe4346eee4260162b62a06124f5300c51726,BAT PriorToGaussian (PriorSubstitution); theta_j = 2 L Phi(z_j) - L,8dd799cd6581e4b268a5b53d121f13c1890f0abc837856edd3ddfd271ec59237,202612352113,0,58106.0,58106.0,,exceeds_strict_budget,,8,vale24,1.11.6,2026-09-25T19:12:40,254e9852dede4aa6ee4547e114ff8f608824914d,254e9852dede4aa6ee4547e114ff8f608824914d
funnel,10,50000.0,137,mw,fresh_v1_2026-09-25,experiments\out\runs\funnel_mw_d10_B5e4_seed137\result.h5,6b14e015febfc2e5f7dac3a06f4a32739131a24f15a214d98251c5b50b21f63a,BAT PriorToGaussian (PriorSubstitution); theta_j = 2 L Phi(z_j) - L,468866470735717d1e18efa7c2eab90105f2369e82d30a808d03ebf0fae54426,202612352137,0,58446.0,58446.0,,exceeds_strict_budget,,8,vale24,1.11.6,2026-09-25T19:12:40,254e9852dede4aa6ee4547e114ff8f608824914d,254e9852dede4aa6ee4547e114ff8f608824914d
funnel,10,50000.0,173,mw,fresh_v1_2026-09-25,experiments\out\runs\funnel_mw_d10_B5e4_seed173\result.h5,57a525434fe48f9a7be82c6ef35d4d5a9c2b04b5839d5a34b9ca33b27e369434,BAT PriorToGaussian (PriorSubstitution); theta_j = 2 L Phi(z_j) - L,1c4c211c33415de2feb04a6d6db496d2139226ae448eddc64195f46facffd72b,202612352173,0,57760.0,57760.0,,exceeds_strict_budget,,8,vale24,1.11.6,2026-09-25T19:12:41,254e9852dede4aa6ee4547e114ff8f608824914d,254e9852dede4aa6ee4547e114ff8f608824914d
funnel,10,50000.0,211,mw,fresh_v1_2026-09-25,experiments\out\runs\funnel_mw_d10_B5e4_seed211\result.h5,616fb39da9c0780702e96e1a5bd8048dd35300572cf743f7a4b722b5ebad338e,BAT PriorToGaussian (PriorSubstitution); theta_j = 2 L Phi(z_j) - L,155e805b56561923eda491d90469cda11ac915d7a66f482d267a9a6660ff7959,202612352211,0,56965.0,56965.0,,exceeds_strict_budget,,8,vale24,1.11.6,2026-09-25T19:12:41,254e9852dede4aa6ee4547e114ff8f608824914d,254e9852dede4aa6ee4547e114ff8f608824914d
funnel,10,50000.0,239,mw,fresh_v1_2026-09-25,experiments\out\runs\funnel_mw_d10_B5e4_seed239\result.h5,3a44b7e40eceae0ac3307d2a1e32c217be3a9375f5fdb5c687f5065d71b29995,BAT PriorToGaussian (PriorSubstitution); theta_j = 2 L Phi(z_j) - L,36f20d0a02c03ec327cdd0b71d494b6ff62e02bf096aacb6b8634bf481d0e4ca,202612352239,0,51911.0,51911.0,,exceeds_strict_budget,,8,vale24,1.11.6,2026-09-25T19:12:41,254e9852dede4aa6ee4547e114ff8f608824914d,254e9852dede4aa6ee4547e114ff8f608824914d
funnel,10,50000.0,277,mw,fresh_v1_2026-09-25,experiments\out\runs\funnel_mw_d10_B5e4_seed277\result.h5,7fec2dcbb6f7dfe8b07ba0939724e9ccd01507dd2d52d3a56778ff6be5596f7b,BAT PriorToGaussian (PriorSubstitution); theta_j = 2 L Phi(z_j) - L,52f0c84c7deaec559a74823f0201d5dfb08c3bd8d4066472becda5d0b3d131d1,202612352277,0,61363.0,61363.0,,exceeds_strict_budget,,8,vale24,1.11.6,2026-09-25T19:12:41,254e9852dede4aa6ee4547e114ff8f608824914d,254e9852dede4aa6ee4547e114ff8f608824914d
funnel,10,50000.0,313,mw,fresh_v1_2026-09-25,experiments\out\runs\funnel_mw_d10_B5e4_seed313\result.h5,2f7d17d38430437c10093e7d59ba033da8b1a4006f4a955a3d084112e27314d4,BAT PriorToGaussian (PriorSubstitution); theta_j = 2 L Phi(z_j) - L,46373ff13ceb9eecdf69a771b0cdfb341931a75400808bf74b6d93cc6616f264,202612352313,0,50537.0,50537.0,,exceeds_strict_budget,,8,vale24,1.11.6,2026-09-25T19:12:41,254e9852dede4aa6ee4547e114ff8f608824914d,254e9852dede4aa6ee4547e114ff8f608824914d
funnel,10,50000.0,359,mw,fresh_v1_2026-09-25,experiments\out\runs\funnel_mw_d10_B5e4_seed359\result.h5,bc7c8aa0303841780dd0ef6d9157b26a83bcc95cc2f9f2b0140389053d317e23,BAT PriorToGaussian (PriorSubstitution); theta_j = 2 L Phi(z_j) - L,da4c487e2726e913d8758862c0ec3a1e04c2dde720a11d65c95cdc482602822f,202612352359,0,52019.0,52019.0,,exceeds_strict_budget,,8,vale24,1.11.6,2026-09-25T19:12:42,254e9852dede4aa6ee4547e114ff8f608824914d,254e9852dede4aa6ee4547e114ff8f608824914d
funnel,10,50000.0,401,mw,fresh_v1_2026-09-25,experiments\out\runs\funnel_mw_d10_B5e4_seed401\result.h5,d52a3d197ae9b30ec1f4485018f5db7072b90c023475cc690a138be2a8de4c60,BAT PriorToGaussian (PriorSubstitution); theta_j = 2 L Phi(z_j) - L,1f56e29412b01bbe7ef386b6bfa3b8b2b4d8fc0df01e5d31f7999d1d8161f2f8,202612352401,0,53361.0,53361.0,,exceeds_strict_budget,,8,vale24,1.11.6,2026-09-25T19:12:42,254e9852dede4aa6ee4547e114ff8f608824914d,254e9852dede4aa6ee4547e114ff8f608824914d
funnel,10,50000.0,449,mw,fresh_v1_2026-09-25,experiments\out\runs\funnel_mw_d10_B5e4_seed449\result.h5,7764246825dfd9f7abb6d3038718d50965fc152d3e17e06dea327a2dba280162,BAT PriorToGaussian (PriorSubstitution); theta_j = 2 L Phi(z_j) - L,49db5200272a0cfa8b57f8c0180099a049e523d3485f17608869346701babebb,202612352449,0,51865.0,51865.0,,exceeds_strict_budget,,8,vale24,1.11.6,2026-09-25T19:12:42,254e9852dede4aa6ee4547e114ff8f608824914d,254e9852dede4aa6ee4547e114ff8f608824914d
funnel,10,50000.0,491,mw,fresh_v1_2026-09-25,experiments\out\runs\funnel_mw_d10_B5e4_seed491\result.h5,12acc9d93560a3800fd97e06909b5f8991b984acb647a2b94bb189fded3640d5,BAT PriorToGaussian (PriorSubstitution); theta_j = 2 L Phi(z_j) - L,fe3e9c694e70df68b7def4e6157cb04dcc61d3c32caacc5926210d8b03276277,202612352491,0,52366.0,52366.0,,exceeds_strict_budget,,8,vale24,1.11.6,2026-09-25T19:12:42,254e9852dede4aa6ee4547e114ff8f608824914d,254e9852dede4aa6ee4547e114ff8f608824914d
funnel,10,50000.0,541,mw,fresh_v1_2026-09-25,experiments\out\runs\funnel_mw_d10_B5e4_seed541\result.h5,63afd935fb74530710a488f4c7343ef7cdec11be85e787bc4071ef7568f0f403,BAT PriorToGaussian (PriorSubstitution); theta_j = 2 L Phi(z_j) - L,5d700bb0877e9259d5891c44e15ee398012f0b7cb722a068a8cad2a5a5aafea7,202612352541,0,55518.0,55518.0,,exceeds_strict_budget,,8,vale24,1.11.6,2026-09-25T19:12:43,254e9852dede4aa6ee4547e114ff8f608824914d,254e9852dede4aa6ee4547e114ff8f608824914d
funnel,10,50000.0,587,mw,fresh_v1_2026-09-25,experiments\out\runs\funnel_mw_d10_B5e4_seed587\result.h5,9347db1b9c657402e009739caeb0ac81d3dc5456818e0a72a5508c54a27650a1,BAT PriorToGaussian (PriorSubstitution); theta_j = 2 L Phi(z_j) - L,f80997ffcf779f19dcd41f980713c25f5dee8ae88bbb9610ba622c548abea4cf,202612352587,0,54778.0,54778.0,,exceeds_strict_budget,,8,vale24,1.11.6,2026-09-25T19:12:43,254e9852dede4aa6ee4547e114ff8f608824914d,254e9852dede4aa6ee4547e114ff8f608824914d
funnel,10,50000.0,631,mw,fresh_v1_2026-09-25,experiments\out\runs\funnel_mw_d10_B5e4_seed631\result.h5,94fd5ef09f77f7c362ee42c1f3747b52a9dd32721a76b7a145ca6618fc84b455,BAT PriorToGaussian (PriorSubstitution); theta_j = 2 L Phi(z_j) - L,49ae68c53bb70052f0a5d10a5adf3cc2e2dad4d9f427e81160b91bdba61a192d,202612352631,0,51745.0,51745.0,,exceeds_strict_budget,,8,vale24,1.11.6,2026-09-25T19:12:43,254e9852dede4aa6ee4547e114ff8f608824914d,254e9852dede4aa6ee4547e114ff8f608824914d
funnel,10,50000.0,677,mw,fresh_v1_2026-09-25,experiments\out\runs\funnel_mw_d10_B5e4_seed677\result.h5,64668d173eb813dff74338899174dc9b75ed78e4e5c7e7424173328d04de4e40,BAT PriorToGaussian (PriorSubstitution); theta_j = 2 L Phi(z_j) - L,853b0ad043954813fb7e6921f04f76f8f25680717b0bfac89b9403b788b389ee,202612352677,0,52840.0,52840.0,,exceeds_strict_budget,,8,vale24,1.11.6,2026-09-25T19:12:43,254e9852dede4aa6ee4547e114ff8f608824914d,254e9852dede4aa6ee4547e114ff8f608824914d
funnel,10,500000.0,11,mw,fresh_v1_2026-09-25,experiments\out\runs\funnel_mw_d10_B5e5_seed11\result.h5,8d0319a1a4c24b74729ef28da2323c66bfe89b9ec8d8e3a93acee6714731ed0c,BAT PriorToGaussian (PriorSubstitution); theta_j = 2 L Phi(z_j) - L,96fcd70ccc25e6552921bcc8f45ae5a8942b5afcf857e17bdfcdb991736ca582,202612353011,277464,222536.0,500000.0,3.19599986076355,full_remaining_budget,ok,8,vale24,1.11.6,2026-09-25T19:05:28,254e9852dede4aa6ee4547e114ff8f608824914d,254e9852dede4aa6ee4547e114ff8f608824914d
funnel,10,500000.0,23,mw,fresh_v1_2026-09-25,experiments\out\runs\funnel_mw_d10_B5e5_seed23\result.h5,94dd74e877444e72a11da727961b1944bb874e484700f4fa2ab2c9b595db5cfd,BAT PriorToGaussian (PriorSubstitution); theta_j = 2 L Phi(z_j) - L,7163df28a87736e5bad2b068d88495b38b07dfe1e006aab4ea9445631fdcbf8c,202612353023,176128,323872.0,500000.0,1.2230000495910645,full_remaining_budget,ok,8,vale24,1.11.6,2026-09-25T19:05:33,254e9852dede4aa6ee4547e114ff8f608824914d,254e9852dede4aa6ee4547e114ff8f608824914d
funnel,10,500000.0,41,mw,fresh_v1_2026-09-25,experiments\out\runs\funnel_mw_d10_B5e5_seed41\result.h5,659a73bfb36bbbc011deab52dba9a34c3dfe0d5e1d15bb549219c70ea7cc21f3,BAT PriorToGaussian (PriorSubstitution); theta_j = 2 L Phi(z_j) - L,e0f4e5c04beb42ba355d26e0ee8a18043138068c5403b096de671cae55329920,202612353041,277034,222966.0,500000.0,2.2179999351501465,full_remaining_budget,ok,8,vale24,1.11.6,2026-09-25T19:05:36,254e9852dede4aa6ee4547e114ff8f608824914d,254e9852dede4aa6ee4547e114ff8f608824914d
funnel,10,500000.0,67,mw,fresh_v1_2026-09-25,experiments\out\runs\funnel_mw_d10_B5e5_seed67\result.h5,14576ad075d4aea31c07dcb93508af28a9781357f28b41cb1aed2926548db62e,BAT PriorToGaussian (PriorSubstitution); theta_j = 2 L Phi(z_j) - L,e0c974785c439d65943315b2acb9654e8cc037e5041f16a112c6f0378adcd931,202612353067,293233,206767.0,500000.0,2.947000026702881,full_remaining_budget,ok,8,vale24,1.11.6,2026-09-25T19:05:39,254e9852dede4aa6ee4547e114ff8f608824914d,254e9852dede4aa6ee4547e114ff8f608824914d
funnel,10,500000.0,97,mw,fresh_v1_2026-09-25,experiments\out\runs\funnel_mw_d10_B5e5_seed97\result.h5,e5083f36047aafdd9f6372613743ca0b4133a7f811efaacb2df0dfc7a34799b5,BAT PriorToGaussian (PriorSubstitution); theta_j = 2 L Phi(z_j) - L,c11da90d536ef7dc1d59e17ef23c395a98a1fefbb9290a6866c2855bd29f4192,202612353097,271868,228132.0,500000.0,2.552999973297119,full_remaining_budget,ok,8,vale24,1.11.6,2026-09-25T19:05:45,254e9852dede4aa6ee4547e114ff8f608824914d,254e9852dede4aa6ee4547e114ff8f608824914d
funnel,10,500000.0,113,mw,fresh_v1_2026-09-25,experiments\out\runs\funnel_mw_d10_B5e5_seed113\result.h5,dfb324ffcd1230cf86d8475dcd6b4034ff6454f6ff397fdef4822a6dc06ae0fb,BAT PriorToGaussian (PriorSubstitution); theta_j = 2 L Phi(z_j) - L,50a63d4a982afb2854c2dd3bc5f79bbe0cf0c352d596d5ea16a014d6b0887b77,202612353113,251108,248892.0,500000.0,2.5220000743865967,full_remaining_budget,ok,8,vale24,1.11.6,2026-09-25T19:05:49,254e9852dede4aa6ee4547e114ff8f608824914d,254e9852dede4aa6ee4547e114ff8f608824914d
funnel,10,500000.0,137,mw,fresh_v1_2026-09-25,experiments\out\runs\funnel_mw_d10_B5e5_seed137\result.h5,0f91a1ee8f08a41cf808a6a49cf5f30a405c0ac194cd351f44e10204aa43c7b4,BAT PriorToGaussian (PriorSubstitution); theta_j = 2 L Phi(z_j) - L,29f4214aa5fd74ca888a7c89b54f2892e549eaadb303bd90dd83e1111f149710,202612353137,231804,268196.0,500000.0,2.440000057220459,full_remaining_budget,ok,8,vale24,1.11.6,2026-09-25T19:05:53,254e9852dede4aa6ee4547e114ff8f608824914d,254e9852dede4aa6ee4547e114ff8f608824914d
funnel,10,500000.0,173,mw,fresh_v1_2026-09-25,experiments\out\runs\funnel_mw_d10_B5e5_seed173\result.h5,647915dbd47f3ae050da883d767526679c27a5fd5d1a338ffa6f992b017e75c4,BAT PriorToGaussian (PriorSubstitution); theta_j = 2 L Phi(z_j) - L,eb7ad145b4a2b2a15887bed502ead5b4b65cbbe807bc29c81e3cb79964eb2d6d,202612353173,213865,286135.0,500000.0,2.115000009536743,full_remaining_budget,ok,8,vale24,1.11.6,2026-09-25T19:05:58,254e9852dede4aa6ee4547e114ff8f608824914d,254e9852dede4aa6ee4547e114ff8f608824914d
funnel,10,500000.0,211,mw,fresh_v1_2026-09-25,experiments\out\runs\funnel_mw_d10_B5e5_seed211\result.h5,179344378af26c0df29e160c51deaf065dad279256527a84b3f42549b008c536,BAT PriorToGaussian (PriorSubstitution); theta_j = 2 L Phi(z_j) - L,7e97eb0d1d73c9b929939bca5778a70479962329417e5f9db957b04f6fef9315,202612353211,298853,201147.0,500000.0,4.85099983215332,full_remaining_budget,ok,8,vale24,1.11.6,2026-09-25T19:06:03,254e9852dede4aa6ee4547e114ff8f608824914d,254e9852dede4aa6ee4547e114ff8f608824914d
funnel,10,500000.0,239,mw,fresh_v1_2026-09-25,experiments\out\runs\funnel_mw_d10_B5e5_seed239\result.h5,8b0a3cc49d5503442c4eb56dea825e83e52c353a10f0eaa4aca86a2e1b63e66f,BAT PriorToGaussian (PriorSubstitution); theta_j = 2 L Phi(z_j) - L,8daadfd78f3ce5dec58c44f308ad1dd17a4fed4d7011d3160f97f4f4b5ae93ee,202612353239,283820,216180.0,500000.0,3.184999942779541,full_remaining_budget,ok,8,vale24,1.11.6,2026-09-25T19:06:10,254e9852dede4aa6ee4547e114ff8f608824914d,254e9852dede4aa6ee4547e114ff8f608824914d
funnel,10,500000.0,277,mw,fresh_v1_2026-09-25,experiments\out\runs\funnel_mw_d10_B5e5_seed277\result.h5,0be04b36c38a7778ec955e24512683bb70039f488473a68e741db0d78df905ed,BAT PriorToGaussian (PriorSubstitution); theta_j = 2 L Phi(z_j) - L,51b325fe0609997a0b4e47a55ef3071308bc75322635ddef7d907028caff0465,202612353277,287120,212880.0,500000.0,3.115000009536743,full_remaining_budget,ok,8,vale24,1.11.6,2026-09-25T19:06:15,254e9852dede4aa6ee4547e114ff8f608824914d,254e9852dede4aa6ee4547e114ff8f608824914d
funnel,10,500000.0,313,mw,fresh_v1_2026-09-25,experiments\out\runs\funnel_mw_d10_B5e5_seed313\result.h5,b577988be2effdf9898432bbeb3cad1a124501e4ccb9a367a14053370e10b9f3,BAT PriorToGaussian (PriorSubstitution); theta_j = 2 L Phi(z_j) - L,a5e2a5cd75e672d5197f295555dedef508df5ec6731c49a2dfdf7a6c85429ec0,202612353313,278720,221280.0,500000.0,2.6519999504089355,full_remaining_budget,ok,8,vale24,1.11.6,2026-09-25T19:06:20,254e9852dede4aa6ee4547e114ff8f608824914d,254e9852dede4aa6ee4547e114ff8f608824914d
funnel,10,500000.0,359,mw,fresh_v1_2026-09-25,experiments\out\runs\funnel_mw_d10_B5e5_seed359\result.h5,b0142a9345831168edd9c47586f4dda7abb03a73039c22d4d011f451cf41ead4,BAT PriorToGaussian (PriorSubstitution); theta_j = 2 L Phi(z_j) - L,683551f015eb9627382574ca972d78d6ac7d66a5fe834d62c9b4a0a1421a427d,202612353359,299617,200383.0,500000.0,2.749000072479248,full_remaining_budget,ok,8,vale24,1.11.6,2026-09-25T19:06:25,254e9852dede4aa6ee4547e114ff8f608824914d,254e9852dede4aa6ee4547e114ff8f608824914d
funnel,10,500000.0,401,mw,fresh_v1_2026-09-25,experiments\out\runs\funnel_mw_d10_B5e5_seed401\result.h5,d0b409a299161b45f5380f4ebceb6a01ac40c908bbd051e582c1029f3aa4c69c,BAT PriorToGaussian (PriorSubstitution); theta_j = 2 L Phi(z_j) - L,0ac3819b193adfca3a1648f270db2c574d586fa1fc8ce69209699d925e15913d,202612353401,299266,200734.0,500000.0,3.9600000381469727,full_remaining_budget,ok,8,vale24,1.11.6,2026-09-25T19:06:29,254e9852dede4aa6ee4547e114ff8f608824914d,254e9852dede4aa6ee4547e114ff8f608824914d
funnel,10,500000.0,449,mw,fresh_v1_2026-09-25,experiments\out\runs\funnel_mw_d10_B5e5_seed449\result.h5,df4b38be67e6cd46ac290e72f9e7fd4f6d170c1bb92bc83ca124dea4b0a3deca,BAT PriorToGaussian (PriorSubstitution); theta_j = 2 L Phi(z_j) - L,143c57bb37ae3e609e490cdc3b7af1b62dbd3978872633b2f5eb3afb8bdc346a,202612353449,239976,260024.0,500000.0,2.005000114440918,full_remaining_budget,ok,8,vale24,1.11.6,2026-09-25T19:06:35,254e9852dede4aa6ee4547e114ff8f608824914d,254e9852dede4aa6ee4547e114ff8f608824914d
funnel,10,500000.0,491,mw,fresh_v1_2026-09-25,experiments\out\runs\funnel_mw_d10_B5e5_seed491\result.h5,5fa85ff28ca0434582ce19c8858ae95640d452a9650102504a6f3477a7a1c816,BAT PriorToGaussian (PriorSubstitution); theta_j = 2 L Phi(z_j) - L,c1ff20962ecc0cadbab31c029b8d6e335793374798c905beefe00acf92509beb,202612353491,265158,234842.0,500000.0,2.25,full_remaining_budget,ok,8,vale24,1.11.6,2026-09-25T19:06:39,254e9852dede4aa6ee4547e114ff8f608824914d,254e9852dede4aa6ee4547e114ff8f608824914d
funnel,10,500000.0,541,mw,fresh_v1_2026-09-25,experiments\out\runs\funnel_mw_d10_B5e5_seed541\result.h5,74a73b67bff464b9291472e9760fbcf00cb02ac9f2fc08f6ffa867d4fd313499,BAT PriorToGaussian (PriorSubstitution); theta_j = 2 L Phi(z_j) - L,a3bd23645b53e298a053316ce876c2e3fcd5cea3d1e1f6ecb9ea1e1d86d7924d,202612353541,292411,207589.0,500000.0,2.7739999294281006,full_remaining_budget,ok,8,vale24,1.11.6,2026-09-25T19:06:42,254e9852dede4aa6ee4547e114ff8f608824914d,254e9852dede4aa6ee4547e114ff8f608824914d
funnel,10,500000.0,587,mw,fresh_v1_2026-09-25,experiments\out\runs\funnel_mw_d10_B5e5_seed587\result.h5,c4c3818e972c81cca47d48a0f901e8b35eba4f3d4b5b85700eb8f0f4d237b8c5,BAT PriorToGaussian (PriorSubstitution); theta_j = 2 L Phi(z_j) - L,262e19cdf66e7250a10af44dbb5347e7c2838486461d4fa5e3e6d5c6c7b17437,202612353587,294487,205513.0,500000.0,3.6430001258850098,full_remaining_budget,ok,8,vale24,1.11.6,2026-09-25T19:06:47,254e9852dede4aa6ee4547e114ff8f608824914d,254e9852dede4aa6ee4547e114ff8f608824914d
funnel,10,500000.0,631,mw,fresh_v1_2026-09-25,experiments\out\runs\funnel_mw_d10_B5e5_seed631\result.h5,15115d614b95be206bd8e6bdac8ff22953e15de62f4f3d3d2b474809ab926fb5,BAT PriorToGaussian (PriorSubstitution); theta_j = 2 L Phi(z_j) - L,ceb1f430cf7a7b77da3e4ae55eb22659039eecaeb911f77a242a940a5bf075ce,202612353631,308537,191463.0,500000.0,3.05400013923645,full_remaining_budget,ok,8,vale24,1.11.6,2026-09-25T19:06:52,254e9852dede4aa6ee4547e114ff8f608824914d,254e9852dede4aa6ee4547e114ff8f608824914d
funnel,10,500000.0,677,mw,fresh_v1_2026-09-25,experiments\out\runs\funnel_mw_d10_B5e5_seed677\result.h5,4c123c884b5ccf911ca9b47775c47e6efeab7bda6793fe2a93f1ec2b61179e04,BAT PriorToGaussian (PriorSubstitution); theta_j = 2 L Phi(z_j) - L,c1d8dd2c66f83568f734e4264483ec1fd0d48e8e954619bc67b284269b0ac888,202612353677,310110,189890.0,500000.0,2.9619998931884766,full_remaining_budget,ok,8,vale24,1.11.6,2026-09-25T19:06:57,254e9852dede4aa6ee4547e114ff8f608824914d,254e9852dede4aa6ee4547e114ff8f608824914d
mridges,2,5000.0,11,mw,fresh_v1_2026-09-25,experiments\out\runs\mridges_mw_d2_B5e3_seed11\result.h5,bcd6b7789101ac755ebe1c87af84239690cb607d45075cde2fd0965c776339f5,BAT PriorToGaussian (PriorSubstitution); theta_j = 2 L Phi(z_j) - L,53ed8c1386e77f1e1bc14a18930bb844013bbdbcb32916bf1918d0d97eaa674e,202613271011,0,5648.0,5648.0,,exceeds_strict_budget,,8,vale24,1.11.6,2026-09-25T19:14:46,254e9852dede4aa6ee4547e114ff8f608824914d,254e9852dede4aa6ee4547e114ff8f608824914d
mridges,2,5000.0,23,mw,fresh_v1_2026-09-25,experiments\out\runs\mridges_mw_d2_B5e3_seed23\result.h5,80984f7d33fcd85dbfc86b33b88407b826258247bf30991e709a0d5cf97d9cab,BAT PriorToGaussian (PriorSubstitution); theta_j = 2 L Phi(z_j) - L,9638faddcb004a4b203e01099ae787a2cbc198084aeaa2b5f6af51d78c8c3181,202613271023,0,5035.0,5035.0,,exceeds_strict_budget,,8,vale24,1.11.6,2026-09-25T19:14:46,254e9852dede4aa6ee4547e114ff8f608824914d,254e9852dede4aa6ee4547e114ff8f608824914d
mridges,2,5000.0,41,mw,fresh_v1_2026-09-25,experiments\out\runs\mridges_mw_d2_B5e3_seed41\result.h5,ff423045cd3ef5c55748cc022f624f660622901c1d98ca72731376018e3c3044,BAT PriorToGaussian (PriorSubstitution); theta_j = 2 L Phi(z_j) - L,a70451b702d03aa4c7d455f2bcc7d3d51134e666e108e54d2e900587598b85e0,202613271041,0,5175.0,5175.0,,exceeds_strict_budget,,8,vale24,1.11.6,2026-09-25T19:14:46,254e9852dede4aa6ee4547e114ff8f608824914d,254e9852dede4aa6ee4547e114ff8f608824914d
mridges,2,5000.0,67,mw,fresh_v1_2026-09-25,experiments\out\runs\mridges_mw_d2_B5e3_seed67\result.h5,7a0bf539be0154bb7211d2da30c00f2aeb20f0855ced900bae4df01f38b1eb17,BAT PriorToGaussian (PriorSubstitution); theta_j = 2 L Phi(z_j) - L,0d5efec433a396afaf0a2b238e4105c245744f47d5a31ab3ded918423d514a18,202613271067,0,5106.0,5106.0,,exceeds_strict_budget,,8,vale24,1.11.6,2026-09-25T19:14:46,254e9852dede4aa6ee4547e114ff8f608824914d,254e9852dede4aa6ee4547e114ff8f608824914d
mridges,2,5000.0,97,mw,fresh_v1_2026-09-25,experiments\out\runs\mridges_mw_d2_B5e3_seed97\result.h5,6cfdae0121e97ee58cb11ecff95bfde0e5ada765252abbd56d292baf17e53cf7,BAT PriorToGaussian (PriorSubstitution); theta_j = 2 L Phi(z_j) - L,24c709f54bf85e9dabaa0dc7f8c32ca21315ab2eb3a126b5c6b72f72c2703873,202613271097,0,5108.0,5108.0,,exceeds_strict_budget,,8,vale24,1.11.6,2026-09-25T19:14:46,254e9852dede4aa6ee4547e114ff8f608824914d,254e9852dede4aa6ee4547e114ff8f608824914d
mridges,2,5000.0,113,mw,fresh_v1_2026-09-25,experiments\out\runs\mridges_mw_d2_B5e3_seed113\result.h5,b790bec3e5d978f602ba33e0116de2dee3bc739961f2421cd8d34ec117a71078,BAT PriorToGaussian (PriorSubstitution); theta_j = 2 L Phi(z_j) - L,76d44fefc4f16600cb238cc30a28e4b9c364f991710048e6d620bb570d8c9be6,202613271113,0,5044.0,5044.0,,exceeds_strict_budget,,8,vale24,1.11.6,2026-09-25T19:14:46,254e9852dede4aa6ee4547e114ff8f608824914d,254e9852dede4aa6ee4547e114ff8f608824914d
mridges,2,5000.0,137,mw,fresh_v1_2026-09-25,experiments\out\runs\mridges_mw_d2_B5e3_seed137\result.h5,d2233f4feb9f9b4a31d6976686685f5afb5158a9944ab0c44f5d17602cded9e6,BAT PriorToGaussian (PriorSubstitution); theta_j = 2 L Phi(z_j) - L,02679a773b51c43076d2be3f684834a5a474d92484c4dc042a9c5dbf961b2951,202613271137,0,5002.0,5002.0,,exceeds_strict_budget,,8,vale24,1.11.6,2026-09-25T19:14:46,254e9852dede4aa6ee4547e114ff8f608824914d,254e9852dede4aa6ee4547e114ff8f608824914d
mridges,2,5000.0,173,mw,fresh_v1_2026-09-25,experiments\out\runs\mridges_mw_d2_B5e3_seed173\result.h5,f10786db3f361f1fed2b8fec1f6c5ebef9ef3d4da51f72b7a0b566473f32ab36,BAT PriorToGaussian (PriorSubstitution); theta_j = 2 L Phi(z_j) - L,9ba932af0a449ffdd332fa39ca740102fd5ff18d8fc0649373178cb802ccf8e1,202613271173,0,5281.0,5281.0,,exceeds_strict_budget,,8,vale24,1.11.6,2026-09-25T19:14:46,254e9852dede4aa6ee4547e114ff8f608824914d,254e9852dede4aa6ee4547e114ff8f608824914d
mridges,2,5000.0,211,mw,fresh_v1_2026-09-25,experiments\out\runs\mridges_mw_d2_B5e3_seed211\result.h5,a9c1218a2dd88341e111c186ffa3688f992a258d597495423883a8192df84198,BAT PriorToGaussian (PriorSubstitution); theta_j = 2 L Phi(z_j) - L,a63c0e3a7f25c52359a3ad68c4cecfba0a73d0aed5440ad60df80be249c01e86,202613271211,0,5184.0,5184.0,,exceeds_strict_budget,,8,vale24,1.11.6,2026-09-25T19:14:46,254e9852dede4aa6ee4547e114ff8f608824914d,254e9852dede4aa6ee4547e114ff8f608824914d
mridges,2,5000.0,239,mw,fresh_v1_2026-09-25,experiments\out\runs\mridges_mw_d2_B5e3_seed239\result.h5,52373545af89ff928acffdccff2c52b68716eb572ab1bd19ece8bae6e89bbfd2,BAT PriorToGaussian (PriorSubstitution); theta_j = 2 L Phi(z_j) - L,f5096eb714f20abf090c876b3560d8f3026101da0734bb6b90d68aa5e901b245,202613271239,0,5658.0,5658.0,,exceeds_strict_budget,,8,vale24,1.11.6,2026-09-25T19:14:46,254e9852dede4aa6ee4547e114ff8f608824914d,254e9852dede4aa6ee4547e114ff8f608824914d
mridges,2,5000.0,277,mw,fresh_v1_2026-09-25,experiments\out\runs\mridges_mw_d2_B5e3_seed277\result.h5,e48c4c81bb93874def6432c948561b1c06d59a68e00d78d8203cc7332025664d,BAT PriorToGaussian (PriorSubstitution); theta_j = 2 L Phi(z_j) - L,d21f3816fe6b8a3db11a91699ca97d26fb65c9f8b786dde241fda08fac847c49,202613271277,0,5431.0,5431.0,,exceeds_strict_budget,,8,vale24,1.11.6,2026-09-25T19:14:46,254e9852dede4aa6ee4547e114ff8f608824914d,254e9852dede4aa6ee4547e114ff8f608824914d
mridges,2,5000.0,313,mw,fresh_v1_2026-09-25,experiments\out\runs\mridges_mw_d2_B5e3_seed313\result.h5,ecd01a9611f79e11d5d0150fb7e1a8b9a31d5b3e09c770222b1dc83abb6f5dec,BAT PriorToGaussian (PriorSubstitution); theta_j = 2 L Phi(z_j) - L,2d9240cd55926976cbbd368286d435fad659d3d27dea8c0b79619926e30b2dae,202613271313,0,5508.0,5508.0,,exceeds_strict_budget,,8,vale24,1.11.6,2026-09-25T19:14:46,254e9852dede4aa6ee4547e114ff8f608824914d,254e9852dede4aa6ee4547e114ff8f608824914d
mridges,2,5000.0,359,mw,fresh_v1_2026-09-25,experiments\out\runs\mridges_mw_d2_B5e3_seed359\result.h5,79f216b6d62f8cbad97fec0060fd7ca3f5b64dba17b2a05bd05e113d5a547c53,BAT PriorToGaussian (PriorSubstitution); theta_j = 2 L Phi(z_j) - L,d5911c07ec7fba734681c554bf7dbe08157f07098e154dbc44a0d11850084091,202613271359,0,5150.0,5150.0,,exceeds_strict_budget,,8,vale24,1.11.6,2026-09-25T19:14:46,254e9852dede4aa6ee4547e114ff8f608824914d,254e9852dede4aa6ee4547e114ff8f608824914d
mridges,2,5000.0,401,mw,fresh_v1_2026-09-25,experiments\out\runs\mridges_mw_d2_B5e3_seed401\result.h5,1b18bb9df99fd782922606137b77f46a01af644c26a44f8c31023f4c622bf74c,BAT PriorToGaussian (PriorSubstitution); theta_j = 2 L Phi(z_j) - L,62581e10deb6c3b531e3b409cc0e217a686fd11a4a4bdf191724f3fc88b04940,202613271401,0,5181.0,5181.0,,exceeds_strict_budget,,8,vale24,1.11.6,2026-09-25T19:14:46,254e9852dede4aa6ee4547e114ff8f608824914d,254e9852dede4aa6ee4547e114ff8f608824914d
mridges,2,5000.0,449,mw,fresh_v1_2026-09-25,experiments\out\runs\mridges_mw_d2_B5e3_seed449\result.h5,b5ac3fa0aa98b23cb3fbe36ebde56fa4b7ad314714366650a02bc0ca19a2d5f2,BAT PriorToGaussian (PriorSubstitution); theta_j = 2 L Phi(z_j) - L,2d91f93c0f51117e2bd0147e5e45f5ef59721c1c850b61aed0af426bc8b093eb,202613271449,0,5244.0,5244.0,,exceeds_strict_budget,,8,vale24,1.11.6,2026-09-25T19:14:46,254e9852dede4aa6ee4547e114ff8f608824914d,254e9852dede4aa6ee4547e114ff8f608824914d
mridges,2,5000.0,491,mw,fresh_v1_2026-09-25,experiments\out\runs\mridges_mw_d2_B5e3_seed491\result.h5,5dae0bb65475b62690cf667dd57b96a7183ee039c3dc4bc4aa84134fbff9fb24,BAT PriorToGaussian (PriorSubstitution); theta_j = 2 L Phi(z_j) - L,3137c965304fcb70e304956f1a112645fbb8a7899a2e38dee077c6efda08dc7c,202613271491,0,5038.0,5038.0,,exceeds_strict_budget,,8,vale24,1.11.6,2026-09-25T19:14:46,254e9852dede4aa6ee4547e114ff8f608824914d,254e9852dede4aa6ee4547e114ff8f608824914d
mridges,2,5000.0,541,mw,fresh_v1_2026-09-25,experiments\out\runs\mridges_mw_d2_B5e3_seed541\result.h5,4bb51c171e052390dcad7c4ba0213edef541bfc764ad8c7452c88338f56fc61b,BAT PriorToGaussian (PriorSubstitution); theta_j = 2 L Phi(z_j) - L,535be586ae47dc1bedef9b932f39d4e70ec4acbdc5acd83a51dec498763c236d,202613271541,0,5208.0,5208.0,,exceeds_strict_budget,,8,vale24,1.11.6,2026-09-25T19:14:46,254e9852dede4aa6ee4547e114ff8f608824914d,254e9852dede4aa6ee4547e114ff8f608824914d
mridges,2,5000.0,587,mw,fresh_v1_2026-09-25,experiments\out\runs\mridges_mw_d2_B5e3_seed587\result.h5,1ff52d776695d27db1f044f82d387a54ff10b95e27546a402446ba3747fbfe64,BAT PriorToGaussian (PriorSubstitution); theta_j = 2 L Phi(z_j) - L,c271f829f5e23edd40840b1bcb89c67eadb8eda2df97909c091e007e6683d2f4,202613271587,0,5293.0,5293.0,,exceeds_strict_budget,,8,vale24,1.11.6,2026-09-25T19:14:46,254e9852dede4aa6ee4547e114ff8f608824914d,254e9852dede4aa6ee4547e114ff8f608824914d
mridges,2,5000.0,631,mw,fresh_v1_2026-09-25,experiments\out\runs\mridges_mw_d2_B5e3_seed631\result.h5,bb26d8defcf3df95fa0ff871fca0bcfcb436ba5ea44295f06d5264ad46322237,BAT PriorToGaussian (PriorSubstitution); theta_j = 2 L Phi(z_j) - L,4ba802be62e89887e66b35c529f0e5fa2eee274bc5fb499a1d4ddc9105f54f0a,202613271631,0,5464.0,5464.0,,exceeds_strict_budget,,8,vale24,1.11.6,2026-09-25T19:14:46,254e9852dede4aa6ee4547e114ff8f608824914d,254e9852dede4aa6ee4547e114ff8f608824914d
mridges,2,5000.0,677,mw,fresh_v1_2026-09-25,experiments\out\runs\mridges_mw_d2_B5e3_seed677\result.h5,f4df1baeb306470794c06f9830ce0b4bfea1ce4eddd4eb43bc8794ab7bf16c0c,BAT PriorToGaussian (PriorSubstitution); theta_j = 2 L Phi(z_j) - L,f284b17060cbb989b088e35f23cfc13474932753d2480ef1d15d43f506bb098d,202613271677,0,5440.0,5440.0,,exceeds_strict_budget,,8,vale24,1.11.6,2026-09-25T19:14:46,254e9852dede4aa6ee4547e114ff8f608824914d,254e9852dede4aa6ee4547e114ff8f608824914d
mridges,2,50000.0,11,mw,fresh_v1_2026-09-25,experiments\out\runs\mridges_mw_d2_B5e4_seed11\result.h5,14ad386bb294ee7a2b8b3eebdef758e937df48754a2875a05569a4b0165571e3,BAT PriorToGaussian (PriorSubstitution); theta_j = 2 L Phi(z_j) - L,72d35d7acc9cc71fa6f6549b4b333713deb725dfd00e6105b8ffb9529294bd0b,202613272011,35175,14825.0,50000.0,0.5519998073577881,full_remaining_budget,ok,8,vale24,1.11.6,2026-09-25T19:12:43,254e9852dede4aa6ee4547e114ff8f608824914d,254e9852dede4aa6ee4547e114ff8f608824914d
mridges,2,50000.0,23,mw,fresh_v1_2026-09-25,experiments\out\runs\mridges_mw_d2_B5e4_seed23\result.h5,29e515099e4235e277acac2f4e7c0d5cc9b9262df16846f9a128d50a38e1e912,BAT PriorToGaussian (PriorSubstitution); theta_j = 2 L Phi(z_j) - L,bf6667fa8129c2ae9b2bdb42092c585bdc593798a4067a424e566a4637591df5,202613272023,36854,13146.0,50000.0,0.1119999885559082,full_remaining_budget,ok,8,vale24,1.11.6,2026-09-25T19:12:44,254e9852dede4aa6ee4547e114ff8f608824914d,254e9852dede4aa6ee4547e114ff8f608824914d
mridges,2,50000.0,41,mw,fresh_v1_2026-09-25,experiments\out\runs\mridges_mw_d2_B5e4_seed41\result.h5,67498040b784b0e913a12fe662c07528d1a12a924bbfc524304368aa68f93973,BAT PriorToGaussian (PriorSubstitution); theta_j = 2 L Phi(z_j) - L,60ce14d94c3adac104ae7ac50dae55adde0191ba4d0bf9ba6f60f35adddd65b6,202613272041,35276,14724.0,50000.0,0.0709998607635498,full_remaining_budget,ok,8,vale24,1.11.6,2026-09-25T19:12:45,254e9852dede4aa6ee4547e114ff8f608824914d,254e9852dede4aa6ee4547e114ff8f608824914d
mridges,2,50000.0,67,mw,fresh_v1_2026-09-25,experiments\out\runs\mridges_mw_d2_B5e4_seed67\result.h5,040ce99582b551378e85dd8d652b27fd047dd60cb7af9eb00592a75b6f9da6d9,BAT PriorToGaussian (PriorSubstitution); theta_j = 2 L Phi(z_j) - L,31995e20a07c71d3b6db0ff5b3f1f2467f48c408d80aeb50836df96ec64f66ab,202613272067,34750,15250.0,50000.0,0.07000017166137695,full_remaining_budget,ok,8,vale24,1.11.6,2026-09-25T19:12:45,254e9852dede4aa6ee4547e114ff8f608824914d,254e9852dede4aa6ee4547e114ff8f608824914d
mridges,2,50000.0,97,mw,fresh_v1_2026-09-25,experiments\out\runs\mridges_mw_d2_B5e4_seed97\result.h5,709ab3b7cfd1c89e5750143271389af27e498cb9aad0324a07c28efab21993fe,BAT PriorToGaussian (PriorSubstitution); theta_j = 2 L Phi(z_j) - L,9fa93747359a8a77cefbf3275764c91ad24e452fc7d21384ac7434b2055d8e75,202613272097,37104,12896.0,50000.0,0.07799983024597168,full_remaining_budget,ok,8,vale24,1.11.6,2026-09-25T19:12:46,254e9852dede4aa6ee4547e114ff8f608824914d,254e9852dede4aa6ee4547e114ff8f608824914d
mridges,2,50000.0,113,mw,fresh_v1_2026-09-25,experiments\out\runs\mridges_mw_d2_B5e4_seed113\result.h5,7c8460e5fe855bf809e67a942db58c144819e521c58bc29ea77b08c630d2bb6e,BAT PriorToGaussian (PriorSubstitution); theta_j = 2 L Phi(z_j) - L,57b6ce2a6c88c5ecc33ed7bc8c76a0cd78d9efb3cbd5d74babf64fca2a7f5600,202613272113,36045,13955.0,50000.0,0.0839998722076416,full_remaining_budget,ok,8,vale24,1.11.6,2026-09-25T19:12:46,254e9852dede4aa6ee4547e114ff8f608824914d,254e9852dede4aa6ee4547e114ff8f608824914d
mridges,2,50000.0,137,mw,fresh_v1_2026-09-25,experiments\out\runs\mridges_mw_d2_B5e4_seed137\result.h5,48315d89d30a1fca17b76f81f943241a0514dabbe2462a8167f89a7f2810860a,BAT PriorToGaussian (PriorSubstitution); theta_j = 2 L Phi(z_j) - L,eb48c29a70acb1a47ed6898817a512c6c81e9479ec24c526e7f001a95cd8f6bb,202613272137,37043,12957.0,50000.0,0.06999993324279785,full_remaining_budget,ok,8,vale24,1.11.6,2026-09-25T19:12:47,254e9852dede4aa6ee4547e114ff8f608824914d,254e9852dede4aa6ee4547e114ff8f608824914d
mridges,2,50000.0,173,mw,fresh_v1_2026-09-25,experiments\out\runs\mridges_mw_d2_B5e4_seed173\result.h5,be30b73b3c409af0782c6d771790638a089de8ed7c954150f3afa74d3923d523,BAT PriorToGaussian (PriorSubstitution); theta_j = 2 L Phi(z_j) - L,5a56706d58e5ee1bd277dc7cd02a5749a8ec09e4957727dc1f148b51ad83c389,202613272173,36361,13639.0,50000.0,0.06599998474121094,full_remaining_budget,ok,8,vale24,1.11.6,2026-09-25T19:12:47,254e9852dede4aa6ee4547e114ff8f608824914d,254e9852dede4aa6ee4547e114ff8f608824914d
mridges,2,50000.0,211,mw,fresh_v1_2026-09-25,experiments\out\runs\mridges_mw_d2_B5e4_seed211\result.h5,e6ccc7e435d08c22e1054a4cdacb8a21b7b7baa3073b660099e75d25adaa984c,BAT PriorToGaussian (PriorSubstitution); theta_j = 2 L Phi(z_j) - L,72fa0c1f33354b6ec77751f8f3a33feeba851f147ec6f19d5f46f3ed240d12cb,202613272211,35424,14576.0,50000.0,0.06599998474121094,full_remaining_budget,ok,8,vale24,1.11.6,2026-09-25T19:12:47,254e9852dede4aa6ee4547e114ff8f608824914d,254e9852dede4aa6ee4547e114ff8f608824914d
mridges,2,50000.0,239,mw,fresh_v1_2026-09-25,experiments\out\runs\mridges_mw_d2_B5e4_seed239\result.h5,ded32562e5663881bcd4cdb6deb2ad7a8652974f48a78555ea4bb8ea9c556ec9,BAT PriorToGaussian (PriorSubstitution); theta_j = 2 L Phi(z_j) - L,12a86f66d9cf8bfe8c8d4117633841dff871eab16a2b31b4b18696e4ec20dd0c,202613272239,35152,14848.0,50000.0,0.07599997520446777,full_remaining_budget,ok,8,vale24,1.11.6,2026-09-25T19:12:48,254e9852dede4aa6ee4547e114ff8f608824914d,254e9852dede4aa6ee4547e114ff8f608824914d
mridges,2,50000.0,277,mw,fresh_v1_2026-09-25,experiments\out\runs\mridges_mw_d2_B5e4_seed277\result.h5,6e06a4952f3defcad8ad21754ad68288260556a4537be61536170654944303fc,BAT PriorToGaussian (PriorSubstitution); theta_j = 2 L Phi(z_j) - L,06c6a8694208c831c0d840ca5e6ea9bc6669ed8fe842602c5ca7edbc5fdc49cd,202613272277,36164,13836.0,50000.0,0.06500005722045898,full_remaining_budget,ok,8,vale24,1.11.6,2026-09-25T19:12:48,254e9852dede4aa6ee4547e114ff8f608824914d,254e9852dede4aa6ee4547e114ff8f608824914d
mridges,2,50000.0,313,mw,fresh_v1_2026-09-25,experiments\out\runs\mridges_mw_d2_B5e4_seed313\result.h5,aea065a5e429cea23b33f3c7b600bd37e59ee6a394212cc0783a1fbf2d1ec62b,BAT PriorToGaussian (PriorSubstitution); theta_j = 2 L Phi(z_j) - L,ddc1d79fef97a88757a644e96769cc72f1d76b239896e6e20a28239b6e934cc2,202613272313,35590,14410.0,50000.0,0.07299995422363281,full_remaining_budget,ok,8,vale24,1.11.6,2026-09-25T19:12:49,254e9852dede4aa6ee4547e114ff8f608824914d,254e9852dede4aa6ee4547e114ff8f608824914d
mridges,2,50000.0,359,mw,fresh_v1_2026-09-25,experiments\out\runs\mridges_mw_d2_B5e4_seed359\result.h5,34485617d3cbcd137f1a2f2c087145cb32644902d91dabd4d2c01260371f9dff,BAT PriorToGaussian (PriorSubstitution); theta_j = 2 L Phi(z_j) - L,180b7cb96cbb23968575fa86b4e74067afbc0ae306ed4f6af185428f68e74606,202613272359,35617,14383.0,50000.0,0.06699991226196289,full_remaining_budget,ok,8,vale24,1.11.6,2026-09-25T19:12:49,254e9852dede4aa6ee4547e114ff8f608824914d,254e9852dede4aa6ee4547e114ff8f608824914d
mridges,2,50000.0,401,mw,fresh_v1_2026-09-25,experiments\out\runs\mridges_mw_d2_B5e4_seed401\result.h5,0d2c058f3ea1c7f380b041f156922d65d38806deddcc77a3d719d4aaf674f9df,BAT PriorToGaussian (PriorSubstitution); theta_j = 2 L Phi(z_j) - L,c4664f51e7f78658779481680923502ea92f6d62c9492b372cdee37364e3ef55,202613272401,36032,13968.0,50000.0,0.06299996376037598,full_remaining_budget,ok,8,vale24,1.11.6,2026-09-25T19:12:49,254e9852dede4aa6ee4547e114ff8f608824914d,254e9852dede4aa6ee4547e114ff8f608824914d
mridges,2,50000.0,449,mw,fresh_v1_2026-09-25,experiments\out\runs\mridges_mw_d2_B5e4_seed449\result.h5,e29419f528836a58633053f60d4472246f23c4888805d66e99913c99101805f2,BAT PriorToGaussian (PriorSubstitution); theta_j = 2 L Phi(z_j) - L,17a119a62e8d57a636716fa7d679b6d801b4a2437b50ab45758f362ef4c9540b,202613272449,36833,13167.0,50000.0,0.06999993324279785,full_remaining_budget,ok,8,vale24,1.11.6,2026-09-25T19:12:50,254e9852dede4aa6ee4547e114ff8f608824914d,254e9852dede4aa6ee4547e114ff8f608824914d
mridges,2,50000.0,491,mw,fresh_v1_2026-09-25,experiments\out\runs\mridges_mw_d2_B5e4_seed491\result.h5,1f4a4dacc795a11dc3927c054b245cbcf78479801172ee0c3a7c9c2beaa73470,BAT PriorToGaussian (PriorSubstitution); theta_j = 2 L Phi(z_j) - L,2d0ef9e603390a2a2f1f86f3b82310723083dc0df08f5c2c37675ac66fc5b099,202613272491,36035,13965.0,50000.0,0.05500006675720215,full_remaining_budget,ok,8,vale24,1.11.6,2026-09-25T19:12:50,254e9852dede4aa6ee4547e114ff8f608824914d,254e9852dede4aa6ee4547e114ff8f608824914d
mridges,2,50000.0,541,mw,fresh_v1_2026-09-25,experiments\out\runs\mridges_mw_d2_B5e4_seed541\result.h5,2b5dbb5c8d44ebe22451665c5d07243690a2bb46ad52c2e736990e14ca67d3dd,BAT PriorToGaussian (PriorSubstitution); theta_j = 2 L Phi(z_j) - L,0081261ae5b4ecd2181775517e50dedd976ec65a9f75ca99fea446e13ac75226,202613272541,35133,14867.0,50000.0,0.06699991226196289,full_remaining_budget,ok,8,vale24,1.11.6,2026-09-25T19:12:50,254e9852dede4aa6ee4547e114ff8f608824914d,254e9852dede4aa6ee4547e114ff8f608824914d
mridges,2,50000.0,587,mw,fresh_v1_2026-09-25,experiments\out\runs\mridges_mw_d2_B5e4_seed587\result.h5,fd4ae3494a97ef76b4ac2c248cde3c211e43dac6deb43deaf9ddda8545d00336,BAT PriorToGaussian (PriorSubstitution); theta_j = 2 L Phi(z_j) - L,2ce3417cd0de81250bdeb37a0b5d1a29002747e499282df56d6cb44d7849e88d,202613272587,36191,13809.0,50000.0,0.06800007820129395,full_remaining_budget,ok,8,vale24,1.11.6,2026-09-25T19:12:51,254e9852dede4aa6ee4547e114ff8f608824914d,254e9852dede4aa6ee4547e114ff8f608824914d
mridges,2,50000.0,631,mw,fresh_v1_2026-09-25,experiments\out\runs\mridges_mw_d2_B5e4_seed631\result.h5,d0b1f01b815714ee031d58e2ce47280fbdab7efce15d4c2cef93dd07ea4b2738,BAT PriorToGaussian (PriorSubstitution); theta_j = 2 L Phi(z_j) - L,402215a5558c2951a7526ea7c5be1687d159fbcfff03408c5346fb53d374ab96,202613272631,35178,14822.0,50000.0,0.05099987983703613,full_remaining_budget,ok,8,vale24,1.11.6,2026-09-25T19:12:51,254e9852dede4aa6ee4547e114ff8f608824914d,254e9852dede4aa6ee4547e114ff8f608824914d
mridges,2,50000.0,677,mw,fresh_v1_2026-09-25,experiments\out\runs\mridges_mw_d2_B5e4_seed677\result.h5,4b948bae1d50c41af93b6f2620a9eff3d7859b69d1e877a1945ff3cd6b19eeda,BAT PriorToGaussian (PriorSubstitution); theta_j = 2 L Phi(z_j) - L,326958686c045330fa0a9fc688decd4fea135f5ac4fc08d2c1b08d281431f52e,202613272677,37268,12732.0,50000.0,0.04800009727478027,full_remaining_budget,ok,8,vale24,1.11.6,2026-09-25T19:12:51,254e9852dede4aa6ee4547e114ff8f608824914d,254e9852dede4aa6ee4547e114ff8f608824914d
mridges,2,500000.0,11,mw,fresh_v1_2026-09-25,experiments\out\runs\mridges_mw_d2_B5e5_seed11\result.h5,a153fbb58c8cdc1efd46517901e9dc181874006f334d165a84e2f2273b3794bf,BAT PriorToGaussian (PriorSubstitution); theta_j = 2 L Phi(z_j) - L,be13aff6561182dd95958395bdb51fdc9c74ad2cdd6c3d78bf684ab852c13532,202613273011,481560,18440.0,500000.0,4.111000061035156,full_remaining_budget,ok,8,vale24,1.11.6,2026-09-25T19:07:01,254e9852dede4aa6ee4547e114ff8f608824914d,254e9852dede4aa6ee4547e114ff8f608824914d
mridges,2,500000.0,23,mw,fresh_v1_2026-09-25,experiments\out\runs\mridges_mw_d2_B5e5_seed23\result.h5,f48a51025d6a909c5fac1764281eba8284472e060bf93997709ef91e6ebcb430,BAT PriorToGaussian (PriorSubstitution); theta_j = 2 L Phi(z_j) - L,800ff643f038f5300d990ee7939c1581f54d838902fc50a4cd8a8a1d34ea9628,202613273023,482401,17599.0,500000.0,1.247999906539917,full_remaining_budget,ok,8,vale24,1.11.6,2026-09-25T19:07:06,254e9852dede4aa6ee4547e114ff8f608824914d,254e9852dede4aa6ee4547e114ff8f608824914d
mridges,2,500000.0,41,mw,fresh_v1_2026-09-25,experiments\out\runs\mridges_mw_d2_B5e5_seed41\result.h5,f59c58e7d2fbdbeff5bfaba5eb3bf52f95c1fa2f1b9317d16d098f579bc9553a,BAT PriorToGaussian (PriorSubstitution); theta_j = 2 L Phi(z_j) - L,47ddc84a97fbd126b056aef03c88f13865c8a92cf1ea1e4d185038c3e362a771,202613273041,481815,18185.0,500000.0,1.2599999904632568,full_remaining_budget,ok,8,vale24,1.11.6,2026-09-25T19:07:09,254e9852dede4aa6ee4547e114ff8f608824914d,254e9852dede4aa6ee4547e114ff8f608824914d
mridges,2,500000.0,67,mw,fresh_v1_2026-09-25,experiments\out\runs\mridges_mw_d2_B5e5_seed67\result.h5,8fbfe5f3059e6fe61e91a29882b301783eeb514c0a1dca912b4e928d3117a903,BAT PriorToGaussian (PriorSubstitution); theta_j = 2 L Phi(z_j) - L,55cccb40073d6043c7fc388155d0d927111e9fb10725146d906e3aa9ac242cf3,202613273067,482033,17967.0,500000.0,1.4270000457763672,full_remaining_budget,ok,8,vale24,1.11.6,2026-09-25T19:07:10,254e9852dede4aa6ee4547e114ff8f608824914d,254e9852dede4aa6ee4547e114ff8f608824914d
mridges,2,500000.0,97,mw,fresh_v1_2026-09-25,experiments\out\runs\mridges_mw_d2_B5e5_seed97\result.h5,7bfca2e70464b648881421dbad914ce61669bd8706b9a454da8e06e120bac93d,BAT PriorToGaussian (PriorSubstitution); theta_j = 2 L Phi(z_j) - L,938ac90b62365f16c14295347f8adfa6feb5fb8ab2efed88a9a9c509cfc8f378,202613273097,481461,18539.0,500000.0,1.6110000610351562,full_remaining_budget,ok,8,vale24,1.11.6,2026-09-25T19:07:13,254e9852dede4aa6ee4547e114ff8f608824914d,254e9852dede4aa6ee4547e114ff8f608824914d
mridges,2,500000.0,113,mw,fresh_v1_2026-09-25,experiments\out\runs\mridges_mw_d2_B5e5_seed113\result.h5,efcd202e1d7661f12c1d4c716f8c8e4bc278547aa94327895b3dacecc058d108,BAT PriorToGaussian (PriorSubstitution); theta_j = 2 L Phi(z_j) - L,157e95ea655613a51332f4e615c135d7a43ed3fb91ec6df0293eeedb9a1418e5,202613273113,481466,18534.0,500000.0,1.2960000038146973,full_remaining_budget,ok,8,vale24,1.11.6,2026-09-25T19:07:15,254e9852dede4aa6ee4547e114ff8f608824914d,254e9852dede4aa6ee4547e114ff8f608824914d
mridges,2,500000.0,137,mw,fresh_v1_2026-09-25,experiments\out\runs\mridges_mw_d2_B5e5_seed137\result.h5,6f28c1a1933e0b22ffdddf4582250d5baebf1e82fcda512207c110629fe47cfe,BAT PriorToGaussian (PriorSubstitution); theta_j = 2 L Phi(z_j) - L,1642e0a1894cb33738fadc321764140cce0fb7b4f18396b1b2c28175530db071,202613273137,481123,18877.0,500000.0,0.9549999237060547,full_remaining_budget,ok,8,vale24,1.11.6,2026-09-25T19:07:17,254e9852dede4aa6ee4547e114ff8f608824914d,254e9852dede4aa6ee4547e114ff8f608824914d
mridges,2,500000.0,173,mw,fresh_v1_2026-09-25,experiments\out\runs\mridges_mw_d2_B5e5_seed173\result.h5,44d8491f86b3f0758b2eb6f2b84d2a2a6ce778db81c905725e59c77e19809ed2,BAT PriorToGaussian (PriorSubstitution); theta_j = 2 L Phi(z_j) - L,165429e14bac955ea52a379ff2e10611b0a389cbffc45069e3a644c935af6e02,202613273173,480853,19147.0,500000.0,0.8619999885559082,full_remaining_budget,ok,8,vale24,1.11.6,2026-09-25T19:07:19,254e9852dede4aa6ee4547e114ff8f608824914d,254e9852dede4aa6ee4547e114ff8f608824914d
mridges,2,500000.0,211,mw,fresh_v1_2026-09-25,experiments\out\runs\mridges_mw_d2_B5e5_seed211\result.h5,1e99925a88cbce82ba320667774c003312d53e458eaa6949e6c66c257818f6a4,BAT PriorToGaussian (PriorSubstitution); theta_j = 2 L Phi(z_j) - L,88a9e45e90d1b43b2a1ac8571bee746eaf62c4a4dcaca67d67e5fac33b216ccc,202613273211,481996,18004.0,500000.0,0.8970000743865967,full_remaining_budget,ok,8,vale24,1.11.6,2026-09-25T19:07:20,254e9852dede4aa6ee4547e114ff8f608824914d,254e9852dede4aa6ee4547e114ff8f608824914d
mridges,2,500000.0,239,mw,fresh_v1_2026-09-25,experiments\out\runs\mridges_mw_d2_B5e5_seed239\result.h5,f59fb0755fcb6faa050ba180a91d6e5594056bfbcdbda6bbe3a76a5b7f245096,BAT PriorToGaussian (PriorSubstitution); theta_j = 2 L Phi(z_j) - L,f77e7c999697a49ab960769b5373a640db56440cc90dc6b76338fcd25621c156,202613273239,481637,18363.0,500000.0,0.8669998645782471,full_remaining_budget,ok,8,vale24,1.11.6,2026-09-25T19:07:22,254e9852dede4aa6ee4547e114ff8f608824914d,254e9852dede4aa6ee4547e114ff8f608824914d
mridges,2,500000.0,277,mw,fresh_v1_2026-09-25,experiments\out\runs\mridges_mw_d2_B5e5_seed277\result.h5,c5429e8687af65acdc384b0035369297c71e20cf36853eefdff172ee07e346df,BAT PriorToGaussian (PriorSubstitution); theta_j = 2 L Phi(z_j) - L,3c7d96e718630ffb9e5e1adce125819a626a43e62d54a014045041e1a46a6e1a,202613273277,483049,16951.0,500000.0,0.8119997978210449,full_remaining_budget,ok,8,vale24,1.11.6,2026-09-25T19:07:24,254e9852dede4aa6ee4547e114ff8f608824914d,254e9852dede4aa6ee4547e114ff8f608824914d
mridges,2,500000.0,313,mw,fresh_v1_2026-09-25,experiments\out\runs\mridges_mw_d2_B5e5_seed313\result.h5,a05b8dc5ec56ce4d31048086f4fbe2de38e37da97ef25829b1cf93b6203d05ab,BAT PriorToGaussian (PriorSubstitution); theta_j = 2 L Phi(z_j) - L,72bd4197ab999249c36f54c3fc714b4d1a89645f8e69f742e9d67f717434b489,202613273313,482216,17784.0,500000.0,1.0360000133514404,full_remaining_budget,ok,8,vale24,1.11.6,2026-09-25T19:07:25,254e9852dede4aa6ee4547e114ff8f608824914d,254e9852dede4aa6ee4547e114ff8f608824914d
mridges,2,500000.0,359,mw,fresh_v1_2026-09-25,experiments\out\runs\mridges_mw_d2_B5e5_seed359\result.h5,689ea8c8b807be70832ff6298063a23bd08a7a9c90407486ec4446ad27f6aa4c,BAT PriorToGaussian (PriorSubstitution); theta_j = 2 L Phi(z_j) - L,76d9410614a7719d734c4f6e41c0f16160336452b7695dc4630b176c34aa8090,202613273359,482088,17912.0,500000.0,1.1659998893737793,full_remaining_budget,ok,8,vale24,1.11.6,2026-09-25T19:07:27,254e9852dede4aa6ee4547e114ff8f608824914d,254e9852dede4aa6ee4547e114ff8f608824914d
mridges,2,500000.0,401,mw,fresh_v1_2026-09-25,experiments\out\runs\mridges_mw_d2_B5e5_seed401\result.h5,4d905e00c7b15b18f6eef28d48045f2e545236e616c876d638e62428b7ce9b54,BAT PriorToGaussian (PriorSubstitution); theta_j = 2 L Phi(z_j) - L,e059ee7018c28eb9900fde34c27d1fc9f1c31757de8e2f862c525a95461bf5be,202613273401,480928,19072.0,500000.0,1.13100004196167,full_remaining_budget,ok,8,vale24,1.11.6,2026-09-25T19:07:29,254e9852dede4aa6ee4547e114ff8f608824914d,254e9852dede4aa6ee4547e114ff8f608824914d
mridges,2,500000.0,449,mw,fresh_v1_2026-09-25,experiments\out\runs\mridges_mw_d2_B5e5_seed449\result.h5,20013741dc3bddfc2dd35c74d7dccbe6721745c4e1bd522e7f12aa9fb5d5b38f,BAT PriorToGaussian (PriorSubstitution); theta_j = 2 L Phi(z_j) - L,b6ff9481b94ad2307a831af3c203293242e3dfcccb07771649a44deeffdcc032,202613273449,482330,17670.0,500000.0,1.2259998321533203,full_remaining_budget,ok,8,vale24,1.11.6,2026-09-25T19:07:31,254e9852dede4aa6ee4547e114ff8f608824914d,254e9852dede4aa6ee4547e114ff8f608824914d
mridges,2,500000.0,491,mw,fresh_v1_2026-09-25,experiments\out\runs\mridges_mw_d2_B5e5_seed491\result.h5,c798163e2d1166ee11719c687f207af8088b732dc7dd7f51b6e743242eaa94cc,BAT PriorToGaussian (PriorSubstitution); theta_j = 2 L Phi(z_j) - L,57917bc2205305fcacf367a922fbe2fb618abf6e880a3238420673dd24860b7f,202613273491,481241,18759.0,500000.0,1.3650000095367432,full_remaining_budget,ok,8,vale24,1.11.6,2026-09-25T19:07:33,254e9852dede4aa6ee4547e114ff8f608824914d,254e9852dede4aa6ee4547e114ff8f608824914d
mridges,2,500000.0,541,mw,fresh_v1_2026-09-25,experiments\out\runs\mridges_mw_d2_B5e5_seed541\result.h5,85f7af81a9638ab9b8e77016c0d92645fecb6fbe797f752ba36589ee400d7114,BAT PriorToGaussian (PriorSubstitution); theta_j = 2 L Phi(z_j) - L,3bc643b3b903c29b66ffb5abd417b8b387b2e1736d5431ef700cd4e1b18cb6b6,202613273541,481776,18224.0,500000.0,0.9900000095367432,full_remaining_budget,ok,8,vale24,1.11.6,2026-09-25T19:07:35,254e9852dede4aa6ee4547e114ff8f608824914d,254e9852dede4aa6ee4547e114ff8f608824914d
mridges,2,500000.0,587,mw,fresh_v1_2026-09-25,experiments\out\runs\mridges_mw_d2_B5e5_seed587\result.h5,194972410de0def8df8724563576d8324ff4268c77a62a8673806a05c5c87d3d,BAT PriorToGaussian (PriorSubstitution); theta_j = 2 L Phi(z_j) - L,6a20a570fcade22d4f7e97d21b1ae97a17b6b4c829c865a19ba0104e27dc85eb,202613273587,482562,17438.0,500000.0,0.9689998626708984,full_remaining_budget,ok,8,vale24,1.11.6,2026-09-25T19:07:37,254e9852dede4aa6ee4547e114ff8f608824914d,254e9852dede4aa6ee4547e114ff8f608824914d
mridges,2,500000.0,631,mw,fresh_v1_2026-09-25,experiments\out\runs\mridges_mw_d2_B5e5_seed631\result.h5,feab21355213946a364dbca0a801b31d36dec9856f073e9910a9d6b4dd3669f1,BAT PriorToGaussian (PriorSubstitution); theta_j = 2 L Phi(z_j) - L,8553451bbb6b2ac3edae8caa010f0d2b25e4350e5a68ba9ce7bd03bb645799cd,202613273631,482344,17656.0,500000.0,0.9609999656677246,full_remaining_budget,ok,8,vale24,1.11.6,2026-09-25T19:07:39,254e9852dede4aa6ee4547e114ff8f608824914d,254e9852dede4aa6ee4547e114ff8f608824914d
mridges,2,500000.0,677,mw,fresh_v1_2026-09-25,experiments\out\runs\mridges_mw_d2_B5e5_seed677\result.h5,e3a33370d8d3503c9e0ae19ec2340ff7b53402ebe9c08f421254ec8493d6d626,BAT PriorToGaussian (PriorSubstitution); theta_j = 2 L Phi(z_j) - L,ba77ca93f99b725a03e429018cd428b16ea6dc10cd16654322866290df99b04f,202613273677,482518,17482.0,500000.0,1.1059999465942383,full_remaining_budget,ok,8,vale24,1.11.6,2026-09-25T19:07:41,254e9852dede4aa6ee4547e114ff8f608824914d,254e9852dede4aa6ee4547e114ff8f608824914d
mridges,5,5000.0,11,mw,fresh_v1_2026-09-25,experiments\out\runs\mridges_mw_d5_B5e3_seed11\result.h5,7338f3a0ab8abffcd319702875009c05fc44010caca9e13b977be9e8bbdb7303,BAT PriorToGaussian (PriorSubstitution); theta_j = 2 L Phi(z_j) - L,2ee8e1d2673f4b11674d8734dd8e221041054f83f0e6e654f36aefa6bebef85d,202613301011,0,5639.0,5639.0,,exceeds_strict_budget,,8,vale24,1.11.6,2026-09-25T19:14:46,254e9852dede4aa6ee4547e114ff8f608824914d,254e9852dede4aa6ee4547e114ff8f608824914d
mridges,5,5000.0,23,mw,fresh_v1_2026-09-25,experiments\out\runs\mridges_mw_d5_B5e3_seed23\result.h5,e3309fb70b4ce3c0b65808f78b54bf47c996901682ec97d8b98a84349eeebbae,BAT PriorToGaussian (PriorSubstitution); theta_j = 2 L Phi(z_j) - L,d0a8de8a4cacceb77ae758f62dfb599a6a82e718c67055cde60af7b9217cb912,202613301023,0,5253.0,5253.0,,exceeds_strict_budget,,8,vale24,1.11.6,2026-09-25T19:14:46,254e9852dede4aa6ee4547e114ff8f608824914d,254e9852dede4aa6ee4547e114ff8f608824914d
mridges,5,5000.0,41,mw,fresh_v1_2026-09-25,experiments\out\runs\mridges_mw_d5_B5e3_seed41\result.h5,b7b0a930d48226311e58d8b418f9de1d02bc43b8bec0672e3928bc04e3797286,BAT PriorToGaussian (PriorSubstitution); theta_j = 2 L Phi(z_j) - L,62aeef78a878504b41f52bdfebcae8f54d4ba2648a5e2df8ee605c6dad10657f,202613301041,0,5696.0,5696.0,,exceeds_strict_budget,,8,vale24,1.11.6,2026-09-25T19:14:46,254e9852dede4aa6ee4547e114ff8f608824914d,254e9852dede4aa6ee4547e114ff8f608824914d
mridges,5,5000.0,67,mw,fresh_v1_2026-09-25,experiments\out\runs\mridges_mw_d5_B5e3_seed67\result.h5,55972798e1c1229ba89809eb1aab142e55288fbe553753feec1aa136fd24505c,BAT PriorToGaussian (PriorSubstitution); theta_j = 2 L Phi(z_j) - L,c76f16b901a3f8565847003d5dec9541c3b15bf0542dbcc0b2c5b3bec69810b3,202613301067,0,5438.0,5438.0,,exceeds_strict_budget,,8,vale24,1.11.6,2026-09-25T19:14:46,254e9852dede4aa6ee4547e114ff8f608824914d,254e9852dede4aa6ee4547e114ff8f608824914d
mridges,5,5000.0,97,mw,fresh_v1_2026-09-25,experiments\out\runs\mridges_mw_d5_B5e3_seed97\result.h5,15a1f8c435d02a3ff89ab4ced385c616116d618c3c99194619977b14a497122b,BAT PriorToGaussian (PriorSubstitution); theta_j = 2 L Phi(z_j) - L,3957d14664779935521081b4b2ef1a105954a3f16435412c2a5517b45730c85c,202613301097,0,5193.0,5193.0,,exceeds_strict_budget,,8,vale24,1.11.6,2026-09-25T19:14:46,254e9852dede4aa6ee4547e114ff8f608824914d,254e9852dede4aa6ee4547e114ff8f608824914d
mridges,5,5000.0,113,mw,fresh_v1_2026-09-25,experiments\out\runs\mridges_mw_d5_B5e3_seed113\result.h5,94d6539477b9ff288fd823727e43cd0013969a603f174cee7d7bea3671a66702,BAT PriorToGaussian (PriorSubstitution); theta_j = 2 L Phi(z_j) - L,e2e7c3df4d5a6d7477afbf66be3955dce9bc16023fe45f7a8514366723e70c29,202613301113,0,5189.0,5189.0,,exceeds_strict_budget,,8,vale24,1.11.6,2026-09-25T19:14:46,254e9852dede4aa6ee4547e114ff8f608824914d,254e9852dede4aa6ee4547e114ff8f608824914d
mridges,5,5000.0,137,mw,fresh_v1_2026-09-25,experiments\out\runs\mridges_mw_d5_B5e3_seed137\result.h5,cffe8256f9fd86f82544130e7e03d821a855edc6629b73eab7417b2274f9e719,BAT PriorToGaussian (PriorSubstitution); theta_j = 2 L Phi(z_j) - L,015c4769c47b24ee9174db150e68362a6b471ada8ee9f0011b76a74419743f5d,202613301137,0,5778.0,5778.0,,exceeds_strict_budget,,8,vale24,1.11.6,2026-09-25T19:14:46,254e9852dede4aa6ee4547e114ff8f608824914d,254e9852dede4aa6ee4547e114ff8f608824914d
mridges,5,5000.0,173,mw,fresh_v1_2026-09-25,experiments\out\runs\mridges_mw_d5_B5e3_seed173\result.h5,0048313b29cd8b7332a5b1e1d6da17f8aeaf690726ed33f90a17d2cf81d339f0,BAT PriorToGaussian (PriorSubstitution); theta_j = 2 L Phi(z_j) - L,ca58af328a77a929a497fd4ad88cf4b31038d3da43e04fe4ac61376409a8acfa,202613301173,0,5076.0,5076.0,,exceeds_strict_budget,,8,vale24,1.11.6,2026-09-25T19:14:46,254e9852dede4aa6ee4547e114ff8f608824914d,254e9852dede4aa6ee4547e114ff8f608824914d
mridges,5,5000.0,211,mw,fresh_v1_2026-09-25,experiments\out\runs\mridges_mw_d5_B5e3_seed211\result.h5,611e70185400168a1ce13c90807913c7b87ee70e6fe1dcc8bdded07c0ffd30c9,BAT PriorToGaussian (PriorSubstitution); theta_j = 2 L Phi(z_j) - L,ac9ca85353c8c1042fc75cdd459ee2143abc62506f2afe3048135aafb0829223,202613301211,0,5539.0,5539.0,,exceeds_strict_budget,,8,vale24,1.11.6,2026-09-25T19:14:46,254e9852dede4aa6ee4547e114ff8f608824914d,254e9852dede4aa6ee4547e114ff8f608824914d
mridges,5,5000.0,239,mw,fresh_v1_2026-09-25,experiments\out\runs\mridges_mw_d5_B5e3_seed239\result.h5,53bb571909cbba7faa4a849eae16200d13251fc3d5968d8e676fc7a2dd87ec2a,BAT PriorToGaussian (PriorSubstitution); theta_j = 2 L Phi(z_j) - L,339cbcdd79b0f87959b80f76e25873550c4f02503bf13ec70f318a0616221434,202613301239,0,5357.0,5357.0,,exceeds_strict_budget,,8,vale24,1.11.6,2026-09-25T19:14:46,254e9852dede4aa6ee4547e114ff8f608824914d,254e9852dede4aa6ee4547e114ff8f608824914d
mridges,5,5000.0,277,mw,fresh_v1_2026-09-25,experiments\out\runs\mridges_mw_d5_B5e3_seed277\result.h5,896d1b7526c4a738eb673e8ff6cfd9d97174cc9f90dbf45e3775c3125d6ba5dd,BAT PriorToGaussian (PriorSubstitution); theta_j = 2 L Phi(z_j) - L,d6c4c102ba592fc5695df03aa28384933c338c88101388e13c5af0e2f9cf3cf1,202613301277,0,5062.0,5062.0,,exceeds_strict_budget,,8,vale24,1.11.6,2026-09-25T19:14:46,254e9852dede4aa6ee4547e114ff8f608824914d,254e9852dede4aa6ee4547e114ff8f608824914d
mridges,5,5000.0,313,mw,fresh_v1_2026-09-25,experiments\out\runs\mridges_mw_d5_B5e3_seed313\result.h5,7c3623e236d00d146a3804f3459d16403e78dcae35a5645b905cd02b2112badb,BAT PriorToGaussian (PriorSubstitution); theta_j = 2 L Phi(z_j) - L,65070ea8f922b4d323086e56366a823110315b06b4f3c3b441ea24af2c069d5a,202613301313,0,5022.0,5022.0,,exceeds_strict_budget,,8,vale24,1.11.6,2026-09-25T19:14:46,254e9852dede4aa6ee4547e114ff8f608824914d,254e9852dede4aa6ee4547e114ff8f608824914d
mridges,5,5000.0,359,mw,fresh_v1_2026-09-25,experiments\out\runs\mridges_mw_d5_B5e3_seed359\result.h5,bf88ee96a61995f82d8aa2ce4e2e478e5351fbf8ed4b303406e574844af5f305,BAT PriorToGaussian (PriorSubstitution); theta_j = 2 L Phi(z_j) - L,4762a4508f83463151ba5bfc889477f118abefe5f99d8459513ed069475bd584,202613301359,0,5506.0,5506.0,,exceeds_strict_budget,,8,vale24,1.11.6,2026-09-25T19:14:46,254e9852dede4aa6ee4547e114ff8f608824914d,254e9852dede4aa6ee4547e114ff8f608824914d
mridges,5,5000.0,401,mw,fresh_v1_2026-09-25,experiments\out\runs\mridges_mw_d5_B5e3_seed401\result.h5,2a051e389f45c72d5cdff44bcec5b59c09f32d610eeb4bd233caa252e07b9a2f,BAT PriorToGaussian (PriorSubstitution); theta_j = 2 L Phi(z_j) - L,f5ac7842d099965de11f19beb0e24a7cfb5fd11c41679be96c785f6ebbf654dd,202613301401,0,5952.0,5952.0,,exceeds_strict_budget,,8,vale24,1.11.6,2026-09-25T19:14:46,254e9852dede4aa6ee4547e114ff8f608824914d,254e9852dede4aa6ee4547e114ff8f608824914d
mridges,5,5000.0,449,mw,fresh_v1_2026-09-25,experiments\out\runs\mridges_mw_d5_B5e3_seed449\result.h5,edaca2262ca60f412712ab60ef98b3b8daa01a7ca86038a41dda922aee675649,BAT PriorToGaussian (PriorSubstitution); theta_j = 2 L Phi(z_j) - L,55b09af77990f81ca4e6768ca42b5a36c36d0d9d0ab6865b55e150afb5fbf6d1,202613301449,0,5217.0,5217.0,,exceeds_strict_budget,,8,vale24,1.11.6,2026-09-25T19:14:46,254e9852dede4aa6ee4547e114ff8f608824914d,254e9852dede4aa6ee4547e114ff8f608824914d
mridges,5,5000.0,491,mw,fresh_v1_2026-09-25,experiments\out\runs\mridges_mw_d5_B5e3_seed491\result.h5,b6d770d17b411af97fc57303c988c7e362bb26529de4170093f9a5d19fe03ffb,BAT PriorToGaussian (PriorSubstitution); theta_j = 2 L Phi(z_j) - L,38956e2aa93ab5ff52d126e3992e30ed1c65ef132a7b634d9bbb4c052504cc1d,202613301491,0,5531.0,5531.0,,exceeds_strict_budget,,8,vale24,1.11.6,2026-09-25T19:14:46,254e9852dede4aa6ee4547e114ff8f608824914d,254e9852dede4aa6ee4547e114ff8f608824914d
mridges,5,5000.0,541,mw,fresh_v1_2026-09-25,experiments\out\runs\mridges_mw_d5_B5e3_seed541\result.h5,2464796ce8f3974d01ace8977a6c37f3e25eab4db56148ed49a44f9ffe290192,BAT PriorToGaussian (PriorSubstitution); theta_j = 2 L Phi(z_j) - L,7841a4a83fee6673ec95f417cd34cbc2dfee2f78d8e443c2404791ae5de1842a,202613301541,0,5402.0,5402.0,,exceeds_strict_budget,,8,vale24,1.11.6,2026-09-25T19:14:46,254e9852dede4aa6ee4547e114ff8f608824914d,254e9852dede4aa6ee4547e114ff8f608824914d
mridges,5,5000.0,587,mw,fresh_v1_2026-09-25,experiments\out\runs\mridges_mw_d5_B5e3_seed587\result.h5,bebf2e59f78e0820698add140f6153ea92ac2d39ae9ff2d029c2eb2b8b9728ce,BAT PriorToGaussian (PriorSubstitution); theta_j = 2 L Phi(z_j) - L,bb5fe5b526dff3044e4d82b8911fa9b87a33ea204154bb5a0381b45942dab484,202613301587,0,5734.0,5734.0,,exceeds_strict_budget,,8,vale24,1.11.6,2026-09-25T19:14:47,254e9852dede4aa6ee4547e114ff8f608824914d,254e9852dede4aa6ee4547e114ff8f608824914d
mridges,5,5000.0,631,mw,fresh_v1_2026-09-25,experiments\out\runs\mridges_mw_d5_B5e3_seed631\result.h5,ba45d26a7696beafc147b0fcef10ba48ad0a4adedd70226637c938f201d81391,BAT PriorToGaussian (PriorSubstitution); theta_j = 2 L Phi(z_j) - L,5af76f03b3310e8bd7d66acab6c34d90dca64e9f7861a47e5267a1b4e27679db,202613301631,0,5059.0,5059.0,,exceeds_strict_budget,,8,vale24,1.11.6,2026-09-25T19:14:47,254e9852dede4aa6ee4547e114ff8f608824914d,254e9852dede4aa6ee4547e114ff8f608824914d
mridges,5,5000.0,677,mw,fresh_v1_2026-09-25,experiments\out\runs\mridges_mw_d5_B5e3_seed677\result.h5,f0a373409ffe4744d710f80ca50ffe013ea9668ada6587e4f7adfaaf9926be4d,BAT PriorToGaussian (PriorSubstitution); theta_j = 2 L Phi(z_j) - L,06622bd5ad21fd78c1c1ff05b7b742edec50a5dd37777f5ec2c9999cea4a79da,202613301677,0,6012.0,6012.0,,exceeds_strict_budget,,8,vale24,1.11.6,2026-09-25T19:14:47,254e9852dede4aa6ee4547e114ff8f608824914d,254e9852dede4aa6ee4547e114ff8f608824914d
mridges,5,50000.0,11,mw,fresh_v1_2026-09-25,experiments\out\runs\mridges_mw_d5_B5e4_seed11\result.h5,671c7196150b7970527d2e6f778d006f9c9f4329cbb8fead04b0275b335b573b,BAT PriorToGaussian (PriorSubstitution); theta_j = 2 L Phi(z_j) - L,fc3382d9fe49c094064815445b1b6776c7f40e7ba4b4ac20588e5e2d328017be,202613302011,36771,13229.0,50000.0,0.125,full_remaining_budget,ok,8,vale24,1.11.6,2026-09-25T19:12:52,254e9852dede4aa6ee4547e114ff8f608824914d,254e9852dede4aa6ee4547e114ff8f608824914d
mridges,5,50000.0,23,mw,fresh_v1_2026-09-25,experiments\out\runs\mridges_mw_d5_B5e4_seed23\result.h5,811496889cf74167d57e31ba459e4a49025854c5dba9084bffc66f2245148772,BAT PriorToGaussian (PriorSubstitution); theta_j = 2 L Phi(z_j) - L,d7f649da1d55f773042f0ec53222873dc59779efc37c943fc0d9c42156117bd1,202613302023,36799,13201.0,50000.0,0.11300015449523926,full_remaining_budget,ok,8,vale24,1.11.6,2026-09-25T19:12:52,254e9852dede4aa6ee4547e114ff8f608824914d,254e9852dede4aa6ee4547e114ff8f608824914d
mridges,5,50000.0,41,mw,fresh_v1_2026-09-25,experiments\out\runs\mridges_mw_d5_B5e4_seed41\result.h5,1f00c536eb7ea1cd3d906427713fe74647aea1acaa9101ec568a3a79d09bcfeb,BAT PriorToGaussian (PriorSubstitution); theta_j = 2 L Phi(z_j) - L,465ce07444e5e8bc99f40ac2489d9dc80e2afd4ba821e40cb3436a4a2e3ec62c,202613302041,36888,13112.0,50000.0,0.15400004386901855,full_remaining_budget,ok,8,vale24,1.11.6,2026-09-25T19:12:53,254e9852dede4aa6ee4547e114ff8f608824914d,254e9852dede4aa6ee4547e114ff8f608824914d
mridges,5,50000.0,67,mw,fresh_v1_2026-09-25,experiments\out\runs\mridges_mw_d5_B5e4_seed67\result.h5,856a3b2d145fd6b4b7ff2f72a075336da46b4b6266542a649bd41b1bd0aae98e,BAT PriorToGaussian (PriorSubstitution); theta_j = 2 L Phi(z_j) - L,7f4547894e8480d922aff99abe8f3137d786964921dd4cf518df0d3bef47ebbf,202613302067,36868,13132.0,50000.0,0.1380000114440918,full_remaining_budget,ok,8,vale24,1.11.6,2026-09-25T19:12:53,254e9852dede4aa6ee4547e114ff8f608824914d,254e9852dede4aa6ee4547e114ff8f608824914d
mridges,5,50000.0,97,mw,fresh_v1_2026-09-25,experiments\out\runs\mridges_mw_d5_B5e4_seed97\result.h5,09ab0a6de29a27f34110033b93774bc7639afac979ec8bb0f5b226b7dd5cc43c,BAT PriorToGaussian (PriorSubstitution); theta_j = 2 L Phi(z_j) - L,6c387ce35e16d12213c3e5638a44e152876e282370b26f3b5257aa515151531b,202613302097,37172,12828.0,50000.0,0.1550002098083496,full_remaining_budget,ok,8,vale24,1.11.6,2026-09-25T19:12:54,254e9852dede4aa6ee4547e114ff8f608824914d,254e9852dede4aa6ee4547e114ff8f608824914d
mridges,5,50000.0,113,mw,fresh_v1_2026-09-25,experiments\out\runs\mridges_mw_d5_B5e4_seed113\result.h5,bef0ee3a0fa229724a8f88c70f5fedeaf21e907494a4c99de0bc9a09f3de8814,BAT PriorToGaussian (PriorSubstitution); theta_j = 2 L Phi(z_j) - L,edab2b79d5545971b27ed7826096c756d420a2e3f3947b350cc98201d706a08e,202613302113,37415,12585.0,50000.0,0.1359999179840088,full_remaining_budget,ok,8,vale24,1.11.6,2026-09-25T19:12:54,254e9852dede4aa6ee4547e114ff8f608824914d,254e9852dede4aa6ee4547e114ff8f608824914d
mridges,5,50000.0,137,mw,fresh_v1_2026-09-25,experiments\out\runs\mridges_mw_d5_B5e4_seed137\result.h5,f56fe4ca09f176c58055e337d861e08e59bcdccb490d49228156a77ab31cc5c4,BAT PriorToGaussian (PriorSubstitution); theta_j = 2 L Phi(z_j) - L,9569399dbd065d3812304a6aecebfbf7170b0bb5cbe236ced53747af184fab8f,202613302137,36794,13206.0,50000.0,0.1359999179840088,full_remaining_budget,ok,8,vale24,1.11.6,2026-09-25T19:12:55,254e9852dede4aa6ee4547e114ff8f608824914d,254e9852dede4aa6ee4547e114ff8f608824914d
mridges,5,50000.0,173,mw,fresh_v1_2026-09-25,experiments\out\runs\mridges_mw_d5_B5e4_seed173\result.h5,c793db96b0b9b39281f0bc1f8d43aecc10031005b169d732d7aa23de4289a246,BAT PriorToGaussian (PriorSubstitution); theta_j = 2 L Phi(z_j) - L,396057fbbd0d7c1076e1626b17c337f0d4b6baf8a4775be4640ab7c42094ee8d,202613302173,36685,13315.0,50000.0,0.13300013542175293,full_remaining_budget,ok,8,vale24,1.11.6,2026-09-25T19:12:55,254e9852dede4aa6ee4547e114ff8f608824914d,254e9852dede4aa6ee4547e114ff8f608824914d
mridges,5,50000.0,211,mw,fresh_v1_2026-09-25,experiments\out\runs\mridges_mw_d5_B5e4_seed211\result.h5,a83cc14ba6afa91886d5551e3e9230af838a70f37c47536b6c25108f7f7e52c7,BAT PriorToGaussian (PriorSubstitution); theta_j = 2 L Phi(z_j) - L,9116493079b682430f10b03c372d1183a884943be3c67786198219f796dfc5a9,202613302211,36854,13146.0,50000.0,0.1830000877380371,full_remaining_budget,ok,8,vale24,1.11.6,2026-09-25T19:12:56,254e9852dede4aa6ee4547e114ff8f608824914d,254e9852dede4aa6ee4547e114ff8f608824914d
mridges,5,50000.0,239,mw,fresh_v1_2026-09-25,experiments\out\runs\mridges_mw_d5_B5e4_seed239\result.h5,0a5bece2252461f369851be0e87325266361a56200a9735fb1bbb202f7e73531,BAT PriorToGaussian (PriorSubstitution); theta_j = 2 L Phi(z_j) - L,0f56dd97100467323b9191fd94bd4d2336b97d12e58824f29872d8ff925ec073,202613302239,36770,13230.0,50000.0,0.20599985122680664,full_remaining_budget,ok,8,vale24,1.11.6,2026-09-25T19:12:57,254e9852dede4aa6ee4547e114ff8f608824914d,254e9852dede4aa6ee4547e114ff8f608824914d
mridges,5,50000.0,277,mw,fresh_v1_2026-09-25,experiments\out\runs\mridges_mw_d5_B5e4_seed277\result.h5,8716c916ca476354e936368345e166cb76b5468a7184a37da8f9fb4a932bd8ce,BAT PriorToGaussian (PriorSubstitution); theta_j = 2 L Phi(z_j) - L,fd86f96d9f31d5df4472083c2d891a131a45eb688f8e55a6656213586b877d16,202613302277,36625,13375.0,50000.0,0.2109999656677246,full_remaining_budget,ok,8,vale24,1.11.6,2026-09-25T19:12:58,254e9852dede4aa6ee4547e114ff8f608824914d,254e9852dede4aa6ee4547e114ff8f608824914d
mridges,5,50000.0,313,mw,fresh_v1_2026-09-25,experiments\out\runs\mridges_mw_d5_B5e4_seed313\result.h5,9de30984ed1f7644bad691e477b99c2351b8da8df6640a2f07ec85423ebe9522,BAT PriorToGaussian (PriorSubstitution); theta_j = 2 L Phi(z_j) - L,a3da753d5ffbb0631156cc79adc9563aa6c9e5bd54ac4bde09bbdd53984c3e1d,202613302313,36863,13137.0,50000.0,0.18800020217895508,full_remaining_budget,ok,8,vale24,1.11.6,2026-09-25T19:12:58,254e9852dede4aa6ee4547e114ff8f608824914d,254e9852dede4aa6ee4547e114ff8f608824914d
mridges,5,50000.0,359,mw,fresh_v1_2026-09-25,experiments\out\runs\mridges_mw_d5_B5e4_seed359\result.h5,129ba242bca5a6921524025ec29ae524e935b37cee4dd0de11b03906441f30cf,BAT PriorToGaussian (PriorSubstitution); theta_j = 2 L Phi(z_j) - L,a827efbfaa77da6a4af0710680a96ec9c8a932edddfb31b77c97069b0f39587b,202613302359,36934,13066.0,50000.0,0.17400002479553223,full_remaining_budget,ok,8,vale24,1.11.6,2026-09-25T19:12:59,254e9852dede4aa6ee4547e114ff8f608824914d,254e9852dede4aa6ee4547e114ff8f608824914d
mridges,5,50000.0,401,mw,fresh_v1_2026-09-25,experiments\out\runs\mridges_mw_d5_B5e4_seed401\result.h5,428813a744423f13d6b8d0863bd465dbcecb944739a6d5c1723cc026bc34ea82,BAT PriorToGaussian (PriorSubstitution); theta_j = 2 L Phi(z_j) - L,504243369f8c5b564c0d95e3babfafce5ce483de12478a1bac427b14be8aeaa7,202613302401,36611,13389.0,50000.0,0.1679999828338623,full_remaining_budget,ok,8,vale24,1.11.6,2026-09-25T19:13:00,254e9852dede4aa6ee4547e114ff8f608824914d,254e9852dede4aa6ee4547e114ff8f608824914d
mridges,5,50000.0,449,mw,fresh_v1_2026-09-25,experiments\out\runs\mridges_mw_d5_B5e4_seed449\result.h5,c536058583d7de7b187c07a47a58d7482ff4068ac9c181ff6def08e8c1a5ea74,BAT PriorToGaussian (PriorSubstitution); theta_j = 2 L Phi(z_j) - L,c3ad8a12767f77dacfb60d0eadedd53727a235d6abe861a1ce610c8dfbf0ba29,202613302449,36498,13502.0,50000.0,0.2850000858306885,full_remaining_budget,ok,8,vale24,1.11.6,2026-09-25T19:13:01,254e9852dede4aa6ee4547e114ff8f608824914d,254e9852dede4aa6ee4547e114ff8f608824914d
mridges,5,50000.0,491,mw,fresh_v1_2026-09-25,experiments\out\runs\mridges_mw_d5_B5e4_seed491\result.h5,c461b9089236040b8f956d48147a8d66c73ae28b68c3b34902e5d9214e922858,BAT PriorToGaussian (PriorSubstitution); theta_j = 2 L Phi(z_j) - L,32b0be34bb59de5dfdd9e7bd317641c41c1f1f8f0cbe8b8c05abe41f8534b886,202613302491,36322,13678.0,50000.0,0.1919999122619629,full_remaining_budget,ok,8,vale24,1.11.6,2026-09-25T19:13:02,254e9852dede4aa6ee4547e114ff8f608824914d,254e9852dede4aa6ee4547e114ff8f608824914d
mridges,5,50000.0,541,mw,fresh_v1_2026-09-25,experiments\out\runs\mridges_mw_d5_B5e4_seed541\result.h5,f0921266b2fa04bc0fcafded925e37786f36df571baa6974cd06b79105c14b2a,BAT PriorToGaussian (PriorSubstitution); theta_j = 2 L Phi(z_j) - L,82f7db714269ebce93e178793b5137359842acf7a5afe63a5c09340cb267136e,202613302541,36756,13244.0,50000.0,0.19099998474121094,full_remaining_budget,ok,8,vale24,1.11.6,2026-09-25T19:13:03,254e9852dede4aa6ee4547e114ff8f608824914d,254e9852dede4aa6ee4547e114ff8f608824914d
mridges,5,50000.0,587,mw,fresh_v1_2026-09-25,experiments\out\runs\mridges_mw_d5_B5e4_seed587\result.h5,7f673b707f09cb3483ce40a5522479738cb24cd285e3f5f4b5f8e1132bd5846a,BAT PriorToGaussian (PriorSubstitution); theta_j = 2 L Phi(z_j) - L,abcb8a511cf442ea52d21936d698330ae5157bec65b6b48123b53c5902f23192,202613302587,36583,13417.0,50000.0,0.18700003623962402,full_remaining_budget,ok,8,vale24,1.11.6,2026-09-25T19:13:03,254e9852dede4aa6ee4547e114ff8f608824914d,254e9852dede4aa6ee4547e114ff8f608824914d
mridges,5,50000.0,631,mw,fresh_v1_2026-09-25,experiments\out\runs\mridges_mw_d5_B5e4_seed631\result.h5,7c5bb10cafb1ed38696c64a33e7beb59cdcea633173e4a629bde70a4c33899f8,BAT PriorToGaussian (PriorSubstitution); theta_j = 2 L Phi(z_j) - L,b52657b75e93d12ed8b30d7b151c46beec56cf60f227fb05445855b1c8aecd2b,202613302631,36960,13040.0,50000.0,0.2709999084472656,full_remaining_budget,ok,8,vale24,1.11.6,2026-09-25T19:13:04,254e9852dede4aa6ee4547e114ff8f608824914d,254e9852dede4aa6ee4547e114ff8f608824914d
mridges,5,50000.0,677,mw,fresh_v1_2026-09-25,experiments\out\runs\mridges_mw_d5_B5e4_seed677\result.h5,643e91375a1b5259d9ceb49e341a5cb2d708c72543d42cb46c95474b45144f10,BAT PriorToGaussian (PriorSubstitution); theta_j = 2 L Phi(z_j) - L,f8e630ffba53f8b7cb46c5e0a28df4905bd684c768c286344233adce9e6d9868,202613302677,37061,12939.0,50000.0,0.5069999694824219,full_remaining_budget,ok,8,vale24,1.11.6,2026-09-25T19:13:05,254e9852dede4aa6ee4547e114ff8f608824914d,254e9852dede4aa6ee4547e114ff8f608824914d
mridges,5,500000.0,11,mw,fresh_v1_2026-09-25,experiments\out\runs\mridges_mw_d5_B5e5_seed11\result.h5,b76ad9db1e1eb427526f138e86c2431a04db07c513276f427ad3463b838857d7,BAT PriorToGaussian (PriorSubstitution); theta_j = 2 L Phi(z_j) - L,10d6be4ca19486370e4c820530900fa0c5e4cb6176249f892117e78fcc4cc6c0,202613303011,470680,29320.0,500000.0,2.9709999561309814,full_remaining_budget,ok,8,vale24,1.11.6,2026-09-25T18:55:11,254e9852dede4aa6ee4547e114ff8f608824914d,254e9852dede4aa6ee4547e114ff8f608824914d
mridges,5,500000.0,23,mw,fresh_v1_2026-09-25,experiments\out\runs\mridges_mw_d5_B5e5_seed23\result.h5,4f2cef856325fd57b4e4172a8b2df97d84e644c489d34db13c1bf92df2c3cbb9,BAT PriorToGaussian (PriorSubstitution); theta_j = 2 L Phi(z_j) - L,8a30f7929026f935c3eeee1a4ca062115f09c9022fb8362d772cff2d7d3f6d32,202613303023,470989,29011.0,500000.0,2.615000009536743,full_remaining_budget,ok,8,vale24,1.11.6,2026-09-25T18:55:15,254e9852dede4aa6ee4547e114ff8f608824914d,254e9852dede4aa6ee4547e114ff8f608824914d
mridges,5,500000.0,41,mw,fresh_v1_2026-09-25,experiments\out\runs\mridges_mw_d5_B5e5_seed41\result.h5,3ac38104218b84633586811d22f9c7183adb5ba26fd501727721315570a55991,BAT PriorToGaussian (PriorSubstitution); theta_j = 2 L Phi(z_j) - L,9fdd3695832182b9db42448d1aecc3b90b69fb1993712e02b002925dcddbe796,202613303041,470800,29200.0,500000.0,2.178999900817871,full_remaining_budget,ok,8,vale24,1.11.6,2026-09-25T18:55:18,254e9852dede4aa6ee4547e114ff8f608824914d,254e9852dede4aa6ee4547e114ff8f608824914d
mridges,5,500000.0,67,mw,fresh_v1_2026-09-25,experiments\out\runs\mridges_mw_d5_B5e5_seed67\result.h5,927a952a1407706a42b910a8dfa95034cb5107e10f877b76e2b6a5515f65fa49,BAT PriorToGaussian (PriorSubstitution); theta_j = 2 L Phi(z_j) - L,7daa9d875f50919003f5600e07676c20654b4a80ae51a8dbcc38306143e0f523,202613303067,470820,29180.0,500000.0,2.2139999866485596,full_remaining_budget,ok,8,vale24,1.11.6,2026-09-25T18:55:21,254e9852dede4aa6ee4547e114ff8f608824914d,254e9852dede4aa6ee4547e114ff8f608824914d
mridges,5,500000.0,97,mw,fresh_v1_2026-09-25,experiments\out\runs\mridges_mw_d5_B5e5_seed97\result.h5,560ad802047ec519701f4214dbac50d97341925059997f75f7ea26fc003114f4,BAT PriorToGaussian (PriorSubstitution); theta_j = 2 L Phi(z_j) - L,7cc69b7587ba7db3c4c99e224d3237f6b66f7d71d9e6d737e38483addd7d2039,202613303097,470687,29313.0,500000.0,2.0280001163482666,full_remaining_budget,ok,8,vale24,1.11.6,2026-09-25T18:55:24,254e9852dede4aa6ee4547e114ff8f608824914d,254e9852dede4aa6ee4547e114ff8f608824914d
mridges,5,500000.0,113,mw,fresh_v1_2026-09-25,experiments\out\runs\mridges_mw_d5_B5e5_seed113\result.h5,7adafc1cde97b3bbfd8d882bebaaaa54e86d363eac5d42fbdf8268d2e3368e9c,BAT PriorToGaussian (PriorSubstitution); theta_j = 2 L Phi(z_j) - L,c46605fc1ca0b33dee16baa82964961d848985410fbe34bb13360eb407eb788b,202613303113,470895,29105.0,500000.0,1.8650000095367432,full_remaining_budget,ok,8,vale24,1.11.6,2026-09-25T18:55:27,254e9852dede4aa6ee4547e114ff8f608824914d,254e9852dede4aa6ee4547e114ff8f608824914d
mridges,5,500000.0,137,mw,fresh_v1_2026-09-25,experiments\out\runs\mridges_mw_d5_B5e5_seed137\result.h5,2c5356e2fa16608b1d1e4691693e84e52b7cf1c866c543f8120b08814f73f71c,BAT PriorToGaussian (PriorSubstitution); theta_j = 2 L Phi(z_j) - L,f5ebdf6bfe29f74f9fd062528503c427fec17f2172825d56f9b898f575b39c5e,202613303137,470717,29283.0,500000.0,2.324000120162964,full_remaining_budget,ok,8,vale24,1.11.6,2026-09-25T18:55:30,254e9852dede4aa6ee4547e114ff8f608824914d,254e9852dede4aa6ee4547e114ff8f608824914d
mridges,5,500000.0,173,mw,fresh_v1_2026-09-25,experiments\out\runs\mridges_mw_d5_B5e5_seed173\result.h5,7797a9f9eea6773bbb33ea8821a573aa33e69f94cb1c2548f2b04654bdfe30b7,BAT PriorToGaussian (PriorSubstitution); theta_j = 2 L Phi(z_j) - L,7e16d936dc475965493892e4d2b570aa715039ccccf190809053f2858c7a2b41,202613303173,470586,29414.0,500000.0,2.008999824523926,full_remaining_budget,ok,8,vale24,1.11.6,2026-09-25T18:55:33,254e9852dede4aa6ee4547e114ff8f608824914d,254e9852dede4aa6ee4547e114ff8f608824914d
mridges,5,500000.0,211,mw,fresh_v1_2026-09-25,experiments\out\runs\mridges_mw_d5_B5e5_seed211\result.h5,30887e9e23089285a5322782be9d18e94ed777e39923e0ad1bdc8e82c576af42,BAT PriorToGaussian (PriorSubstitution); theta_j = 2 L Phi(z_j) - L,601cddea05081e3662c5bcf62e966551c4c3f08a0767059b7f6270c8b86ad0c3,202613303211,470703,29297.0,500000.0,2.26200008392334,full_remaining_budget,ok,8,vale24,1.11.6,2026-09-25T18:55:35,254e9852dede4aa6ee4547e114ff8f608824914d,254e9852dede4aa6ee4547e114ff8f608824914d
mridges,5,500000.0,239,mw,fresh_v1_2026-09-25,experiments\out\runs\mridges_mw_d5_B5e5_seed239\result.h5,b912e51d783da6872f7d7895a2b6130606831efa52d5315a84db3bcbc4df46af,BAT PriorToGaussian (PriorSubstitution); theta_j = 2 L Phi(z_j) - L,8b5a076d2809af6216fc3df2406f6b9bd1db53b18a4d933d4e3b0c1298332f7e,202613303239,470665,29335.0,500000.0,1.9720001220703125,full_remaining_budget,ok,8,vale24,1.11.6,2026-09-25T18:55:38,254e9852dede4aa6ee4547e114ff8f608824914d,254e9852dede4aa6ee4547e114ff8f608824914d
mridges,5,500000.0,277,mw,fresh_v1_2026-09-25,experiments\out\runs\mridges_mw_d5_B5e5_seed277\result.h5,f726e17cd6f2dd4ff3a40c16729d92ad9a5e340f295926f794705c35ba3074b5,BAT PriorToGaussian (PriorSubstitution); theta_j = 2 L Phi(z_j) - L,7d11b756b080fee709f3627b2929826d7e3c68e7be1d067e2f19c2ca4d9cefa6,202613303277,470916,29084.0,500000.0,2.3980000019073486,full_remaining_budget,ok,8,vale24,1.11.6,2026-09-25T18:55:41,254e9852dede4aa6ee4547e114ff8f608824914d,254e9852dede4aa6ee4547e114ff8f608824914d
mridges,5,500000.0,313,mw,fresh_v1_2026-09-25,experiments\out\runs\mridges_mw_d5_B5e5_seed313\result.h5,3ce3c6b8f600351626aff4e646be1321332afd1b9814c3c478e06bec88c67991,BAT PriorToGaussian (PriorSubstitution); theta_j = 2 L Phi(z_j) - L,84d179499a6d874d3cc075d8d7a652fa671a124921cd3eaf39c663c6ced25fcb,202613303313,471121,28879.0,500000.0,2.2619998455047607,full_remaining_budget,ok,8,vale24,1.11.6,2026-09-25T18:55:44,254e9852dede4aa6ee4547e114ff8f608824914d,254e9852dede4aa6ee4547e114ff8f608824914d
mridges,5,500000.0,359,mw,fresh_v1_2026-09-25,experiments\out\runs\mridges_mw_d5_B5e5_seed359\result.h5,7a9ead3dcd0b78ebbbe9718e30c831ee54fa0d20470998927dea13feb42e3668,BAT PriorToGaussian (PriorSubstitution); theta_j = 2 L Phi(z_j) - L,5e245babd8a31942f6970964952ab07a5a744eb826320bbe759f15c42c5bbb9f,202613303359,470810,29190.0,500000.0,3.2779998779296875,full_remaining_budget,ok,8,vale24,1.11.6,2026-09-25T18:55:47,254e9852dede4aa6ee4547e114ff8f608824914d,254e9852dede4aa6ee4547e114ff8f608824914d
mridges,5,500000.0,401,mw,fresh_v1_2026-09-25,experiments\out\runs\mridges_mw_d5_B5e5_seed401\result.h5,c7fc88e599376ccfcb61d46c78ea8a4343896325a664cdc52ec16ef5a0f1866f,BAT PriorToGaussian (PriorSubstitution); theta_j = 2 L Phi(z_j) - L,e03532b609227cba8b10386963beeedaf62cf1bc7707c2d29a39bef3495d3979,202613303401,470835,29165.0,500000.0,2.486999988555908,full_remaining_budget,ok,8,vale24,1.11.6,2026-09-25T18:55:51,254e9852dede4aa6ee4547e114ff8f608824914d,254e9852dede4aa6ee4547e114ff8f608824914d
mridges,5,500000.0,449,mw,fresh_v1_2026-09-25,experiments\out\runs\mridges_mw_d5_B5e5_seed449\result.h5,2f1ff32144eed9deefc63eec1af7fd0e597118d1ce1afccd4bc3261993378bbe,BAT PriorToGaussian (PriorSubstitution); theta_j = 2 L Phi(z_j) - L,360e9f253a316f1bf0ab535dd413605f1185ac87dd116552392c9829ccf8667b,202613303449,470760,29240.0,500000.0,1.8529999256134033,full_remaining_budget,ok,8,vale24,1.11.6,2026-09-25T18:55:55,254e9852dede4aa6ee4547e114ff8f608824914d,254e9852dede4aa6ee4547e114ff8f608824914d
mridges,5,500000.0,491,mw,fresh_v1_2026-09-25,experiments\out\runs\mridges_mw_d5_B5e5_seed491\result.h5,c3a4c7b09d45daf9510928e1b956ada2b79f5f6e373189507b256684c43d4bbb,BAT PriorToGaussian (PriorSubstitution); theta_j = 2 L Phi(z_j) - L,da987caa05c4d4830bf4a2729d58baad39cfb08f68ed1acfdd11b8a068a885e2,202613303491,470801,29199.0,500000.0,3.2060000896453857,full_remaining_budget,ok,8,vale24,1.11.6,2026-09-25T18:55:58,254e9852dede4aa6ee4547e114ff8f608824914d,254e9852dede4aa6ee4547e114ff8f608824914d
mridges,5,500000.0,541,mw,fresh_v1_2026-09-25,experiments\out\runs\mridges_mw_d5_B5e5_seed541\result.h5,9a5cf2710f92d193a13562f622542842dd0681b76a46f4ac4768e38ee3736069,BAT PriorToGaussian (PriorSubstitution); theta_j = 2 L Phi(z_j) - L,fa7b6d9dd00f78464cd505c163ce1602b8476710eaa79cad74c6e48aaf683d9f,202613303541,470930,29070.0,500000.0,4.288999795913696,full_remaining_budget,ok,8,vale24,1.11.6,2026-09-25T18:56:02,254e9852dede4aa6ee4547e114ff8f608824914d,254e9852dede4aa6ee4547e114ff8f608824914d
mridges,5,500000.0,587,mw,fresh_v1_2026-09-25,experiments\out\runs\mridges_mw_d5_B5e5_seed587\result.h5,30a0a0fec079f7d0316972eaeae6510e900f1602b073a785b984583e1a8392a8,BAT PriorToGaussian (PriorSubstitution); theta_j = 2 L Phi(z_j) - L,57383af287e842580061f0a34517ae573c3d030814c6fac70ef531a5b3f1ac91,202613303587,470871,29129.0,500000.0,3.61299991607666,full_remaining_budget,ok,8,vale24,1.11.6,2026-09-25T18:56:08,254e9852dede4aa6ee4547e114ff8f608824914d,254e9852dede4aa6ee4547e114ff8f608824914d
mridges,5,500000.0,631,mw,fresh_v1_2026-09-25,experiments\out\runs\mridges_mw_d5_B5e5_seed631\result.h5,4ad50f9e10f156290a0b686f68a4c94b7e7274c40ec1692bc6444ff0f265ddbe,BAT PriorToGaussian (PriorSubstitution); theta_j = 2 L Phi(z_j) - L,667373a9f185b7eae1c1ba4979fdc4f2eb0cae394e76567968d0042ac2c7568f,202613303631,470936,29064.0,500000.0,4.250999927520752,full_remaining_budget,ok,8,vale24,1.11.6,2026-09-25T18:56:13,254e9852dede4aa6ee4547e114ff8f608824914d,254e9852dede4aa6ee4547e114ff8f608824914d
mridges,5,500000.0,677,mw,fresh_v1_2026-09-25,experiments\out\runs\mridges_mw_d5_B5e5_seed677\result.h5,54ef0827bbf1af46ac2759cddf720f09ba84a3ff0639c4d98f50491ce6a7f532,BAT PriorToGaussian (PriorSubstitution); theta_j = 2 L Phi(z_j) - L,a0ddfb6c45434bbe8de1a527e4e10bb1d4a4a18da1aebec1f4bcd1cb1a813446,202613303677,471085,28915.0,500000.0,3.6579999923706055,full_remaining_budget,ok,8,vale24,1.11.6,2026-09-25T18:56:19,254e9852dede4aa6ee4547e114ff8f608824914d,254e9852dede4aa6ee4547e114ff8f608824914d
mridges,10,5000.0,11,mw,fresh_v1_2026-09-25,experiments\out\runs\mridges_mw_d10_B5e3_seed11\result.h5,e3463f5705caf763e526429ae43b4129259e9437ad7702543798e3cd67df8643,BAT PriorToGaussian (PriorSubstitution); theta_j = 2 L Phi(z_j) - L,9dddee6b50c6fda025a1f957862b841137e0bd9e8eac366a9b0cd9b831a5291f,202613351011,0,6183.0,6183.0,,exceeds_strict_budget,,8,vale24,1.11.6,2026-09-25T19:14:47,254e9852dede4aa6ee4547e114ff8f608824914d,254e9852dede4aa6ee4547e114ff8f608824914d
mridges,10,5000.0,23,mw,fresh_v1_2026-09-25,experiments\out\runs\mridges_mw_d10_B5e3_seed23\result.h5,6ba1b1a2deff6f8376fb414f2c7e009fb2bbaab8521bd565872ff042d67ea205,BAT PriorToGaussian (PriorSubstitution); theta_j = 2 L Phi(z_j) - L,1ec419822ad47f2d4a88f9fb93e38cbbeed1fac0eaf3014cab91836e692f32ea,202613351023,0,5772.0,5772.0,,exceeds_strict_budget,,8,vale24,1.11.6,2026-09-25T19:14:47,254e9852dede4aa6ee4547e114ff8f608824914d,254e9852dede4aa6ee4547e114ff8f608824914d
mridges,10,5000.0,41,mw,fresh_v1_2026-09-25,experiments\out\runs\mridges_mw_d10_B5e3_seed41\result.h5,c82dbc4c3deaba49782c6b5e85dc3d1999d788f0b425d79522ed47850c10590c,BAT PriorToGaussian (PriorSubstitution); theta_j = 2 L Phi(z_j) - L,2cc1d031b093972dd4d3705fd9d7ca713387e1df86a1aeb9032393e0542e4073,202613351041,0,6246.0,6246.0,,exceeds_strict_budget,,8,vale24,1.11.6,2026-09-25T19:14:47,254e9852dede4aa6ee4547e114ff8f608824914d,254e9852dede4aa6ee4547e114ff8f608824914d
mridges,10,5000.0,67,mw,fresh_v1_2026-09-25,experiments\out\runs\mridges_mw_d10_B5e3_seed67\result.h5,52e1097800c7743648a67c41b0131609379208a0dcdb31a8a0a1f83ad7e01a4c,BAT PriorToGaussian (PriorSubstitution); theta_j = 2 L Phi(z_j) - L,035887700b1160d2440dcb4b5cd0b5b9b262bb59f7f930778a8d7d778dd76321,202613351067,0,5360.0,5360.0,,exceeds_strict_budget,,8,vale24,1.11.6,2026-09-25T19:14:47,254e9852dede4aa6ee4547e114ff8f608824914d,254e9852dede4aa6ee4547e114ff8f608824914d
mridges,10,5000.0,97,mw,fresh_v1_2026-09-25,experiments\out\runs\mridges_mw_d10_B5e3_seed97\result.h5,07433f76bbaee1a788d138629a35b4cac84b7202b16d92672ddd3556a4824ce8,BAT PriorToGaussian (PriorSubstitution); theta_j = 2 L Phi(z_j) - L,17d83d137bf88bb22e113b47af38c11064c1cd635ed43ea7439d1fc07303630d,202613351097,0,5826.0,5826.0,,exceeds_strict_budget,,8,vale24,1.11.6,2026-09-25T19:14:47,254e9852dede4aa6ee4547e114ff8f608824914d,254e9852dede4aa6ee4547e114ff8f608824914d
mridges,10,5000.0,113,mw,fresh_v1_2026-09-25,experiments\out\runs\mridges_mw_d10_B5e3_seed113\result.h5,6d90dc008880bfcdd651d50adbe6c594a081e3359df7d8c6e2b04ccb0890e8dd,BAT PriorToGaussian (PriorSubstitution); theta_j = 2 L Phi(z_j) - L,60270206c9eca08f432efd53eb0847691f2f1e903687f87bba4af9e07df48a4c,202613351113,0,5026.0,5026.0,,exceeds_strict_budget,,8,vale24,1.11.6,2026-09-25T19:14:47,254e9852dede4aa6ee4547e114ff8f608824914d,254e9852dede4aa6ee4547e114ff8f608824914d
mridges,10,5000.0,137,mw,fresh_v1_2026-09-25,experiments\out\runs\mridges_mw_d10_B5e3_seed137\result.h5,48fe78f04e9cb09325d3fc57392d28ed341423c03616c3eb785326aad4cd35fa,BAT PriorToGaussian (PriorSubstitution); theta_j = 2 L Phi(z_j) - L,719a67cb567eab13b42059fa339e8f39591416ea55764e28155bc10774c06a60,202613351137,0,5056.0,5056.0,,exceeds_strict_budget,,8,vale24,1.11.6,2026-09-25T19:14:47,254e9852dede4aa6ee4547e114ff8f608824914d,254e9852dede4aa6ee4547e114ff8f608824914d
mridges,10,5000.0,173,mw,fresh_v1_2026-09-25,experiments\out\runs\mridges_mw_d10_B5e3_seed173\result.h5,fd4b677be52656b4527e7f80b15279754d0d660a22f8ad31ef1212f130620056,BAT PriorToGaussian (PriorSubstitution); theta_j = 2 L Phi(z_j) - L,966368e7832c377cfbb0f894fe0c96399470069761adbbac002f337a2d96a121,202613351173,0,5928.0,5928.0,,exceeds_strict_budget,,8,vale24,1.11.6,2026-09-25T19:14:47,254e9852dede4aa6ee4547e114ff8f608824914d,254e9852dede4aa6ee4547e114ff8f608824914d
mridges,10,5000.0,211,mw,fresh_v1_2026-09-25,experiments\out\runs\mridges_mw_d10_B5e3_seed211\result.h5,5f7399b741bd515caa3ce5fd511ad5ae2fe8562d1ac39c22bcf5042f94a2d7a9,BAT PriorToGaussian (PriorSubstitution); theta_j = 2 L Phi(z_j) - L,fad0a2346d1680ed3772c01e673f5cb2254cbce310646c7fe4935a492e7152b4,202613351211,0,5199.0,5199.0,,exceeds_strict_budget,,8,vale24,1.11.6,2026-09-25T19:14:47,254e9852dede4aa6ee4547e114ff8f608824914d,254e9852dede4aa6ee4547e114ff8f608824914d
mridges,10,5000.0,239,mw,fresh_v1_2026-09-25,experiments\out\runs\mridges_mw_d10_B5e3_seed239\result.h5,5b9e5b97299ee3be701679561fe9e7be1a4150fb1c62f4ab72a75c428ed7eadd,BAT PriorToGaussian (PriorSubstitution); theta_j = 2 L Phi(z_j) - L,2011ff46a61f9ff37a6dfd52519520b033bdbd0bf90307fd4e137f6e6696c9e0,202613351239,0,5774.0,5774.0,,exceeds_strict_budget,,8,vale24,1.11.6,2026-09-25T19:14:47,254e9852dede4aa6ee4547e114ff8f608824914d,254e9852dede4aa6ee4547e114ff8f608824914d
mridges,10,5000.0,277,mw,fresh_v1_2026-09-25,experiments\out\runs\mridges_mw_d10_B5e3_seed277\result.h5,3c90871aadd51c7e8405cee54576990ec8fb5741dd19d865449112e09bc0b890,BAT PriorToGaussian (PriorSubstitution); theta_j = 2 L Phi(z_j) - L,51e864226790aba80e58c6a5594d4a83521930b05c1edeac7e1f0f2c60995b87,202613351277,0,5890.0,5890.0,,exceeds_strict_budget,,8,vale24,1.11.6,2026-09-25T19:14:47,254e9852dede4aa6ee4547e114ff8f608824914d,254e9852dede4aa6ee4547e114ff8f608824914d
mridges,10,5000.0,313,mw,fresh_v1_2026-09-25,experiments\out\runs\mridges_mw_d10_B5e3_seed313\result.h5,ef667ee6d58c24e20166ccedc5a247d1c7e5839e60a12fd9a19c584ad08dde67,BAT PriorToGaussian (PriorSubstitution); theta_j = 2 L Phi(z_j) - L,4372869595c95e67176bfc58a6f7f3741cee931c431edba38ac03fb7e7e243c6,202613351313,0,5892.0,5892.0,,exceeds_strict_budget,,8,vale24,1.11.6,2026-09-25T19:14:47,254e9852dede4aa6ee4547e114ff8f608824914d,254e9852dede4aa6ee4547e114ff8f608824914d
mridges,10,5000.0,359,mw,fresh_v1_2026-09-25,experiments\out\runs\mridges_mw_d10_B5e3_seed359\result.h5,7d40c29e592484ad927829006fd0ed97f796b85a9a62ea69652ff98c463121a2,BAT PriorToGaussian (PriorSubstitution); theta_j = 2 L Phi(z_j) - L,9b56582cc7078d0235e953937cc92c6219aa8785fe56fe9c24c12c2ee34d56c4,202613351359,0,5041.0,5041.0,,exceeds_strict_budget,,8,vale24,1.11.6,2026-09-25T19:14:47,254e9852dede4aa6ee4547e114ff8f608824914d,254e9852dede4aa6ee4547e114ff8f608824914d
mridges,10,5000.0,401,mw,fresh_v1_2026-09-25,experiments\out\runs\mridges_mw_d10_B5e3_seed401\result.h5,3207fa93e2bd10a0c0263f6ec349fc1b94808280bafdf3ec7eab7fb38f515812,BAT PriorToGaussian (PriorSubstitution); theta_j = 2 L Phi(z_j) - L,ef3a377fadbc926a6fff8d41eb1a8cb5e1e872c4fd4c2e86a09c2fb714e2ed72,202613351401,0,5818.0,5818.0,,exceeds_strict_budget,,8,vale24,1.11.6,2026-09-25T19:14:47,254e9852dede4aa6ee4547e114ff8f608824914d,254e9852dede4aa6ee4547e114ff8f608824914d
mridges,10,5000.0,449,mw,fresh_v1_2026-09-25,experiments\out\runs\mridges_mw_d10_B5e3_seed449\result.h5,6e0b8c9c2f4edd90691b80a02fee2c3a99a1cb6ebee44ed9b19ef962a8c65488,BAT PriorToGaussian (PriorSubstitution); theta_j = 2 L Phi(z_j) - L,536764eaece558d5fd80632db16a6aa91bc42588ba71f97599bac59180a420ea,202613351449,0,5771.0,5771.0,,exceeds_strict_budget,,8,vale24,1.11.6,2026-09-25T19:14:47,254e9852dede4aa6ee4547e114ff8f608824914d,254e9852dede4aa6ee4547e114ff8f608824914d
mridges,10,5000.0,491,mw,fresh_v1_2026-09-25,experiments\out\runs\mridges_mw_d10_B5e3_seed491\result.h5,dfa7002d33f0f827db1707d94bf7d1ed0461bc796a6c1ea42449ea966b6f2e15,BAT PriorToGaussian (PriorSubstitution); theta_j = 2 L Phi(z_j) - L,9d86c5fe38896b2f383667fb22485f69015cc96c10de04d791db8d9115728554,202613351491,0,5012.0,5012.0,,exceeds_strict_budget,,8,vale24,1.11.6,2026-09-25T19:14:47,254e9852dede4aa6ee4547e114ff8f608824914d,254e9852dede4aa6ee4547e114ff8f608824914d
mridges,10,5000.0,541,mw,fresh_v1_2026-09-25,experiments\out\runs\mridges_mw_d10_B5e3_seed541\result.h5,ace8437140e78bbc446a23009d13f6575d1824ee6856ab468e4112b41f1214af,BAT PriorToGaussian (PriorSubstitution); theta_j = 2 L Phi(z_j) - L,27babf6989b5eb4bc8bc543f51d810f97c5dd326c54298ee7e9a03fbc96abd3e,202613351541,0,5818.0,5818.0,,exceeds_strict_budget,,8,vale24,1.11.6,2026-09-25T19:14:47,254e9852dede4aa6ee4547e114ff8f608824914d,254e9852dede4aa6ee4547e114ff8f608824914d
mridges,10,5000.0,587,mw,fresh_v1_2026-09-25,experiments\out\runs\mridges_mw_d10_B5e3_seed587\result.h5,5ff59a04db44b53229f1d9237361eea57fc6531a504629d6d6dfbfd573491cc2,BAT PriorToGaussian (PriorSubstitution); theta_j = 2 L Phi(z_j) - L,a03c6de123dc12fe0a4904b19bcafbe0043d8473020de2ad979a4664f217c279,202613351587,0,5823.0,5823.0,,exceeds_strict_budget,,8,vale24,1.11.6,2026-09-25T19:14:47,254e9852dede4aa6ee4547e114ff8f608824914d,254e9852dede4aa6ee4547e114ff8f608824914d
mridges,10,5000.0,631,mw,fresh_v1_2026-09-25,experiments\out\runs\mridges_mw_d10_B5e3_seed631\result.h5,884782b83fced84e8024a29acddd34af459bff00faac100aa730d49e78d0b125,BAT PriorToGaussian (PriorSubstitution); theta_j = 2 L Phi(z_j) - L,67f0e2512f9574d84fbeb272f6ca093d0feb70c60a16f993da8a75aeb08c3892,202613351631,0,5938.0,5938.0,,exceeds_strict_budget,,8,vale24,1.11.6,2026-09-25T19:14:47,254e9852dede4aa6ee4547e114ff8f608824914d,254e9852dede4aa6ee4547e114ff8f608824914d
mridges,10,5000.0,677,mw,fresh_v1_2026-09-25,experiments\out\runs\mridges_mw_d10_B5e3_seed677\result.h5,ba661031239c8274f477f79faaa141ad46f09164b0e3f514f6ecc0f7c43cfb2e,BAT PriorToGaussian (PriorSubstitution); theta_j = 2 L Phi(z_j) - L,26ce3bb626b9ec5da1d6d11001486935e76d42f81b82381dfe305408b677f76c,202613351677,0,5757.0,5757.0,,exceeds_strict_budget,,8,vale24,1.11.6,2026-09-25T19:14:47,254e9852dede4aa6ee4547e114ff8f608824914d,254e9852dede4aa6ee4547e114ff8f608824914d
mridges,10,50000.0,11,mw,fresh_v1_2026-09-25,experiments\out\runs\mridges_mw_d10_B5e4_seed11\result.h5,18809d5aef3049dd42783fac90ceb0b174126a6e1ab23c5cffdb0d2a7783417b,BAT PriorToGaussian (PriorSubstitution); theta_j = 2 L Phi(z_j) - L,401a8bf210ab7c2c4a4abaab14eb59ce4d97a33f90b744b79c7c76f46c9fc71e,202613352011,25609,24391.0,50000.0,0.3340001106262207,full_remaining_budget,ok,8,vale24,1.11.6,2026-09-25T19:13:07,254e9852dede4aa6ee4547e114ff8f608824914d,254e9852dede4aa6ee4547e114ff8f608824914d
mridges,10,50000.0,23,mw,fresh_v1_2026-09-25,experiments\out\runs\mridges_mw_d10_B5e4_seed23\result.h5,4b0115e1699e7efa405917fc1f1868e1cbcf33bf3cbe6c246ce8e41c97ff3d47,BAT PriorToGaussian (PriorSubstitution); theta_j = 2 L Phi(z_j) - L,fddb71c0faf952037651bba805843ae4be4070e4877b468afcf083a6e36e8a05,202613352023,26320,23680.0,50000.0,0.2950000762939453,full_remaining_budget,ok,8,vale24,1.11.6,2026-09-25T19:13:08,254e9852dede4aa6ee4547e114ff8f608824914d,254e9852dede4aa6ee4547e114ff8f608824914d
mridges,10,50000.0,41,mw,fresh_v1_2026-09-25,experiments\out\runs\mridges_mw_d10_B5e4_seed41\result.h5,87d9038cd9f18a68239bffa0cb1fc6f3e858e74f1e24ec21e720cac350615859,BAT PriorToGaussian (PriorSubstitution); theta_j = 2 L Phi(z_j) - L,0b8fca273fadf1948e89c4da11d58d882a2d7ebb4428d7ea7ba5249e3da0cafd,202613352041,26379,23621.0,50000.0,0.26799988746643066,full_remaining_budget,ok,8,vale24,1.11.6,2026-09-25T19:13:09,254e9852dede4aa6ee4547e114ff8f608824914d,254e9852dede4aa6ee4547e114ff8f608824914d
mridges,10,50000.0,67,mw,fresh_v1_2026-09-25,experiments\out\runs\mridges_mw_d10_B5e4_seed67\result.h5,8d1524a5d74b383cc791491e776197cc78c5e11043402a4c94f8662993143d70,BAT PriorToGaussian (PriorSubstitution); theta_j = 2 L Phi(z_j) - L,e0f00f66deb86e9f3a298a28c3ca70483d934ed6d2cea4f4168edc2eb2c1af72,202613352067,26885,23115.0,50000.0,0.28800010681152344,full_remaining_budget,ok,8,vale24,1.11.6,2026-09-25T19:13:10,254e9852dede4aa6ee4547e114ff8f608824914d,254e9852dede4aa6ee4547e114ff8f608824914d
mridges,10,50000.0,97,mw,fresh_v1_2026-09-25,experiments\out\runs\mridges_mw_d10_B5e4_seed97\result.h5,0c75c62439a80de26a4b29d9444c5b381d23b4836263c7c899bcc3322702a6f5,BAT PriorToGaussian (PriorSubstitution); theta_j = 2 L Phi(z_j) - L,318a554679b2bc4a06a3c511ca9967259b09b411da1f01f42e45b9ebc600e091,202613352097,26631,23369.0,50000.0,0.24200010299682617,full_remaining_budget,ok,8,vale24,1.11.6,2026-09-25T19:13:11,254e9852dede4aa6ee4547e114ff8f608824914d,254e9852dede4aa6ee4547e114ff8f608824914d
mridges,10,50000.0,113,mw,fresh_v1_2026-09-25,experiments\out\runs\mridges_mw_d10_B5e4_seed113\result.h5,98a9ea5cec4222b19e6b081251a8ca7840f30a78f2f8efe26d7c51135b131b2d,BAT PriorToGaussian (PriorSubstitution); theta_j = 2 L Phi(z_j) - L,645fd817ea6d37d93e81c11816aa1d7448f68baa20376b88470ac89bbe7599b0,202613352113,26659,23341.0,50000.0,0.22799992561340332,full_remaining_budget,ok,8,vale24,1.11.6,2026-09-25T19:13:12,254e9852dede4aa6ee4547e114ff8f608824914d,254e9852dede4aa6ee4547e114ff8f608824914d
mridges,10,50000.0,137,mw,fresh_v1_2026-09-25,experiments\out\runs\mridges_mw_d10_B5e4_seed137\result.h5,b5d20ff141e2bcd2565e50f6cb48b4ed1fd29c726abb636af48978feaa4e71b5,BAT PriorToGaussian (PriorSubstitution); theta_j = 2 L Phi(z_j) - L,298b70f3714de4feca046250f6931f2b779bbce8cd458de95621061794ba1458,202613352137,25837,24163.0,50000.0,0.21500015258789062,full_remaining_budget,ok,8,vale24,1.11.6,2026-09-25T19:13:13,254e9852dede4aa6ee4547e114ff8f608824914d,254e9852dede4aa6ee4547e114ff8f608824914d
mridges,10,50000.0,173,mw,fresh_v1_2026-09-25,experiments\out\runs\mridges_mw_d10_B5e4_seed173\result.h5,8e5f053f1d824f884a1c63fb1868bbb4336e4ea315c37e4360d7a88c40bc286f,BAT PriorToGaussian (PriorSubstitution); theta_j = 2 L Phi(z_j) - L,d968f1185775e5852ef88de4049ed22753bd333036a5cc0b3207b2d7f6773185,202613352173,26129,23871.0,50000.0,0.25099992752075195,full_remaining_budget,ok,8,vale24,1.11.6,2026-09-25T19:13:14,254e9852dede4aa6ee4547e114ff8f608824914d,254e9852dede4aa6ee4547e114ff8f608824914d
mridges,10,50000.0,211,mw,fresh_v1_2026-09-25,experiments\out\runs\mridges_mw_d10_B5e4_seed211\result.h5,21b68f7e1a4b07dc3e0ee42f4f5c4949f191c6f8093fd1f6fadd03d844d5e2e0,BAT PriorToGaussian (PriorSubstitution); theta_j = 2 L Phi(z_j) - L,0eed9fb65702441b37b8294c7a682112dc3611460f26239296c20cfccbfcb2c4,202613352211,27027,22973.0,50000.0,0.20000004768371582,full_remaining_budget,ok,8,vale24,1.11.6,2026-09-25T19:13:15,254e9852dede4aa6ee4547e114ff8f608824914d,254e9852dede4aa6ee4547e114ff8f608824914d
mridges,10,50000.0,239,mw,fresh_v1_2026-09-25,experiments\out\runs\mridges_mw_d10_B5e4_seed239\result.h5,bf9abe53b076430c8796fb94d599d434cb145d7041c0775683a14aaafad2e9e1,BAT PriorToGaussian (PriorSubstitution); theta_j = 2 L Phi(z_j) - L,35f4f2252b00eab5eb6f4b515ef1e40eb327ec12396fa7a0330e9792e9b23efa,202613352239,26669,23331.0,50000.0,0.22699999809265137,full_remaining_budget,ok,8,vale24,1.11.6,2026-09-25T19:13:16,254e9852dede4aa6ee4547e114ff8f608824914d,254e9852dede4aa6ee4547e114ff8f608824914d
mridges,10,50000.0,277,mw,fresh_v1_2026-09-25,experiments\out\runs\mridges_mw_d10_B5e4_seed277\result.h5,3a7269c6facb2457cb8abb93a1e685866a5d4ade4ec44966e68340d6ca87f2f3,BAT PriorToGaussian (PriorSubstitution); theta_j = 2 L Phi(z_j) - L,e064105836ce76ea80894394a8e194d0cb177c91a0cb301d5e210574870b21c3,202613352277,26785,23215.0,50000.0,0.18000006675720215,full_remaining_budget,ok,8,vale24,1.11.6,2026-09-25T19:13:17,254e9852dede4aa6ee4547e114ff8f608824914d,254e9852dede4aa6ee4547e114ff8f608824914d
mridges,10,50000.0,313,mw,fresh_v1_2026-09-25,experiments\out\runs\mridges_mw_d10_B5e4_seed313\result.h5,863ef46611084a87bb74910b9c5739a21a163f45ba543b81454e533a14cee11e,BAT PriorToGaussian (PriorSubstitution); theta_j = 2 L Phi(z_j) - L,d179417a34f22e180cc647d095fdb61050ad4d7287a8b6d68d0212d0232682ae,202613352313,26926,23074.0,50000.0,0.18400001525878906,full_remaining_budget,ok,8,vale24,1.11.6,2026-09-25T19:13:18,254e9852dede4aa6ee4547e114ff8f608824914d,254e9852dede4aa6ee4547e114ff8f608824914d
mridges,10,50000.0,359,mw,fresh_v1_2026-09-25,experiments\out\runs\mridges_mw_d10_B5e4_seed359\result.h5,5c20bc425473d9e78a46edf0a1906021806c2f4057c180f5dc6aea5f8cf9c409,BAT PriorToGaussian (PriorSubstitution); theta_j = 2 L Phi(z_j) - L,61e41df0e64fd2e9ec63b21ab0286e31266d08e9e5b93a002e5be86a1ddd0779,202613352359,26781,23219.0,50000.0,0.1700000762939453,full_remaining_budget,ok,8,vale24,1.11.6,2026-09-25T19:13:18,254e9852dede4aa6ee4547e114ff8f608824914d,254e9852dede4aa6ee4547e114ff8f608824914d
mridges,10,50000.0,401,mw,fresh_v1_2026-09-25,experiments\out\runs\mridges_mw_d10_B5e4_seed401\result.h5,8a0c578ea75187569a44c5bd71103ef51394e97af7c6211f3072adee71ae7fbf,BAT PriorToGaussian (PriorSubstitution); theta_j = 2 L Phi(z_j) - L,b729c7e839274872e11e6f049d1e136613f5faf632a871ff570bc1a0cc177673,202613352401,26062,23938.0,50000.0,0.19899988174438477,full_remaining_budget,ok,8,vale24,1.11.6,2026-09-25T19:13:19,254e9852dede4aa6ee4547e114ff8f608824914d,254e9852dede4aa6ee4547e114ff8f608824914d
mridges,10,50000.0,449,mw,fresh_v1_2026-09-25,experiments\out\runs\mridges_mw_d10_B5e4_seed449\result.h5,4b20ccbdae73884faa73e2091dee1d33fd2776cc0b57c09e00f855a35aa7e0d0,BAT PriorToGaussian (PriorSubstitution); theta_j = 2 L Phi(z_j) - L,03f47e7b67bd1548a5885eaaa42584c5d92106f9d6e9daf3fd9c0532685dd893,202613352449,26477,23523.0,50000.0,0.17300009727478027,full_remaining_budget,ok,8,vale24,1.11.6,2026-09-25T19:13:20,254e9852dede4aa6ee4547e114ff8f608824914d,254e9852dede4aa6ee4547e114ff8f608824914d
mridges,10,50000.0,491,mw,fresh_v1_2026-09-25,experiments\out\runs\mridges_mw_d10_B5e4_seed491\result.h5,4c8d571841f60b75d4462c0deb7ada4e963f591e35a9b59f5e7738726e1a072c,BAT PriorToGaussian (PriorSubstitution); theta_j = 2 L Phi(z_j) - L,e4c9573e36185f78b91690e1880156f98aa05c9ebc24e67701f0e1f9e036848d,202613352491,27018,22982.0,50000.0,0.13299989700317383,full_remaining_budget,ok,8,vale24,1.11.6,2026-09-25T19:13:21,254e9852dede4aa6ee4547e114ff8f608824914d,254e9852dede4aa6ee4547e114ff8f608824914d
mridges,10,50000.0,541,mw,fresh_v1_2026-09-25,experiments\out\runs\mridges_mw_d10_B5e4_seed541\result.h5,e1e517ccee4bed25bdb4f5c0c6e5c2bea6ba9c71d0f7130665ff648c069438a3,BAT PriorToGaussian (PriorSubstitution); theta_j = 2 L Phi(z_j) - L,7694ba65192827d9a601af4e9f3e926c6c4562f62cf52bc8c58c00448b9b7130,202613352541,26675,23325.0,50000.0,0.18899989128112793,full_remaining_budget,ok,8,vale24,1.11.6,2026-09-25T19:13:21,254e9852dede4aa6ee4547e114ff8f608824914d,254e9852dede4aa6ee4547e114ff8f608824914d
mridges,10,50000.0,587,mw,fresh_v1_2026-09-25,experiments\out\runs\mridges_mw_d10_B5e4_seed587\result.h5,da094b2f43ba1633bb2bae94a14cbc63517d7898126ba3eb18e9c8a4f82c15ec,BAT PriorToGaussian (PriorSubstitution); theta_j = 2 L Phi(z_j) - L,e34f1e8af4742a67c89cd2e114f7781a0513da65029f7f9656c42aeea5fb9d41,202613352587,26181,23819.0,50000.0,0.20399999618530273,full_remaining_budget,ok,8,vale24,1.11.6,2026-09-25T19:13:22,254e9852dede4aa6ee4547e114ff8f608824914d,254e9852dede4aa6ee4547e114ff8f608824914d
mridges,10,50000.0,631,mw,fresh_v1_2026-09-25,experiments\out\runs\mridges_mw_d10_B5e4_seed631\result.h5,21879bede20cd7af3970c4b0705e9bcd6c62e3c75f6a323d436e8d94dec23ecf,BAT PriorToGaussian (PriorSubstitution); theta_j = 2 L Phi(z_j) - L,2585c6e46dd545dcc918a4e8da7aae289f498135091f2308eb53ffb11c084af8,202613352631,26490,23510.0,50000.0,0.20199990272521973,full_remaining_budget,ok,8,vale24,1.11.6,2026-09-25T19:13:23,254e9852dede4aa6ee4547e114ff8f608824914d,254e9852dede4aa6ee4547e114ff8f608824914d
mridges,10,50000.0,677,mw,fresh_v1_2026-09-25,experiments\out\runs\mridges_mw_d10_B5e4_seed677\result.h5,27c27acd6a56e2b305a4ed42d0e69b5d4a6ddcb403ee330da5d26d3487e782ea,BAT PriorToGaussian (PriorSubstitution); theta_j = 2 L Phi(z_j) - L,a6bbd650e7c5f51fba89de1c59108ca004b9b01b90f37f033115a981a94ab518,202613352677,25643,24357.0,50000.0,0.12999987602233887,full_remaining_budget,ok,8,vale24,1.11.6,2026-09-25T19:13:24,254e9852dede4aa6ee4547e114ff8f608824914d,254e9852dede4aa6ee4547e114ff8f608824914d
mridges,10,500000.0,11,mw,fresh_v1_2026-09-25,experiments\out\runs\mridges_mw_d10_B5e5_seed11\result.h5,5e1652d5e7c9162626518b1d158e5335eb9ac74611f280cb3e311e0516556e31,BAT PriorToGaussian (PriorSubstitution); theta_j = 2 L Phi(z_j) - L,7c7bdf50c5d2d58fb0f295e90975864b35369999cea8724ec5531929982440cc,202613353011,424715,75285.0,500000.0,4.822000026702881,full_remaining_budget,ok,8,vale24,1.11.6,2026-09-25T19:07:42,254e9852dede4aa6ee4547e114ff8f608824914d,254e9852dede4aa6ee4547e114ff8f608824914d
mridges,10,500000.0,23,mw,fresh_v1_2026-09-25,experiments\out\runs\mridges_mw_d10_B5e5_seed23\result.h5,82834e5996d27d384664318eaf3280d065423fe1f07057a5765cf69cd010d46f,BAT PriorToGaussian (PriorSubstitution); theta_j = 2 L Phi(z_j) - L,3012e78fa7ee3f7dc56b33753a570d5e4ec2f24e4783851013c9811f0ca9927a,202613353023,424718,75282.0,500000.0,4.418999910354614,full_remaining_budget,ok,8,vale24,1.11.6,2026-09-25T19:07:48,254e9852dede4aa6ee4547e114ff8f608824914d,254e9852dede4aa6ee4547e114ff8f608824914d
mridges,10,500000.0,41,mw,fresh_v1_2026-09-25,experiments\out\runs\mridges_mw_d10_B5e5_seed41\result.h5,d84bb89faafde4b3de0409660a22970c8b8d37c4bdfcbf2712f2457f810cb4f9,BAT PriorToGaussian (PriorSubstitution); theta_j = 2 L Phi(z_j) - L,28aed41d18781888666ce9573895b317e657e50db941cce2400a7bacb7317365,202613353041,424769,75231.0,500000.0,4.9659998416900635,full_remaining_budget,ok,8,vale24,1.11.6,2026-09-25T19:07:53,254e9852dede4aa6ee4547e114ff8f608824914d,254e9852dede4aa6ee4547e114ff8f608824914d
mridges,10,500000.0,67,mw,fresh_v1_2026-09-25,experiments\out\runs\mridges_mw_d10_B5e5_seed67\result.h5,8c2002fd5a762994efc653b0eeec666b7823a581bada8da5373bad31a4683987,BAT PriorToGaussian (PriorSubstitution); theta_j = 2 L Phi(z_j) - L,235be91b6d5ab452f9e4facba310d2321c230d2fbc2471f8ce6013397e329993,202613353067,424713,75287.0,500000.0,6.23199987411499,full_remaining_budget,ok,8,vale24,1.11.6,2026-09-25T19:08:00,254e9852dede4aa6ee4547e114ff8f608824914d,254e9852dede4aa6ee4547e114ff8f608824914d
mridges,10,500000.0,97,mw,fresh_v1_2026-09-25,experiments\out\runs\mridges_mw_d10_B5e5_seed97\result.h5,62ace5fc859a24944113dbdba7d5e3ff7f9170d04008a97b917353fcc0d8d139,BAT PriorToGaussian (PriorSubstitution); theta_j = 2 L Phi(z_j) - L,0da1406942e9a8c2418a9a5c1f48cb320909e3facfc5c8f825a3cb053651f58a,202613353097,424734,75266.0,500000.0,6.2200000286102295,full_remaining_budget,ok,8,vale24,1.11.6,2026-09-25T19:08:07,254e9852dede4aa6ee4547e114ff8f608824914d,254e9852dede4aa6ee4547e114ff8f608824914d
mridges,10,500000.0,113,mw,fresh_v1_2026-09-25,experiments\out\runs\mridges_mw_d10_B5e5_seed113\result.h5,353027a6455f5b52ceed0079c349ee625400eccde871cb381f90a6784110047a,BAT PriorToGaussian (PriorSubstitution); theta_j = 2 L Phi(z_j) - L,615224df86a3fb5642c9f09bc77d901dbc61be484832d91ae3f9330595a759d8,202613353113,424682,75318.0,500000.0,6.5980000495910645,full_remaining_budget,ok,8,vale24,1.11.6,2026-09-25T19:08:15,254e9852dede4aa6ee4547e114ff8f608824914d,254e9852dede4aa6ee4547e114ff8f608824914d
mridges,10,500000.0,137,mw,fresh_v1_2026-09-25,experiments\out\runs\mridges_mw_d10_B5e5_seed137\result.h5,f871d76bb89126e5a79901452561a8cfb7e48c29e83816f6be4890dc56596bd2,BAT PriorToGaussian (PriorSubstitution); theta_j = 2 L Phi(z_j) - L,00a286255f02d98c7a56806e4ca1474f786073dd806946cb32e331f1c73150e3,202613353137,424622,75378.0,500000.0,5.727999925613403,full_remaining_budget,ok,8,vale24,1.11.6,2026-09-25T19:08:23,254e9852dede4aa6ee4547e114ff8f608824914d,254e9852dede4aa6ee4547e114ff8f608824914d
mridges,10,500000.0,173,mw,fresh_v1_2026-09-25,experiments\out\runs\mridges_mw_d10_B5e5_seed173\result.h5,5af8d2f085e6b68e363c61f98eff9c1333959a068a8c50e0c0ed6c6c5fb900fa,BAT PriorToGaussian (PriorSubstitution); theta_j = 2 L Phi(z_j) - L,1a6f807d7aa1c584e9f7c3880be45924ee7abc34f624ac8514c1f27b71ac05d2,202613353173,424681,75319.0,500000.0,4.069999933242798,full_remaining_budget,ok,8,vale24,1.11.6,2026-09-25T19:08:30,254e9852dede4aa6ee4547e114ff8f608824914d,254e9852dede4aa6ee4547e114ff8f608824914d
mridges,10,500000.0,211,mw,fresh_v1_2026-09-25,experiments\out\runs\mridges_mw_d10_B5e5_seed211\result.h5,e422c956f19d19fc7e4401a19fb5bc0d3cddf9952d10fb6e7c47e51d9d32af4c,BAT PriorToGaussian (PriorSubstitution); theta_j = 2 L Phi(z_j) - L,cbb805d97280a3a18a85f4f610bdecbca0e7126c36ac1de541fb0aaa658308d4,202613353211,424685,75315.0,500000.0,5.570000171661377,full_remaining_budget,ok,8,vale24,1.11.6,2026-09-25T19:08:35,254e9852dede4aa6ee4547e114ff8f608824914d,254e9852dede4aa6ee4547e114ff8f608824914d
mridges,10,500000.0,239,mw,fresh_v1_2026-09-25,experiments\out\runs\mridges_mw_d10_B5e5_seed239\result.h5,6e0113c933848f9eab1e6d522ab1d38203942ce125e416adb50af98405a266d6,BAT PriorToGaussian (PriorSubstitution); theta_j = 2 L Phi(z_j) - L,61f7c4da92c2c30792c82eb08945c4c22b7e17ae3c6b99e823a6fcbdac23d388,202613353239,424709,75291.0,500000.0,3.8999998569488525,full_remaining_budget,ok,8,vale24,1.11.6,2026-09-25T19:08:42,254e9852dede4aa6ee4547e114ff8f608824914d,254e9852dede4aa6ee4547e114ff8f608824914d
mridges,10,500000.0,277,mw,fresh_v1_2026-09-25,experiments\out\runs\mridges_mw_d10_B5e5_seed277\result.h5,65321e95068c904922b2a4f353ca53cb90fa891ca2f3563d65604e4fc4d9f5e9,BAT PriorToGaussian (PriorSubstitution); theta_j = 2 L Phi(z_j) - L,11662625f79a09ff09acbb144c5d3bfb81596a8fc0f150134f01b33c14f0b710,202613353277,424698,75302.0,500000.0,6.258999824523926,full_remaining_budget,ok,8,vale24,1.11.6,2026-09-25T19:08:48,254e9852dede4aa6ee4547e114ff8f608824914d,254e9852dede4aa6ee4547e114ff8f608824914d
mridges,10,500000.0,313,mw,fresh_v1_2026-09-25,experiments\out\runs\mridges_mw_d10_B5e5_seed313\result.h5,46196e6a33bc6f5fddbc83a53b5a114c7ce570e5d0fca5b090fcd8befaff2536,BAT PriorToGaussian (PriorSubstitution); theta_j = 2 L Phi(z_j) - L,9baa99c2bff6e7c1ad2328403d6dcae16ef0a3f350478f6d7a24647084cbdaa8,202613353313,424658,75342.0,500000.0,6.985999822616577,full_remaining_budget,ok,8,vale24,1.11.6,2026-09-25T19:08:55,254e9852dede4aa6ee4547e114ff8f608824914d,254e9852dede4aa6ee4547e114ff8f608824914d
mridges,10,500000.0,359,mw,fresh_v1_2026-09-25,experiments\out\runs\mridges_mw_d10_B5e5_seed359\result.h5,a1e6b011090921b28443047e5084a84d795fad2f0f0c84544d838d9cf6ac9f7b,BAT PriorToGaussian (PriorSubstitution); theta_j = 2 L Phi(z_j) - L,d60449d7cf8982564880fa14ff76f7652fd9c6d1a548057748d1b469a6b2d9ba,202613353359,424766,75234.0,500000.0,5.50600004196167,full_remaining_budget,ok,8,vale24,1.11.6,2026-09-25T19:09:03,254e9852dede4aa6ee4547e114ff8f608824914d,254e9852dede4aa6ee4547e114ff8f608824914d
mridges,10,500000.0,401,mw,fresh_v1_2026-09-25,experiments\out\runs\mridges_mw_d10_B5e5_seed401\result.h5,8970a29cc85f43bc566b9fbb315a661e59f29493355e3846d230b72f7805575e,BAT PriorToGaussian (PriorSubstitution); theta_j = 2 L Phi(z_j) - L,e325a00eebf442083f9d347f75138b0fe16a85e6f3702886ab13917460bcd30f,202613353401,424707,75293.0,500000.0,4.019000053405762,full_remaining_budget,ok,8,vale24,1.11.6,2026-09-25T19:09:11,254e9852dede4aa6ee4547e114ff8f608824914d,254e9852dede4aa6ee4547e114ff8f608824914d
mridges,10,500000.0,449,mw,fresh_v1_2026-09-25,experiments\out\runs\mridges_mw_d10_B5e5_seed449\result.h5,588ba2863c5d66d3c86fc9fded8763f43749e03f53828bd5a711ac92957fbc14,BAT PriorToGaussian (PriorSubstitution); theta_j = 2 L Phi(z_j) - L,0ef4e8a9e41ae628f1d843025cabd20336f3b1080148f781602bfa3a5684375f,202613353449,424753,75247.0,500000.0,6.062000036239624,full_remaining_budget,ok,8,vale24,1.11.6,2026-09-25T19:09:16,254e9852dede4aa6ee4547e114ff8f608824914d,254e9852dede4aa6ee4547e114ff8f608824914d
mridges,10,500000.0,491,mw,fresh_v1_2026-09-25,experiments\out\runs\mridges_mw_d10_B5e5_seed491\result.h5,9c1469258307f11df59d9f07be42c885777059d014faf697a2f677a0b8c9a796,BAT PriorToGaussian (PriorSubstitution); theta_j = 2 L Phi(z_j) - L,5a4dbf3a4c1efa6353e63b2591e8144d123fa9443fd08bb8b5d48e019f2769ed,202613353491,424651,75349.0,500000.0,4.577000141143799,full_remaining_budget,ok,8,vale24,1.11.6,2026-09-25T19:09:23,254e9852dede4aa6ee4547e114ff8f608824914d,254e9852dede4aa6ee4547e114ff8f608824914d
mridges,10,500000.0,541,mw,fresh_v1_2026-09-25,experiments\out\runs\mridges_mw_d10_B5e5_seed541\result.h5,eca87b67068009adef3bfe42f55988335a445b873c5e817f41e9ada58204a592,BAT PriorToGaussian (PriorSubstitution); theta_j = 2 L Phi(z_j) - L,089bfee5c21c6cd83bec3278abd9a7939e872df8e1ae3ef00b48e3f98076ae19,202613353541,424741,75259.0,500000.0,5.9649999141693115,full_remaining_budget,ok,8,vale24,1.11.6,2026-09-25T19:09:29,254e9852dede4aa6ee4547e114ff8f608824914d,254e9852dede4aa6ee4547e114ff8f608824914d
mridges,10,500000.0,587,mw,fresh_v1_2026-09-25,experiments\out\runs\mridges_mw_d10_B5e5_seed587\result.h5,ac6549ee5da34e508a9e8a235f4a56428e8e38c7a1a2a6079fe4d6c78a387b81,BAT PriorToGaussian (PriorSubstitution); theta_j = 2 L Phi(z_j) - L,92a10528549c0690f7ee1ffa1813fb3ab87ba9343924d4b48638403325b48c78,202613353587,424717,75283.0,500000.0,5.538000106811523,full_remaining_budget,ok,8,vale24,1.11.6,2026-09-25T19:09:36,254e9852dede4aa6ee4547e114ff8f608824914d,254e9852dede4aa6ee4547e114ff8f608824914d
mridges,10,500000.0,631,mw,fresh_v1_2026-09-25,experiments\out\runs\mridges_mw_d10_B5e5_seed631\result.h5,b24494b655235ea54400c33e2873625e179dd234332cd24ec1e78296b74c041b,BAT PriorToGaussian (PriorSubstitution); theta_j = 2 L Phi(z_j) - L,3ec926d15706d0d0bf3b5545bd259ca5ce78b931bfd9f1c2aaf0bdf93a90e95c,202613353631,424725,75275.0,500000.0,5.430000066757202,full_remaining_budget,ok,8,vale24,1.11.6,2026-09-25T19:09:43,254e9852dede4aa6ee4547e114ff8f608824914d,254e9852dede4aa6ee4547e114ff8f608824914d
mridges,10,500000.0,677,mw,fresh_v1_2026-09-25,experiments\out\runs\mridges_mw_d10_B5e5_seed677\result.h5,fc8c4c1f54331032d98cddb2deed9c566115e9289cf223eae374aa32879e066f,BAT PriorToGaussian (PriorSubstitution); theta_j = 2 L Phi(z_j) - L,d7f289ef85bf045acf707570e5f9a469cbccbd3f7306c91b3ff3d85aee73003b,202613353677,424656,75344.0,500000.0,5.335999965667725,full_remaining_budget,ok,8,vale24,1.11.6,2026-09-25T19:09:49,254e9852dede4aa6ee4547e114ff8f608824914d,254e9852dede4aa6ee4547e114ff8f608824914d
mridges_spiky,5,5000.0,11,mw,fresh_v1_2026-09-25,experiments\out\runs\mridges_spiky_mw_d5_B5e3_seed11\result.h5,00a0d9d6f847799720a538754fdd4dfc8b0eba28689b9ef6d56daf5ba233a809,BAT PriorToGaussian (PriorSubstitution); theta_j = 2 L Phi(z_j) - L,d3954ff5959476c17c36e20e57b0b411bb6d11f11f3fbd069f27120f4428f7aa,202615301011,0,5611.0,5611.0,,exceeds_strict_budget,,8,vale24,1.11.6,2026-09-25T19:14:47,254e9852dede4aa6ee4547e114ff8f608824914d,254e9852dede4aa6ee4547e114ff8f608824914d
mridges_spiky,5,5000.0,23,mw,fresh_v1_2026-09-25,experiments\out\runs\mridges_spiky_mw_d5_B5e3_seed23\result.h5,b7541b0103d5879c3d075518f054c56cef62b96055b4768d2a0a77a17d565731,BAT PriorToGaussian (PriorSubstitution); theta_j = 2 L Phi(z_j) - L,b354ddfdd201f89934e491c30be46f5f33ae5d042a60cb514c5966c4159b2f35,202615301023,0,5556.0,5556.0,,exceeds_strict_budget,,8,vale24,1.11.6,2026-09-25T19:14:47,254e9852dede4aa6ee4547e114ff8f608824914d,254e9852dede4aa6ee4547e114ff8f608824914d
mridges_spiky,5,5000.0,41,mw,fresh_v1_2026-09-25,experiments\out\runs\mridges_spiky_mw_d5_B5e3_seed41\result.h5,8c69c5854ce5d941cd833c12736ac5a1743b5a1437dc42357c44a255e938bbe9,BAT PriorToGaussian (PriorSubstitution); theta_j = 2 L Phi(z_j) - L,efc9cdcbb223c5f8b17f885f21ad011aed0a719e06663d81aa386dfc581cb3c6,202615301041,0,5691.0,5691.0,,exceeds_strict_budget,,8,vale24,1.11.6,2026-09-25T19:14:47,254e9852dede4aa6ee4547e114ff8f608824914d,254e9852dede4aa6ee4547e114ff8f608824914d
mridges_spiky,5,5000.0,67,mw,fresh_v1_2026-09-25,experiments\out\runs\mridges_spiky_mw_d5_B5e3_seed67\result.h5,0af1e922aab373fba36dd2f70998bc07fafb5db781a7dae4be3a7bb0aca24d0b,BAT PriorToGaussian (PriorSubstitution); theta_j = 2 L Phi(z_j) - L,7b8d57a7450e98f29c0616d24b0edad4a6e2d3ad39d9c083e7d5b288062f45e2,202615301067,0,5028.0,5028.0,,exceeds_strict_budget,,8,vale24,1.11.6,2026-09-25T19:14:47,254e9852dede4aa6ee4547e114ff8f608824914d,254e9852dede4aa6ee4547e114ff8f608824914d
mridges_spiky,5,5000.0,97,mw,fresh_v1_2026-09-25,experiments\out\runs\mridges_spiky_mw_d5_B5e3_seed97\result.h5,8a7b8c5122e2174d71914de7f0dda417e3c6845f5b8709deb161bacb0d46e23d,BAT PriorToGaussian (PriorSubstitution); theta_j = 2 L Phi(z_j) - L,1153383b05b04ebc8e078f3c75f731b1fbd51bbd9309ae123556831894d65620,202615301097,0,5423.0,5423.0,,exceeds_strict_budget,,8,vale24,1.11.6,2026-09-25T19:14:47,254e9852dede4aa6ee4547e114ff8f608824914d,254e9852dede4aa6ee4547e114ff8f608824914d
mridges_spiky,5,5000.0,113,mw,fresh_v1_2026-09-25,experiments\out\runs\mridges_spiky_mw_d5_B5e3_seed113\result.h5,138105bad973d2420cbe48587e4c5f5db976844dc8d70ad48ae6ba8d1d398cd4,BAT PriorToGaussian (PriorSubstitution); theta_j = 2 L Phi(z_j) - L,51044431e85245a976c16bbe60b15f3c13bb90dcaca6af3517bd0626cc575aad,202615301113,0,5593.0,5593.0,,exceeds_strict_budget,,8,vale24,1.11.6,2026-09-25T19:14:47,254e9852dede4aa6ee4547e114ff8f608824914d,254e9852dede4aa6ee4547e114ff8f608824914d
mridges_spiky,5,5000.0,137,mw,fresh_v1_2026-09-25,experiments\out\runs\mridges_spiky_mw_d5_B5e3_seed137\result.h5,65276c14bc96cfd3a645cae01c725e36b9963da2fe354777f4d919f2e272ca20,BAT PriorToGaussian (PriorSubstitution); theta_j = 2 L Phi(z_j) - L,19b88e6b92680dbdf12a93707cd20237d68a352df8078bff320d47eb0a6c5a27,202615301137,0,5400.0,5400.0,,exceeds_strict_budget,,8,vale24,1.11.6,2026-09-25T19:14:47,254e9852dede4aa6ee4547e114ff8f608824914d,254e9852dede4aa6ee4547e114ff8f608824914d
mridges_spiky,5,5000.0,173,mw,fresh_v1_2026-09-25,experiments\out\runs\mridges_spiky_mw_d5_B5e3_seed173\result.h5,5b1414ae234999b92a8aeea21916f66a1d841a093c642d06a92662187b8db07a,BAT PriorToGaussian (PriorSubstitution); theta_j = 2 L Phi(z_j) - L,4c5f0fcf7644459c39447f3c8ee8e7cf0fc35766e0bd92bf0a887d76363dbc92,202615301173,0,5075.0,5075.0,,exceeds_strict_budget,,8,vale24,1.11.6,2026-09-25T19:14:47,254e9852dede4aa6ee4547e114ff8f608824914d,254e9852dede4aa6ee4547e114ff8f608824914d
mridges_spiky,5,5000.0,211,mw,fresh_v1_2026-09-25,experiments\out\runs\mridges_spiky_mw_d5_B5e3_seed211\result.h5,4370e7db2246e54d8bfb20d0cbad43e08c73b1834b9cf1b8c3ec6972abadcd99,BAT PriorToGaussian (PriorSubstitution); theta_j = 2 L Phi(z_j) - L,92d35ba396211ca9540ca862de1f7763d117261fa9f2c26da11349095c8b4de8,202615301211,0,5614.0,5614.0,,exceeds_strict_budget,,8,vale24,1.11.6,2026-09-25T19:14:47,254e9852dede4aa6ee4547e114ff8f608824914d,254e9852dede4aa6ee4547e114ff8f608824914d
mridges_spiky,5,5000.0,239,mw,fresh_v1_2026-09-25,experiments\out\runs\mridges_spiky_mw_d5_B5e3_seed239\result.h5,d8ecee3c16499630978f9a1a8504e03905794c1cfafaee26b8988161377703a1,BAT PriorToGaussian (PriorSubstitution); theta_j = 2 L Phi(z_j) - L,a01bcf7a2377fc7c0fe4872bcbed3e7ff8eed4157c60baed965ba6f8145c99c7,202615301239,0,5171.0,5171.0,,exceeds_strict_budget,,8,vale24,1.11.6,2026-09-25T19:14:47,254e9852dede4aa6ee4547e114ff8f608824914d,254e9852dede4aa6ee4547e114ff8f608824914d
mridges_spiky,5,50000.0,11,mw,fresh_v1_2026-09-25,experiments\out\runs\mridges_spiky_mw_d5_B5e4_seed11\result.h5,0d2999b024b4e3139892fc6a1950e5794e166b6962fdf759c8873756db442655,BAT PriorToGaussian (PriorSubstitution); theta_j = 2 L Phi(z_j) - L,1f8df643f429f1db8ca9032f5a46e0aed49efa5cfbfe429cc02de3218412fcc6,202615302011,36052,13948.0,50000.0,0.9550001621246338,full_remaining_budget,ok,8,vale24,1.11.6,2026-09-25T19:13:28,254e9852dede4aa6ee4547e114ff8f608824914d,254e9852dede4aa6ee4547e114ff8f608824914d
mridges_spiky,5,50000.0,23,mw,fresh_v1_2026-09-25,experiments\out\runs\mridges_spiky_mw_d5_B5e4_seed23\result.h5,0bfefd34fc12b696372cec0208707890d95888c58eb4a5843696d59df12239f6,BAT PriorToGaussian (PriorSubstitution); theta_j = 2 L Phi(z_j) - L,2acc72a0a61845120076b7274f29493e6eeaff087615c5f141281369c4fd61a8,202615302023,36249,13751.0,50000.0,0.14100003242492676,full_remaining_budget,ok,8,vale24,1.11.6,2026-09-25T19:13:30,254e9852dede4aa6ee4547e114ff8f608824914d,254e9852dede4aa6ee4547e114ff8f608824914d
mridges_spiky,5,50000.0,41,mw,fresh_v1_2026-09-25,experiments\out\runs\mridges_spiky_mw_d5_B5e4_seed41\result.h5,4e3b7a65188b2fe30e7f3736f18fb7fc7a80e72d2608f744bfb748552e635c83,BAT PriorToGaussian (PriorSubstitution); theta_j = 2 L Phi(z_j) - L,fa50be9c14f9aa85a22ef8b27e0a766a6018655d8c83abf653a4b39f4702ec4e,202615302041,36077,13923.0,50000.0,0.15900015830993652,full_remaining_budget,ok,8,vale24,1.11.6,2026-09-25T19:13:31,254e9852dede4aa6ee4547e114ff8f608824914d,254e9852dede4aa6ee4547e114ff8f608824914d
mridges_spiky,5,50000.0,67,mw,fresh_v1_2026-09-25,experiments\out\runs\mridges_spiky_mw_d5_B5e4_seed67\result.h5,930f8ecacd47561918c9d20bae65fad9c468ab8d3dceda7b2dd72407905655bc,BAT PriorToGaussian (PriorSubstitution); theta_j = 2 L Phi(z_j) - L,bc56352c2f022ca31431e592f7ea9848611bbcc47e1e84010a3fa429aed656d8,202615302067,35860,14140.0,50000.0,0.12599992752075195,full_remaining_budget,ok,8,vale24,1.11.6,2026-09-25T19:13:31,254e9852dede4aa6ee4547e114ff8f608824914d,254e9852dede4aa6ee4547e114ff8f608824914d
mridges_spiky,5,50000.0,97,mw,fresh_v1_2026-09-25,experiments\out\runs\mridges_spiky_mw_d5_B5e4_seed97\result.h5,077f5c582623fdb901b3932cf433e6843444872a428ce1dcb5b3bbc3c22f1933,BAT PriorToGaussian (PriorSubstitution); theta_j = 2 L Phi(z_j) - L,782de0918748eaa28aa1fd5e121e21e2e4755c2c9035efd0e67ba260fe38dfde,202615302097,36554,13446.0,50000.0,0.14100003242492676,full_remaining_budget,ok,8,vale24,1.11.6,2026-09-25T19:13:32,254e9852dede4aa6ee4547e114ff8f608824914d,254e9852dede4aa6ee4547e114ff8f608824914d
mridges_spiky,5,50000.0,113,mw,fresh_v1_2026-09-25,experiments\out\runs\mridges_spiky_mw_d5_B5e4_seed113\result.h5,3dd29642dd67f48bdab7be94052e72a44ecc43b8ec01250f6dd649104aad76b4,BAT PriorToGaussian (PriorSubstitution); theta_j = 2 L Phi(z_j) - L,539a51248ae17a109ad831e33c55c5cb427b9614cf2f05f2916583e293f0b55d,202615302113,36005,13995.0,50000.0,0.13099980354309082,full_remaining_budget,ok,8,vale24,1.11.6,2026-09-25T19:13:32,254e9852dede4aa6ee4547e114ff8f608824914d,254e9852dede4aa6ee4547e114ff8f608824914d
mridges_spiky,5,50000.0,137,mw,fresh_v1_2026-09-25,experiments\out\runs\mridges_spiky_mw_d5_B5e4_seed137\result.h5,bc1ec6782e43b5dd3adcf0d3d661ab76204726cd9b7f29c75f0b95ce2301f978,BAT PriorToGaussian (PriorSubstitution); theta_j = 2 L Phi(z_j) - L,f050f3a733b12560ed9f57edf51a3b9d3678e2c855bb806b0afd635dde255a6f,202615302137,36076,13924.0,50000.0,0.12600016593933105,full_remaining_budget,ok,8,vale24,1.11.6,2026-09-25T19:13:33,254e9852dede4aa6ee4547e114ff8f608824914d,254e9852dede4aa6ee4547e114ff8f608824914d
mridges_spiky,5,50000.0,173,mw,fresh_v1_2026-09-25,experiments\out\runs\mridges_spiky_mw_d5_B5e4_seed173\result.h5,0c980adc59f5f4c9def241f460d647ed8b760c271edcd1befbc5cb0b10fd825a,BAT PriorToGaussian (PriorSubstitution); theta_j = 2 L Phi(z_j) - L,4989f22c8b11fd110a8bf332989fc50b500875071c75fd6df75789ee6089c8a6,202615302173,35759,14241.0,50000.0,0.11599993705749512,full_remaining_budget,ok,8,vale24,1.11.6,2026-09-25T19:13:34,254e9852dede4aa6ee4547e114ff8f608824914d,254e9852dede4aa6ee4547e114ff8f608824914d
mridges_spiky,5,50000.0,211,mw,fresh_v1_2026-09-25,experiments\out\runs\mridges_spiky_mw_d5_B5e4_seed211\result.h5,aba19b72a963b6fae92afb64786632e804423bfd5560e46077613f88c4bc6523,BAT PriorToGaussian (PriorSubstitution); theta_j = 2 L Phi(z_j) - L,04d2d126457b5cff37dfbb14eb4808aaa1e3cb5ba8944c5ad843922965fa8cc0,202615302211,35811,14189.0,50000.0,0.12999987602233887,full_remaining_budget,ok,8,vale24,1.11.6,2026-09-25T19:13:34,254e9852dede4aa6ee4547e114ff8f608824914d,254e9852dede4aa6ee4547e114ff8f608824914d
mridges_spiky,5,50000.0,239,mw,fresh_v1_2026-09-25,experiments\out\runs\mridges_spiky_mw_d5_B5e4_seed239\result.h5,664d05949b08c9b024b1a818b854921bed2e2aa358a3bc29f86c4414bf7ba662,BAT PriorToGaussian (PriorSubstitution); theta_j = 2 L Phi(z_j) - L,31aca28f61bdd43a09ad1f964b6463ab56ff6048d6b843dc485ae7ff2f16064f,202615302239,36050,13950.0,50000.0,0.24000000953674316,full_remaining_budget,ok,8,vale24,1.11.6,2026-09-25T19:13:35,254e9852dede4aa6ee4547e114ff8f608824914d,254e9852dede4aa6ee4547e114ff8f608824914d
mridges_spiky,5,500000.0,11,mw,fresh_v1_2026-09-25,experiments\out\runs\mridges_spiky_mw_d5_B5e5_seed11\result.h5,2d5026758c8728c639b5b0a854589e73c5e0b4707aab7dfe2c996186e640d5b2,BAT PriorToGaussian (PriorSubstitution); theta_j = 2 L Phi(z_j) - L,ba928b78bd6fce18d970e25990cf45c48455c1d3dde0674ce9c43a57335dcae3,202615303011,473347,26653.0,500000.0,4.365000009536743,full_remaining_budget,ok,8,vale24,1.11.6,2026-09-25T18:56:45,254e9852dede4aa6ee4547e114ff8f608824914d,254e9852dede4aa6ee4547e114ff8f608824914d
mridges_spiky,5,500000.0,23,mw,fresh_v1_2026-09-25,experiments\out\runs\mridges_spiky_mw_d5_B5e5_seed23\result.h5,925a714e5af856e9f235fce393a3e529ae345baad5e32a26844afd3082955c25,BAT PriorToGaussian (PriorSubstitution); theta_j = 2 L Phi(z_j) - L,1a51ae0060d5c671ff7ec38f7bf4665aafba29554c8a213047c36db8bca59c22,202615303023,474373,25627.0,500000.0,2.6410000324249268,full_remaining_budget,ok,8,vale24,1.11.6,2026-09-25T18:56:51,254e9852dede4aa6ee4547e114ff8f608824914d,254e9852dede4aa6ee4547e114ff8f608824914d
mridges_spiky,5,500000.0,41,mw,fresh_v1_2026-09-25,experiments\out\runs\mridges_spiky_mw_d5_B5e5_seed41\result.h5,76c1a1f14d41849136bb544dba5b0f86f9c9a344216d7288c1b2bf019dabc657,BAT PriorToGaussian (PriorSubstitution); theta_j = 2 L Phi(z_j) - L,6ea219a751665982c879425f793b5ebe5b3af62df3340698cc0b36c493c2736c,202615303041,473373,26627.0,500000.0,2.694000005722046,full_remaining_budget,ok,8,vale24,1.11.6,2026-09-25T18:56:54,254e9852dede4aa6ee4547e114ff8f608824914d,254e9852dede4aa6ee4547e114ff8f608824914d
mridges_spiky,5,500000.0,67,mw,fresh_v1_2026-09-25,experiments\out\runs\mridges_spiky_mw_d5_B5e5_seed67\result.h5,132a40a34b75c72788248afc721006ce27d8b9e3cc48f8bb8d77bf2d0eac56e3,BAT PriorToGaussian (PriorSubstitution); theta_j = 2 L Phi(z_j) - L,c9f2d5a0da10721f664425b75e5e8cabcf16b4f013add1cbae4a8f53362a5f40,202615303067,473873,26127.0,500000.0,4.811000108718872,full_remaining_budget,ok,8,vale24,1.11.6,2026-09-25T18:56:58,254e9852dede4aa6ee4547e114ff8f608824914d,254e9852dede4aa6ee4547e114ff8f608824914d
mridges_spiky,5,500000.0,97,mw,fresh_v1_2026-09-25,experiments\out\runs\mridges_spiky_mw_d5_B5e5_seed97\result.h5,58e1bbb31479d4f4f7fa1ebf74666fc2f533fb7c4be1a5d3b233f509f992cbed,BAT PriorToGaussian (PriorSubstitution); theta_j = 2 L Phi(z_j) - L,a7abde4bddf202eb4605247773f95e2eecee81bf47ffc81fc85d6401fc0d460b,202615303097,474302,25698.0,500000.0,3.191999912261963,full_remaining_budget,ok,8,vale24,1.11.6,2026-09-25T18:57:05,254e9852dede4aa6ee4547e114ff8f608824914d,254e9852dede4aa6ee4547e114ff8f608824914d
mridges_spiky,5,500000.0,113,mw,fresh_v1_2026-09-25,experiments\out\runs\mridges_spiky_mw_d5_B5e5_seed113\result.h5,76503f87678b921dc89900dfb36d00c45434f934a4873b10e06d368d05b312c8,BAT PriorToGaussian (PriorSubstitution); theta_j = 2 L Phi(z_j) - L,c2f9ffb6a1cc2ed500f84b857840229699ea505cbc3624e69554b47f0a7140b0,202615303113,474026,25974.0,500000.0,2.555999994277954,full_remaining_budget,ok,8,vale24,1.11.6,2026-09-25T18:57:09,254e9852dede4aa6ee4547e114ff8f608824914d,254e9852dede4aa6ee4547e114ff8f608824914d
mridges_spiky,5,500000.0,137,mw,fresh_v1_2026-09-25,experiments\out\runs\mridges_spiky_mw_d5_B5e5_seed137\result.h5,e000bf918103ef9955759e4bceddce6370a158ee0f7fc92f3c7c14f9636f4c78,BAT PriorToGaussian (PriorSubstitution); theta_j = 2 L Phi(z_j) - L,abdce9df9d3bbc986dc0880c2a28bb8e8580c6ef1d313988f5450d4460a711e3,202615303137,473712,26288.0,500000.0,2.3919999599456787,full_remaining_budget,ok,8,vale24,1.11.6,2026-09-25T18:57:13,254e9852dede4aa6ee4547e114ff8f608824914d,254e9852dede4aa6ee4547e114ff8f608824914d
mridges_spiky,5,500000.0,173,mw,fresh_v1_2026-09-25,experiments\out\runs\mridges_spiky_mw_d5_B5e5_seed173\result.h5,7dfc23606903563ff40eefef334f84e6f64d7edfd0969778e98a0889e9e21f8e,BAT PriorToGaussian (PriorSubstitution); theta_j = 2 L Phi(z_j) - L,109a2c99951312e0c49b5f2360db444ca20baaf11e66a4cd8bccd4af217817ea,202615303173,474670,25330.0,500000.0,2.0829999446868896,full_remaining_budget,ok,8,vale24,1.11.6,2026-09-25T18:57:16,254e9852dede4aa6ee4547e114ff8f608824914d,254e9852dede4aa6ee4547e114ff8f608824914d
mridges_spiky,5,500000.0,211,mw,fresh_v1_2026-09-25,experiments\out\runs\mridges_spiky_mw_d5_B5e5_seed211\result.h5,11731ac864a188890806db8b6d79bf963bf4de7c3026ae297ddd7f713eeccf1c,BAT PriorToGaussian (PriorSubstitution); theta_j = 2 L Phi(z_j) - L,95c81afa805c53c3fdf228f16c5c8c3ec55a91fad0528903f90627bbb8598ac2,202615303211,473753,26247.0,500000.0,2.1439998149871826,full_remaining_budget,ok,8,vale24,1.11.6,2026-09-25T18:57:19,254e9852dede4aa6ee4547e114ff8f608824914d,254e9852dede4aa6ee4547e114ff8f608824914d
mridges_spiky,5,500000.0,239,mw,fresh_v1_2026-09-25,experiments\out\runs\mridges_spiky_mw_d5_B5e5_seed239\result.h5,0fe5bd509eadeb63fd5465f2ec661572fdd0d76cd0b16d52de7e21eae69f8e73,BAT PriorToGaussian (PriorSubstitution); theta_j = 2 L Phi(z_j) - L,1b65db8b4a0b95878d2cf9c4879c3cf5a54b6cc9195aeccd3a244205734e4c91,202615303239,474287,25713.0,500000.0,2.134999990463257,full_remaining_budget,ok,8,vale24,1.11.6,2026-09-25T18:57:22,254e9852dede4aa6ee4547e114ff8f608824914d,254e9852dede4aa6ee4547e114ff8f608824914d
mvn,2,5000.0,11,mw,fresh_v1_2026-09-25,experiments\out\runs\mvn_mw_d2_B5e3_seed11\result.h5,d55547b1f8123da76ee3fe4325b4b0385bac82f3cb06a7a8a8d71cc2ec99530c,BAT PriorToGaussian (PriorSubstitution); theta_j = 2 L Phi(z_j) - L,e525b91b8517de568bea8c1a761b976af2101a6eecdf61d5e56e6777016e7e44,202610271011,0,5356.0,5356.0,,exceeds_strict_budget,,8,vale24,1.11.6,2026-09-25T19:14:35,254e9852dede4aa6ee4547e114ff8f608824914d,254e9852dede4aa6ee4547e114ff8f608824914d
mvn,2,5000.0,23,mw,fresh_v1_2026-09-25,experiments\out\runs\mvn_mw_d2_B5e3_seed23\result.h5,90fefea5215f15fe67a9fe6b8fb9684366763fc5bf633af725cecdd245590cd0,BAT PriorToGaussian (PriorSubstitution); theta_j = 2 L Phi(z_j) - L,9e36a3d88ef1ce5793485846c788b89dafdc9656700dd8d760ccc3910d814227,202610271023,0,6548.0,6548.0,,exceeds_strict_budget,,8,vale24,1.11.6,2026-09-25T19:14:39,254e9852dede4aa6ee4547e114ff8f608824914d,254e9852dede4aa6ee4547e114ff8f608824914d
mvn,2,5000.0,41,mw,fresh_v1_2026-09-25,experiments\out\runs\mvn_mw_d2_B5e3_seed41\result.h5,8c67a975998d9132b2d645eda5607fbfc14d53221d634d78f96e2cfcf0010eaf,BAT PriorToGaussian (PriorSubstitution); theta_j = 2 L Phi(z_j) - L,2c5e4a741d8e0aeac59a2e5bda1ff33ba85f21497dd94560857aab78b5f605bb,202610271041,0,5788.0,5788.0,,exceeds_strict_budget,,8,vale24,1.11.6,2026-09-25T19:14:39,254e9852dede4aa6ee4547e114ff8f608824914d,254e9852dede4aa6ee4547e114ff8f608824914d
mvn,2,5000.0,67,mw,fresh_v1_2026-09-25,experiments\out\runs\mvn_mw_d2_B5e3_seed67\result.h5,3f5acea6a063de3239d2f330e974ecd15998ee7ea663b2859c06fffdc9b2f7b3,BAT PriorToGaussian (PriorSubstitution); theta_j = 2 L Phi(z_j) - L,279c727c5414645333ae2bc81b498beaed0c983f36d7d243f5cbeab9735ecaee,202610271067,0,6115.0,6115.0,,exceeds_strict_budget,,8,vale24,1.11.6,2026-09-25T19:14:39,254e9852dede4aa6ee4547e114ff8f608824914d,254e9852dede4aa6ee4547e114ff8f608824914d
mvn,2,5000.0,97,mw,fresh_v1_2026-09-25,experiments\out\runs\mvn_mw_d2_B5e3_seed97\result.h5,1f8702e03ce8cdcc7a0140305397200725c4682e4b92822d216d212feca167cb,BAT PriorToGaussian (PriorSubstitution); theta_j = 2 L Phi(z_j) - L,4553b2c8da9bbad80e7a01071d6adbaeb92451bc84b66c36dd727608aa431a87,202610271097,0,5148.0,5148.0,,exceeds_strict_budget,,8,vale24,1.11.6,2026-09-25T19:14:39,254e9852dede4aa6ee4547e114ff8f608824914d,254e9852dede4aa6ee4547e114ff8f608824914d
mvn,2,5000.0,113,mw,fresh_v1_2026-09-25,experiments\out\runs\mvn_mw_d2_B5e3_seed113\result.h5,23e62819062653cccb4c901a06f784c2af2e80c180a7f1392bc73c6958554f12,BAT PriorToGaussian (PriorSubstitution); theta_j = 2 L Phi(z_j) - L,81b84323d02e6918883e812cc66845ce3e24e20e0f8a044b59d3a8c182607b8b,202610271113,0,5138.0,5138.0,,exceeds_strict_budget,,8,vale24,1.11.6,2026-09-25T19:14:39,254e9852dede4aa6ee4547e114ff8f608824914d,254e9852dede4aa6ee4547e114ff8f608824914d
mvn,2,5000.0,137,mw,fresh_v1_2026-09-25,experiments\out\runs\mvn_mw_d2_B5e3_seed137\result.h5,43910537f0166a4a8fbe23ce03c04e1c21219c31d427fb30a54729595b14903b,BAT PriorToGaussian (PriorSubstitution); theta_j = 2 L Phi(z_j) - L,b4b07066d5c577efa1988d92b8a0479a3e37b2a9f112323a11456aa6ee8636bb,202610271137,0,6390.0,6390.0,,exceeds_strict_budget,,8,vale24,1.11.6,2026-09-25T19:14:39,254e9852dede4aa6ee4547e114ff8f608824914d,254e9852dede4aa6ee4547e114ff8f608824914d
mvn,2,5000.0,173,mw,fresh_v1_2026-09-25,experiments\out\runs\mvn_mw_d2_B5e3_seed173\result.h5,bc94abf419786795bd7446eac9aee4ee1f6fcf731536fca70e7c2fe6a96b1d7b,BAT PriorToGaussian (PriorSubstitution); theta_j = 2 L Phi(z_j) - L,c775a4e78fd4580d601ae17818d8282d69178f01205cb094fc9e85ae37ccdc53,202610271173,0,6148.0,6148.0,,exceeds_strict_budget,,8,vale24,1.11.6,2026-09-25T19:14:39,254e9852dede4aa6ee4547e114ff8f608824914d,254e9852dede4aa6ee4547e114ff8f608824914d
mvn,2,5000.0,211,mw,fresh_v1_2026-09-25,experiments\out\runs\mvn_mw_d2_B5e3_seed211\result.h5,e3e0b3a566cd916372055103cc17cb993a6489869742ce26ccbaa30916f29060,BAT PriorToGaussian (PriorSubstitution); theta_j = 2 L Phi(z_j) - L,eb3d656e68b43ab06cf6636d8995fa3f24c20840cde681191effb8ff73f2f5bb,202610271211,0,5440.0,5440.0,,exceeds_strict_budget,,8,vale24,1.11.6,2026-09-25T19:14:39,254e9852dede4aa6ee4547e114ff8f608824914d,254e9852dede4aa6ee4547e114ff8f608824914d
mvn,2,5000.0,239,mw,fresh_v1_2026-09-25,experiments\out\runs\mvn_mw_d2_B5e3_seed239\result.h5,214357f577036d1952010e1265021d42218fcc4224387122cb8d885f801bf33a,BAT PriorToGaussian (PriorSubstitution); theta_j = 2 L Phi(z_j) - L,c01143f9afa2c7f4bbdcabc04f4487de68f7bc2d8547ae86e3abed4a4b2ad461,202610271239,0,6305.0,6305.0,,exceeds_strict_budget,,8,vale24,1.11.6,2026-09-25T19:14:39,254e9852dede4aa6ee4547e114ff8f608824914d,254e9852dede4aa6ee4547e114ff8f608824914d
mvn,2,5000.0,277,mw,fresh_v1_2026-09-25,experiments\out\runs\mvn_mw_d2_B5e3_seed277\result.h5,fb24305ab04012aa0f37e481e6df0994e5b18a438a4f9e19802c86350ad80459,BAT PriorToGaussian (PriorSubstitution); theta_j = 2 L Phi(z_j) - L,4155037ca55e0d1d8ad44aaf5e7a63b42a5c0bcc41becd5241d93c7612042337,202610271277,0,5236.0,5236.0,,exceeds_strict_budget,,8,vale24,1.11.6,2026-09-25T19:14:39,254e9852dede4aa6ee4547e114ff8f608824914d,254e9852dede4aa6ee4547e114ff8f608824914d
mvn,2,5000.0,313,mw,fresh_v1_2026-09-25,experiments\out\runs\mvn_mw_d2_B5e3_seed313\result.h5,e0b5732d261abfacea692ec719cf5778b4d1c93fa0ef10cfb085d7cfe7460447,BAT PriorToGaussian (PriorSubstitution); theta_j = 2 L Phi(z_j) - L,29efe2d1e21a7c75b9235cb023fe2b0e751f8aa6c17bd9eddf3ac6f43f6e5f0e,202610271313,0,5497.0,5497.0,,exceeds_strict_budget,,8,vale24,1.11.6,2026-09-25T19:14:39,254e9852dede4aa6ee4547e114ff8f608824914d,254e9852dede4aa6ee4547e114ff8f608824914d
mvn,2,5000.0,359,mw,fresh_v1_2026-09-25,experiments\out\runs\mvn_mw_d2_B5e3_seed359\result.h5,af9ca0327c2c6b57bffe80ad21b0b66f0e638ba463f36da507b7357671ba8fc3,BAT PriorToGaussian (PriorSubstitution); theta_j = 2 L Phi(z_j) - L,0bed0a1e2267ee192d60ef5b4bfb1624a530c479d1fa657ec7a744b8e2bc1026,202610271359,0,5103.0,5103.0,,exceeds_strict_budget,,8,vale24,1.11.6,2026-09-25T19:14:39,254e9852dede4aa6ee4547e114ff8f608824914d,254e9852dede4aa6ee4547e114ff8f608824914d
mvn,2,5000.0,401,mw,fresh_v1_2026-09-25,experiments\out\runs\mvn_mw_d2_B5e3_seed401\result.h5,93ff7c7e7021140edf614b156c2b55176c1a12b0c348c985f2bbd4a93d3d0f88,BAT PriorToGaussian (PriorSubstitution); theta_j = 2 L Phi(z_j) - L,0961e37a996895e53cf5181e9df90b8dd7832b3cbcbefbe1dc064c97d178b3c9,202610271401,0,5350.0,5350.0,,exceeds_strict_budget,,8,vale24,1.11.6,2026-09-25T19:14:39,254e9852dede4aa6ee4547e114ff8f608824914d,254e9852dede4aa6ee4547e114ff8f608824914d
mvn,2,5000.0,449,mw,fresh_v1_2026-09-25,experiments\out\runs\mvn_mw_d2_B5e3_seed449\result.h5,e46be60a0f68589a0824c62f91d637248477b72e4d82456f938aba1ec85199ce,BAT PriorToGaussian (PriorSubstitution); theta_j = 2 L Phi(z_j) - L,00da65c3e31a828b22e9ee95cfa9e3c1c7f006cccdd15030e585835ef828253b,202610271449,0,5578.0,5578.0,,exceeds_strict_budget,,8,vale24,1.11.6,2026-09-25T19:14:39,254e9852dede4aa6ee4547e114ff8f608824914d,254e9852dede4aa6ee4547e114ff8f608824914d
mvn,2,5000.0,491,mw,fresh_v1_2026-09-25,experiments\out\runs\mvn_mw_d2_B5e3_seed491\result.h5,e7e0e0185008afd9c011d24ce7696c47382d3193588efd3162df5be1181b3026,BAT PriorToGaussian (PriorSubstitution); theta_j = 2 L Phi(z_j) - L,9107ccdd4be5a8afe445f1bac3c3a2dee1aeed4c1c93242cac1475250b451511,202610271491,0,6524.0,6524.0,,exceeds_strict_budget,,8,vale24,1.11.6,2026-09-25T19:14:39,254e9852dede4aa6ee4547e114ff8f608824914d,254e9852dede4aa6ee4547e114ff8f608824914d
mvn,2,5000.0,541,mw,fresh_v1_2026-09-25,experiments\out\runs\mvn_mw_d2_B5e3_seed541\result.h5,7673671983a486624af51cfeef4d3ab7691cf6eacfcf179f62d0220b4425c943,BAT PriorToGaussian (PriorSubstitution); theta_j = 2 L Phi(z_j) - L,3c18d3dd8193b385a9ba11cbed96085f11108a0938012b85020602947bf84132,202610271541,0,5252.0,5252.0,,exceeds_strict_budget,,8,vale24,1.11.6,2026-09-25T19:14:39,254e9852dede4aa6ee4547e114ff8f608824914d,254e9852dede4aa6ee4547e114ff8f608824914d
mvn,2,5000.0,587,mw,fresh_v1_2026-09-25,experiments\out\runs\mvn_mw_d2_B5e3_seed587\result.h5,088682e3c4c2ffa7c1e371459d4c26495c70309982672873e3889ce3603a81f7,BAT PriorToGaussian (PriorSubstitution); theta_j = 2 L Phi(z_j) - L,507020b5c9325ececcd0b9d13005191feecd6cd4312b8b823370afd1b98cdbe5,202610271587,0,5164.0,5164.0,,exceeds_strict_budget,,8,vale24,1.11.6,2026-09-25T19:14:39,254e9852dede4aa6ee4547e114ff8f608824914d,254e9852dede4aa6ee4547e114ff8f608824914d
mvn,2,5000.0,631,mw,fresh_v1_2026-09-25,experiments\out\runs\mvn_mw_d2_B5e3_seed631\result.h5,edda2f506f5aba431c7b6236ee93e61278b6153c2d05f2f6ae7141b6f41c6f31,BAT PriorToGaussian (PriorSubstitution); theta_j = 2 L Phi(z_j) - L,f9145b07ff9d5ade6b4e8106f10d9a8c42e24cbb850127c10b0301a2d6dc6f0b,202610271631,0,5277.0,5277.0,,exceeds_strict_budget,,8,vale24,1.11.6,2026-09-25T19:14:39,254e9852dede4aa6ee4547e114ff8f608824914d,254e9852dede4aa6ee4547e114ff8f608824914d
mvn,2,5000.0,677,mw,fresh_v1_2026-09-25,experiments\out\runs\mvn_mw_d2_B5e3_seed677\result.h5,9dc3643a7bed74a7114fea6669e9f32669df3646e1fab8ba2b4c6abba075a841,BAT PriorToGaussian (PriorSubstitution); theta_j = 2 L Phi(z_j) - L,8be55131a7ec1d5b3d0e67c6d1b58178938d3cde78aa4c83a81b6eb856ca675a,202610271677,0,6632.0,6632.0,,exceeds_strict_budget,,8,vale24,1.11.6,2026-09-25T19:14:39,254e9852dede4aa6ee4547e114ff8f608824914d,254e9852dede4aa6ee4547e114ff8f608824914d
mvn,2,50000.0,11,mw,fresh_v1_2026-09-25,experiments\out\runs\mvn_mw_d2_B5e4_seed11\result.h5,09c06972fbdaa7a8ae0d35b7097516f108b83a11998c53a4676b9974c7770a15,BAT PriorToGaussian (PriorSubstitution); theta_j = 2 L Phi(z_j) - L,cadb16bb313a0d2b700ef35e91e2b69e58182efff8563ca1f331ca86f96e7389,202610272011,17087,32913.0,50000.0,2.234999895095825,full_remaining_budget,ok,8,vale24,1.11.6,2026-09-25T19:10:57,254e9852dede4aa6ee4547e114ff8f608824914d,254e9852dede4aa6ee4547e114ff8f608824914d
mvn,2,50000.0,23,mw,fresh_v1_2026-09-25,experiments\out\runs\mvn_mw_d2_B5e4_seed23\result.h5,df9e941e14c606816a9fbe6d9973c32346170414615adb9a3d2dd37f3f513cb5,BAT PriorToGaussian (PriorSubstitution); theta_j = 2 L Phi(z_j) - L,f4c96f1606115e91f236d8a18b739c33cd47821f9ff0941fecc42b1731466213,202610272023,13889,36111.0,50000.0,0.04500007629394531,full_remaining_budget,ok,8,vale24,1.11.6,2026-09-25T19:11:10,254e9852dede4aa6ee4547e114ff8f608824914d,254e9852dede4aa6ee4547e114ff8f608824914d
mvn,2,50000.0,41,mw,fresh_v1_2026-09-25,experiments\out\runs\mvn_mw_d2_B5e4_seed41\result.h5,e7acdbfbee77710f1ee0e1db6d01442674b24ff48e43176f6a5a35789abade85,BAT PriorToGaussian (PriorSubstitution); theta_j = 2 L Phi(z_j) - L,8c682635b59f5198e6fd0127c4fcb13900a8a02dc18f817dfc2bbf7b47e0ccf9,202610272041,14297,35703.0,50000.0,0.04199981689453125,full_remaining_budget,ok,8,vale24,1.11.6,2026-09-25T19:11:11,254e9852dede4aa6ee4547e114ff8f608824914d,254e9852dede4aa6ee4547e114ff8f608824914d
mvn,2,50000.0,67,mw,fresh_v1_2026-09-25,experiments\out\runs\mvn_mw_d2_B5e4_seed67\result.h5,d310256dc6230c29d637d2040bb06b993c2454e6df6f985b559e9316cab6590b,BAT PriorToGaussian (PriorSubstitution); theta_j = 2 L Phi(z_j) - L,54e20cb616f433d6fd569e06042bd11aa394573f507bac64729db734534e1f8c,202610272067,19693,30307.0,50000.0,0.056999921798706055,full_remaining_budget,ok,8,vale24,1.11.6,2026-09-25T19:11:11,254e9852dede4aa6ee4547e114ff8f608824914d,254e9852dede4aa6ee4547e114ff8f608824914d
mvn,2,50000.0,97,mw,fresh_v1_2026-09-25,experiments\out\runs\mvn_mw_d2_B5e4_seed97\result.h5,baf8f53c6156bbff0a4df936a549e3f820bb9d7040f5ef5f5f612bf53fb39f7b,BAT PriorToGaussian (PriorSubstitution); theta_j = 2 L Phi(z_j) - L,6eced920aca98f86240fd10571dcb50a0ff81788bf75d85880d09733c06aa320,202610272097,14244,35756.0,50000.0,0.0559999942779541,full_remaining_budget,ok,8,vale24,1.11.6,2026-09-25T19:11:12,254e9852dede4aa6ee4547e114ff8f608824914d,254e9852dede4aa6ee4547e114ff8f608824914d
mvn,2,50000.0,113,mw,fresh_v1_2026-09-25,experiments\out\runs\mvn_mw_d2_B5e4_seed113\result.h5,28d7da1540200b9a59943dbc4aa9b961d5f91bcd70f1632bdf2f5e5cb0d2e38a,BAT PriorToGaussian (PriorSubstitution); theta_j = 2 L Phi(z_j) - L,f4c2a6a3e230659649c29662d2f6adcf65b2f9783c373ab79ca7ca50fd6e9701,202610272113,18469,31531.0,50000.0,0.0559999942779541,full_remaining_budget,ok,8,vale24,1.11.6,2026-09-25T19:11:13,254e9852dede4aa6ee4547e114ff8f608824914d,254e9852dede4aa6ee4547e114ff8f608824914d
mvn,2,50000.0,137,mw,fresh_v1_2026-09-25,experiments\out\runs\mvn_mw_d2_B5e4_seed137\result.h5,f90675e5fa81106201117ecc81634839155e9a5ecf8fca52dec1840d4aeb9f55,BAT PriorToGaussian (PriorSubstitution); theta_j = 2 L Phi(z_j) - L,0c6178d975afed283d4b3c7dcd2d3a965a9f18022c143d28ea1f2e05255b85e1,202610272137,12284,37716.0,50000.0,0.0280001163482666,full_remaining_budget,ok,8,vale24,1.11.6,2026-09-25T19:11:13,254e9852dede4aa6ee4547e114ff8f608824914d,254e9852dede4aa6ee4547e114ff8f608824914d
mvn,2,50000.0,173,mw,fresh_v1_2026-09-25,experiments\out\runs\mvn_mw_d2_B5e4_seed173\result.h5,138c18e3beb3be3641376ebc1ede0e16427083bff952517a8a9e3db2f6550e1f,BAT PriorToGaussian (PriorSubstitution); theta_j = 2 L Phi(z_j) - L,030d62889a9e73d445cd76a1461ed53d85abe8173885901c82a9e9984556d6c3,202610272173,14645,35355.0,50000.0,0.026000022888183594,full_remaining_budget,ok,8,vale24,1.11.6,2026-09-25T19:11:13,254e9852dede4aa6ee4547e114ff8f608824914d,254e9852dede4aa6ee4547e114ff8f608824914d
mvn,2,50000.0,211,mw,fresh_v1_2026-09-25,experiments\out\runs\mvn_mw_d2_B5e4_seed211\result.h5,d2095a825500e20d698023a2266516035c379295c4bdbfe2e5b0d1b11f7dfdee,BAT PriorToGaussian (PriorSubstitution); theta_j = 2 L Phi(z_j) - L,8678d5b7b7b84db3324f96074ad47bb6c831aaaa196d44edb4f94d460bef0b1b,202610272211,17023,32977.0,50000.0,0.0410001277923584,full_remaining_budget,ok,8,vale24,1.11.6,2026-09-25T19:11:14,254e9852dede4aa6ee4547e114ff8f608824914d,254e9852dede4aa6ee4547e114ff8f608824914d
mvn,2,50000.0,239,mw,fresh_v1_2026-09-25,experiments\out\runs\mvn_mw_d2_B5e4_seed239\result.h5,433f74e4cf55010e64ee33f58d4e161dba1d9aab581b47fe11a0b096bc17770c,BAT PriorToGaussian (PriorSubstitution); theta_j = 2 L Phi(z_j) - L,8a5717bd89a5fed9abe59d439d5ee45f47259fd70529e60d496dd687a4b914b0,202610272239,14665,35335.0,50000.0,0.023000001907348633,full_remaining_budget,ok,8,vale24,1.11.6,2026-09-25T19:11:14,254e9852dede4aa6ee4547e114ff8f608824914d,254e9852dede4aa6ee4547e114ff8f608824914d
mvn,2,50000.0,277,mw,fresh_v1_2026-09-25,experiments\out\runs\mvn_mw_d2_B5e4_seed277\result.h5,0a37d82f0b66cb1a0e5367245ba4a71c31738365acf0224a371f09ed84714b0c,BAT PriorToGaussian (PriorSubstitution); theta_j = 2 L Phi(z_j) - L,375b18d534ba814c76cb754a093c6f8303766dcdac35b2c8e07af6a7b1762db9,202610272277,15628,34372.0,50000.0,0.04500007629394531,full_remaining_budget,ok,8,vale24,1.11.6,2026-09-25T19:11:15,254e9852dede4aa6ee4547e114ff8f608824914d,254e9852dede4aa6ee4547e114ff8f608824914d
mvn,2,50000.0,313,mw,fresh_v1_2026-09-25,experiments\out\runs\mvn_mw_d2_B5e4_seed313\result.h5,af623a9bf4c83439fc4fb9c2f46faa427d5c281a17793211d52528df7d4dd934,BAT PriorToGaussian (PriorSubstitution); theta_j = 2 L Phi(z_j) - L,23723375fba8088d9f85e09323f2138125ca25cdd5b85f3f63e657483fd9e4e8,202610272313,13801,36199.0,50000.0,0.019999980926513672,full_remaining_budget,ok,8,vale24,1.11.6,2026-09-25T19:11:15,254e9852dede4aa6ee4547e114ff8f608824914d,254e9852dede4aa6ee4547e114ff8f608824914d
mvn,2,50000.0,359,mw,fresh_v1_2026-09-25,experiments\out\runs\mvn_mw_d2_B5e4_seed359\result.h5,4a796de94976178e9adb6dea3d4fae602c6456ff457a15fb99aed9494014b5f7,BAT PriorToGaussian (PriorSubstitution); theta_j = 2 L Phi(z_j) - L,29d5de356434bc037b0d49e6f88b8692a206d60814fe8b6ff4ec20bb13375235,202610272359,15926,34074.0,50000.0,0.031000137329101562,full_remaining_budget,ok,8,vale24,1.11.6,2026-09-25T19:11:16,254e9852dede4aa6ee4547e114ff8f608824914d,254e9852dede4aa6ee4547e114ff8f608824914d
mvn,2,50000.0,401,mw,fresh_v1_2026-09-25,experiments\out\runs\mvn_mw_d2_B5e4_seed401\result.h5,982c4efaf1323f16f1e7f47d407b05bcb57111588adbabfc07b3311005c3509c,BAT PriorToGaussian (PriorSubstitution); theta_j = 2 L Phi(z_j) - L,27733f6e73634fd83f7c374d28f1bc47de18d239e8c8a36a63d8595f2f22fa9a,202610272401,14380,35620.0,50000.0,0.023000001907348633,full_remaining_budget,ok,8,vale24,1.11.6,2026-09-25T19:11:16,254e9852dede4aa6ee4547e114ff8f608824914d,254e9852dede4aa6ee4547e114ff8f608824914d
mvn,2,50000.0,449,mw,fresh_v1_2026-09-25,experiments\out\runs\mvn_mw_d2_B5e4_seed449\result.h5,fee5be0e1aa14d546cb9290cba1a919537826d787664aa7b0a600f2f7192b72d,BAT PriorToGaussian (PriorSubstitution); theta_j = 2 L Phi(z_j) - L,3307a75749fac70146123c1b7c9fa8b14c8e4a722cf55db90266fc3c9bb03eee,202610272449,12888,37112.0,50000.0,0.026999950408935547,full_remaining_budget,ok,8,vale24,1.11.6,2026-09-25T19:11:16,254e9852dede4aa6ee4547e114ff8f608824914d,254e9852dede4aa6ee4547e114ff8f608824914d
mvn,2,50000.0,491,mw,fresh_v1_2026-09-25,experiments\out\runs\mvn_mw_d2_B5e4_seed491\result.h5,741d7807f7a9de9d6dbadb2a55ddc97d9335a8dc729feb20c17a3bd1a3aa1d12,BAT PriorToGaussian (PriorSubstitution); theta_j = 2 L Phi(z_j) - L,06a6bc7919c6ff1453347a5c90098bf3968d1a7a3aee4ea6d74a45eae094189e,202610272491,16108,33892.0,50000.0,0.037999868392944336,full_remaining_budget,ok,8,vale24,1.11.6,2026-09-25T19:11:16,254e9852dede4aa6ee4547e114ff8f608824914d,254e9852dede4aa6ee4547e114ff8f608824914d
mvn,2,50000.0,541,mw,fresh_v1_2026-09-25,experiments\out\runs\mvn_mw_d2_B5e4_seed541\result.h5,06b20782e31bf8a991c2c476db754e01c6dc2897a7e68ce9eba65b724d66b1ac,BAT PriorToGaussian (PriorSubstitution); theta_j = 2 L Phi(z_j) - L,1ae01a7df3d480ca2c263ad2d6a9f66276a2a44c31d6529b53ac5ce4a101e601,202610272541,15700,34300.0,50000.0,0.02499985694885254,full_remaining_budget,ok,8,vale24,1.11.6,2026-09-25T19:11:17,254e9852dede4aa6ee4547e114ff8f608824914d,254e9852dede4aa6ee4547e114ff8f608824914d
mvn,2,50000.0,587,mw,fresh_v1_2026-09-25,experiments\out\runs\mvn_mw_d2_B5e4_seed587\result.h5,065e2992ebb3e501a8151dfa8efed618d2a7cfd04976d25aa9b48ebf528c1c30,BAT PriorToGaussian (PriorSubstitution); theta_j = 2 L Phi(z_j) - L,7133ef178470e129a769385e1c85344b22d526e70085fb7782effa9e29077c5c,202610272587,14996,35004.0,50000.0,0.023000001907348633,full_remaining_budget,ok,8,vale24,1.11.6,2026-09-25T19:11:17,254e9852dede4aa6ee4547e114ff8f608824914d,254e9852dede4aa6ee4547e114ff8f608824914d
mvn,2,50000.0,631,mw,fresh_v1_2026-09-25,experiments\out\runs\mvn_mw_d2_B5e4_seed631\result.h5,b1a3e1844d36095f30492217681767196fc4e3eeab0f690bdc4b6ba8bd08f1b4,BAT PriorToGaussian (PriorSubstitution); theta_j = 2 L Phi(z_j) - L,6f86e2effa4d7ca0309debdabe81d0e3a27bcc815acbc0c5b9d816e69f66dab6,202610272631,18639,31361.0,50000.0,0.032000064849853516,full_remaining_budget,ok,8,vale24,1.11.6,2026-09-25T19:11:17,254e9852dede4aa6ee4547e114ff8f608824914d,254e9852dede4aa6ee4547e114ff8f608824914d
mvn,2,50000.0,677,mw,fresh_v1_2026-09-25,experiments\out\runs\mvn_mw_d2_B5e4_seed677\result.h5,6e9abae5d7d48ec4e82308c51b07bb8270e33fed09e5348e9a7f5105cd1f8695,BAT PriorToGaussian (PriorSubstitution); theta_j = 2 L Phi(z_j) - L,ce74ca4aad05f0f37dcdeaf43abaaea9e6c6a602a831d623683aa7f95d023582,202610272677,14335,35665.0,50000.0,0.032000064849853516,full_remaining_budget,ok,8,vale24,1.11.6,2026-09-25T19:11:18,254e9852dede4aa6ee4547e114ff8f608824914d,254e9852dede4aa6ee4547e114ff8f608824914d
mvn,2,500000.0,11,mw,fresh_v1_2026-09-25,experiments\out\runs\mvn_mw_d2_B5e5_seed11\result.h5,57410345b161d1ed3f56a465e8713839fb1e86c82cc57251183f32010158e402,BAT PriorToGaussian (PriorSubstitution); theta_j = 2 L Phi(z_j) - L,422247855cd923b6a18c58db863a57b3ff5ea7129f099010ac362b2ebee48f42,202610273011,462366,37634.0,500000.0,3.0999999046325684,full_remaining_budget,ok,8,vale24,1.11.6,2026-09-25T18:58:41,254e9852dede4aa6ee4547e114ff8f608824914d,254e9852dede4aa6ee4547e114ff8f608824914d
mvn,2,500000.0,23,mw,fresh_v1_2026-09-25,experiments\out\runs\mvn_mw_d2_B5e5_seed23\result.h5,2de029281c02ca34822bb76a5f845348e1e82a3c4c3072ca68194f08ac5d49ae,BAT PriorToGaussian (PriorSubstitution); theta_j = 2 L Phi(z_j) - L,455a1e8c88a4487e89b90e817afe1446e4b23d7dc71c56f12857ce223148e06c,202610273023,465779,34221.0,500000.0,1.0679998397827148,full_remaining_budget,ok,8,vale24,1.11.6,2026-09-25T18:58:56,254e9852dede4aa6ee4547e114ff8f608824914d,254e9852dede4aa6ee4547e114ff8f608824914d
mvn,2,500000.0,41,mw,fresh_v1_2026-09-25,experiments\out\runs\mvn_mw_d2_B5e5_seed41\result.h5,cd415658a1a6592fd448013958ba59ce8bcbe8867724bd8771a2fc39f46f018c,BAT PriorToGaussian (PriorSubstitution); theta_j = 2 L Phi(z_j) - L,cf011f63247014580df6d801c2019ba80de1dd07e11412a01a54b086faa07752,202610273041,462969,37031.0,500000.0,1.6750001907348633,full_remaining_budget,ok,8,vale24,1.11.6,2026-09-25T18:58:58,254e9852dede4aa6ee4547e114ff8f608824914d,254e9852dede4aa6ee4547e114ff8f608824914d
mvn,2,500000.0,67,mw,fresh_v1_2026-09-25,experiments\out\runs\mvn_mw_d2_B5e5_seed67\result.h5,9d6c443865e0ab20754d8642aca05f429e327bb1ed3ac26605e744844d7d73a4,BAT PriorToGaussian (PriorSubstitution); theta_j = 2 L Phi(z_j) - L,e6b2ffcbccf385e54ad1205c44e7ea4b83a0c2ddbff25be32b479c30c0e47e34,202610273067,462105,37895.0,500000.0,1.0859999656677246,full_remaining_budget,ok,8,vale24,1.11.6,2026-09-25T18:59:01,254e9852dede4aa6ee4547e114ff8f608824914d,254e9852dede4aa6ee4547e114ff8f608824914d
mvn,2,500000.0,97,mw,fresh_v1_2026-09-25,experiments\out\runs\mvn_mw_d2_B5e5_seed97\result.h5,4eb0e956193d81185813fb83435a8708eb8ca41a80adc27e0d876629b838bc29,BAT PriorToGaussian (PriorSubstitution); theta_j = 2 L Phi(z_j) - L,457c0c69a7df960755b2e0c82fdcabcb50b5887078e8a2360d0d23e4c2ebfd71,202610273097,462190,37810.0,500000.0,1.1990001201629639,full_remaining_budget,ok,8,vale24,1.11.6,2026-09-25T18:59:03,254e9852dede4aa6ee4547e114ff8f608824914d,254e9852dede4aa6ee4547e114ff8f608824914d
mvn,2,500000.0,113,mw,fresh_v1_2026-09-25,experiments\out\runs\mvn_mw_d2_B5e5_seed113\result.h5,003a227ec8a0430cd256a4cf81bf8914e15ba7d57735360d2fa81975da9259e8,BAT PriorToGaussian (PriorSubstitution); theta_j = 2 L Phi(z_j) - L,ccfb605f364c4c48d520a8c7764ba44b07ef7fca814a84d28c4441e2b665eef5,202610273113,461611,38389.0,500000.0,1.3569998741149902,full_remaining_budget,ok,8,vale24,1.11.6,2026-09-25T18:59:05,254e9852dede4aa6ee4547e114ff8f608824914d,254e9852dede4aa6ee4547e114ff8f608824914d
mvn,2,500000.0,137,mw,fresh_v1_2026-09-25,experiments\out\runs\mvn_mw_d2_B5e5_seed137\result.h5,7aca9ca5d6dd2f41fd5deb00e16851da77072aa0574d220c07b473997ec20c0f,BAT PriorToGaussian (PriorSubstitution); theta_j = 2 L Phi(z_j) - L,0ba03f69714a4071b2efc453ad2363a0c8d91214ae96c2d49f462e1354ace8f4,202610273137,462459,37541.0,500000.0,1.2740001678466797,full_remaining_budget,ok,8,vale24,1.11.6,2026-09-25T18:59:07,254e9852dede4aa6ee4547e114ff8f608824914d,254e9852dede4aa6ee4547e114ff8f608824914d
mvn,2,500000.0,173,mw,fresh_v1_2026-09-25,experiments\out\runs\mvn_mw_d2_B5e5_seed173\result.h5,9784a9dca5c675c07ef1ac07faea50b8a3b030036a9662444eaf3d19e59d1892,BAT PriorToGaussian (PriorSubstitution); theta_j = 2 L Phi(z_j) - L,8bf10785ba5bdba0be723acc5bdd5d3bafbc25cad4c5ca5cf16cc3fd482c63d7,202610273173,462353,37647.0,500000.0,1.1629998683929443,full_remaining_budget,ok,8,vale24,1.11.6,2026-09-25T18:59:09,254e9852dede4aa6ee4547e114ff8f608824914d,254e9852dede4aa6ee4547e114ff8f608824914d
mvn,2,500000.0,211,mw,fresh_v1_2026-09-25,experiments\out\runs\mvn_mw_d2_B5e5_seed211\result.h5,d09b7361649efbc09e191894a1fe80ee708761f28e5995786f2ed35744e580f7,BAT PriorToGaussian (PriorSubstitution); theta_j = 2 L Phi(z_j) - L,63d097292f8af8cb4751c01672d8f793e7c7cd23dd4a8052d2acd353abc68795,202610273211,461607,38393.0,500000.0,0.9119999408721924,full_remaining_budget,ok,8,vale24,1.11.6,2026-09-25T18:59:11,254e9852dede4aa6ee4547e114ff8f608824914d,254e9852dede4aa6ee4547e114ff8f608824914d
mvn,2,500000.0,239,mw,fresh_v1_2026-09-25,experiments\out\runs\mvn_mw_d2_B5e5_seed239\result.h5,931ce262f91df3ac1a12c5e6f3c5d8a47c8203295542e3b7e36458d06d2b14d9,BAT PriorToGaussian (PriorSubstitution); theta_j = 2 L Phi(z_j) - L,2ebd009df6a10ade3bc6d505fe2eae9b7b4649c39e8cb7eaea29130c77d78ab6,202610273239,461865,38135.0,500000.0,1.123000144958496,full_remaining_budget,ok,8,vale24,1.11.6,2026-09-25T18:59:12,254e9852dede4aa6ee4547e114ff8f608824914d,254e9852dede4aa6ee4547e114ff8f608824914d
mvn,2,500000.0,277,mw,fresh_v1_2026-09-25,experiments\out\runs\mvn_mw_d2_B5e5_seed277\result.h5,fef929a3b9058cbc12c4302a4af0bb380aef5590964a57385744ed201bc29970,BAT PriorToGaussian (PriorSubstitution); theta_j = 2 L Phi(z_j) - L,923abf0d53881b87856901a6bb676864f5cb7db4a42ce3069bc53c1dfa8ed488,202610273277,464570,35430.0,500000.0,2.492000102996826,full_remaining_budget,ok,8,vale24,1.11.6,2026-09-25T18:59:14,254e9852dede4aa6ee4547e114ff8f608824914d,254e9852dede4aa6ee4547e114ff8f608824914d
mvn,2,500000.0,313,mw,fresh_v1_2026-09-25,experiments\out\runs\mvn_mw_d2_B5e5_seed313\result.h5,f8ab8197d10aca9176466c26b00b9231d9557cd549aa379369df782d85c04899,BAT PriorToGaussian (PriorSubstitution); theta_j = 2 L Phi(z_j) - L,36aca38039954cb784fc4a83cea5409fbe280cd7b641953f2a032912ac4281e8,202610273313,462107,37893.0,500000.0,1.69100022315979,full_remaining_budget,ok,8,vale24,1.11.6,2026-09-25T18:59:17,254e9852dede4aa6ee4547e114ff8f608824914d,254e9852dede4aa6ee4547e114ff8f608824914d
mvn,2,500000.0,359,mw,fresh_v1_2026-09-25,experiments\out\runs\mvn_mw_d2_B5e5_seed359\result.h5,bf3a003571d185faef007f951a48444e98a642a96028432718d8a6197e7232ad,BAT PriorToGaussian (PriorSubstitution); theta_j = 2 L Phi(z_j) - L,bd43cc48dc29b42520f829902c487416902a6b1cf4f169a213e2bb49428c02e3,202610273359,465118,34882.0,500000.0,2.3000001907348633,full_remaining_budget,ok,8,vale24,1.11.6,2026-09-25T18:59:20,254e9852dede4aa6ee4547e114ff8f608824914d,254e9852dede4aa6ee4547e114ff8f608824914d
mvn,2,500000.0,401,mw,fresh_v1_2026-09-25,experiments\out\runs\mvn_mw_d2_B5e5_seed401\result.h5,e2665a04734064e0f88cda2698a7c5a8df9c84d4fc1b07e25b3125fb67c2eab7,BAT PriorToGaussian (PriorSubstitution); theta_j = 2 L Phi(z_j) - L,5ab8c4c44e89516d18117244a7df6cc2ea0728a10e767a511e14c8f0268ad754,202610273401,462749,37251.0,500000.0,1.505000114440918,full_remaining_budget,ok,8,vale24,1.11.6,2026-09-25T18:59:23,254e9852dede4aa6ee4547e114ff8f608824914d,254e9852dede4aa6ee4547e114ff8f608824914d
mvn,2,500000.0,449,mw,fresh_v1_2026-09-25,experiments\out\runs\mvn_mw_d2_B5e5_seed449\result.h5,fd53a94f8c6a9dc58a29704877791697726cbb626d4a59fb12376f9761bf8aa5,BAT PriorToGaussian (PriorSubstitution); theta_j = 2 L Phi(z_j) - L,9b9db575e440d5e766acb30038988aed83e41e6caad4e6f45e6a704e55c0ddea,202610273449,461289,38711.0,500000.0,1.2319998741149902,full_remaining_budget,ok,8,vale24,1.11.6,2026-09-25T18:59:25,254e9852dede4aa6ee4547e114ff8f608824914d,254e9852dede4aa6ee4547e114ff8f608824914d
mvn,2,500000.0,491,mw,fresh_v1_2026-09-25,experiments\out\runs\mvn_mw_d2_B5e5_seed491\result.h5,e7f8226ad40afeb800f93c445a95fd8d68040b0b8cdce40d95364ddb8a0f226c,BAT PriorToGaussian (PriorSubstitution); theta_j = 2 L Phi(z_j) - L,209497d1fb14f421eeee0405b78a4a15a5d457d4248a4afce5778e6c20907fdc,202610273491,463150,36850.0,500000.0,1.183000087738037,full_remaining_budget,ok,8,vale24,1.11.6,2026-09-25T18:59:27,254e9852dede4aa6ee4547e114ff8f608824914d,254e9852dede4aa6ee4547e114ff8f608824914d
mvn,2,500000.0,541,mw,fresh_v1_2026-09-25,experiments\out\runs\mvn_mw_d2_B5e5_seed541\result.h5,a896ba0ffbc97d9cd07b4236e87d35d516b8a9e7eab548a1cb7ef18797f3d1aa,BAT PriorToGaussian (PriorSubstitution); theta_j = 2 L Phi(z_j) - L,f60119e08d6d7057e2f7d48e34cac977d57ab22939e88dbeeff564dc2caccb2c,202610273541,464014,35986.0,500000.0,1.0049998760223389,full_remaining_budget,ok,8,vale24,1.11.6,2026-09-25T18:59:29,254e9852dede4aa6ee4547e114ff8f608824914d,254e9852dede4aa6ee4547e114ff8f608824914d
mvn,2,500000.0,587,mw,fresh_v1_2026-09-25,experiments\out\runs\mvn_mw_d2_B5e5_seed587\result.h5,a47c05b9ae39960672aaf598f44bc6fbfd7a172355bc49bec49d2d4e01c4b258,BAT PriorToGaussian (PriorSubstitution); theta_j = 2 L Phi(z_j) - L,7387c7a553dccfb44cfe23d36c2ed4ab3f30a68d69625043781b2589cd26dbf9,202610273587,463451,36549.0,500000.0,1.561000108718872,full_remaining_budget,ok,8,vale24,1.11.6,2026-09-25T18:59:31,254e9852dede4aa6ee4547e114ff8f608824914d,254e9852dede4aa6ee4547e114ff8f608824914d
mvn,2,500000.0,631,mw,fresh_v1_2026-09-25,experiments\out\runs\mvn_mw_d2_B5e5_seed631\result.h5,709dd1417df29d98178d2c39dd31f80ad99a7de3d8d0a932dcbb4566bc707ca7,BAT PriorToGaussian (PriorSubstitution); theta_j = 2 L Phi(z_j) - L,aca0fc102fb1cb2279241348d824ab4545bf1b0731bf9c9fea615f85d00badb5,202610273631,462806,37194.0,500000.0,1.3650000095367432,full_remaining_budget,ok,8,vale24,1.11.6,2026-09-25T18:59:33,254e9852dede4aa6ee4547e114ff8f608824914d,254e9852dede4aa6ee4547e114ff8f608824914d
mvn,2,500000.0,677,mw,fresh_v1_2026-09-25,experiments\out\runs\mvn_mw_d2_B5e5_seed677\result.h5,d59aa940b50125504fc5a4da0cce94c02193df8977eda1209a3cc9b53f42df6b,BAT PriorToGaussian (PriorSubstitution); theta_j = 2 L Phi(z_j) - L,89d7c80ac39c2c53cac6c4cf6ae01dc7ccd44b10d6bcd47bfd537d2b9e0dc301,202610273677,461614,38386.0,500000.0,1.247999906539917,full_remaining_budget,ok,8,vale24,1.11.6,2026-09-25T18:59:36,254e9852dede4aa6ee4547e114ff8f608824914d,254e9852dede4aa6ee4547e114ff8f608824914d
mvn,5,5000.0,11,mw,fresh_v1_2026-09-25,experiments\out\runs\mvn_mw_d5_B5e3_seed11\result.h5,9a4ba6eecf46ef870e4bf00dfcae9fb88f99a3278dbef7cfdff65411424fcf40,BAT PriorToGaussian (PriorSubstitution); theta_j = 2 L Phi(z_j) - L,41eff50b1cd8959da7c1dd78f4f2ee7456300e3da90c27cc58c8ab162af48a2a,202610301011,0,6254.0,6254.0,,exceeds_strict_budget,,8,vale24,1.11.6,2026-09-25T19:14:39,254e9852dede4aa6ee4547e114ff8f608824914d,254e9852dede4aa6ee4547e114ff8f608824914d
mvn,5,5000.0,23,mw,fresh_v1_2026-09-25,experiments\out\runs\mvn_mw_d5_B5e3_seed23\result.h5,3abab40395515818ac9bfd244afe7bdc4dfbce70150d1587739eb89fa5a83aa3,BAT PriorToGaussian (PriorSubstitution); theta_j = 2 L Phi(z_j) - L,bfe959936dff65eab6fb276619a96a2b052b2881e83027240721592488c7c799,202610301023,0,5570.0,5570.0,,exceeds_strict_budget,,8,vale24,1.11.6,2026-09-25T19:14:39,254e9852dede4aa6ee4547e114ff8f608824914d,254e9852dede4aa6ee4547e114ff8f608824914d
mvn,5,5000.0,41,mw,fresh_v1_2026-09-25,experiments\out\runs\mvn_mw_d5_B5e3_seed41\result.h5,13da7b57b2d7cf79cd9f7fc6cc283157fc8667c1b2127bef27c89ae55ff3ccd9,BAT PriorToGaussian (PriorSubstitution); theta_j = 2 L Phi(z_j) - L,1a96e4df99596d5e39ef4dff54c43488bdfa593944a370277dc52127eeeb606c,202610301041,0,5974.0,5974.0,,exceeds_strict_budget,,8,vale24,1.11.6,2026-09-25T19:14:39,254e9852dede4aa6ee4547e114ff8f608824914d,254e9852dede4aa6ee4547e114ff8f608824914d
mvn,5,5000.0,67,mw,fresh_v1_2026-09-25,experiments\out\runs\mvn_mw_d5_B5e3_seed67\result.h5,d7621c21737da813f61373a3a835ecd5907baaa6b4bb227b8907ed783f012029,BAT PriorToGaussian (PriorSubstitution); theta_j = 2 L Phi(z_j) - L,380d9cdcb2cd96b5c2f0e9e7b491e7627609f8a2c96326bbc64a86a03a05c9a2,202610301067,0,5325.0,5325.0,,exceeds_strict_budget,,8,vale24,1.11.6,2026-09-25T19:14:39,254e9852dede4aa6ee4547e114ff8f608824914d,254e9852dede4aa6ee4547e114ff8f608824914d
mvn,5,5000.0,97,mw,fresh_v1_2026-09-25,experiments\out\runs\mvn_mw_d5_B5e3_seed97\result.h5,73364c7dac40fd0c792ea6a103f4d7017988f451a5c82d933c6454c8e273807d,BAT PriorToGaussian (PriorSubstitution); theta_j = 2 L Phi(z_j) - L,68b2d7776a77e11d039dd4d46af95c87783c91b5c3c9de97fc8020aea44d725b,202610301097,0,5858.0,5858.0,,exceeds_strict_budget,,8,vale24,1.11.6,2026-09-25T19:14:39,254e9852dede4aa6ee4547e114ff8f608824914d,254e9852dede4aa6ee4547e114ff8f608824914d
mvn,5,5000.0,113,mw,fresh_v1_2026-09-25,experiments\out\runs\mvn_mw_d5_B5e3_seed113\result.h5,481bd9cc6872ef6a29475fb3ee5a6e92e611a9f60b8a586a8d6b1d10afa09d0f,BAT PriorToGaussian (PriorSubstitution); theta_j = 2 L Phi(z_j) - L,6148985644a17caf2c2c31e5112ab6353ea954db0cd28a0fc257dd78611af8a7,202610301113,0,5579.0,5579.0,,exceeds_strict_budget,,8,vale24,1.11.6,2026-09-25T19:14:39,254e9852dede4aa6ee4547e114ff8f608824914d,254e9852dede4aa6ee4547e114ff8f608824914d
mvn,5,5000.0,137,mw,fresh_v1_2026-09-25,experiments\out\runs\mvn_mw_d5_B5e3_seed137\result.h5,4f6b937e655d2925c5b0b4a5e14ea9e5a7697132d50ee1cd8ce01947e040acaf,BAT PriorToGaussian (PriorSubstitution); theta_j = 2 L Phi(z_j) - L,06042613f552dc534213deb40bcab2c9f89175070e7056cf53c9f2116e01aa1d,202610301137,0,5359.0,5359.0,,exceeds_strict_budget,,8,vale24,1.11.6,2026-09-25T19:14:40,254e9852dede4aa6ee4547e114ff8f608824914d,254e9852dede4aa6ee4547e114ff8f608824914d
mvn,5,5000.0,173,mw,fresh_v1_2026-09-25,experiments\out\runs\mvn_mw_d5_B5e3_seed173\result.h5,7fe3b8d97bc05fca5c316b82ff32ce0805360a6f931f6b4de2b8558297e65783,BAT PriorToGaussian (PriorSubstitution); theta_j = 2 L Phi(z_j) - L,32aa44e8d920abef77d40b939a386434e07475bcfaad02ca01095b1b05a28d76,202610301173,0,6147.0,6147.0,,exceeds_strict_budget,,8,vale24,1.11.6,2026-09-25T19:14:40,254e9852dede4aa6ee4547e114ff8f608824914d,254e9852dede4aa6ee4547e114ff8f608824914d
mvn,5,5000.0,211,mw,fresh_v1_2026-09-25,experiments\out\runs\mvn_mw_d5_B5e3_seed211\result.h5,57e9cac57238786f9d5f4e855fa9c04f461a8c4c6231f4037197971e7b4cf97b,BAT PriorToGaussian (PriorSubstitution); theta_j = 2 L Phi(z_j) - L,20245d2ac16d656cd21b5def3ebb90528b371560d924a7d9cd12a02ee899a3b6,202610301211,0,6418.0,6418.0,,exceeds_strict_budget,,8,vale24,1.11.6,2026-09-25T19:14:40,254e9852dede4aa6ee4547e114ff8f608824914d,254e9852dede4aa6ee4547e114ff8f608824914d
mvn,5,5000.0,239,mw,fresh_v1_2026-09-25,experiments\out\runs\mvn_mw_d5_B5e3_seed239\result.h5,de078e54944d581f7c90838fe1b67d8bd5959fd52f4f63ffd94286b2d124fa03,BAT PriorToGaussian (PriorSubstitution); theta_j = 2 L Phi(z_j) - L,24822a40305d2487196489ac86e6cf943a73be37c45acbfa9bd71408d4bc40a5,202610301239,0,5261.0,5261.0,,exceeds_strict_budget,,8,vale24,1.11.6,2026-09-25T19:14:40,254e9852dede4aa6ee4547e114ff8f608824914d,254e9852dede4aa6ee4547e114ff8f608824914d
mvn,5,5000.0,277,mw,fresh_v1_2026-09-25,experiments\out\runs\mvn_mw_d5_B5e3_seed277\result.h5,71af13e0e61af22336e969eff954118edfbb4d41ff034936f7d5e3e27deb3db6,BAT PriorToGaussian (PriorSubstitution); theta_j = 2 L Phi(z_j) - L,15fbcd5c362ce7b92121d8f5bcda85c1703b0a978753c1ceb0d47519ccbde612,202610301277,0,6296.0,6296.0,,exceeds_strict_budget,,8,vale24,1.11.6,2026-09-25T19:14:40,254e9852dede4aa6ee4547e114ff8f608824914d,254e9852dede4aa6ee4547e114ff8f608824914d
mvn,5,5000.0,313,mw,fresh_v1_2026-09-25,experiments\out\runs\mvn_mw_d5_B5e3_seed313\result.h5,6db2dc2ab411e7e667f380a45496ba5b194fe5c5b73e1305800581a38ae348cc,BAT PriorToGaussian (PriorSubstitution); theta_j = 2 L Phi(z_j) - L,b4244f8a1044c37c026d54e6454b3cd8bedbbf87865fcd755bbf7527ac259b21,202610301313,0,6895.0,6895.0,,exceeds_strict_budget,,8,vale24,1.11.6,2026-09-25T19:14:40,254e9852dede4aa6ee4547e114ff8f608824914d,254e9852dede4aa6ee4547e114ff8f608824914d
mvn,5,5000.0,359,mw,fresh_v1_2026-09-25,experiments\out\runs\mvn_mw_d5_B5e3_seed359\result.h5,6c2c46804d1d461236defc0702574e962c22250ddf3a5c30321679f116f4e000,BAT PriorToGaussian (PriorSubstitution); theta_j = 2 L Phi(z_j) - L,f0e5a943e686bf62820cf00c604844c3f3aaa42123d2e39f7573a8b65f49d8bc,202610301359,0,6354.0,6354.0,,exceeds_strict_budget,,8,vale24,1.11.6,2026-09-25T19:14:40,254e9852dede4aa6ee4547e114ff8f608824914d,254e9852dede4aa6ee4547e114ff8f608824914d
mvn,5,5000.0,401,mw,fresh_v1_2026-09-25,experiments\out\runs\mvn_mw_d5_B5e3_seed401\result.h5,50622fd7844c388dcd12a37020b99128bff8e6f3f5ceb3e1cca2eed26c40d412,BAT PriorToGaussian (PriorSubstitution); theta_j = 2 L Phi(z_j) - L,30b0f2f428ca9677beed23dfa951b071248506a46aada77cb8b74b0471b366a9,202610301401,0,5112.0,5112.0,,exceeds_strict_budget,,8,vale24,1.11.6,2026-09-25T19:14:40,254e9852dede4aa6ee4547e114ff8f608824914d,254e9852dede4aa6ee4547e114ff8f608824914d
mvn,5,5000.0,449,mw,fresh_v1_2026-09-25,experiments\out\runs\mvn_mw_d5_B5e3_seed449\result.h5,bb9b45074b03816d1e2728e9f60ab47d5de9d31b6818c718694320a06c2e155d,BAT PriorToGaussian (PriorSubstitution); theta_j = 2 L Phi(z_j) - L,4d0ecc68fcf6dcfb27bf7adefeb906b6c756a43be8fe55dbfefe1e9337bc3005,202610301449,0,6583.0,6583.0,,exceeds_strict_budget,,8,vale24,1.11.6,2026-09-25T19:14:40,254e9852dede4aa6ee4547e114ff8f608824914d,254e9852dede4aa6ee4547e114ff8f608824914d
mvn,5,5000.0,491,mw,fresh_v1_2026-09-25,experiments\out\runs\mvn_mw_d5_B5e3_seed491\result.h5,7295cf1471457c4e731410d6dd8470154ed646b62e1d248f98d4188064d98125,BAT PriorToGaussian (PriorSubstitution); theta_j = 2 L Phi(z_j) - L,abbfced86ac9a31e3b27104d7f0ee3750d8761336cbe9de5adc3b9d394323a08,202610301491,0,5124.0,5124.0,,exceeds_strict_budget,,8,vale24,1.11.6,2026-09-25T19:14:40,254e9852dede4aa6ee4547e114ff8f608824914d,254e9852dede4aa6ee4547e114ff8f608824914d
mvn,5,5000.0,541,mw,fresh_v1_2026-09-25,experiments\out\runs\mvn_mw_d5_B5e3_seed541\result.h5,dc0cf3827798fa54d62333ebfe0a782a7e632195f1e287cdf8af2055d4cd98a6,BAT PriorToGaussian (PriorSubstitution); theta_j = 2 L Phi(z_j) - L,bc001915cb7eda3aaf5a41d2bba955ee0662467a4d546a1fc1bd7746f5752e4c,202610301541,0,5656.0,5656.0,,exceeds_strict_budget,,8,vale24,1.11.6,2026-09-25T19:14:40,254e9852dede4aa6ee4547e114ff8f608824914d,254e9852dede4aa6ee4547e114ff8f608824914d
mvn,5,5000.0,587,mw,fresh_v1_2026-09-25,experiments\out\runs\mvn_mw_d5_B5e3_seed587\result.h5,aee0ec0f3541cf639434d64784d6a1aa44fa8ebd4c7e538ce8a521c057e96ea0,BAT PriorToGaussian (PriorSubstitution); theta_j = 2 L Phi(z_j) - L,e77e1e562a43d65e70af6d7109cf15ab2cdcc08ea849c7cb7255fa6a92b4a5b9,202610301587,0,6062.0,6062.0,,exceeds_strict_budget,,8,vale24,1.11.6,2026-09-25T19:14:40,254e9852dede4aa6ee4547e114ff8f608824914d,254e9852dede4aa6ee4547e114ff8f608824914d
mvn,5,5000.0,631,mw,fresh_v1_2026-09-25,experiments\out\runs\mvn_mw_d5_B5e3_seed631\result.h5,645c38d324641753f44349e8152e5bfa25ac827d7d96d99c6e42c51e698d0544,BAT PriorToGaussian (PriorSubstitution); theta_j = 2 L Phi(z_j) - L,7fecc957a58acb920c1bb762511f984fda289fd53dfc0720bd7aed9f1c452765,202610301631,0,6453.0,6453.0,,exceeds_strict_budget,,8,vale24,1.11.6,2026-09-25T19:14:40,254e9852dede4aa6ee4547e114ff8f608824914d,254e9852dede4aa6ee4547e114ff8f608824914d
mvn,5,5000.0,677,mw,fresh_v1_2026-09-25,experiments\out\runs\mvn_mw_d5_B5e3_seed677\result.h5,49716db160a751ce77ebef00b043590515b7db7d2cf897604a1f36525d8c4603,BAT PriorToGaussian (PriorSubstitution); theta_j = 2 L Phi(z_j) - L,57c1bb2d39c24b1c50a01b03a688743ba4dc2b49a536a4b35fc8c9e6f5a68963,202610301677,0,6065.0,6065.0,,exceeds_strict_budget,,8,vale24,1.11.6,2026-09-25T19:14:40,254e9852dede4aa6ee4547e114ff8f608824914d,254e9852dede4aa6ee4547e114ff8f608824914d
mvn,5,50000.0,11,mw,fresh_v1_2026-09-25,experiments\out\runs\mvn_mw_d5_B5e4_seed11\result.h5,d36977b5050a51bb7d1615630ed62ee821f7f197e93ea11d41775f85a69c8d12,BAT PriorToGaussian (PriorSubstitution); theta_j = 2 L Phi(z_j) - L,6ddfb148197067d6a5890da1a6302f50e854bcc0f7078615f10f489850d74487,202610302011,16196,33804.0,50000.0,0.05800008773803711,full_remaining_budget,ok,8,vale24,1.11.6,2026-09-25T19:11:18,254e9852dede4aa6ee4547e114ff8f608824914d,254e9852dede4aa6ee4547e114ff8f608824914d
mvn,5,50000.0,23,mw,fresh_v1_2026-09-25,experiments\out\runs\mvn_mw_d5_B5e4_seed23\result.h5,57364df6265c6c33966c19f90abfeb007eeae171d030f60cbc1be6496b2cd3ed,BAT PriorToGaussian (PriorSubstitution); theta_j = 2 L Phi(z_j) - L,d590d1833e015eb06ea02446149bc0879adf4718fcf65cc85a6d0aab153546a6,202610302023,15152,34848.0,50000.0,0.05800008773803711,full_remaining_budget,ok,8,vale24,1.11.6,2026-09-25T19:11:19,254e9852dede4aa6ee4547e114ff8f608824914d,254e9852dede4aa6ee4547e114ff8f608824914d
mvn,5,50000.0,41,mw,fresh_v1_2026-09-25,experiments\out\runs\mvn_mw_d5_B5e4_seed41\result.h5,c86548ed1c1323eeefcfae595b157252f528bb427f2721de726681b4fb722b39,BAT PriorToGaussian (PriorSubstitution); theta_j = 2 L Phi(z_j) - L,ee9c63d28e245ca2cf5a6758c3e7abf0acd8fe549d8122a9ca056a8b9ec36cef,202610302041,17168,32832.0,50000.0,0.06200003623962402,full_remaining_budget,ok,8,vale24,1.11.6,2026-09-25T19:11:19,254e9852dede4aa6ee4547e114ff8f608824914d,254e9852dede4aa6ee4547e114ff8f608824914d
mvn,5,50000.0,67,mw,fresh_v1_2026-09-25,experiments\out\runs\mvn_mw_d5_B5e4_seed67\result.h5,52cd15423d14fb56c922b7a8471726a4a0e524386940742ed2600e5312489e74,BAT PriorToGaussian (PriorSubstitution); theta_j = 2 L Phi(z_j) - L,6bd9a6a52060809a8d40e91895143ac95117b49629ac197a54b0939d4649a7ce,202610302067,15735,34265.0,50000.0,0.04800009727478027,full_remaining_budget,ok,8,vale24,1.11.6,2026-09-25T19:11:20,254e9852dede4aa6ee4547e114ff8f608824914d,254e9852dede4aa6ee4547e114ff8f608824914d
mvn,5,50000.0,97,mw,fresh_v1_2026-09-25,experiments\out\runs\mvn_mw_d5_B5e4_seed97\result.h5,de2730ed5246c5eae18933a434567f6ab9b8d3e8a3d483b4cfb23dc49fe5d1c8,BAT PriorToGaussian (PriorSubstitution); theta_j = 2 L Phi(z_j) - L,adc753ee28454676d5c7109ae4319e9153126d89632006409bf596e8cb0445a7,202610302097,14953,35047.0,50000.0,0.04499983787536621,full_remaining_budget,ok,8,vale24,1.11.6,2026-09-25T19:11:20,254e9852dede4aa6ee4547e114ff8f608824914d,254e9852dede4aa6ee4547e114ff8f608824914d
mvn,5,50000.0,113,mw,fresh_v1_2026-09-25,experiments\out\runs\mvn_mw_d5_B5e4_seed113\result.h5,8dc9bbbdb933247b62955e23e6771bd388901eedffcd9ec6848215394f6dba0e,BAT PriorToGaussian (PriorSubstitution); theta_j = 2 L Phi(z_j) - L,c04c8c10384599b6f98ec772f95e0453d31540f459f889fadcb3a731615d4bb2,202610302113,16024,33976.0,50000.0,0.04699993133544922,full_remaining_budget,ok,8,vale24,1.11.6,2026-09-25T19:11:21,254e9852dede4aa6ee4547e114ff8f608824914d,254e9852dede4aa6ee4547e114ff8f608824914d
mvn,5,50000.0,137,mw,fresh_v1_2026-09-25,experiments\out\runs\mvn_mw_d5_B5e4_seed137\result.h5,d47f52e3644c3bea11106044e335060c301ae268819be6e1ea0755cab11f60dc,BAT PriorToGaussian (PriorSubstitution); theta_j = 2 L Phi(z_j) - L,7bc4e5ee2bb835b60affaf758ccbcfe52fd323c0f3663978cc368c8db5eca5d5,202610302137,14752,35248.0,50000.0,0.042999982833862305,full_remaining_budget,ok,8,vale24,1.11.6,2026-09-25T19:11:21,254e9852dede4aa6ee4547e114ff8f608824914d,254e9852dede4aa6ee4547e114ff8f608824914d
mvn,5,50000.0,173,mw,fresh_v1_2026-09-25,experiments\out\runs\mvn_mw_d5_B5e4_seed173\result.h5,bb7b59b1261ef0be3c01d95b94a3f221b309cce7c597badafa6c59e6d3696247,BAT PriorToGaussian (PriorSubstitution); theta_j = 2 L Phi(z_j) - L,5a60896a013bbd78c02bd1823ab689688f6741f7688e6009ec29849c21f49b77,202610302173,15948,34052.0,50000.0,0.2389998435974121,full_remaining_budget,ok,8,vale24,1.11.6,2026-09-25T19:11:21,254e9852dede4aa6ee4547e114ff8f608824914d,254e9852dede4aa6ee4547e114ff8f608824914d
mvn,5,50000.0,211,mw,fresh_v1_2026-09-25,experiments\out\runs\mvn_mw_d5_B5e4_seed211\result.h5,a4e1e667b929048cfca69aa4340c03773ac1c9adbe44cee96d5dd56c7945e289,BAT PriorToGaussian (PriorSubstitution); theta_j = 2 L Phi(z_j) - L,ff10b0a60654fad502b42f70b94b2a050efc45b25898022cd3e674d98e9429d1,202610302211,16464,33536.0,50000.0,0.051000118255615234,full_remaining_budget,ok,8,vale24,1.11.6,2026-09-25T19:11:22,254e9852dede4aa6ee4547e114ff8f608824914d,254e9852dede4aa6ee4547e114ff8f608824914d
mvn,5,50000.0,239,mw,fresh_v1_2026-09-25,experiments\out\runs\mvn_mw_d5_B5e4_seed239\result.h5,8f9b5df54d3f2c8b51031a27292f3d0959793f1fff4c2b5bac7b55753e3971fc,BAT PriorToGaussian (PriorSubstitution); theta_j = 2 L Phi(z_j) - L,c7d5c4b0cef4a8a5f9e901169b1c90e9490fb8dc8614767c7683182e8d6b8a33,202610302239,14305,35695.0,50000.0,0.05300021171569824,full_remaining_budget,ok,8,vale24,1.11.6,2026-09-25T19:11:22,254e9852dede4aa6ee4547e114ff8f608824914d,254e9852dede4aa6ee4547e114ff8f608824914d
mvn,5,50000.0,277,mw,fresh_v1_2026-09-25,experiments\out\runs\mvn_mw_d5_B5e4_seed277\result.h5,15309a8a86dad5333f572547a62428ec84d27ea70df44a3c80216d46eedf524f,BAT PriorToGaussian (PriorSubstitution); theta_j = 2 L Phi(z_j) - L,1c46c8f0ce2dcba3eda50ad4d57f220eaca75d326a2542471c5711be0dd60b62,202610302277,16977,33023.0,50000.0,0.06099987030029297,full_remaining_budget,ok,8,vale24,1.11.6,2026-09-25T19:11:23,254e9852dede4aa6ee4547e114ff8f608824914d,254e9852dede4aa6ee4547e114ff8f608824914d
mvn,5,50000.0,313,mw,fresh_v1_2026-09-25,experiments\out\runs\mvn_mw_d5_B5e4_seed313\result.h5,671725e10036055431b6ff13a287cc287ea7ffdd4ff35b98057569f6af709518,BAT PriorToGaussian (PriorSubstitution); theta_j = 2 L Phi(z_j) - L,152af044ea9473c938f781daa950658b866b228d9bae96cc858ddeaf43306570,202610302313,17272,32728.0,50000.0,0.0709998607635498,full_remaining_budget,ok,8,vale24,1.11.6,2026-09-25T19:11:23,254e9852dede4aa6ee4547e114ff8f608824914d,254e9852dede4aa6ee4547e114ff8f608824914d
mvn,5,50000.0,359,mw,fresh_v1_2026-09-25,experiments\out\runs\mvn_mw_d5_B5e4_seed359\result.h5,5b274f207cb0107df00fbca596c0acc68fff3753033090d76e66c36b12e7accb,BAT PriorToGaussian (PriorSubstitution); theta_j = 2 L Phi(z_j) - L,5af1a76e16b01db7aae9d30dd1b43596ad64a14d25d29625f4c515cea3545cbe,202610302359,14750,35250.0,50000.0,0.06799983978271484,full_remaining_budget,ok,8,vale24,1.11.6,2026-09-25T19:11:24,254e9852dede4aa6ee4547e114ff8f608824914d,254e9852dede4aa6ee4547e114ff8f608824914d
mvn,5,50000.0,401,mw,fresh_v1_2026-09-25,experiments\out\runs\mvn_mw_d5_B5e4_seed401\result.h5,3ddc07ee6c491d231b18448bc9322b2eead716b1644921858db5164b8388422a,BAT PriorToGaussian (PriorSubstitution); theta_j = 2 L Phi(z_j) - L,42b980a0ed3371aafd978577c7f16401e0afbe480e5f4d071a2cc5f443e5f436,202610302401,17761,32239.0,50000.0,0.2849998474121094,full_remaining_budget,ok,8,vale24,1.11.6,2026-09-25T19:11:24,254e9852dede4aa6ee4547e114ff8f608824914d,254e9852dede4aa6ee4547e114ff8f608824914d
mvn,5,50000.0,449,mw,fresh_v1_2026-09-25,experiments\out\runs\mvn_mw_d5_B5e4_seed449\result.h5,aa55f815c67bba0d841b569d7efa1b9f7ea495445af4cba8b1ef5671b7d038b7,BAT PriorToGaussian (PriorSubstitution); theta_j = 2 L Phi(z_j) - L,747e14f709ef251f7c77b5ed7063daa794473bff0364e58d29d559cf61b5d934,202610302449,17175,32825.0,50000.0,0.09599995613098145,full_remaining_budget,ok,8,vale24,1.11.6,2026-09-25T19:11:25,254e9852dede4aa6ee4547e114ff8f608824914d,254e9852dede4aa6ee4547e114ff8f608824914d
mvn,5,50000.0,491,mw,fresh_v1_2026-09-25,experiments\out\runs\mvn_mw_d5_B5e4_seed491\result.h5,2fded93bdb3c07956cdeeeaffffc33b2f7006e69ca5311f3fbace754d8c18a70,BAT PriorToGaussian (PriorSubstitution); theta_j = 2 L Phi(z_j) - L,c48cbb55b203d195f9ea32de419a60c4ecb61b752378e44029b6719ad09590b5,202610302491,15167,34833.0,50000.0,0.08300018310546875,full_remaining_budget,ok,8,vale24,1.11.6,2026-09-25T19:11:26,254e9852dede4aa6ee4547e114ff8f608824914d,254e9852dede4aa6ee4547e114ff8f608824914d
mvn,5,50000.0,541,mw,fresh_v1_2026-09-25,experiments\out\runs\mvn_mw_d5_B5e4_seed541\result.h5,61e1672abaabaf09cbf6adab1b12941748c77219d9bc2feba0cda1efec942ead,BAT PriorToGaussian (PriorSubstitution); theta_j = 2 L Phi(z_j) - L,24783f9728d958f73bf55f0ffbb4a9d6a970aa7a41bbf9acb34dfbd9b6863604,202610302541,16052,33948.0,50000.0,0.04999995231628418,full_remaining_budget,ok,8,vale24,1.11.6,2026-09-25T19:11:27,254e9852dede4aa6ee4547e114ff8f608824914d,254e9852dede4aa6ee4547e114ff8f608824914d
mvn,5,50000.0,587,mw,fresh_v1_2026-09-25,experiments\out\runs\mvn_mw_d5_B5e4_seed587\result.h5,7f03baec89e40fcf0ef3747caa2d9d988dd7d7edac854ed0510a9c678f0d6b8c,BAT PriorToGaussian (PriorSubstitution); theta_j = 2 L Phi(z_j) - L,9b35ec1aafbeb914ac87dc9b300f519b32fc88d3883ef389b33ff9d4b0e6cf5b,202610302587,14967,35033.0,50000.0,0.04900002479553223,full_remaining_budget,ok,8,vale24,1.11.6,2026-09-25T19:11:27,254e9852dede4aa6ee4547e114ff8f608824914d,254e9852dede4aa6ee4547e114ff8f608824914d
mvn,5,50000.0,631,mw,fresh_v1_2026-09-25,experiments\out\runs\mvn_mw_d5_B5e4_seed631\result.h5,a3d76723f2bfd77f323d2bef1bcc79109fab0ded856a94e35f7e9af4327be854,BAT PriorToGaussian (PriorSubstitution); theta_j = 2 L Phi(z_j) - L,bd79812c4a42f119cf6d940289da029e6346c86083f93228f56c5b2d651927cb,202610302631,16197,33803.0,50000.0,0.04699993133544922,full_remaining_budget,ok,8,vale24,1.11.6,2026-09-25T19:11:28,254e9852dede4aa6ee4547e114ff8f608824914d,254e9852dede4aa6ee4547e114ff8f608824914d
mvn,5,50000.0,677,mw,fresh_v1_2026-09-25,experiments\out\runs\mvn_mw_d5_B5e4_seed677\result.h5,672a5925cf585c9de185a0b8e50b22545e1b8c411c9a6c941cee9f53c499ac5a,BAT PriorToGaussian (PriorSubstitution); theta_j = 2 L Phi(z_j) - L,06dda2f5965acd15dbb51ac92e6fcdeba6b3a96eece6157aba375c103b3df966,202610302677,17779,32221.0,50000.0,0.07999992370605469,full_remaining_budget,ok,8,vale24,1.11.6,2026-09-25T19:11:28,254e9852dede4aa6ee4547e114ff8f608824914d,254e9852dede4aa6ee4547e114ff8f608824914d
mvn,5,500000.0,11,mw,fresh_v1_2026-09-25,experiments\out\runs\mvn_mw_d5_B5e5_seed11\result.h5,d74c9524e14628f8f00a9dc83a902ff3847191c8cf45799db8d19d94c857c188,BAT PriorToGaussian (PriorSubstitution); theta_j = 2 L Phi(z_j) - L,f6b820cb5b2f7d551ace7fd29e43df4626dab7a1b3a66bed8a15bb9a710bb34f,202610303011,452756,47244.0,500000.0,2.116999864578247,full_remaining_budget,ok,8,vale24,1.11.6,2026-09-25T18:49:50,254e9852dede4aa6ee4547e114ff8f608824914d,254e9852dede4aa6ee4547e114ff8f608824914d
mvn,5,500000.0,23,mw,fresh_v1_2026-09-25,experiments\out\runs\mvn_mw_d5_B5e5_seed23\result.h5,4876f865ccf1e7c5fb6b5e143635628c99dcddd93686f9f1ed0b4458d0317fdb,BAT PriorToGaussian (PriorSubstitution); theta_j = 2 L Phi(z_j) - L,08772f0b97784392edfe68c0f5a297237a5171cb094fcbbdfa4b29bbf91abab3,202610303023,451758,48242.0,500000.0,1.812000036239624,full_remaining_budget,ok,8,vale24,1.11.6,2026-09-25T18:49:57,254e9852dede4aa6ee4547e114ff8f608824914d,254e9852dede4aa6ee4547e114ff8f608824914d
mvn,5,500000.0,41,mw,fresh_v1_2026-09-25,experiments\out\runs\mvn_mw_d5_B5e5_seed41\result.h5,ce6cad7f89ad90ca6b0c89d0d812e9f5dc942b7393afca7e09e7b71c16cf330f,BAT PriorToGaussian (PriorSubstitution); theta_j = 2 L Phi(z_j) - L,57292d6554d3132bb5bad7b0b11097b34ee1ff388dc32236e1f89c26f0ad9484,202610303041,452803,47197.0,500000.0,2.5349998474121094,full_remaining_budget,ok,8,vale24,1.11.6,2026-09-25T18:50:00,254e9852dede4aa6ee4547e114ff8f608824914d,254e9852dede4aa6ee4547e114ff8f608824914d
mvn,5,500000.0,67,mw,fresh_v1_2026-09-25,experiments\out\runs\mvn_mw_d5_B5e5_seed67\result.h5,d69627b5108320b0363719f9c7552d3eeea70197c81054c36ef1aceabc8c95e9,BAT PriorToGaussian (PriorSubstitution); theta_j = 2 L Phi(z_j) - L,b8174c08b4b72b20739bbc302f6ad086788ce46b12297837f0e108acb0315d9a,202610303067,452203,47797.0,500000.0,4.551000118255615,full_remaining_budget,ok,8,vale24,1.11.6,2026-09-25T18:51:28,254e9852dede4aa6ee4547e114ff8f608824914d,254e9852dede4aa6ee4547e114ff8f608824914d
mvn,5,500000.0,97,mw,fresh_v1_2026-09-25,experiments\out\runs\mvn_mw_d5_B5e5_seed97\result.h5,1e704645ed9062f805b87dd0ec258899bdd07f7c1877685316f56bbc3ec72479,BAT PriorToGaussian (PriorSubstitution); theta_j = 2 L Phi(z_j) - L,8cc8899a5089cabc422c3d5d17e2f6782f170c97c2138f983eab923152fa2c3d,202610303097,452572,47428.0,500000.0,2.7350001335144043,full_remaining_budget,ok,8,vale24,1.11.6,2026-09-25T18:51:47,254e9852dede4aa6ee4547e114ff8f608824914d,254e9852dede4aa6ee4547e114ff8f608824914d
mvn,5,500000.0,113,mw,fresh_v1_2026-09-25,experiments\out\runs\mvn_mw_d5_B5e5_seed113\result.h5,5de4ce34abff07b0f67ab23299f9ca101e4668fca5c95a877863dd27e0a5971c,BAT PriorToGaussian (PriorSubstitution); theta_j = 2 L Phi(z_j) - L,9615dd664083a8c2c1b1b7a09f61c786b6ccd012768f5fbdf7d71a3f57e221f1,202610303113,451653,48347.0,500000.0,2.0820000171661377,full_remaining_budget,ok,8,vale24,1.11.6,2026-09-25T18:51:51,254e9852dede4aa6ee4547e114ff8f608824914d,254e9852dede4aa6ee4547e114ff8f608824914d
mvn,5,500000.0,137,mw,fresh_v1_2026-09-25,experiments\out\runs\mvn_mw_d5_B5e5_seed137\result.h5,0b4d4a5118279c9e67aee547de56e9e3a4e84db54e121ed2b3f7e6203403e3f0,BAT PriorToGaussian (PriorSubstitution); theta_j = 2 L Phi(z_j) - L,3113b05b2326278ae25f0d7d786c57df32b6111c43bcd8d61d3b7d07fb9b7ee5,202610303137,451316,48684.0,500000.0,2.822000026702881,full_remaining_budget,ok,8,vale24,1.11.6,2026-09-25T18:51:54,254e9852dede4aa6ee4547e114ff8f608824914d,254e9852dede4aa6ee4547e114ff8f608824914d
mvn,5,500000.0,173,mw,fresh_v1_2026-09-25,experiments\out\runs\mvn_mw_d5_B5e5_seed173\result.h5,06584b062048cf5332e8166d4bfa76d0f2626aa70d645bf0cae5b5d8d80d8aa1,BAT PriorToGaussian (PriorSubstitution); theta_j = 2 L Phi(z_j) - L,b75b23cfbdd58af087a95995bee388275a37034af8b12e4a2acb7afcf8220725,202610303173,451141,48859.0,500000.0,1.819000005722046,full_remaining_budget,ok,8,vale24,1.11.6,2026-09-25T18:51:58,254e9852dede4aa6ee4547e114ff8f608824914d,254e9852dede4aa6ee4547e114ff8f608824914d
mvn,5,500000.0,211,mw,fresh_v1_2026-09-25,experiments\out\runs\mvn_mw_d5_B5e5_seed211\result.h5,3743bc1a6fe4f99851a23761a528de8acd8b952b24e5bb9b6e01810fb4d07ac2,BAT PriorToGaussian (PriorSubstitution); theta_j = 2 L Phi(z_j) - L,9fe13c7eca4f522964a1fafa122e001a1bc4ba078e4af5f479906674240808c7,202610303211,451947,48053.0,500000.0,4.950999975204468,full_remaining_budget,ok,8,vale24,1.11.6,2026-09-25T18:52:01,254e9852dede4aa6ee4547e114ff8f608824914d,254e9852dede4aa6ee4547e114ff8f608824914d
mvn,5,500000.0,239,mw,fresh_v1_2026-09-25,experiments\out\runs\mvn_mw_d5_B5e5_seed239\result.h5,d91683f59b291060dd4b6f5997d4afbacf85ae5547591fc4c334602bcbfaf67d,BAT PriorToGaussian (PriorSubstitution); theta_j = 2 L Phi(z_j) - L,94a319a0ca6a93d02d3f28cbcbb342cbd07d5819986576a73cd5f82b15b159e8,202610303239,451984,48016.0,500000.0,2.872999906539917,full_remaining_budget,ok,8,vale24,1.11.6,2026-09-25T18:52:07,254e9852dede4aa6ee4547e114ff8f608824914d,254e9852dede4aa6ee4547e114ff8f608824914d
mvn,5,500000.0,277,mw,fresh_v1_2026-09-25,experiments\out\runs\mvn_mw_d5_B5e5_seed277\result.h5,cc1aa9426bf4a1467e85ece07c0991a74e1f6621237aae4913016adf786130c5,BAT PriorToGaussian (PriorSubstitution); theta_j = 2 L Phi(z_j) - L,00d3546f9676a7c2256d9836334bac158b1bb42222f5fc4e677771c9c1afab79,202610303277,451473,48527.0,500000.0,2.761000156402588,full_remaining_budget,ok,8,vale24,1.11.6,2026-09-25T18:52:11,254e9852dede4aa6ee4547e114ff8f608824914d,254e9852dede4aa6ee4547e114ff8f608824914d
mvn,5,500000.0,313,mw,fresh_v1_2026-09-25,experiments\out\runs\mvn_mw_d5_B5e5_seed313\result.h5,fd81e323d8fc64dda977329cc9b0b58c2867f9c63da907c339c948fb255e88f7,BAT PriorToGaussian (PriorSubstitution); theta_j = 2 L Phi(z_j) - L,15dee5596a383f994de0d4c68ef033ae853f7354237dd4406766d2e381a44b79,202610303313,452228,47772.0,500000.0,2.817999839782715,full_remaining_budget,ok,8,vale24,1.11.6,2026-09-25T18:52:16,254e9852dede4aa6ee4547e114ff8f608824914d,254e9852dede4aa6ee4547e114ff8f608824914d
mvn,5,500000.0,359,mw,fresh_v1_2026-09-25,experiments\out\runs\mvn_mw_d5_B5e5_seed359\result.h5,a1badd93a447bc397cfafd033d4e2f3c1f6e7798f77fbb4ece2e9692f25621ec,BAT PriorToGaussian (PriorSubstitution); theta_j = 2 L Phi(z_j) - L,bd54f1887de73be125e849c8079990ea9d694065981c0588f1e45d0447da5fb9,202610303359,452987,47013.0,500000.0,3.4099998474121094,full_remaining_budget,ok,8,vale24,1.11.6,2026-09-25T18:52:19,254e9852dede4aa6ee4547e114ff8f608824914d,254e9852dede4aa6ee4547e114ff8f608824914d
mvn,5,500000.0,401,mw,fresh_v1_2026-09-25,experiments\out\runs\mvn_mw_d5_B5e5_seed401\result.h5,c33caf1b0d0e3d8f63b725a557f64f8cdf8c0a3eaf095d40759e8d9e8bed6b5b,BAT PriorToGaussian (PriorSubstitution); theta_j = 2 L Phi(z_j) - L,fe0e943e94f9ed91dea4e5f3aa596e5f4840ecdfe1c2095d81d6f9b39a6ee622,202610303401,451800,48200.0,500000.0,2.7190001010894775,full_remaining_budget,ok,8,vale24,1.11.6,2026-09-25T18:52:24,254e9852dede4aa6ee4547e114ff8f608824914d,254e9852dede4aa6ee4547e114ff8f608824914d
mvn,5,500000.0,449,mw,fresh_v1_2026-09-25,experiments\out\runs\mvn_mw_d5_B5e5_seed449\result.h5,c348d2507ffffb7829f75cac65afb974a1a2e5a829a145652e4246a62b9e6726,BAT PriorToGaussian (PriorSubstitution); theta_j = 2 L Phi(z_j) - L,9853bedfec4a1091307aed3c3095e677fe33409e0c07988bb024cf92227eda1d,202610303449,451541,48459.0,500000.0,2.4760000705718994,full_remaining_budget,ok,8,vale24,1.11.6,2026-09-25T18:52:28,254e9852dede4aa6ee4547e114ff8f608824914d,254e9852dede4aa6ee4547e114ff8f608824914d
mvn,5,500000.0,491,mw,fresh_v1_2026-09-25,experiments\out\runs\mvn_mw_d5_B5e5_seed491\result.h5,2db073ba42fe1decb62333df755e7a5ae7665599a81c6c6bbb17ec22aa610f65,BAT PriorToGaussian (PriorSubstitution); theta_j = 2 L Phi(z_j) - L,6c8a22532df32a568585f5ba2da2ad2e048b37d838ba6c2ba41bada595c79a0b,202610303491,451345,48655.0,500000.0,2.0280001163482666,full_remaining_budget,ok,8,vale24,1.11.6,2026-09-25T18:52:31,254e9852dede4aa6ee4547e114ff8f608824914d,254e9852dede4aa6ee4547e114ff8f608824914d
mvn,5,500000.0,541,mw,fresh_v1_2026-09-25,experiments\out\runs\mvn_mw_d5_B5e5_seed541\result.h5,d362e69796d7c0f67844efb3549970b36b853f3431ca8fe78d1ee6ba4d6d769e,BAT PriorToGaussian (PriorSubstitution); theta_j = 2 L Phi(z_j) - L,ba55f0cf7b512f74ff0a736dcda1522bda15e59e9b6af784cf2244fd47aa5215,202610303541,451543,48457.0,500000.0,2.371999979019165,full_remaining_budget,ok,8,vale24,1.11.6,2026-09-25T18:52:34,254e9852dede4aa6ee4547e114ff8f608824914d,254e9852dede4aa6ee4547e114ff8f608824914d
mvn,5,500000.0,587,mw,fresh_v1_2026-09-25,experiments\out\runs\mvn_mw_d5_B5e5_seed587\result.h5,415496c42b759132f6215ac680ca486eda6fca8f5d2b3c02b09140eef6156293,BAT PriorToGaussian (PriorSubstitution); theta_j = 2 L Phi(z_j) - L,dd99e78b074fe8465b67f54f169a9c0aaccee3719e68879af7821afe79c66f22,202610303587,452208,47792.0,500000.0,2.5389997959136963,full_remaining_budget,ok,8,vale24,1.11.6,2026-09-25T18:52:38,254e9852dede4aa6ee4547e114ff8f608824914d,254e9852dede4aa6ee4547e114ff8f608824914d
mvn,5,500000.0,631,mw,fresh_v1_2026-09-25,experiments\out\runs\mvn_mw_d5_B5e5_seed631\result.h5,b1c746c8bc7b5167d49e1352c6ce706ba0c8baf757d2494ac579b0d7cfad3347,BAT PriorToGaussian (PriorSubstitution); theta_j = 2 L Phi(z_j) - L,0a07f09ef7ecab18420d3d5c3f9a7ddfcf8870714ad6a352d8d73451a0354400,202610303631,452010,47990.0,500000.0,3.3359999656677246,full_remaining_budget,ok,8,vale24,1.11.6,2026-09-25T18:52:41,254e9852dede4aa6ee4547e114ff8f608824914d,254e9852dede4aa6ee4547e114ff8f608824914d
mvn,5,500000.0,677,mw,fresh_v1_2026-09-25,experiments\out\runs\mvn_mw_d5_B5e5_seed677\result.h5,b9605b01f8d2c2bf3ad42532bb8896f132935aa51c818180147c3a30b7815c54,BAT PriorToGaussian (PriorSubstitution); theta_j = 2 L Phi(z_j) - L,792bfe02b178f35673993ddd04525fbaffde97224d52710ad4d324cc03e5c4b2,202610303677,452403,47597.0,500000.0,2.372999906539917,full_remaining_budget,ok,8,vale24,1.11.6,2026-09-25T18:52:46,254e9852dede4aa6ee4547e114ff8f608824914d,254e9852dede4aa6ee4547e114ff8f608824914d
mvn,10,5000.0,11,mw,fresh_v1_2026-09-25,experiments\out\runs\mvn_mw_d10_B5e3_seed11\result.h5,444946592d88327764c9c29cdf7f92b28b41f949cbe85d12a11addd013de3c22,BAT PriorToGaussian (PriorSubstitution); theta_j = 2 L Phi(z_j) - L,a3701c6fca6c1c9aba628ee1371d2faa5df3a1933c840cff9932d6734bf6d035,202610351011,0,5750.0,5750.0,,exceeds_strict_budget,,8,vale24,1.11.6,2026-09-25T19:14:40,254e9852dede4aa6ee4547e114ff8f608824914d,254e9852dede4aa6ee4547e114ff8f608824914d
mvn,10,5000.0,23,mw,fresh_v1_2026-09-25,experiments\out\runs\mvn_mw_d10_B5e3_seed23\result.h5,e44c078b4cee9532e07b0675e28303e54391f7e0c015f823f150c7a53ec5a5fe,BAT PriorToGaussian (PriorSubstitution); theta_j = 2 L Phi(z_j) - L,d9f8a4b2426bc747a7148ffd1c0ea2109015d29962c87564289eb3aabfa85a8b,202610351023,0,5747.0,5747.0,,exceeds_strict_budget,,8,vale24,1.11.6,2026-09-25T19:14:40,254e9852dede4aa6ee4547e114ff8f608824914d,254e9852dede4aa6ee4547e114ff8f608824914d
mvn,10,5000.0,41,mw,fresh_v1_2026-09-25,experiments\out\runs\mvn_mw_d10_B5e3_seed41\result.h5,94116e9cd461e6bc454eef11a46d03173345c6834e4275878d6045e6951ce3e0,BAT PriorToGaussian (PriorSubstitution); theta_j = 2 L Phi(z_j) - L,1db64d10c8913725d0c97efb65f81022a429bc5b143dd680453e95f85597fe96,202610351041,0,5744.0,5744.0,,exceeds_strict_budget,,8,vale24,1.11.6,2026-09-25T19:14:40,254e9852dede4aa6ee4547e114ff8f608824914d,254e9852dede4aa6ee4547e114ff8f608824914d
mvn,10,5000.0,67,mw,fresh_v1_2026-09-25,experiments\out\runs\mvn_mw_d10_B5e3_seed67\result.h5,b6d1f6afdf8ab8063733f51be7ce96e22c5113c035d0fa369fb669ac5f6a8019,BAT PriorToGaussian (PriorSubstitution); theta_j = 2 L Phi(z_j) - L,c56a1e21f12eb6a0b2d91902c8ec23a7f3302ef073652774c1c2a5afef6aa788,202610351067,0,5745.0,5745.0,,exceeds_strict_budget,,8,vale24,1.11.6,2026-09-25T19:14:40,254e9852dede4aa6ee4547e114ff8f608824914d,254e9852dede4aa6ee4547e114ff8f608824914d
mvn,10,5000.0,97,mw,fresh_v1_2026-09-25,experiments\out\runs\mvn_mw_d10_B5e3_seed97\result.h5,55f591d8f56bb6e015dd2bb74822d1707d3880f8016c79fd980ce930e43cd97b,BAT PriorToGaussian (PriorSubstitution); theta_j = 2 L Phi(z_j) - L,de9ef0b12be0a0f50211b67dbc699f2ff1f6f0196d56a735476e4a042b3ee6b4,202610351097,0,5744.0,5744.0,,exceeds_strict_budget,,8,vale24,1.11.6,2026-09-25T19:14:40,254e9852dede4aa6ee4547e114ff8f608824914d,254e9852dede4aa6ee4547e114ff8f608824914d
mvn,10,5000.0,113,mw,fresh_v1_2026-09-25,experiments\out\runs\mvn_mw_d10_B5e3_seed113\result.h5,ed4d75f64193b91c5a9294cef21894bda7bcf6aa37c8d4314d4448ed3609bd9a,BAT PriorToGaussian (PriorSubstitution); theta_j = 2 L Phi(z_j) - L,b973c40be8c4200d8da4b4b2913885bce2f7c31e6d1d15719de8b241600a3839,202610351113,0,5748.0,5748.0,,exceeds_strict_budget,,8,vale24,1.11.6,2026-09-25T19:14:40,254e9852dede4aa6ee4547e114ff8f608824914d,254e9852dede4aa6ee4547e114ff8f608824914d
mvn,10,5000.0,137,mw,fresh_v1_2026-09-25,experiments\out\runs\mvn_mw_d10_B5e3_seed137\result.h5,574ceb69652afe705c6a03cf0c31458163b90d1ccc1b023c6db18c79a6c7622c,BAT PriorToGaussian (PriorSubstitution); theta_j = 2 L Phi(z_j) - L,158f6fe320c3bacc24e34bd73cefeddc83ded0145c269bd54e8f46a0d514419e,202610351137,0,5745.0,5745.0,,exceeds_strict_budget,,8,vale24,1.11.6,2026-09-25T19:14:40,254e9852dede4aa6ee4547e114ff8f608824914d,254e9852dede4aa6ee4547e114ff8f608824914d
mvn,10,5000.0,173,mw,fresh_v1_2026-09-25,experiments\out\runs\mvn_mw_d10_B5e3_seed173\result.h5,ad3dd9d2ac5f9a2e7bec6a046ec8234a79ad9d4303825ea45b20ecf3502a1bad,BAT PriorToGaussian (PriorSubstitution); theta_j = 2 L Phi(z_j) - L,bae810f3fd50177016ccb2a473cfe0bf8e8845834f15afff8de8d2ecd2faed5f,202610351173,0,5747.0,5747.0,,exceeds_strict_budget,,8,vale24,1.11.6,2026-09-25T19:14:40,254e9852dede4aa6ee4547e114ff8f608824914d,254e9852dede4aa6ee4547e114ff8f608824914d
mvn,10,5000.0,211,mw,fresh_v1_2026-09-25,experiments\out\runs\mvn_mw_d10_B5e3_seed211\result.h5,77fb83951c345b253be3be9bfa669e920156444b3e3673689e6bf4704675b7ad,BAT PriorToGaussian (PriorSubstitution); theta_j = 2 L Phi(z_j) - L,ad9faf59675035de06fe3e42cae5447df8b90fe0db865f5a4aa522dd2db6c4bd,202610351211,0,5758.0,5758.0,,exceeds_strict_budget,,8,vale24,1.11.6,2026-09-25T19:14:40,254e9852dede4aa6ee4547e114ff8f608824914d,254e9852dede4aa6ee4547e114ff8f608824914d
mvn,10,5000.0,239,mw,fresh_v1_2026-09-25,experiments\out\runs\mvn_mw_d10_B5e3_seed239\result.h5,9681dd0013faa37839b14e0147e05c3865a034c14196fe29c90e81dc71ec3c7d,BAT PriorToGaussian (PriorSubstitution); theta_j = 2 L Phi(z_j) - L,2a1836dd3f59851493095312a1fc0ae9a2395792205691103af354b8d7cb1c0b,202610351239,0,5746.0,5746.0,,exceeds_strict_budget,,8,vale24,1.11.6,2026-09-25T19:14:40,254e9852dede4aa6ee4547e114ff8f608824914d,254e9852dede4aa6ee4547e114ff8f608824914d
mvn,10,5000.0,277,mw,fresh_v1_2026-09-25,experiments\out\runs\mvn_mw_d10_B5e3_seed277\result.h5,a03407c137a1109038059f6243188441a253ee4b89315d44135a45ca203554d1,BAT PriorToGaussian (PriorSubstitution); theta_j = 2 L Phi(z_j) - L,a8377c66366f3fa04003224f20a7af0735c5de3f8805ef93301cd087a59556d7,202610351277,0,5749.0,5749.0,,exceeds_strict_budget,,8,vale24,1.11.6,2026-09-25T19:14:40,254e9852dede4aa6ee4547e114ff8f608824914d,254e9852dede4aa6ee4547e114ff8f608824914d
mvn,10,5000.0,313,mw,fresh_v1_2026-09-25,experiments\out\runs\mvn_mw_d10_B5e3_seed313\result.h5,51b7e065383e424d7cf4024411d144deba3967e3e88bd9d7b10787e46ae01ef3,BAT PriorToGaussian (PriorSubstitution); theta_j = 2 L Phi(z_j) - L,58f8080cdb8208cb1268d12e8c43fc812a230eb2201cfbf31cd6f4d74f81255b,202610351313,0,5746.0,5746.0,,exceeds_strict_budget,,8,vale24,1.11.6,2026-09-25T19:14:40,254e9852dede4aa6ee4547e114ff8f608824914d,254e9852dede4aa6ee4547e114ff8f608824914d
mvn,10,5000.0,359,mw,fresh_v1_2026-09-25,experiments\out\runs\mvn_mw_d10_B5e3_seed359\result.h5,53eb9fa142bf4622ca36c798c6e6a870c60431936ef3c6ceb8d1e3906c421a3f,BAT PriorToGaussian (PriorSubstitution); theta_j = 2 L Phi(z_j) - L,accb8999176afa37747fb15aa62a78eabef5f58268a70169e61461c798636722,202610351359,0,5746.0,5746.0,,exceeds_strict_budget,,8,vale24,1.11.6,2026-09-25T19:14:41,254e9852dede4aa6ee4547e114ff8f608824914d,254e9852dede4aa6ee4547e114ff8f608824914d
mvn,10,5000.0,401,mw,fresh_v1_2026-09-25,experiments\out\runs\mvn_mw_d10_B5e3_seed401\result.h5,6933e40dbeedf8fd9742b9f99f910e7eb0945ae63428d47fcdbe0db0dd275be5,BAT PriorToGaussian (PriorSubstitution); theta_j = 2 L Phi(z_j) - L,951bdc2dd5e05b065e8739964610cd40038420f726290191f8a3e6d0120637dc,202610351401,0,5744.0,5744.0,,exceeds_strict_budget,,8,vale24,1.11.6,2026-09-25T19:14:41,254e9852dede4aa6ee4547e114ff8f608824914d,254e9852dede4aa6ee4547e114ff8f608824914d
mvn,10,5000.0,449,mw,fresh_v1_2026-09-25,experiments\out\runs\mvn_mw_d10_B5e3_seed449\result.h5,3e28a20def804ebc356802c4228c3d328f6ddab612d973d3b92d6dc08270785b,BAT PriorToGaussian (PriorSubstitution); theta_j = 2 L Phi(z_j) - L,35605858fd2778d8721b8581269290d9fc932dd0eb55592ae801fce3a3b50222,202610351449,0,5743.0,5743.0,,exceeds_strict_budget,,8,vale24,1.11.6,2026-09-25T19:14:41,254e9852dede4aa6ee4547e114ff8f608824914d,254e9852dede4aa6ee4547e114ff8f608824914d
mvn,10,5000.0,491,mw,fresh_v1_2026-09-25,experiments\out\runs\mvn_mw_d10_B5e3_seed491\result.h5,fcb3a705d373f4be6763dc22a6a33ad6e7139758176c3f42e4d7485e0adbea60,BAT PriorToGaussian (PriorSubstitution); theta_j = 2 L Phi(z_j) - L,3b7a8aead943d3a3632c790652b35bc16717c085e7b123f777209913171c0670,202610351491,0,5743.0,5743.0,,exceeds_strict_budget,,8,vale24,1.11.6,2026-09-25T19:14:41,254e9852dede4aa6ee4547e114ff8f608824914d,254e9852dede4aa6ee4547e114ff8f608824914d
mvn,10,5000.0,541,mw,fresh_v1_2026-09-25,experiments\out\runs\mvn_mw_d10_B5e3_seed541\result.h5,93bb426f3f25ecc435bee7edb2c074804eb59e4c6c0e3c18460488fcbf851fb7,BAT PriorToGaussian (PriorSubstitution); theta_j = 2 L Phi(z_j) - L,efe009fdf461b5e96ab3af4c584f02bd400e798c80a85250cdb50677568f8352,202610351541,0,5750.0,5750.0,,exceeds_strict_budget,,8,vale24,1.11.6,2026-09-25T19:14:41,254e9852dede4aa6ee4547e114ff8f608824914d,254e9852dede4aa6ee4547e114ff8f608824914d
mvn,10,5000.0,587,mw,fresh_v1_2026-09-25,experiments\out\runs\mvn_mw_d10_B5e3_seed587\result.h5,2f84b83cc3016c3e046087396076f83112db616fa3a50564f03ac874f1e61075,BAT PriorToGaussian (PriorSubstitution); theta_j = 2 L Phi(z_j) - L,2b76fc8c8c0d5254f06f0361f899e6f48b2f02d218da57a13a610c731abbe907,202610351587,0,5745.0,5745.0,,exceeds_strict_budget,,8,vale24,1.11.6,2026-09-25T19:14:41,254e9852dede4aa6ee4547e114ff8f608824914d,254e9852dede4aa6ee4547e114ff8f608824914d
mvn,10,5000.0,631,mw,fresh_v1_2026-09-25,experiments\out\runs\mvn_mw_d10_B5e3_seed631\result.h5,577c03cba2e07bd5e0f830ae95d24e19678b2b976f54820dfb2ae164b682b846,BAT PriorToGaussian (PriorSubstitution); theta_j = 2 L Phi(z_j) - L,94c6aeb7c602ee0afc0606bd1bbf5047478ddee3eadabaf239e2cc96f815ac34,202610351631,0,5743.0,5743.0,,exceeds_strict_budget,,8,vale24,1.11.6,2026-09-25T19:14:41,254e9852dede4aa6ee4547e114ff8f608824914d,254e9852dede4aa6ee4547e114ff8f608824914d
mvn,10,5000.0,677,mw,fresh_v1_2026-09-25,experiments\out\runs\mvn_mw_d10_B5e3_seed677\result.h5,a260e7c566dc0953a58ac10d03a3a45a56549f5521bad103c51a364607d0c78e,BAT PriorToGaussian (PriorSubstitution); theta_j = 2 L Phi(z_j) - L,381f31c908c31397ced8e9e0be4136d15d2294bedcfa7aaff0048af957fec487,202610351677,0,5753.0,5753.0,,exceeds_strict_budget,,8,vale24,1.11.6,2026-09-25T19:14:41,254e9852dede4aa6ee4547e114ff8f608824914d,254e9852dede4aa6ee4547e114ff8f608824914d
mvn,10,50000.0,11,mw,fresh_v1_2026-09-25,experiments\out\runs\mvn_mw_d10_B5e4_seed11\result.h5,689caeb3fafc424ffb9c6f6c93565ce2c21b20678e1ccca8bfe31e575c2effe3,BAT PriorToGaussian (PriorSubstitution); theta_j = 2 L Phi(z_j) - L,f6500649e05c66fa7ebab2632c30b5896029909a215dce1342c48e1c2aca8f48,202610352011,17054,32946.0,50000.0,0.1119999885559082,full_remaining_budget,ok,8,vale24,1.11.6,2026-09-25T19:11:28,254e9852dede4aa6ee4547e114ff8f608824914d,254e9852dede4aa6ee4547e114ff8f608824914d
mvn,10,50000.0,23,mw,fresh_v1_2026-09-25,experiments\out\runs\mvn_mw_d10_B5e4_seed23\result.h5,6a98ac67c2003b73a62ebc3b3fa2a13a22311991a7b0360d40f69d250614d6a5,BAT PriorToGaussian (PriorSubstitution); theta_j = 2 L Phi(z_j) - L,fcbe401369d651e3e2182fe94a5d42bcc81b6cfb1ba019f29871705ed3bb5550,202610352023,17596,32404.0,50000.0,0.09099984169006348,full_remaining_budget,ok,8,vale24,1.11.6,2026-09-25T19:11:29,254e9852dede4aa6ee4547e114ff8f608824914d,254e9852dede4aa6ee4547e114ff8f608824914d
mvn,10,50000.0,41,mw,fresh_v1_2026-09-25,experiments\out\runs\mvn_mw_d10_B5e4_seed41\result.h5,69f137955acbc79b1dbbd94230f3842bc4d0ce5d4875bf5b55cb77e84b80eae1,BAT PriorToGaussian (PriorSubstitution); theta_j = 2 L Phi(z_j) - L,021ba050b336851e1a5f5308c5c100fd5688a600e7fc53e0fab5669f9f53af4e,202610352041,16440,33560.0,50000.0,0.09799981117248535,full_remaining_budget,ok,8,vale24,1.11.6,2026-09-25T19:11:30,254e9852dede4aa6ee4547e114ff8f608824914d,254e9852dede4aa6ee4547e114ff8f608824914d
mvn,10,50000.0,67,mw,fresh_v1_2026-09-25,experiments\out\runs\mvn_mw_d10_B5e4_seed67\result.h5,665dc46b3a866d8a38a4872df9a7d17d37641d5f8bc694175199be31ddaff056,BAT PriorToGaussian (PriorSubstitution); theta_j = 2 L Phi(z_j) - L,8301268c462598a06be23d63bc511fc7a129588275c37034aa8e10cc871d1625,202610352067,17424,32576.0,50000.0,0.0969998836517334,full_remaining_budget,ok,8,vale24,1.11.6,2026-09-25T19:11:30,254e9852dede4aa6ee4547e114ff8f608824914d,254e9852dede4aa6ee4547e114ff8f608824914d
mvn,10,50000.0,97,mw,fresh_v1_2026-09-25,experiments\out\runs\mvn_mw_d10_B5e4_seed97\result.h5,d8bd542bc815761690bc6be7a7e775ccb1b30affa254ae7ebcc7dd3e54d38b12,BAT PriorToGaussian (PriorSubstitution); theta_j = 2 L Phi(z_j) - L,284a876ae02619f1c2708ba6fbf6fbc4cd11e8880ca90c42b547c9a98d8e5991,202610352097,13456,36544.0,50000.0,0.13000011444091797,full_remaining_budget,ok,8,vale24,1.11.6,2026-09-25T19:11:31,254e9852dede4aa6ee4547e114ff8f608824914d,254e9852dede4aa6ee4547e114ff8f608824914d
mvn,10,50000.0,113,mw,fresh_v1_2026-09-25,experiments\out\runs\mvn_mw_d10_B5e4_seed113\result.h5,06bafbc9c4a4f34c70e4c1f7bf5d927b179ac9264f586bdd8ff1930b0a2a4889,BAT PriorToGaussian (PriorSubstitution); theta_j = 2 L Phi(z_j) - L,ab3a07d24c90c33d24ec948a874e84cf4a8216c76c6a8b36113ecaee564f6853,202610352113,14902,35098.0,50000.0,0.10799980163574219,full_remaining_budget,ok,8,vale24,1.11.6,2026-09-25T19:11:32,254e9852dede4aa6ee4547e114ff8f608824914d,254e9852dede4aa6ee4547e114ff8f608824914d
mvn,10,50000.0,137,mw,fresh_v1_2026-09-25,experiments\out\runs\mvn_mw_d10_B5e4_seed137\result.h5,bdd92f39a588c583dce88134f469e85849c09b03b09e256c01d884e33041d9d1,BAT PriorToGaussian (PriorSubstitution); theta_j = 2 L Phi(z_j) - L,4cda2cdc473413a31340c3cee8ac53c2db37d69442aec5f74593f207f48ad72f,202610352137,13881,36119.0,50000.0,0.37800002098083496,full_remaining_budget,ok,8,vale24,1.11.6,2026-09-25T19:11:32,254e9852dede4aa6ee4547e114ff8f608824914d,254e9852dede4aa6ee4547e114ff8f608824914d
mvn,10,50000.0,173,mw,fresh_v1_2026-09-25,experiments\out\runs\mvn_mw_d10_B5e4_seed173\result.h5,776b224bc58b949c670338c1c41045d2d5f8161e4f41eb0dc10ae871df4b37dc,BAT PriorToGaussian (PriorSubstitution); theta_j = 2 L Phi(z_j) - L,4bf6e998c937813e8e6744b33dc5420025075b6e924a6e58f51268552dcda423,202610352173,16333,33667.0,50000.0,0.12599992752075195,full_remaining_budget,ok,8,vale24,1.11.6,2026-09-25T19:11:33,254e9852dede4aa6ee4547e114ff8f608824914d,254e9852dede4aa6ee4547e114ff8f608824914d
mvn,10,50000.0,211,mw,fresh_v1_2026-09-25,experiments\out\runs\mvn_mw_d10_B5e4_seed211\result.h5,ae0983fbd252fc649895899250d288328af21d7c04bc2793d4834adcf383766f,BAT PriorToGaussian (PriorSubstitution); theta_j = 2 L Phi(z_j) - L,d5b05352e2015a2312cc8142ce0627688e05cdcfd6f9f95579818f1a3eea9026,202610352211,16345,33655.0,50000.0,0.11899995803833008,full_remaining_budget,ok,8,vale24,1.11.6,2026-09-25T19:11:34,254e9852dede4aa6ee4547e114ff8f608824914d,254e9852dede4aa6ee4547e114ff8f608824914d
mvn,10,50000.0,239,mw,fresh_v1_2026-09-25,experiments\out\runs\mvn_mw_d10_B5e4_seed239\result.h5,92d8b0d477576f3daeebd60111ad2cc74034f66a4c612f26d2736b30e61ba2c4,BAT PriorToGaussian (PriorSubstitution); theta_j = 2 L Phi(z_j) - L,af400ffaa80b1e865f73c6fa0d9d540f93c23d010aaccb660e4b2b4234a82d25,202610352239,16529,33471.0,50000.0,0.18000006675720215,full_remaining_budget,ok,8,vale24,1.11.6,2026-09-25T19:11:35,254e9852dede4aa6ee4547e114ff8f608824914d,254e9852dede4aa6ee4547e114ff8f608824914d
mvn,10,50000.0,277,mw,fresh_v1_2026-09-25,experiments\out\runs\mvn_mw_d10_B5e4_seed277\result.h5,b8a8fb4a667d0fdc6ceef69d61d91c2f32b4cfda5dc6f4932409db2f65e19e06,BAT PriorToGaussian (PriorSubstitution); theta_j = 2 L Phi(z_j) - L,50a5f16a1d28617fd7086bffb99626eb4d78ca46e3706e5319591f4457617feb,202610352277,15253,34747.0,50000.0,0.10900020599365234,full_remaining_budget,ok,8,vale24,1.11.6,2026-09-25T19:11:36,254e9852dede4aa6ee4547e114ff8f608824914d,254e9852dede4aa6ee4547e114ff8f608824914d
mvn,10,50000.0,313,mw,fresh_v1_2026-09-25,experiments\out\runs\mvn_mw_d10_B5e4_seed313\result.h5,ac9e796c88f376dc409d79ceb8cc7bb2c662742cecc9e2c7ba50db4e203238bc,BAT PriorToGaussian (PriorSubstitution); theta_j = 2 L Phi(z_j) - L,55062632f7b63a79efc52de131c5bd762ad934c225524173710b19bab840597f,202610352313,14539,35461.0,50000.0,0.12800002098083496,full_remaining_budget,ok,8,vale24,1.11.6,2026-09-25T19:11:37,254e9852dede4aa6ee4547e114ff8f608824914d,254e9852dede4aa6ee4547e114ff8f608824914d
mvn,10,50000.0,359,mw,fresh_v1_2026-09-25,experiments\out\runs\mvn_mw_d10_B5e4_seed359\result.h5,40f35fe137042c2d3b3bd9bc2c9d8996292aaf6c4f7f3c802a753d5585be35c7,BAT PriorToGaussian (PriorSubstitution); theta_j = 2 L Phi(z_j) - L,4495245d2ca083d69f69416ffa13ee34a4b742028dee0f3c22e2050515e2013a,202610352359,14608,35392.0,50000.0,0.2839999198913574,full_remaining_budget,ok,8,vale24,1.11.6,2026-09-25T19:11:38,254e9852dede4aa6ee4547e114ff8f608824914d,254e9852dede4aa6ee4547e114ff8f608824914d
mvn,10,50000.0,401,mw,fresh_v1_2026-09-25,experiments\out\runs\mvn_mw_d10_B5e4_seed401\result.h5,0fcdc5542e3ed32a4ae4616d99f7dd205e58e43096f2df4f45396c3367513427,BAT PriorToGaussian (PriorSubstitution); theta_j = 2 L Phi(z_j) - L,4faa197b0ed208c90bd96423a91cfb590208972506b73dfae8c75261b45d49d3,202610352401,18798,31202.0,50000.0,0.24000000953674316,full_remaining_budget,ok,8,vale24,1.11.6,2026-09-25T19:11:39,254e9852dede4aa6ee4547e114ff8f608824914d,254e9852dede4aa6ee4547e114ff8f608824914d
mvn,10,50000.0,449,mw,fresh_v1_2026-09-25,experiments\out\runs\mvn_mw_d10_B5e4_seed449\result.h5,55cd95d7d54d55f88beba188e6ca34f5284d03d50c18fc73fd84bdc49fd5c397,BAT PriorToGaussian (PriorSubstitution); theta_j = 2 L Phi(z_j) - L,e7b68ea6c48afd0497a2e4dbb5838887275471b01960ea600878a504f89040af,202610352449,16379,33621.0,50000.0,0.19999980926513672,full_remaining_budget,ok,8,vale24,1.11.6,2026-09-25T19:11:40,254e9852dede4aa6ee4547e114ff8f608824914d,254e9852dede4aa6ee4547e114ff8f608824914d
mvn,10,50000.0,491,mw,fresh_v1_2026-09-25,experiments\out\runs\mvn_mw_d10_B5e4_seed491\result.h5,7ecce3231e563d4f49fa3f79b98c5f73a74bd4480c6284a0db0f38bc6bb6f5f7,BAT PriorToGaussian (PriorSubstitution); theta_j = 2 L Phi(z_j) - L,f053f29ffcfd43e2bfcc9062f602c5eddc2c37df56d26e3db0a6e9347415989b,202610352491,15984,34016.0,50000.0,0.20099997520446777,full_remaining_budget,ok,8,vale24,1.11.6,2026-09-25T19:11:42,254e9852dede4aa6ee4547e114ff8f608824914d,254e9852dede4aa6ee4547e114ff8f608824914d
mvn,10,50000.0,541,mw,fresh_v1_2026-09-25,experiments\out\runs\mvn_mw_d10_B5e4_seed541\result.h5,e3b5275fc37cb0b34d28f44fa95b1c624ad4f9057713b2b0bc2c2c04bd466a23,BAT PriorToGaussian (PriorSubstitution); theta_j = 2 L Phi(z_j) - L,bffb13aa65036a304e244be29d6e89e12e911056357317edc8f4d0aadb01da2a,202610352541,15434,34566.0,50000.0,0.14499998092651367,full_remaining_budget,ok,8,vale24,1.11.6,2026-09-25T19:11:43,254e9852dede4aa6ee4547e114ff8f608824914d,254e9852dede4aa6ee4547e114ff8f608824914d
mvn,10,50000.0,587,mw,fresh_v1_2026-09-25,experiments\out\runs\mvn_mw_d10_B5e4_seed587\result.h5,bc27c7d569fe3431c2403b66c55488c75d10452544ed629e098120352e827ca1,BAT PriorToGaussian (PriorSubstitution); theta_j = 2 L Phi(z_j) - L,23c150ac3f5e8292cab482ca4831dbb68b12cbf2142c81492ac1cc0605c9c0e3,202610352587,16257,33743.0,50000.0,0.1700000762939453,full_remaining_budget,ok,8,vale24,1.11.6,2026-09-25T19:11:44,254e9852dede4aa6ee4547e114ff8f608824914d,254e9852dede4aa6ee4547e114ff8f608824914d
mvn,10,50000.0,631,mw,fresh_v1_2026-09-25,experiments\out\runs\mvn_mw_d10_B5e4_seed631\result.h5,dcbca20a44ed626c96ba8cc139519d48918b7808761778d7a84f078a6c5fd737,BAT PriorToGaussian (PriorSubstitution); theta_j = 2 L Phi(z_j) - L,36922c75c7fe551a005619ce2f9142e1fd4a1ab356d8b553e78407f441885978,202610352631,12757,37243.0,50000.0,0.2589998245239258,full_remaining_budget,ok,8,vale24,1.11.6,2026-09-25T19:11:45,254e9852dede4aa6ee4547e114ff8f608824914d,254e9852dede4aa6ee4547e114ff8f608824914d
mvn,10,50000.0,677,mw,fresh_v1_2026-09-25,experiments\out\runs\mvn_mw_d10_B5e4_seed677\result.h5,7beef19fb276bc50367f229c17da5949a715b2134e4a3316adf4f30c04d5543f,BAT PriorToGaussian (PriorSubstitution); theta_j = 2 L Phi(z_j) - L,6b3ea811f65e31ffd8fcaa7fbaeefca0ee45fcb47dd53c0c494a8ef72f54624a,202610352677,16474,33526.0,50000.0,0.31799983978271484,full_remaining_budget,ok,8,vale24,1.11.6,2026-09-25T19:11:46,254e9852dede4aa6ee4547e114ff8f608824914d,254e9852dede4aa6ee4547e114ff8f608824914d
mvn,10,500000.0,11,mw,fresh_v1_2026-09-25,experiments\out\runs\mvn_mw_d10_B5e5_seed11\result.h5,ebbde15d5b026fb48dac35c6927f64cd3cf7fa99fbd07ecdfd2f8efa60b106b7,BAT PriorToGaussian (PriorSubstitution); theta_j = 2 L Phi(z_j) - L,42e486239cb47bc9ed3ee07e2b14fdaf5cef1c98b99ab383d8626da3524c0024,202610353011,418483,81517.0,500000.0,4.341000080108643,full_remaining_budget,ok,8,vale24,1.11.6,2026-09-25T18:59:38,254e9852dede4aa6ee4547e114ff8f608824914d,254e9852dede4aa6ee4547e114ff8f608824914d
mvn,10,500000.0,23,mw,fresh_v1_2026-09-25,experiments\out\runs\mvn_mw_d10_B5e5_seed23\result.h5,59a0e25c40065e051770b3b2a04d2522f4e8c3b97e52ae3d5bdb52bd82e2679f,BAT PriorToGaussian (PriorSubstitution); theta_j = 2 L Phi(z_j) - L,f9f8d8189a2593a207b874fd96dc22c2fff19eea404e1b6b6db8de2fc26dac46,202610353023,418301,81699.0,500000.0,3.5309998989105225,full_remaining_budget,ok,8,vale24,1.11.6,2026-09-25T18:59:43,254e9852dede4aa6ee4547e114ff8f608824914d,254e9852dede4aa6ee4547e114ff8f608824914d
mvn,10,500000.0,41,mw,fresh_v1_2026-09-25,experiments\out\runs\mvn_mw_d10_B5e5_seed41\result.h5,667d63d26a026814479bf77d5ef1679afc307c1905196b2d43a8ff5571267f8a,BAT PriorToGaussian (PriorSubstitution); theta_j = 2 L Phi(z_j) - L,db069221ca0dcf7c71a6f21a3ae9573c582e5c05e3839257214cc8379997868b,202610353041,418399,81601.0,500000.0,5.788000106811523,full_remaining_budget,ok,8,vale24,1.11.6,2026-09-25T18:59:48,254e9852dede4aa6ee4547e114ff8f608824914d,254e9852dede4aa6ee4547e114ff8f608824914d
mvn,10,500000.0,67,mw,fresh_v1_2026-09-25,experiments\out\runs\mvn_mw_d10_B5e5_seed67\result.h5,ea61a8fb18b5128262159509dc303679908166d6cdcac3417871ab126c0dc294,BAT PriorToGaussian (PriorSubstitution); theta_j = 2 L Phi(z_j) - L,7bfe75b270146a169e151830f1816e3217e4b92997af58037af3f800b29660db,202610353067,417012,82988.0,500000.0,2.9860000610351562,full_remaining_budget,ok,8,vale24,1.11.6,2026-09-25T18:59:55,254e9852dede4aa6ee4547e114ff8f608824914d,254e9852dede4aa6ee4547e114ff8f608824914d
mvn,10,500000.0,97,mw,fresh_v1_2026-09-25,experiments\out\runs\mvn_mw_d10_B5e5_seed97\result.h5,fb110ff36598121e58a60cd4d386b7a2f1ec327ea36761128d603eca19dc1061,BAT PriorToGaussian (PriorSubstitution); theta_j = 2 L Phi(z_j) - L,7a347d37359609aceaea9dddef990ca1f750557e8092e8b523acffea31f393ad,202610353097,421391,78609.0,500000.0,6.277000188827515,full_remaining_budget,ok,8,vale24,1.11.6,2026-09-25T18:59:59,254e9852dede4aa6ee4547e114ff8f608824914d,254e9852dede4aa6ee4547e114ff8f608824914d
mvn,10,500000.0,113,mw,fresh_v1_2026-09-25,experiments\out\runs\mvn_mw_d10_B5e5_seed113\result.h5,6b8f22ce8b186b7e910a32c86ca8faf27c3bc176c57a807d9d14806212a8ac49,BAT PriorToGaussian (PriorSubstitution); theta_j = 2 L Phi(z_j) - L,1ffd80b49d84c8e3e2d510a58b8dd1193469a9bee67626c6b957d6e8d1ba6a97,202610353113,417561,82439.0,500000.0,6.416000127792358,full_remaining_budget,ok,8,vale24,1.11.6,2026-09-25T19:00:07,254e9852dede4aa6ee4547e114ff8f608824914d,254e9852dede4aa6ee4547e114ff8f608824914d
mvn,10,500000.0,137,mw,fresh_v1_2026-09-25,experiments\out\runs\mvn_mw_d10_B5e5_seed137\result.h5,093617ca9a81f2195396aade02999a78844161e7e1b8e5163959694d5031b0d2,BAT PriorToGaussian (PriorSubstitution); theta_j = 2 L Phi(z_j) - L,f35a09baa544d4484b459b8ef6d5d1a2df9fd1f53c243b5c5035a492b37fbfd6,202610353137,415537,84463.0,500000.0,4.661999940872192,full_remaining_budget,ok,8,vale24,1.11.6,2026-09-25T19:00:15,254e9852dede4aa6ee4547e114ff8f608824914d,254e9852dede4aa6ee4547e114ff8f608824914d
mvn,10,500000.0,173,mw,fresh_v1_2026-09-25,experiments\out\runs\mvn_mw_d10_B5e5_seed173\result.h5,6fea29ff4094e69564d60341649a21c7346b40144d1736ad50327aa6746b55d3,BAT PriorToGaussian (PriorSubstitution); theta_j = 2 L Phi(z_j) - L,32c70d52033c91abf771a2632610702b29f0e993ca3cd7b4a193032c14e3c112,202610353173,420431,79569.0,500000.0,5.01200008392334,full_remaining_budget,ok,8,vale24,1.11.6,2026-09-25T19:00:21,254e9852dede4aa6ee4547e114ff8f608824914d,254e9852dede4aa6ee4547e114ff8f608824914d
mvn,10,500000.0,211,mw,fresh_v1_2026-09-25,experiments\out\runs\mvn_mw_d10_B5e5_seed211\result.h5,44b6f0e550a27dad4ba4e737b1f6a0d817db0fd197f83e8ba080caf7024401cc,BAT PriorToGaussian (PriorSubstitution); theta_j = 2 L Phi(z_j) - L,7b5ae583df8a6542ac8e3e2e2514cd62f194f0225a53704566ce8a2ae2625d44,202610353211,419081,80919.0,500000.0,5.9659998416900635,full_remaining_budget,ok,8,vale24,1.11.6,2026-09-25T19:00:27,254e9852dede4aa6ee4547e114ff8f608824914d,254e9852dede4aa6ee4547e114ff8f608824914d
mvn,10,500000.0,239,mw,fresh_v1_2026-09-25,experiments\out\runs\mvn_mw_d10_B5e5_seed239\result.h5,797a7b1bb1a154ef7879e54ef4dae5290e8b9026b0c6732c9d0538aa5b31f844,BAT PriorToGaussian (PriorSubstitution); theta_j = 2 L Phi(z_j) - L,7f80aa36490c21da103462efe42b2fbc17774379ce0b3e48a76b56aaf9ed026e,202610353239,421505,78495.0,500000.0,5.1570000648498535,full_remaining_budget,ok,8,vale24,1.11.6,2026-09-25T19:00:35,254e9852dede4aa6ee4547e114ff8f608824914d,254e9852dede4aa6ee4547e114ff8f608824914d
mvn,10,500000.0,277,mw,fresh_v1_2026-09-25,experiments\out\runs\mvn_mw_d10_B5e5_seed277\result.h5,ef6853ca404bf00d7b6b9bf15ce2f56766fbc3efc8fbb09609e106802d89f56b,BAT PriorToGaussian (PriorSubstitution); theta_j = 2 L Phi(z_j) - L,3fca12e538f5987140e6c28a3ee91da7ce7808556d142968d399c434977c903d,202610353277,420107,79893.0,500000.0,6.550000190734863,full_remaining_budget,ok,8,vale24,1.11.6,2026-09-25T19:00:41,254e9852dede4aa6ee4547e114ff8f608824914d,254e9852dede4aa6ee4547e114ff8f608824914d
mvn,10,500000.0,313,mw,fresh_v1_2026-09-25,experiments\out\runs\mvn_mw_d10_B5e5_seed313\result.h5,d59c77601d5073a8a44078386f020e0abf440d13c2ee5360f0d4638f8e6b10c4,BAT PriorToGaussian (PriorSubstitution); theta_j = 2 L Phi(z_j) - L,60a2b04a1425ee844fb241f7296146e453960b0097b2b4e3c63f19b65f2101ea,202610353313,416940,83060.0,500000.0,6.944999933242798,full_remaining_budget,ok,8,vale24,1.11.6,2026-09-25T19:00:50,254e9852dede4aa6ee4547e114ff8f608824914d,254e9852dede4aa6ee4547e114ff8f608824914d
mvn,10,500000.0,359,mw,fresh_v1_2026-09-25,experiments\out\runs\mvn_mw_d10_B5e5_seed359\result.h5,93da19778f2d4d659271af41effc03b0fb702e080f91e474e00c669c0121e70a,BAT PriorToGaussian (PriorSubstitution); theta_j = 2 L Phi(z_j) - L,1e57951b4787a3ea8baa48fcfd6e1387fd1612d1c862d690ab538deabe6db55b,202610353359,419757,80243.0,500000.0,5.559000015258789,full_remaining_budget,ok,8,vale24,1.11.6,2026-09-25T19:00:59,254e9852dede4aa6ee4547e114ff8f608824914d,254e9852dede4aa6ee4547e114ff8f608824914d
mvn,10,500000.0,401,mw,fresh_v1_2026-09-25,experiments\out\runs\mvn_mw_d10_B5e5_seed401\result.h5,6956678e1a6ddc16ede636773b54087d34d2451c584c307e6999fc1230522222,BAT PriorToGaussian (PriorSubstitution); theta_j = 2 L Phi(z_j) - L,3d973e1853f5536dcec4bf10cfe9fb4fb04e5c851936e940bb249bb6ed1a68c4,202610353401,417488,82512.0,500000.0,5.28600001335144,full_remaining_budget,ok,8,vale24,1.11.6,2026-09-25T19:01:06,254e9852dede4aa6ee4547e114ff8f608824914d,254e9852dede4aa6ee4547e114ff8f608824914d
mvn,10,500000.0,449,mw,fresh_v1_2026-09-25,experiments\out\runs\mvn_mw_d10_B5e5_seed449\result.h5,6f356085576a2b7f72f01c76d0e7c07c1b26c44d5116618f6c2712fd545820e6,BAT PriorToGaussian (PriorSubstitution); theta_j = 2 L Phi(z_j) - L,68af54f36a9ceb0db225ee7228272f9ce61aae8b5108e32c6a0602a56596e27b,202610353449,418483,81517.0,500000.0,8.538000106811523,full_remaining_budget,ok,8,vale24,1.11.6,2026-09-25T19:01:13,254e9852dede4aa6ee4547e114ff8f608824914d,254e9852dede4aa6ee4547e114ff8f608824914d
mvn,10,500000.0,491,mw,fresh_v1_2026-09-25,experiments\out\runs\mvn_mw_d10_B5e5_seed491\result.h5,7a590975fc12c6586b1ddf717ab273d25b493e97cd0a4da8c369c95158085ff6,BAT PriorToGaussian (PriorSubstitution); theta_j = 2 L Phi(z_j) - L,91d88cd06685dec62374d2d4c96180b1e2a4884db646a1937fa3ed2a4505f2aa,202610353491,418417,81583.0,500000.0,5.296000003814697,full_remaining_budget,ok,8,vale24,1.11.6,2026-09-25T19:01:24,254e9852dede4aa6ee4547e114ff8f608824914d,254e9852dede4aa6ee4547e114ff8f608824914d
mvn,10,500000.0,541,mw,fresh_v1_2026-09-25,experiments\out\runs\mvn_mw_d10_B5e5_seed541\result.h5,bf832f39f50bc2d9f94f5cda07c49dd5740ba89a19c3e419fe835b654ce3467f,BAT PriorToGaussian (PriorSubstitution); theta_j = 2 L Phi(z_j) - L,48a21c02a42e0fb6913f508e0df26190db00783c2524a78a79199d08d7037444,202610353541,416826,83174.0,500000.0,5.348999977111816,full_remaining_budget,ok,8,vale24,1.11.6,2026-09-25T19:01:32,254e9852dede4aa6ee4547e114ff8f608824914d,254e9852dede4aa6ee4547e114ff8f608824914d
mvn,10,500000.0,587,mw,fresh_v1_2026-09-25,experiments\out\runs\mvn_mw_d10_B5e5_seed587\result.h5,b945bee23583fa50c755dd96231b8905e6f726ce3ba0c90556a7251df55d529a,BAT PriorToGaussian (PriorSubstitution); theta_j = 2 L Phi(z_j) - L,bc82da9314aaa6677e2a1b1b6bd35454dc8e0100b4f1d70a341dde4a36e12da1,202610353587,421669,78331.0,500000.0,4.409999847412109,full_remaining_budget,ok,8,vale24,1.11.6,2026-09-25T19:01:39,254e9852dede4aa6ee4547e114ff8f608824914d,254e9852dede4aa6ee4547e114ff8f608824914d
mvn,10,500000.0,631,mw,fresh_v1_2026-09-25,experiments\out\runs\mvn_mw_d10_B5e5_seed631\result.h5,4fd2d5d32be6b53406e134768dcbdba0f41083d996a07fba1cadd8e3e121ae5a,BAT PriorToGaussian (PriorSubstitution); theta_j = 2 L Phi(z_j) - L,108a313aaf488812a676406536972b44b444bf4ba1e9bb2dba7ae20debba5a3d,202610353631,417169,82831.0,500000.0,5.177000045776367,full_remaining_budget,ok,8,vale24,1.11.6,2026-09-25T19:01:44,254e9852dede4aa6ee4547e114ff8f608824914d,254e9852dede4aa6ee4547e114ff8f608824914d
mvn,10,500000.0,677,mw,fresh_v1_2026-09-25,experiments\out\runs\mvn_mw_d10_B5e5_seed677\result.h5,9a1bc35ca022b0021a22afa6bf2e5db5b1ac684dcfa52c7f8b5c18fd12ad4927,BAT PriorToGaussian (PriorSubstitution); theta_j = 2 L Phi(z_j) - L,2ed6dd11c23b5ca3f70abb62c40add585fa389d27c8f4d9c65681b907e99911f,202610353677,417871,82129.0,500000.0,4.960999965667725,full_remaining_budget,ok,8,vale24,1.11.6,2026-09-25T19:01:51,254e9852dede4aa6ee4547e114ff8f608824914d,254e9852dede4aa6ee4547e114ff8f608824914d
shell,5,5000.0,11,mw,fresh_v1_2026-09-25,experiments\out\runs\shell_mw_d5_B5e3_seed11\result.h5,090093409717ef63c9da0d4721cb85f7356fc39b9ba9955440d4a8b492b60762,BAT PriorToGaussian (PriorSubstitution); theta_j = 2 L Phi(z_j) - L,f809917c239488f3ab26a7d503cdcd408af7f0fef12387e15e58c6727b45f017,202614301011,0,5027.0,5027.0,,exceeds_strict_budget,,8,vale24,1.11.6,2026-09-25T19:14:47,254e9852dede4aa6ee4547e114ff8f608824914d,254e9852dede4aa6ee4547e114ff8f608824914d
shell,5,5000.0,23,mw,fresh_v1_2026-09-25,experiments\out\runs\shell_mw_d5_B5e3_seed23\result.h5,946c76e99104d797393f187b7c2b61b24f6494345a4b3728a0a378fd19b0a4c3,BAT PriorToGaussian (PriorSubstitution); theta_j = 2 L Phi(z_j) - L,c14e432d39e919353e0c3ac4d9bf9ca868438a7081fc3860e44e67c792212a38,202614301023,0,5027.0,5027.0,,exceeds_strict_budget,,8,vale24,1.11.6,2026-09-25T19:14:47,254e9852dede4aa6ee4547e114ff8f608824914d,254e9852dede4aa6ee4547e114ff8f608824914d
shell,5,5000.0,41,mw,fresh_v1_2026-09-25,experiments\out\runs\shell_mw_d5_B5e3_seed41\result.h5,d87ff203f53778733de4aa6598812f31b26f0a18bdc264040a0d9ef7626b7b58,BAT PriorToGaussian (PriorSubstitution); theta_j = 2 L Phi(z_j) - L,a7d3335ae6919cb36f863cb92f430332e31578ce9c5caf62149ad91faa5596d4,202614301041,0,5027.0,5027.0,,exceeds_strict_budget,,8,vale24,1.11.6,2026-09-25T19:14:47,254e9852dede4aa6ee4547e114ff8f608824914d,254e9852dede4aa6ee4547e114ff8f608824914d
shell,5,5000.0,67,mw,fresh_v1_2026-09-25,experiments\out\runs\shell_mw_d5_B5e3_seed67\result.h5,e30230b69280492b385c6ee2130c1999b82b0299c47b6a32a29ab69deaaf23bd,BAT PriorToGaussian (PriorSubstitution); theta_j = 2 L Phi(z_j) - L,6b0348445c49eb11b37304b744330f0fb9fee40d3a623bd59c868f388b8ac5ed,202614301067,0,5027.0,5027.0,,exceeds_strict_budget,,8,vale24,1.11.6,2026-09-25T19:14:47,254e9852dede4aa6ee4547e114ff8f608824914d,254e9852dede4aa6ee4547e114ff8f608824914d
shell,5,5000.0,97,mw,fresh_v1_2026-09-25,experiments\out\runs\shell_mw_d5_B5e3_seed97\result.h5,601a91c0268e7ef665c75d370c32b717ca2ff52e64c333d243c2ea2ee9c99f29,BAT PriorToGaussian (PriorSubstitution); theta_j = 2 L Phi(z_j) - L,7dcb6461895effb5f83c3344689d924c1e0bd72bd639283bbf7707edd1ddfb90,202614301097,0,5027.0,5027.0,,exceeds_strict_budget,,8,vale24,1.11.6,2026-09-25T19:14:47,254e9852dede4aa6ee4547e114ff8f608824914d,254e9852dede4aa6ee4547e114ff8f608824914d
shell,5,50000.0,11,mw,fresh_v1_2026-09-25,experiments\out\runs\shell_mw_d5_B5e4_seed11\result.h5,554b3f1fca5cfdaa981f130d240643a143429b81ca3e0df6c83d7497f7397798,BAT PriorToGaussian (PriorSubstitution); theta_j = 2 L Phi(z_j) - L,34aa0f4e7715d4e16894bef64beab64a18e9e9812073351ae343966032bda44a,202614302011,37909,12091.0,50000.0,0.4960000514984131,full_remaining_budget,ok,8,vale24,1.11.6,2026-09-25T19:13:25,254e9852dede4aa6ee4547e114ff8f608824914d,254e9852dede4aa6ee4547e114ff8f608824914d
shell,5,50000.0,23,mw,fresh_v1_2026-09-25,experiments\out\runs\shell_mw_d5_B5e4_seed23\result.h5,8d26d177da6b8d88837ea2e77007a75315fac405fb0292d600149745d93d65ac,BAT PriorToGaussian (PriorSubstitution); theta_j = 2 L Phi(z_j) - L,5e71ad806baa6aae1a80b1c78f960224f6c2ddf7e0769f21b7a9193358271cc0,202614302023,37909,12091.0,50000.0,0.13299989700317383,full_remaining_budget,ok,8,vale24,1.11.6,2026-09-25T19:13:26,254e9852dede4aa6ee4547e114ff8f608824914d,254e9852dede4aa6ee4547e114ff8f608824914d
shell,5,50000.0,41,mw,fresh_v1_2026-09-25,experiments\out\runs\shell_mw_d5_B5e4_seed41\result.h5,d4e985b9abebfa2ac1452e385872ea6e27781bcae7b69152de29a7d787639e23,BAT PriorToGaussian (PriorSubstitution); theta_j = 2 L Phi(z_j) - L,b653a3fa4984b1118c2cef7b53ffa907da0a3a63a75e75583205b3db2073e1a2,202614302041,37909,12091.0,50000.0,0.15599989891052246,full_remaining_budget,ok,8,vale24,1.11.6,2026-09-25T19:13:26,254e9852dede4aa6ee4547e114ff8f608824914d,254e9852dede4aa6ee4547e114ff8f608824914d
shell,5,50000.0,67,mw,fresh_v1_2026-09-25,experiments\out\runs\shell_mw_d5_B5e4_seed67\result.h5,d47a41c9d0c0beddede082f605c8e256399cf65bd80b6dc55cd874f74409f63c,BAT PriorToGaussian (PriorSubstitution); theta_j = 2 L Phi(z_j) - L,cf0e7b5e3e6d50613b24d5f64aad696f2331d435ecb8c60b6d3685836bdcd061,202614302067,37909,12091.0,50000.0,0.14700007438659668,full_remaining_budget,ok,8,vale24,1.11.6,2026-09-25T19:13:27,254e9852dede4aa6ee4547e114ff8f608824914d,254e9852dede4aa6ee4547e114ff8f608824914d
shell,5,50000.0,97,mw,fresh_v1_2026-09-25,experiments\out\runs\shell_mw_d5_B5e4_seed97\result.h5,03518553c52f75d01613df5cf282c19599f4d459b981e55bfc2f30e2ff7e840f,BAT PriorToGaussian (PriorSubstitution); theta_j = 2 L Phi(z_j) - L,57f874d15b969b5c2acbbb0223688757427458bb6a0790c72bbd83dd233db115,202614302097,37909,12091.0,50000.0,0.23600006103515625,full_remaining_budget,ok,8,vale24,1.11.6,2026-09-25T19:13:27,254e9852dede4aa6ee4547e114ff8f608824914d,254e9852dede4aa6ee4547e114ff8f608824914d
shell,5,500000.0,11,mw,fresh_v1_2026-09-25,experiments\out\runs\shell_mw_d5_B5e5_seed11\result.h5,d047726816b223d9a6af8a914b04ea415f2a154d1c77a7f8af4779992983a8b6,BAT PriorToGaussian (PriorSubstitution); theta_j = 2 L Phi(z_j) - L,12a5cb8b48ba429f637d5286aaf971ffcb6397d26dafc1eba3c4ee8f6eb4de98,202614303011,438092,61908.0,500000.0,3.2719998359680176,full_remaining_budget,ok,8,vale24,1.11.6,2026-09-25T18:56:23,254e9852dede4aa6ee4547e114ff8f608824914d,254e9852dede4aa6ee4547e114ff8f608824914d
shell,5,500000.0,23,mw,fresh_v1_2026-09-25,experiments\out\runs\shell_mw_d5_B5e5_seed23\result.h5,392a65f27d5d73263b84120643a43312f887e56376dc121907c986260b96629d,BAT PriorToGaussian (PriorSubstitution); theta_j = 2 L Phi(z_j) - L,6bd458a82467b8b5a2f97bca1f93eb533da17360ea2b9d484c535cc53cf2a298,202614303023,438092,61908.0,500000.0,4.007999897003174,full_remaining_budget,ok,8,vale24,1.11.6,2026-09-25T18:56:28,254e9852dede4aa6ee4547e114ff8f608824914d,254e9852dede4aa6ee4547e114ff8f608824914d
shell,5,500000.0,41,mw,fresh_v1_2026-09-25,experiments\out\runs\shell_mw_d5_B5e5_seed41\result.h5,c523538f2267b96537b8d44b443a8b7155b01338a857f90c7014980700fc5693,BAT PriorToGaussian (PriorSubstitution); theta_j = 2 L Phi(z_j) - L,21647cd3d5cb6e22c710137909d91f19875c70a6d42d600aaca400202e63febd,202614303041,438092,61908.0,500000.0,2.4160001277923584,full_remaining_budget,ok,8,vale24,1.11.6,2026-09-25T18:56:33,254e9852dede4aa6ee4547e114ff8f608824914d,254e9852dede4aa6ee4547e114ff8f608824914d
shell,5,500000.0,67,mw,fresh_v1_2026-09-25,experiments\out\runs\shell_mw_d5_B5e5_seed67\result.h5,da6a4d2bf7f391a0ccc3f040ebe88a538f686613adf3952b740f11067ed27fbe,BAT PriorToGaussian (PriorSubstitution); theta_j = 2 L Phi(z_j) - L,9e50e6155b1f386f2926fa65ecc4999b98c744a143bea49a16ef5d8419de326d,202614303067,438092,61908.0,500000.0,2.763000011444092,full_remaining_budget,ok,8,vale24,1.11.6,2026-09-25T18:56:36,254e9852dede4aa6ee4547e114ff8f608824914d,254e9852dede4aa6ee4547e114ff8f608824914d
shell,5,500000.0,97,mw,fresh_v1_2026-09-25,experiments\out\runs\shell_mw_d5_B5e5_seed97\result.h5,c27c335748f3f77697df6c0339188aabdbd9be07faf397728fd7a22ce1d5c8e5,BAT PriorToGaussian (PriorSubstitution); theta_j = 2 L Phi(z_j) - L,ad441b3604957c33ab23aea240681a5d29919b01c585608c77d4bec3a7a3dba4,202614303097,438092,61908.0,500000.0,3.565999984741211,full_remaining_budget,ok,8,vale24,1.11.6,2026-09-25T18:56:40,254e9852dede4aa6ee4547e114ff8f608824914d,254e9852dede4aa6ee4547e114ff8f608824914d
