n_regions,B,problem,algorithm,admissible,estimator,N_points,d,TV_partition,coverage_quarter,notes,mode_recovery_v1,seed
4,5000.0,mridges,is,true,output,5000,2,0.014312310676865184,1.0,,1.0,11
4,5000.0,mridges,is,true,output,5000,2,0.04289574866163247,1.0,,1.0,23
4,5000.0,mridges,is,true,output,5000,2,0.049020088361552486,1.0,,1.0,41
4,5000.0,mridges,is,true,output,5000,2,0.020921590812455038,1.0,,1.0,67
4,5000.0,mridges,is,true,output,5000,2,0.06655384768145711,1.0,,1.0,97
4,5000.0,mridges,is,true,output,5000,2,0.048038431047945696,1.0,,1.0,113
4,5000.0,mridges,is,true,output,5000,2,0.03912299172333211,1.0,,1.0,137
4,5000.0,mridges,is,true,output,5000,2,0.015174325568021313,1.0,,1.0,173
4,5000.0,mridges,is,true,output,5000,2,0.13918294343609341,1.0,,1.0,211
4,5000.0,mridges,is,true,output,5000,2,0.05814624791328732,1.0,,1.0,239
4,5000.0,mridges,is,true,output,5000,2,0.04449635299305382,1.0,,1.0,277
4,5000.0,mridges,is,true,output,5000,2,0.03342741403565584,1.0,,1.0,313
4,5000.0,mridges,is,true,output,5000,2,0.024728294991366126,1.0,,1.0,359
4,5000.0,mridges,is,true,output,5000,2,0.05154842478468322,1.0,,1.0,401
4,5000.0,mridges,is,true,output,5000,2,0.036921232050007,1.0,,1.0,449
4,5000.0,mridges,is,true,output,5000,2,0.06282906300694897,1.0,,1.0,491
4,5000.0,mridges,is,true,output,5000,2,0.09846665223251247,1.0,,1.0,541
4,5000.0,mridges,is,true,output,5000,2,0.05835705633413245,1.0,,1.0,587
4,5000.0,mridges,is,true,output,5000,2,0.0369634352214112,1.0,,1.0,631
4,5000.0,mridges,is,true,output,5000,2,0.057857825351297354,1.0,,1.0,677
4,50000.0,mridges,is,true,output,50000,2,0.019030450442411542,1.0,,1.0,11
4,50000.0,mridges,is,true,output,50000,2,0.02934696810820818,1.0,,1.0,23
4,50000.0,mridges,is,true,output,50000,2,0.01518788176637148,1.0,,1.0,41
4,50000.0,mridges,is,true,output,50000,2,0.011542705455272681,1.0,,1.0,67
4,50000.0,mridges,is,true,output,50000,2,0.012526833782120994,1.0,,1.0,97
4,50000.0,mridges,is,true,output,50000,2,0.019461837715356062,1.0,,1.0,113
4,50000.0,mridges,is,true,output,50000,2,0.015457652488745643,1.0,,1.0,137
4,50000.0,mridges,is,true,output,50000,2,0.027386301775461877,1.0,,1.0,173
4,50000.0,mridges,is,true,output,50000,2,0.018559571478168807,1.0,,1.0,211
4,50000.0,mridges,is,true,output,50000,2,0.010050307205712802,1.0,,1.0,239
4,50000.0,mridges,is,true,output,50000,2,0.012148263712615431,1.0,,1.0,277
4,50000.0,mridges,is,true,output,50000,2,0.016159264188457187,1.0,,1.0,313
4,50000.0,mridges,is,true,output,50000,2,0.00915606461572574,1.0,,1.0,359
4,50000.0,mridges,is,true,output,50000,2,0.026620609386038677,1.0,,1.0,401
4,50000.0,mridges,is,true,output,50000,2,0.012966632695702904,1.0,,1.0,449
4,50000.0,mridges,is,true,output,50000,2,0.03221162982292505,1.0,,1.0,491
4,50000.0,mridges,is,true,output,50000,2,0.021392765166558775,1.0,,1.0,541
4,50000.0,mridges,is,true,output,50000,2,0.0140496991422501,1.0,,1.0,587
4,50000.0,mridges,is,true,output,50000,2,0.01821881301159281,1.0,,1.0,631
4,50000.0,mridges,is,true,output,50000,2,0.00897165576767682,1.0,,1.0,677
4,500000.0,mridges,is,true,output,500000,2,0.006259429834686317,1.0,,1.0,11
4,500000.0,mridges,is,true,output,500000,2,0.005033679271367039,1.0,,1.0,23
4,500000.0,mridges,is,true,output,500000,2,0.0072952518873210664,1.0,,1.0,41
4,500000.0,mridges,is,true,output,500000,2,0.004657044493496229,1.0,,1.0,67
4,500000.0,mridges,is,true,output,500000,2,0.0035825873727047125,1.0,,1.0,97
4,500000.0,mridges,is,true,output,500000,2,0.008336461514290017,1.0,,1.0,113
4,500000.0,mridges,is,true,output,500000,2,0.005583593269704701,1.0,,1.0,137
4,500000.0,mridges,is,true,output,500000,2,0.004875854778361291,1.0,,1.0,173
4,500000.0,mridges,is,true,output,500000,2,0.002372737152274637,1.0,,1.0,211
4,500000.0,mridges,is,true,output,500000,2,0.006529599910621436,1.0,,1.0,239
4,500000.0,mridges,is,true,output,500000,2,0.00985967294524015,1.0,,1.0,277
4,500000.0,mridges,is,true,output,500000,2,0.003726628390364861,1.0,,1.0,313
4,500000.0,mridges,is,true,output,500000,2,0.005278311192059473,1.0,,1.0,359
4,500000.0,mridges,is,true,output,500000,2,0.007276665990970016,1.0,,1.0,401
4,500000.0,mridges,is,true,output,500000,2,0.0024775536889087707,1.0,,1.0,449
4,500000.0,mridges,is,true,output,500000,2,0.005984210812823285,1.0,,1.0,491
4,500000.0,mridges,is,true,output,500000,2,0.006829661131940071,1.0,,1.0,541
4,500000.0,mridges,is,true,output,500000,2,0.004091210357805172,1.0,,1.0,587
4,500000.0,mridges,is,true,output,500000,2,0.004053194186938572,1.0,,1.0,631
4,500000.0,mridges,is,true,output,500000,2,0.009562121279659455,1.0,,1.0,677
4,5000.0,mridges,mh,false,output,4792,2,0.1646494219093395,1.0,RHAT-FAIL,1.0,11
4,5000.0,mridges,mh,false,output,4792,2,0.18405676126878134,1.0,RHAT-FAIL,1.0,23
4,5000.0,mridges,mh,false,output,4636,2,0.046807592752372756,1.0,RHAT-FAIL,1.0,41
4,5000.0,mridges,mh,false,output,4636,2,0.06147541294432468,1.0,RHAT-FAIL,1.0,67
4,5000.0,mridges,mh,false,output,4792,2,0.11644407345575962,1.0,RHAT-FAIL,1.0,97
4,5000.0,mridges,mh,false,output,4532,2,0.03839364829802079,1.0,RHAT-FAIL,1.0,113
4,5000.0,mridges,mh,false,output,4584,2,0.07918848167539266,1.0,RHAT-FAIL,1.0,137
4,5000.0,mridges,mh,false,output,4584,2,0.1900087260034904,1.0,RHAT-FAIL,1.0,173
4,5000.0,mridges,mh,false,output,4532,2,0.12952339234038618,1.0,RHAT-FAIL,1.0,211
4,5000.0,mridges,mh,false,output,4584,2,0.11191098854787979,1.0,RHAT-FAIL,1.0,239
4,5000.0,mridges,mh,false,output,4532,2,0.20829655159460275,1.0,RHAT-FAIL,1.0,277
4,5000.0,mridges,mh,false,output,4532,2,0.02581641659311562,1.0,RHAT-FAIL,1.0,313
4,5000.0,mridges,mh,false,output,4792,2,0.028589318634135552,1.0,RHAT-FAIL,1.0,359
4,5000.0,mridges,mh,false,output,4792,2,0.1379382334922324,1.0,RHAT-FAIL,1.0,401
4,5000.0,mridges,mh,false,output,4792,2,0.10872287145242067,1.0,RHAT-FAIL,1.0,449
4,5000.0,mridges,mh,false,output,4532,2,0.13415710192263242,1.0,RHAT-FAIL,1.0,491
4,5000.0,mridges,mh,false,output,4792,2,0.11352253756260433,1.0,RHAT-FAIL,1.0,541
4,5000.0,mridges,mh,true,output,4688,2,0.04138225566798605,1.0,,1.0,587
4,5000.0,mridges,mh,false,output,4584,2,0.11671029979237772,1.0,RHAT-FAIL,1.0,631
4,5000.0,mridges,mh,false,output,4792,2,0.14732887836085617,1.0,RHAT-FAIL,1.0,677
4,50000.0,mridges,mh,true,output,47236,2,0.030845121238498696,1.0,,1.0,11
4,50000.0,mridges,mh,true,output,48492,2,0.06153592966780906,1.0,,1.0,23
4,50000.0,mridges,mh,true,output,47236,2,0.061880768905072395,1.0,,1.0,41
4,50000.0,mridges,mh,true,output,47236,2,0.01748665960661938,1.0,,1.0,67
4,50000.0,mridges,mh,true,output,48492,2,0.06246390535652485,1.0,,1.0,97
4,50000.0,mridges,mh,false,output,48492,2,0.0418419564201456,1.0,RHAT-FAIL,1.0,113
4,50000.0,mridges,mh,true,output,47544,2,0.04469544001346121,1.0,,1.0,137
4,50000.0,mridges,mh,true,output,48492,2,0.06174213681738437,1.0,,1.0,173
4,50000.0,mridges,mh,true,output,48492,2,0.05485441519119438,1.0,,1.0,211
4,50000.0,mridges,mh,true,output,48492,2,0.02757155508690716,1.0,,1.0,239
4,50000.0,mridges,mh,false,output,48492,2,0.0158376670528272,1.0,RHAT-FAIL,1.0,277
4,50000.0,mridges,mh,false,output,45968,2,0.04775061533590552,1.0,RHAT-FAIL,1.0,313
4,50000.0,mridges,mh,true,output,48492,2,0.05805080628863735,1.0,,1.0,359
4,50000.0,mridges,mh,true,output,48492,2,0.02171491894073868,1.0,,1.0,401
4,50000.0,mridges,mh,true,output,48492,2,0.030953562458254896,1.0,,1.0,449
4,50000.0,mridges,mh,true,output,48492,2,0.061742149250420625,1.0,,1.0,491
4,50000.0,mridges,mh,true,output,47236,2,0.05258701301595657,1.0,,1.0,541
4,50000.0,mridges,mh,true,output,47236,2,0.0724870830124963,1.0,,1.0,587
4,50000.0,mridges,mh,true,output,48492,2,0.03419120368873835,1.0,,1.0,631
4,50000.0,mridges,mh,true,output,48492,2,0.03204652313783714,1.0,,1.0,677
4,500000.0,mridges,mh,true,output,484992,2,0.017350801662707846,1.0,,1.0,11
4,500000.0,mridges,mh,true,output,484992,2,0.012820830034309838,1.0,,1.0,23
4,500000.0,mridges,mh,true,output,484992,2,0.008633132092900508,1.0,,1.0,41
4,500000.0,mridges,mh,true,output,484992,2,0.013773423066772261,1.0,,1.0,67
4,500000.0,mridges,mh,true,output,484992,2,0.013101243922619826,1.0,,1.0,97
4,500000.0,mridges,mh,true,output,484992,2,0.029874725799521565,1.0,,1.0,113
4,500000.0,mridges,mh,true,output,484992,2,0.010930077197149626,1.0,,1.0,137
4,500000.0,mridges,mh,true,output,484992,2,0.026350947010505818,1.0,,1.0,173
4,500000.0,mridges,mh,true,output,484992,2,0.02961904837086131,1.0,,1.0,211
4,500000.0,mridges,mh,true,output,484992,2,0.014540442919716678,1.0,,1.0,239
4,500000.0,mridges,mh,true,output,484992,2,0.018787938770124038,1.0,,1.0,277
4,500000.0,mridges,mh,true,output,484992,2,0.0028474696489838858,1.0,,1.0,313
4,500000.0,mridges,mh,true,output,484992,2,0.012769282792293488,1.0,,1.0,359
4,500000.0,mridges,mh,true,output,484992,2,0.010736253350649982,1.0,,1.0,401
4,500000.0,mridges,mh,true,output,484992,2,0.01039398588017948,1.0,,1.0,449
4,500000.0,mridges,mh,true,output,484992,2,0.012963103530534037,1.0,,1.0,491
4,500000.0,mridges,mh,true,output,484992,2,0.02435710279757193,1.0,,1.0,541
4,500000.0,mridges,mh,true,output,484992,2,0.01873639774462582,1.0,,1.0,587
4,500000.0,mridges,mh,true,output,484992,2,0.021957060101031003,1.0,,1.0,631
4,500000.0,mridges,mh,true,output,484992,2,0.02638600535159502,1.0,,1.0,677
4,5000.0,mridges,nuts,false,population,0,2,NaN,NaN,budget-infeasible (one trajectory ~ 1.41xB > 1.2B),NaN,11
4,5000.0,mridges,nuts,false,population,0,2,NaN,NaN,budget-infeasible (one trajectory ~ 1.23xB > 1.2B),NaN,23
4,5000.0,mridges,nuts,false,population,0,2,NaN,NaN,budget-infeasible (one trajectory ~ 1.59xB > 1.2B),NaN,41
4,5000.0,mridges,nuts,true,output,7,2,0.750000003108259,0.25,,0.25,67
4,5000.0,mridges,nuts,false,population,0,2,NaN,NaN,budget-infeasible (one trajectory ~ 1.63xB > 1.2B),NaN,97
4,5000.0,mridges,nuts,false,population,0,2,NaN,NaN,budget-infeasible (one trajectory ~ 1.23xB > 1.2B),NaN,113
4,5000.0,mridges,nuts,false,output,8,2,0.749999996891741,0.25,RHAT-FAIL,0.25,137
4,5000.0,mridges,nuts,false,population,0,2,NaN,NaN,budget-infeasible (one trajectory ~ 1.8xB > 1.2B),NaN,173
4,5000.0,mridges,nuts,false,population,0,2,NaN,NaN,budget-infeasible (one trajectory ~ 2.13xB > 1.2B),NaN,211
4,5000.0,mridges,nuts,false,population,0,2,NaN,NaN,budget-infeasible (one trajectory ~ 1.58xB > 1.2B),NaN,239
4,5000.0,mridges,nuts,false,population,0,2,NaN,NaN,budget-infeasible (one trajectory ~ 1.77xB > 1.2B),NaN,277
4,5000.0,mridges,nuts,false,population,0,2,NaN,NaN,budget-infeasible (one trajectory ~ 1.51xB > 1.2B),NaN,313
4,5000.0,mridges,nuts,false,population,0,2,NaN,NaN,budget-infeasible (one trajectory ~ 1.39xB > 1.2B),NaN,359
4,5000.0,mridges,nuts,false,output,6,2,0.750000003108259,0.25,RHAT-FAIL,0.25,401
4,5000.0,mridges,nuts,false,output,8,2,0.750000003108259,0.25,RHAT-FAIL,0.25,449
4,5000.0,mridges,nuts,false,population,0,2,NaN,NaN,budget-infeasible (one trajectory ~ 1.54xB > 1.2B),NaN,491
4,5000.0,mridges,nuts,false,population,0,2,NaN,NaN,budget-infeasible (one trajectory ~ 1.61xB > 1.2B),NaN,541
4,5000.0,mridges,nuts,false,population,0,2,NaN,NaN,budget-infeasible (one trajectory ~ 1.38xB > 1.2B),NaN,587
4,5000.0,mridges,nuts,false,population,0,2,NaN,NaN,budget-infeasible (one trajectory ~ 1.33xB > 1.2B),NaN,631
4,5000.0,mridges,nuts,false,population,0,2,NaN,NaN,budget-infeasible (one trajectory ~ 1.48xB > 1.2B),NaN,677
4,50000.0,mridges,nuts,false,output,1734,2,0.1997693521600274,0.75,RHAT-FAIL,1.0,11
4,50000.0,mridges,nuts,false,output,1176,2,0.3501506024096386,0.75,RHAT-FAIL,0.75,23
4,50000.0,mridges,nuts,false,output,1356,2,0.25180565296635393,0.75,RHAT-FAIL,0.75,41
4,50000.0,mridges,nuts,false,output,1640,2,0.2500000031082591,0.75,RHAT-FAIL,0.75,67
4,50000.0,mridges,nuts,false,output,1396,2,0.25379746524617136,0.75,RHAT-FAIL,1.0,97
4,50000.0,mridges,nuts,true,output,1617,2,0.5000000062165182,0.5,,0.5,113
4,50000.0,mridges,nuts,false,output,1328,2,0.1745791276873836,1.0,RHAT-FAIL,1.0,137
4,50000.0,mridges,nuts,false,output,1284,2,0.2727272727272727,0.75,RHAT-FAIL,0.75,173
4,50000.0,mridges,nuts,false,output,1016,2,0.2966434145029005,1.0,RHAT-FAIL,1.0,211
4,50000.0,mridges,nuts,false,output,820,2,0.09061135682004944,1.0,RHAT-FAIL,1.0,239
4,50000.0,mridges,nuts,false,output,932,2,0.13504673208022172,1.0,RHAT-FAIL,1.0,277
4,50000.0,mridges,nuts,true,output,2184,2,0.749999996891741,0.25,,0.25,313
4,50000.0,mridges,nuts,false,output,900,2,0.3180473403863656,0.75,RHAT-FAIL,0.75,359
4,50000.0,mridges,nuts,false,output,1158,2,0.11574073763248165,1.0,RHAT-FAIL,1.0,401
4,50000.0,mridges,nuts,false,output,1176,2,0.25000000310825904,0.75,RHAT-FAIL,0.75,449
4,50000.0,mridges,nuts,false,output,1208,2,0.04398826979472141,1.0,RHAT-FAIL,1.0,491
4,50000.0,mridges,nuts,false,output,1404,2,0.09764413513500075,1.0,RHAT-FAIL,1.0,541
4,50000.0,mridges,nuts,false,output,1452,2,0.25000000310825904,0.75,RHAT-FAIL,0.75,587
4,50000.0,mridges,nuts,false,output,1497,2,0.49999999378348187,0.5,RHAT-FAIL,0.5,631
4,50000.0,mridges,nuts,false,output,908,2,0.25000000310825904,0.75,RHAT-FAIL,0.75,677
4,500000.0,mridges,nuts,false,output,26000,2,0.24302955261685105,1.0,RHAT-FAIL,1.0,11
4,500000.0,mridges,nuts,false,output,18944,2,0.1661549470096752,1.0,RHAT-FAIL,1.0,23
4,500000.0,mridges,nuts,false,output,31532,2,0.38887296291281864,0.75,RHAT-FAIL,1.0,41
4,500000.0,mridges,nuts,false,output,32960,2,0.11350401365655044,1.0,RHAT-FAIL,1.0,67
4,500000.0,mridges,nuts,false,output,32292,2,0.02334883540436461,1.0,RHAT-FAIL,1.0,97
4,500000.0,mridges,nuts,false,output,20672,2,0.1062679739072723,1.0,RHAT-FAIL,1.0,113
4,500000.0,mridges,nuts,false,output,23004,2,0.15272480946220862,1.0,RHAT-FAIL,1.0,137
4,500000.0,mridges,nuts,false,output,21156,2,0.038806349350757344,1.0,RHAT-FAIL,1.0,173
4,500000.0,mridges,nuts,false,output,32620,2,0.04377367207684894,1.0,RHAT-FAIL,1.0,211
4,500000.0,mridges,nuts,false,output,31340,2,0.17882662033481694,1.0,RHAT-FAIL,1.0,239
4,500000.0,mridges,nuts,false,output,27540,2,0.19819628048796406,1.0,RHAT-FAIL,1.0,277
4,500000.0,mridges,nuts,false,output,24712,2,0.03993531721855394,1.0,RHAT-FAIL,1.0,313
4,500000.0,mridges,nuts,false,output,31020,2,0.2536447461278781,0.75,RHAT-FAIL,1.0,359
4,500000.0,mridges,nuts,false,output,27132,2,0.060628789316892626,1.0,RHAT-FAIL,1.0,401
4,500000.0,mridges,nuts,false,output,21944,2,0.19962616968620545,1.0,RHAT-FAIL,1.0,449
4,500000.0,mridges,nuts,false,output,18148,2,0.08688084655365391,1.0,RHAT-FAIL,1.0,491
4,500000.0,mridges,nuts,false,output,32572,2,0.09694445066096258,1.0,RHAT-FAIL,1.0,541
4,500000.0,mridges,nuts,false,output,31448,2,0.14580935459321626,1.0,RHAT-FAIL,1.0,587
4,500000.0,mridges,nuts,false,output,35124,2,0.3450224555120747,0.75,RHAT-FAIL,1.0,631
4,500000.0,mridges,nuts,false,output,30520,2,0.12940739640576265,1.0,RHAT-FAIL,1.0,677
4,5000.0,mridges,ns,true,output,1302,2,0.1011518663730578,1.0,,1.0,11
4,5000.0,mridges,ns,true,output,1303,2,0.041744580033446624,1.0,,1.0,23
4,5000.0,mridges,ns,true,output,1303,2,0.05394229169420445,1.0,,1.0,41
4,5000.0,mridges,ns,true,output,1267,2,0.03694739226733612,1.0,,1.0,67
4,5000.0,mridges,ns,true,output,1269,2,0.00871012005643794,1.0,,1.0,97
4,5000.0,mridges,ns,true,output,1289,2,0.0872319118817076,1.0,,1.0,113
4,5000.0,mridges,ns,true,output,1237,2,0.09716862318440604,1.0,,1.0,137
4,5000.0,mridges,ns,true,output,1276,2,0.06735354752741214,1.0,,1.0,173
4,5000.0,mridges,ns,true,output,1309,2,0.06591626945406143,1.0,,1.0,211
4,5000.0,mridges,ns,true,output,1285,2,0.06688355778815709,1.0,,1.0,239
4,5000.0,mridges,ns,true,output,1274,2,0.04968376721805673,1.0,,1.0,277
4,5000.0,mridges,ns,true,output,1304,2,0.07229304534442821,1.0,,1.0,313
4,5000.0,mridges,ns,true,output,1258,2,0.04854887044707895,1.0,,1.0,359
4,5000.0,mridges,ns,true,output,1231,2,0.06782465546923548,1.0,,1.0,401
4,5000.0,mridges,ns,true,output,1251,2,0.04018772922416286,1.0,,1.0,449
4,5000.0,mridges,ns,true,output,1279,2,0.057560245388000864,1.0,,1.0,491
4,5000.0,mridges,ns,true,output,1319,2,0.07567678916291493,1.0,,1.0,541
4,5000.0,mridges,ns,true,output,1380,2,0.09856243615715056,1.0,,1.0,587
4,5000.0,mridges,ns,true,output,1265,2,0.07818791043635477,1.0,,1.0,631
4,5000.0,mridges,ns,true,output,1321,2,0.10756270453977045,1.0,,1.0,677
4,50000.0,mridges,ns,true,output,2375,2,0.03840705346753749,1.0,,1.0,11
4,50000.0,mridges,ns,true,output,2678,2,0.020994070103482157,1.0,,1.0,23
4,50000.0,mridges,ns,true,output,2462,2,0.018193127988563734,1.0,,1.0,41
4,50000.0,mridges,ns,true,output,2716,2,0.012197727072004616,1.0,,1.0,67
4,50000.0,mridges,ns,true,output,2848,2,0.011586102751797667,1.0,,1.0,97
4,50000.0,mridges,ns,true,output,2871,2,0.01521124128715469,1.0,,1.0,113
4,50000.0,mridges,ns,true,output,2691,2,0.019570137092112513,1.0,,1.0,137
4,50000.0,mridges,ns,true,output,2637,2,0.00841284811777153,1.0,,1.0,173
4,50000.0,mridges,ns,true,output,3199,2,0.015865440090288355,1.0,,1.0,211
4,50000.0,mridges,ns,true,output,2690,2,0.014411550984133645,1.0,,1.0,239
4,50000.0,mridges,ns,true,output,2767,2,0.014879241714517849,1.0,,1.0,277
4,50000.0,mridges,ns,true,output,2953,2,0.009900168049986141,1.0,,1.0,313
4,50000.0,mridges,ns,true,output,2761,2,0.01784551817503055,1.0,,1.0,359
4,50000.0,mridges,ns,true,output,2773,2,0.022317149454423188,1.0,,1.0,401
4,50000.0,mridges,ns,true,output,2304,2,0.01724304040869168,1.0,,1.0,449
4,50000.0,mridges,ns,true,output,2937,2,0.014442523617001712,1.0,,1.0,491
4,50000.0,mridges,ns,true,output,2711,2,0.01805820072257039,1.0,,1.0,541
4,50000.0,mridges,ns,true,output,2789,2,0.019792290194028977,1.0,,1.0,587
4,50000.0,mridges,ns,true,output,2785,2,0.009684782206062961,1.0,,1.0,631
4,50000.0,mridges,ns,true,output,2989,2,0.017692183640043865,1.0,,1.0,677
4,500000.0,mridges,ns,true,output,5192,2,0.006203544790019375,1.0,,1.0,11
4,500000.0,mridges,ns,true,output,4589,2,0.011836274364426372,1.0,,1.0,23
4,500000.0,mridges,ns,true,output,4966,2,0.020033787795078833,1.0,,1.0,41
4,500000.0,mridges,ns,true,output,5657,2,0.02632235249826509,1.0,,1.0,67
4,500000.0,mridges,ns,true,output,5543,2,0.007792047971114727,1.0,,1.0,97
4,500000.0,mridges,ns,true,output,5410,2,0.026256597169375964,1.0,,1.0,113
4,500000.0,mridges,ns,true,output,5415,2,0.014405307615489693,1.0,,1.0,137
4,500000.0,mridges,ns,true,output,4851,2,0.015969859954340998,1.0,,1.0,173
4,500000.0,mridges,ns,true,output,5272,2,0.01349709605469436,1.0,,1.0,211
4,500000.0,mridges,ns,true,output,3423,2,0.03751217030661334,1.0,,1.0,239
4,500000.0,mridges,ns,true,output,5648,2,0.011922189130752284,1.0,,1.0,277
4,500000.0,mridges,ns,true,output,3794,2,0.01753566911873969,1.0,,1.0,313
4,500000.0,mridges,ns,true,output,4383,2,0.009117737536337336,1.0,,1.0,359
4,500000.0,mridges,ns,true,output,5368,2,0.018674418241430582,1.0,,1.0,401
4,500000.0,mridges,ns,true,output,3597,2,0.02599395732130333,1.0,,1.0,449
4,500000.0,mridges,ns,true,output,5236,2,0.011908467859369179,1.0,,1.0,491
4,500000.0,mridges,ns,true,output,5367,2,0.016242065096702646,1.0,,1.0,541
4,500000.0,mridges,ns,true,output,5518,2,0.01985263138325223,1.0,,1.0,587
4,500000.0,mridges,ns,true,output,5294,2,0.00886688579370333,1.0,,1.0,631
4,500000.0,mridges,ns,true,output,5506,2,0.0204910819062578,1.0,,1.0,677
4,5000.0,mridges,mw,true,population,5041,2,0.2081102136829441,1.0,,1.0,11
4,5000.0,mridges,mw,true,population,4468,2,0.17505655306957113,1.0,,1.0,23
4,5000.0,mridges,mw,true,population,4608,2,0.1399403573676034,1.0,,1.0,41
4,5000.0,mridges,mw,true,population,4499,2,0.1673945267400377,1.0,,1.0,67
4,5000.0,mridges,mw,true,population,4541,2,0.15944962362735177,1.0,,1.0,97
4,5000.0,mridges,mw,true,population,4437,2,0.14760721206348826,1.0,,1.0,113
4,5000.0,mridges,mw,true,population,4435,2,0.11479366063363335,1.0,,1.0,137
4,5000.0,mridges,mw,true,population,4674,2,0.17539180340196364,1.0,,1.0,173
4,5000.0,mridges,mw,true,population,4617,2,0.18071702521820054,1.0,,1.0,211
4,5000.0,mridges,mw,true,population,5051,2,0.09174346594666184,1.0,,1.0,239
4,5000.0,mridges,mw,true,population,4824,2,0.18819457516263471,1.0,,1.0,277
4,5000.0,mridges,mw,true,population,4901,2,0.14888988788879542,1.0,,1.0,313
4,5000.0,mridges,mw,true,population,4583,2,0.13726142937295727,1.0,,1.0,359
4,5000.0,mridges,mw,true,population,4574,2,0.1567391372448514,1.0,,1.0,401
4,5000.0,mridges,mw,true,population,4677,2,0.13869831436408175,1.0,,1.0,449
4,5000.0,mridges,mw,true,population,4471,2,0.12880712385125032,1.0,,1.0,491
4,5000.0,mridges,mw,true,population,4641,2,0.19631192748599086,1.0,,1.0,541
4,5000.0,mridges,mw,true,population,4686,2,0.15347844905334823,1.0,,1.0,587
4,5000.0,mridges,mw,true,population,4857,2,0.15639375749231707,1.0,,1.0,631
4,5000.0,mridges,mw,true,population,4833,2,0.13101481239533577,1.0,,1.0,677
4,50000.0,mridges,mw,true,population,11690,2,0.05164806278315118,1.0,,1.0,11
4,50000.0,mridges,mw,true,fresh,35175,2,0.005507190219258842,1.0,,1.0,11
4,50000.0,mridges,mw,true,population,10011,2,0.0713456709400199,1.0,,1.0,23
4,50000.0,mridges,mw,true,fresh,36854,2,0.0026167464685043773,1.0,,1.0,23
4,50000.0,mridges,mw,true,population,11589,2,0.04589730681032356,1.0,,1.0,41
4,50000.0,mridges,mw,true,fresh,35276,2,0.004904080015687581,1.0,,1.0,41
4,50000.0,mridges,mw,true,population,12115,2,0.0637245903479098,1.0,,1.0,67
4,50000.0,mridges,mw,true,fresh,34750,2,0.004312340894239777,1.0,,1.0,67
4,50000.0,mridges,mw,true,population,9761,2,0.06253182463992167,1.0,,1.0,97
4,50000.0,mridges,mw,true,fresh,37104,2,0.005797706503210695,1.0,,1.0,97
4,50000.0,mridges,mw,true,population,10820,2,0.08999975521000203,1.0,,1.0,113
4,50000.0,mridges,mw,true,fresh,36045,2,0.004179580621417031,1.0,,1.0,113
4,50000.0,mridges,mw,true,population,9822,2,0.09079781674900726,1.0,,1.0,137
4,50000.0,mridges,mw,true,fresh,37043,2,0.003390624983327775,1.0,,1.0,137
4,50000.0,mridges,mw,true,population,10504,2,0.03899046933659649,1.0,,1.0,173
4,50000.0,mridges,mw,true,fresh,36361,2,0.0031767257948837613,1.0,,1.0,173
4,50000.0,mridges,mw,true,population,11441,2,0.11287353540707913,1.0,,1.0,211
4,50000.0,mridges,mw,true,fresh,35424,2,0.0019743083512345355,1.0,,1.0,211
4,50000.0,mridges,mw,true,population,11713,2,0.08681129786383043,1.0,,1.0,239
4,50000.0,mridges,mw,true,fresh,35152,2,0.005022581627553424,1.0,,1.0,239
4,50000.0,mridges,mw,true,population,10701,2,0.06421025598333462,1.0,,1.0,277
4,50000.0,mridges,mw,true,fresh,36164,2,0.003294989955042474,1.0,,1.0,277
4,50000.0,mridges,mw,true,population,11275,2,0.06088167564032021,1.0,,1.0,313
4,50000.0,mridges,mw,true,fresh,35590,2,0.0032004186783889527,1.0,,1.0,313
4,50000.0,mridges,mw,true,population,11248,2,0.028934838293575627,1.0,,1.0,359
4,50000.0,mridges,mw,true,fresh,35617,2,0.006749397555095141,1.0,,1.0,359
4,50000.0,mridges,mw,true,population,10833,2,0.08086189028752837,1.0,,1.0,401
4,50000.0,mridges,mw,true,fresh,36032,2,0.005315899086734258,1.0,,1.0,401
4,50000.0,mridges,mw,true,population,10032,2,0.061639866393924714,1.0,,1.0,449
4,50000.0,mridges,mw,true,fresh,36833,2,0.005054573773560958,1.0,,1.0,449
4,50000.0,mridges,mw,true,population,10830,2,0.10507057264341518,1.0,,1.0,491
4,50000.0,mridges,mw,true,fresh,36035,2,0.0018023971998085975,1.0,,1.0,491
4,50000.0,mridges,mw,true,population,11732,2,0.0763203978384553,1.0,,1.0,541
4,50000.0,mridges,mw,true,fresh,35133,2,0.003957149281766131,1.0,,1.0,541
4,50000.0,mridges,mw,true,population,10674,2,0.07928008359648467,1.0,,1.0,587
4,50000.0,mridges,mw,true,fresh,36191,2,0.003923552000454453,1.0,,1.0,587
4,50000.0,mridges,mw,true,population,11687,2,0.09842742575169194,1.0,,1.0,631
4,50000.0,mridges,mw,true,fresh,35178,2,0.005460603219178697,1.0,,1.0,631
4,50000.0,mridges,mw,true,population,9597,2,0.09295812896986143,1.0,,1.0,677
4,50000.0,mridges,mw,true,fresh,37268,2,0.002576235797802931,1.0,,1.0,677
4,500000.0,mridges,mw,true,population,11402,2,0.04660522139111817,1.0,,1.0,11
4,500000.0,mridges,mw,true,fresh,481560,2,0.0016028971242262324,1.0,,1.0,11
4,500000.0,mridges,mw,true,population,10561,2,0.05129474664277585,1.0,,1.0,23
4,500000.0,mridges,mw,true,fresh,482401,2,0.0007989233462847162,1.0,,1.0,23
4,500000.0,mridges,mw,true,population,11147,2,0.060306320723593834,1.0,,1.0,41
4,500000.0,mridges,mw,true,fresh,481815,2,0.0012952221312007017,1.0,,1.0,41
4,500000.0,mridges,mw,true,population,10929,2,0.0976075727393992,1.0,,1.0,67
4,500000.0,mridges,mw,true,fresh,482033,2,0.0018396865358888126,1.0,,1.0,67
4,500000.0,mridges,mw,true,population,11501,2,0.10074965915275043,1.0,,1.0,97
4,500000.0,mridges,mw,true,fresh,481461,2,0.0006383253175265557,1.0,,1.0,97
4,500000.0,mridges,mw,true,population,11496,2,0.13757918720558066,1.0,,1.0,113
4,500000.0,mridges,mw,true,fresh,481466,2,0.0021667002133390623,1.0,,1.0,113
4,500000.0,mridges,mw,true,population,11839,2,0.05648884369687071,1.0,,1.0,137
4,500000.0,mridges,mw,true,fresh,481123,2,0.0017684838642111622,1.0,,1.0,137
4,500000.0,mridges,mw,true,population,12109,2,0.03537575332450821,1.0,,1.0,173
4,500000.0,mridges,mw,true,fresh,480853,2,0.0011335923322361718,1.0,,1.0,173
4,500000.0,mridges,mw,true,population,10966,2,0.08240265570789553,1.0,,1.0,211
4,500000.0,mridges,mw,true,fresh,481996,2,0.0009901894315831467,1.0,,1.0,211
4,500000.0,mridges,mw,true,population,11325,2,0.060828130251774304,1.0,,1.0,239
4,500000.0,mridges,mw,true,fresh,481637,2,0.001396084772901443,1.0,,1.0,239
4,500000.0,mridges,mw,true,population,9913,2,0.10742177912243094,1.0,,1.0,277
4,500000.0,mridges,mw,true,fresh,483049,2,0.0011231536159046346,1.0,,1.0,277
4,500000.0,mridges,mw,true,population,10746,2,0.1033589255352796,1.0,,1.0,313
4,500000.0,mridges,mw,true,fresh,482216,2,0.001229777173328478,1.0,,1.0,313
4,500000.0,mridges,mw,true,population,10874,2,0.09454000446491252,1.0,,1.0,359
4,500000.0,mridges,mw,true,fresh,482088,2,0.0013002260502029267,1.0,,1.0,359
4,500000.0,mridges,mw,true,population,12034,2,0.07565514653053854,1.0,,1.0,401
4,500000.0,mridges,mw,true,fresh,480928,2,0.0010011685940733012,1.0,,1.0,401
4,500000.0,mridges,mw,true,population,10632,2,0.04010637945854849,1.0,,1.0,449
4,500000.0,mridges,mw,true,fresh,482330,2,0.0015367799370254176,1.0,,1.0,449
4,500000.0,mridges,mw,true,population,11721,2,0.0919808425553516,1.0,,1.0,491
4,500000.0,mridges,mw,true,fresh,481241,2,0.0006440082889445781,1.0,,1.0,491
4,500000.0,mridges,mw,true,population,11186,2,0.10279092093813595,1.0,,1.0,541
4,500000.0,mridges,mw,true,fresh,481776,2,0.00024369381592295736,1.0,,1.0,541
4,500000.0,mridges,mw,true,population,10400,2,0.08947455626066095,1.0,,1.0,587
4,500000.0,mridges,mw,true,fresh,482562,2,0.0012144404196586939,1.0,,1.0,587
4,500000.0,mridges,mw,true,population,10618,2,0.10364054521571124,1.0,,1.0,631
4,500000.0,mridges,mw,true,fresh,482344,2,0.001583203524357854,1.0,,1.0,631
4,500000.0,mridges,mw,true,population,10444,2,0.06509642470929143,1.0,,1.0,677
4,500000.0,mridges,mw,true,fresh,482518,2,0.0009602083651945315,1.0,,1.0,677
32,5000.0,mridges,is,true,output,5000,5,0.7461971751072153,0.3125,,0.0,11
32,5000.0,mridges,is,true,output,5000,5,0.6810962216974101,0.34375,,0.0,23
32,5000.0,mridges,is,true,output,5000,5,0.7641871569876956,0.25,,0.0,41
32,5000.0,mridges,is,true,output,5000,5,0.7461514929445808,0.28125,,0.0,67
32,5000.0,mridges,is,true,output,5000,5,0.7832848656020001,0.28125,,0.03125,97
32,5000.0,mridges,is,true,output,5000,5,0.7002966758566468,0.375,,0.0,113
32,5000.0,mridges,is,true,output,5000,5,0.8361629981235638,0.1875,,0.0,137
32,5000.0,mridges,is,true,output,5000,5,0.7767319541851622,0.21875,,0.0,173
32,5000.0,mridges,is,true,output,5000,5,0.9050928440092627,0.09375,,0.03125,211
32,5000.0,mridges,is,true,output,5000,5,0.7053549612724551,0.375,,0.0,239
32,5000.0,mridges,is,true,output,5000,5,0.7079238467633011,0.28125,,0.0,277
32,5000.0,mridges,is,true,output,5000,5,0.7953477062866886,0.25,,0.0,313
32,5000.0,mridges,is,true,output,5000,5,0.7306309553154863,0.28125,,0.0,359
32,5000.0,mridges,is,true,output,5000,5,0.7593274154523142,0.28125,,0.03125,401
32,5000.0,mridges,is,true,output,5000,5,0.769326685437346,0.28125,,0.0,449
32,5000.0,mridges,is,true,output,5000,5,0.6364127715701559,0.375,,0.0,491
32,5000.0,mridges,is,true,output,5000,5,0.8023117035336114,0.1875,,0.0,541
32,5000.0,mridges,is,true,output,5000,5,0.7426506769400693,0.3125,,0.0,587
32,5000.0,mridges,is,true,output,5000,5,0.7752652023965878,0.28125,,0.03125,631
32,5000.0,mridges,is,true,output,5000,5,0.752763236215823,0.25,,0.0,677
32,50000.0,mridges,is,true,output,50000,5,0.4463384807135446,0.6875,,0.03125,11
32,50000.0,mridges,is,true,output,50000,5,0.5250665020353337,0.53125,,0.0625,23
32,50000.0,mridges,is,true,output,50000,5,0.5492135921128279,0.53125,,0.09375,41
32,50000.0,mridges,is,true,output,50000,5,0.8455420871500852,0.1875,,0.09375,67
32,50000.0,mridges,is,true,output,50000,5,0.7052281238256639,0.4375,,0.15625,97
32,50000.0,mridges,is,true,output,50000,5,0.5316589352145914,0.5,,0.0,113
32,50000.0,mridges,is,true,output,50000,5,0.4619677801266897,0.59375,,0.09375,137
32,50000.0,mridges,is,true,output,50000,5,0.4696588698553663,0.65625,,0.03125,173
32,50000.0,mridges,is,true,output,50000,5,0.5131233982522725,0.53125,,0.125,211
32,50000.0,mridges,is,true,output,50000,5,0.6641513445880749,0.53125,,0.0625,239
32,50000.0,mridges,is,true,output,50000,5,0.6074369039812996,0.5625,,0.03125,277
32,50000.0,mridges,is,true,output,50000,5,0.6579901311424601,0.4375,,0.09375,313
32,50000.0,mridges,is,true,output,50000,5,0.7125714230726388,0.40625,,0.0625,359
32,50000.0,mridges,is,true,output,50000,5,0.5413056117142633,0.5,,0.09375,401
32,50000.0,mridges,is,true,output,50000,5,0.6225190327041861,0.5,,0.125,449
32,50000.0,mridges,is,true,output,50000,5,0.5225069439504595,0.59375,,0.125,491
32,50000.0,mridges,is,true,output,50000,5,0.5387585755299189,0.46875,,0.03125,541
32,50000.0,mridges,is,true,output,50000,5,0.5019321422046578,0.625,,0.125,587
32,50000.0,mridges,is,true,output,50000,5,0.4196050683965917,0.71875,,0.0625,631
32,50000.0,mridges,is,true,output,50000,5,0.5441682512398132,0.625,,0.09375,677
32,500000.0,mridges,is,true,output,500000,5,0.27198064291641366,0.8125,,0.375,11
32,500000.0,mridges,is,true,output,500000,5,0.28176834589900357,0.78125,,0.46875,23
32,500000.0,mridges,is,true,output,500000,5,0.2906311740631656,0.75,,0.40625,41
32,500000.0,mridges,is,true,output,500000,5,0.3833680392411159,0.8125,,0.4375,67
32,500000.0,mridges,is,true,output,500000,5,0.310135770947519,0.8125,,0.53125,97
32,500000.0,mridges,is,true,output,500000,5,0.277821981709103,0.84375,,0.28125,113
32,500000.0,mridges,is,true,output,500000,5,0.24897643497687666,0.875,,0.40625,137
32,500000.0,mridges,is,true,output,500000,5,0.3211637780980761,0.78125,,0.5,173
32,500000.0,mridges,is,true,output,500000,5,0.32755045649907755,0.75,,0.65625,211
32,500000.0,mridges,is,true,output,500000,5,0.2120018751532367,0.90625,,0.59375,239
32,500000.0,mridges,is,true,output,500000,5,0.3184994112188854,0.78125,,0.40625,277
32,500000.0,mridges,is,true,output,500000,5,0.2520064721890086,0.84375,,0.46875,313
32,500000.0,mridges,is,true,output,500000,5,0.2946535260629962,0.78125,,0.5,359
32,500000.0,mridges,is,true,output,500000,5,0.2199235874954285,0.90625,,0.34375,401
32,500000.0,mridges,is,true,output,500000,5,0.3661988061568645,0.8125,,0.5,449
32,500000.0,mridges,is,true,output,500000,5,0.270428951608334,0.84375,,0.5625,491
32,500000.0,mridges,is,true,output,500000,5,0.25827240943945357,0.875,,0.46875,541
32,500000.0,mridges,is,true,output,500000,5,0.17679754266363706,0.96875,,0.5,587
32,500000.0,mridges,is,true,output,500000,5,0.3416815684485061,0.8125,,0.46875,631
32,500000.0,mridges,is,true,output,500000,5,0.22078128116083215,0.875,,0.5625,677
32,5000.0,mridges,mh,false,output,4584,5,0.5832242674908739,0.46875,RHAT-FAIL,0.3125,11
32,5000.0,mridges,mh,false,output,4636,5,0.7652879622283352,0.21875,RHAT-FAIL,0.21875,23
32,5000.0,mridges,mh,false,output,4636,5,0.7536399898383439,0.25,RHAT-FAIL,0.1875,41
32,5000.0,mridges,mh,false,output,4584,5,0.6124563730496049,0.40625,RHAT-FAIL,0.34375,67
32,5000.0,mridges,mh,false,output,4532,5,0.7239629333406667,0.28125,RHAT-FAIL,0.25,97
32,5000.0,mridges,mh,false,output,4636,5,0.6251617835284191,0.375,RHAT-FAIL,0.3125,113
32,5000.0,mridges,mh,false,output,4636,5,0.7385677338694726,0.25,RHAT-FAIL,0.21875,137
32,5000.0,mridges,mh,false,output,4532,5,0.7213150988084296,0.28125,RHAT-FAIL,0.21875,173
32,5000.0,mridges,mh,false,output,4532,5,0.6684410994151713,0.34375,RHAT-FAIL,0.28125,211
32,5000.0,mridges,mh,false,output,4636,5,0.6303117018477273,0.40625,RHAT-FAIL,0.40625,239
32,5000.0,mridges,mh,false,output,4584,5,0.695680634406365,0.3125,RHAT-FAIL,0.3125,277
32,5000.0,mridges,mh,false,output,4532,5,0.6869759564761151,0.34375,RHAT-FAIL,0.1875,313
32,5000.0,mridges,mh,false,output,4636,5,0.7590056113500593,0.25,RHAT-FAIL,0.1875,359
32,5000.0,mridges,mh,false,output,4532,5,0.6657105092232574,0.40625,RHAT-FAIL,0.125,401
32,5000.0,mridges,mh,false,output,4688,5,0.7758105863388918,0.21875,RHAT-FAIL,0.1875,449
32,5000.0,mridges,mh,false,output,4584,5,0.7026614371986859,0.34375,RHAT-FAIL,0.25,491
32,5000.0,mridges,mh,false,output,4688,5,0.8084471051102227,0.1875,RHAT-FAIL,0.15625,541
32,5000.0,mridges,mh,false,output,4636,5,0.6172077329089868,0.375,RHAT-FAIL,0.34375,587
32,5000.0,mridges,mh,false,output,4688,5,0.7879692832764504,0.21875,RHAT-FAIL,0.21875,631
32,5000.0,mridges,mh,false,output,4636,5,0.8178656184446585,0.1875,RHAT-FAIL,0.15625,677
32,50000.0,mridges,mh,false,output,47864,5,0.4714608117500253,0.625,RHAT-FAIL,0.4375,11
32,50000.0,mridges,mh,false,output,47544,5,0.4691759181848363,0.6875,RHAT-FAIL,0.5625,23
32,50000.0,mridges,mh,false,output,46288,5,0.33075527747873856,0.75,RHAT-FAIL,0.75,41
32,50000.0,mridges,mh,false,output,47864,5,0.40476141038779895,0.59375,RHAT-FAIL,0.5625,67
32,50000.0,mridges,mh,false,output,47864,5,0.4256382805575637,0.625,RHAT-FAIL,0.53125,97
32,50000.0,mridges,mh,false,output,47236,5,0.36302820803257013,0.71875,RHAT-FAIL,0.6875,113
32,50000.0,mridges,mh,false,output,47544,5,0.37101422147526814,0.71875,RHAT-FAIL,0.5625,137
32,50000.0,mridges,mh,false,output,45980,5,0.42202317297915276,0.65625,RHAT-FAIL,0.625,173
32,50000.0,mridges,mh,false,output,47864,5,0.4053986478524494,0.625,RHAT-FAIL,0.53125,211
32,50000.0,mridges,mh,false,output,47544,5,0.30355566137788925,0.8125,RHAT-FAIL,0.71875,239
32,50000.0,mridges,mh,false,output,47864,5,0.5557256021269098,0.53125,RHAT-FAIL,0.3125,277
32,50000.0,mridges,mh,false,output,47864,5,0.44982137961318786,0.625,RHAT-FAIL,0.40625,313
32,50000.0,mridges,mh,false,output,47544,5,0.3003218163692672,0.71875,RHAT-FAIL,0.71875,359
32,50000.0,mridges,mh,false,output,47544,5,0.34383413105943805,0.78125,RHAT-FAIL,0.6875,401
32,50000.0,mridges,mh,false,output,47544,5,0.45655078475455413,0.625,RHAT-FAIL,0.5,449
32,50000.0,mridges,mh,false,output,47544,5,0.43679540180213255,0.625,RHAT-FAIL,0.65625,491
32,50000.0,mridges,mh,false,output,47864,5,0.4112433251254727,0.625,RHAT-FAIL,0.5625,541
32,50000.0,mridges,mh,false,output,47544,5,0.3605239464573976,0.71875,RHAT-FAIL,0.71875,587
32,50000.0,mridges,mh,false,output,47236,5,0.32800458935317883,0.84375,RHAT-FAIL,0.71875,631
32,50000.0,mridges,mh,false,output,46916,5,0.5931665134259962,0.46875,RHAT-FAIL,0.28125,677
32,500000.0,mridges,mh,false,output,478732,5,0.26309476201160986,0.75,RHAT-FAIL,0.5,11
32,500000.0,mridges,mh,false,output,478732,5,0.1876509225794353,0.9375,RHAT-FAIL,0.65625,23
32,500000.0,mridges,mh,false,output,478732,5,0.2519032062493193,0.84375,RHAT-FAIL,0.59375,41
32,500000.0,mridges,mh,false,output,472484,5,0.27822663406643167,0.78125,RHAT-FAIL,0.6875,67
32,500000.0,mridges,mh,false,output,478732,5,0.15623825021097398,0.96875,RHAT-FAIL,0.5625,97
32,500000.0,mridges,mh,false,output,475608,5,0.12548833305055548,1.0,RHAT-FAIL,0.6875,113
32,500000.0,mridges,mh,false,output,478732,5,0.22767198959827165,0.96875,RHAT-FAIL,0.46875,137
32,500000.0,mridges,mh,true,output,469348,5,0.11852852407969884,0.96875,,0.6875,173
32,500000.0,mridges,mh,false,output,478732,5,0.19500968642674257,0.90625,RHAT-FAIL,0.6875,211
32,500000.0,mridges,mh,false,output,475608,5,0.16381715461186863,0.96875,RHAT-FAIL,0.625,239
32,500000.0,mridges,mh,false,output,459976,5,0.1628786051763869,1.0,RHAT-FAIL,0.59375,277
32,500000.0,mridges,mh,false,output,475608,5,0.18583685645289774,0.96875,RHAT-FAIL,0.6875,313
32,500000.0,mridges,mh,false,output,459976,5,0.17919033192201064,0.90625,RHAT-FAIL,0.6875,359
32,500000.0,mridges,mh,false,output,472484,5,0.2163708066378099,0.96875,RHAT-FAIL,0.53125,401
32,500000.0,mridges,mh,true,output,466224,5,0.13073651138729936,0.9375,,0.5625,449
32,500000.0,mridges,mh,true,output,475608,5,0.1915006609502114,0.90625,,0.53125,491
32,500000.0,mridges,mh,false,output,478732,5,0.2392784695363744,0.90625,RHAT-FAIL,0.75,541
32,500000.0,mridges,mh,false,output,478732,5,0.17736697274279833,1.0,RHAT-FAIL,0.5,587
32,500000.0,mridges,mh,true,output,469348,5,0.11470407279731767,1.0,,0.65625,631
32,500000.0,mridges,mh,false,output,478732,5,0.22676362949038903,0.90625,RHAT-FAIL,0.65625,677
32,5000.0,mridges,nuts,false,population,0,5,NaN,NaN,budget-infeasible (one trajectory ~ 8.47xB > 1.2B),NaN,11
32,5000.0,mridges,nuts,false,population,0,5,NaN,NaN,budget-infeasible (one trajectory ~ 14.14xB > 1.2B),NaN,23
32,5000.0,mridges,nuts,false,population,0,5,NaN,NaN,budget-infeasible (one trajectory ~ 5.96xB > 1.2B),NaN,41
32,5000.0,mridges,nuts,false,population,0,5,NaN,NaN,budget-infeasible (one trajectory ~ 6.74xB > 1.2B),NaN,67
32,5000.0,mridges,nuts,false,population,0,5,NaN,NaN,budget-infeasible (one trajectory ~ 9.61xB > 1.2B),NaN,97
32,5000.0,mridges,nuts,false,population,0,5,NaN,NaN,budget-infeasible (one trajectory ~ 9.2xB > 1.2B),NaN,113
32,5000.0,mridges,nuts,false,population,0,5,NaN,NaN,budget-infeasible (one trajectory ~ 6.82xB > 1.2B),NaN,137
32,5000.0,mridges,nuts,false,population,0,5,NaN,NaN,budget-infeasible (one trajectory ~ 8.67xB > 1.2B),NaN,173
32,5000.0,mridges,nuts,false,population,0,5,NaN,NaN,budget-infeasible (one trajectory ~ 6.77xB > 1.2B),NaN,211
32,5000.0,mridges,nuts,false,population,0,5,NaN,NaN,budget-infeasible (one trajectory ~ 9.12xB > 1.2B),NaN,239
32,5000.0,mridges,nuts,false,population,0,5,NaN,NaN,budget-infeasible (one trajectory ~ 7.64xB > 1.2B),NaN,277
32,5000.0,mridges,nuts,false,population,0,5,NaN,NaN,budget-infeasible (one trajectory ~ 10.07xB > 1.2B),NaN,313
32,5000.0,mridges,nuts,false,population,0,5,NaN,NaN,budget-infeasible (one trajectory ~ 8.79xB > 1.2B),NaN,359
32,5000.0,mridges,nuts,false,population,0,5,NaN,NaN,budget-infeasible (one trajectory ~ 6.21xB > 1.2B),NaN,401
32,5000.0,mridges,nuts,false,population,0,5,NaN,NaN,budget-infeasible (one trajectory ~ 7.88xB > 1.2B),NaN,449
32,5000.0,mridges,nuts,false,population,0,5,NaN,NaN,budget-infeasible (one trajectory ~ 7.23xB > 1.2B),NaN,491
32,5000.0,mridges,nuts,false,population,0,5,NaN,NaN,budget-infeasible (one trajectory ~ 7.16xB > 1.2B),NaN,541
32,5000.0,mridges,nuts,false,population,0,5,NaN,NaN,budget-infeasible (one trajectory ~ 6.67xB > 1.2B),NaN,587
32,5000.0,mridges,nuts,false,population,0,5,NaN,NaN,budget-infeasible (one trajectory ~ 9.07xB > 1.2B),NaN,631
32,5000.0,mridges,nuts,false,population,0,5,NaN,NaN,budget-infeasible (one trajectory ~ 7.72xB > 1.2B),NaN,677
32,50000.0,mridges,nuts,true,output,8,5,0.9687500015335283,0.03125,,0.03125,11
32,50000.0,mridges,nuts,false,output,29,5,0.9374999969329432,0.0625,RHAT-FAIL,0.03125,23
32,50000.0,mridges,nuts,true,output,242,5,0.9687499984664715,0.03125,,0.03125,41
32,50000.0,mridges,nuts,false,output,165,5,0.7543604743174493,0.28125,RHAT-FAIL,0.125,67
32,50000.0,mridges,nuts,true,output,187,5,0.9374999969329431,0.0625,,0.0625,97
32,50000.0,mridges,nuts,false,output,74,5,0.8750000061341134,0.125,RHAT-FAIL,0.125,113
32,50000.0,mridges,nuts,false,output,190,5,0.9374999969329433,0.0625,RHAT-FAIL,0.0625,137
32,50000.0,mridges,nuts,false,output,271,5,0.696853750697769,0.34375,RHAT-FAIL,0.1875,173
32,50000.0,mridges,nuts,false,output,254,5,0.9374999969329432,0.0625,RHAT-FAIL,0.0625,211
32,50000.0,mridges,nuts,false,output,197,5,0.6341019570828567,0.375,RHAT-FAIL,0.28125,239
32,50000.0,mridges,nuts,false,population,0,5,NaN,NaN,budget-infeasible (one trajectory ~ 1.59xB > 1.2B),NaN,277
32,50000.0,mridges,nuts,true,output,111,5,0.929096641722519,0.09375,,0.0625,313
32,50000.0,mridges,nuts,false,output,111,5,0.8437500076676419,0.15625,RHAT-FAIL,0.15625,359
32,50000.0,mridges,nuts,false,output,77,5,0.8692129675635483,0.15625,RHAT-FAIL,0.0625,401
32,50000.0,mridges,nuts,false,output,167,5,0.7325581518031109,0.28125,RHAT-FAIL,0.21875,449
32,50000.0,mridges,nuts,false,output,161,5,0.9375,0.0625,RHAT-FAIL,0.0625,491
32,50000.0,mridges,nuts,false,output,143,5,0.6990131716964925,0.3125,RHAT-FAIL,0.25,541
32,50000.0,mridges,nuts,false,output,163,5,0.8321893140260235,0.1875,RHAT-FAIL,0.09375,587
32,50000.0,mridges,nuts,false,output,181,5,0.6565721802837375,0.34375,RHAT-FAIL,0.1875,631
32,50000.0,mridges,nuts,false,output,20,5,0.9375000030670568,0.0625,RHAT-FAIL,0.0625,677
32,500000.0,mridges,nuts,false,output,5428,5,0.36684206485360416,0.78125,RHAT-FAIL,0.75,11
32,500000.0,mridges,nuts,false,output,5190,5,0.38624186369591007,0.625,RHAT-FAIL,0.625,23
32,500000.0,mridges,nuts,false,output,5132,5,0.2819079054715409,0.78125,RHAT-FAIL,0.75,41
32,500000.0,mridges,nuts,false,output,5452,5,0.31195979353476444,0.71875,RHAT-FAIL,0.65625,67
32,500000.0,mridges,nuts,false,output,5144,5,0.46884316142917,0.5625,RHAT-FAIL,0.53125,97
32,500000.0,mridges,nuts,false,output,5120,5,0.43443629444567305,0.5625,RHAT-FAIL,0.53125,113
32,500000.0,mridges,nuts,false,output,4928,5,0.43586299575856985,0.59375,RHAT-FAIL,0.5625,137
32,500000.0,mridges,nuts,false,output,5476,5,0.3422159949139173,0.71875,RHAT-FAIL,0.65625,173
32,500000.0,mridges,nuts,false,output,5048,5,0.4197707920413092,0.59375,RHAT-FAIL,0.5625,211
32,500000.0,mridges,nuts,false,output,5500,5,0.3998950100850216,0.625,RHAT-FAIL,0.59375,239
32,500000.0,mridges,nuts,false,output,5276,5,0.4375000214693975,0.5625,RHAT-FAIL,0.53125,277
32,500000.0,mridges,nuts,false,output,5264,5,0.39119058960972597,0.65625,RHAT-FAIL,0.53125,313
32,500000.0,mridges,nuts,false,output,4772,5,0.41726005133060035,0.59375,RHAT-FAIL,0.59375,359
32,500000.0,mridges,nuts,false,output,5640,5,0.46681450555351534,0.5625,RHAT-FAIL,0.5625,401
32,500000.0,mridges,nuts,false,output,5684,5,0.4244333666210317,0.625,RHAT-FAIL,0.625,449
32,500000.0,mridges,nuts,false,output,5192,5,0.40826726784265766,0.625,RHAT-FAIL,0.59375,491
32,500000.0,mridges,nuts,false,output,5517,5,0.3632362043732867,0.75,RHAT-FAIL,0.71875,541
32,500000.0,mridges,nuts,false,output,5088,5,0.41420689998839405,0.6875,RHAT-FAIL,0.625,587
32,500000.0,mridges,nuts,false,output,4612,5,0.4247183034703717,0.59375,RHAT-FAIL,0.625,631
32,500000.0,mridges,nuts,false,output,4048,5,0.48152162847120805,0.5625,RHAT-FAIL,0.53125,677
32,5000.0,mridges,ns,true,output,1683,5,0.7387615525596828,0.28125,,0.0,11
32,5000.0,mridges,ns,true,output,1775,5,0.9024170460372376,0.09375,,0.0,23
32,5000.0,mridges,ns,true,output,1765,5,0.6685665476409195,0.34375,,0.0,41
32,5000.0,mridges,ns,true,output,1628,5,0.8691809314543056,0.125,,0.0,67
32,5000.0,mridges,ns,true,output,1704,5,0.8348985271524247,0.15625,,0.0,97
32,5000.0,mridges,ns,true,output,1764,5,0.7918463342733364,0.25,,0.0,113
32,5000.0,mridges,ns,true,output,1703,5,0.7912108280796557,0.21875,,0.0,137
32,5000.0,mridges,ns,true,output,1722,5,0.8041025201638189,0.21875,,0.0,173
32,5000.0,mridges,ns,true,output,1767,5,0.8035508264572067,0.1875,,0.0,211
32,5000.0,mridges,ns,true,output,1695,5,0.7161418324892281,0.3125,,0.0,239
32,5000.0,mridges,ns,true,output,1704,5,0.8241068910693512,0.15625,,0.0,277
32,5000.0,mridges,ns,true,output,1677,5,0.6735551084306984,0.375,,0.0,313
32,5000.0,mridges,ns,true,output,1746,5,0.7846017624506306,0.25,,0.0,359
32,5000.0,mridges,ns,true,output,1728,5,0.921736742334615,0.09375,,0.03125,401
32,5000.0,mridges,ns,true,output,1689,5,0.855684281237873,0.1875,,0.0,449
32,5000.0,mridges,ns,true,output,1784,5,0.6945243493145615,0.375,,0.0,491
32,5000.0,mridges,ns,true,output,1727,5,0.7782420830388485,0.21875,,0.0,541
32,5000.0,mridges,ns,true,output,1735,5,0.8111310092880962,0.1875,,0.03125,587
32,5000.0,mridges,ns,true,output,1680,5,0.6902431834478293,0.3125,,0.0,631
32,5000.0,mridges,ns,true,output,1705,5,0.8213244048685547,0.1875,,0.0,677
32,50000.0,mridges,ns,true,output,3553,5,0.4529217712989231,0.59375,,0.0625,11
32,50000.0,mridges,ns,true,output,3455,5,0.6763376373449507,0.40625,,0.15625,23
32,50000.0,mridges,ns,true,output,3596,5,0.44416695913041504,0.65625,,0.0625,41
32,50000.0,mridges,ns,true,output,3374,5,0.4153799060232599,0.65625,,0.09375,67
32,50000.0,mridges,ns,true,output,3419,5,0.6215726050237782,0.5,,0.09375,97
32,50000.0,mridges,ns,true,output,3646,5,0.5019689936575423,0.59375,,0.125,113
32,50000.0,mridges,ns,true,output,3389,5,0.4855690448761192,0.65625,,0.09375,137
32,50000.0,mridges,ns,true,output,3358,5,0.5154153870043391,0.59375,,0.09375,173
32,50000.0,mridges,ns,true,output,3397,5,0.6757321964257504,0.375,,0.09375,211
32,50000.0,mridges,ns,true,output,3464,5,0.47846267101108625,0.625,,0.03125,239
32,50000.0,mridges,ns,true,output,3534,5,0.4539496066112178,0.625,,0.0625,277
32,50000.0,mridges,ns,true,output,3361,5,0.5492668985295719,0.59375,,0.03125,313
32,50000.0,mridges,ns,true,output,3573,5,0.5146539058441995,0.625,,0.15625,359
32,50000.0,mridges,ns,true,output,3512,5,0.4423865431151357,0.59375,,0.125,401
32,50000.0,mridges,ns,true,output,3465,5,0.4778806532555953,0.59375,,0.09375,449
32,50000.0,mridges,ns,true,output,3549,5,0.46693434201313133,0.6875,,0.125,491
32,50000.0,mridges,ns,true,output,3614,5,0.48194731764642873,0.65625,,0.0625,541
32,50000.0,mridges,ns,true,output,3772,5,0.37668755301737433,0.6875,,0.1875,587
32,50000.0,mridges,ns,true,output,3347,5,0.46579957714960535,0.625,,0.03125,631
32,50000.0,mridges,ns,true,output,3576,5,0.5707759836864751,0.59375,,0.0625,677
32,500000.0,mridges,ns,true,output,5136,5,0.21044946250203442,0.875,,0.5625,11
32,500000.0,mridges,ns,true,output,5020,5,0.24896276036481244,0.875,,0.5625,23
32,500000.0,mridges,ns,true,output,5071,5,0.26143397437736193,0.9375,,0.59375,41
32,500000.0,mridges,ns,true,output,5687,5,0.17177063935442097,1.0,,0.84375,67
32,500000.0,mridges,ns,true,output,5261,5,0.21687335988700282,0.875,,0.6875,97
32,500000.0,mridges,ns,true,output,5076,5,0.1697634132681946,0.96875,,0.6875,113
32,500000.0,mridges,ns,true,output,5167,5,0.18893722534129573,0.9375,,0.5625,137
32,500000.0,mridges,ns,true,output,5540,5,0.17551094051059915,1.0,,0.875,173
32,500000.0,mridges,ns,true,output,5183,5,0.23479462615145283,0.875,,0.625,211
32,500000.0,mridges,ns,true,output,5561,5,0.14693853386670716,0.96875,,0.6875,239
32,500000.0,mridges,ns,true,output,5421,5,0.16099561463328874,0.9375,,0.75,277
32,500000.0,mridges,ns,true,output,5155,5,0.21353312110588268,0.96875,,0.6875,313
32,500000.0,mridges,ns,true,output,5518,5,0.13147977311002995,1.0,,0.71875,359
32,500000.0,mridges,ns,true,output,5527,5,0.18722543166855418,0.9375,,0.71875,401
32,500000.0,mridges,ns,true,output,5568,5,0.20804723236208403,0.9375,,0.75,449
32,500000.0,mridges,ns,true,output,5193,5,0.157980972974174,1.0,,0.65625,491
32,500000.0,mridges,ns,true,output,5725,5,0.14681882552845127,0.96875,,0.90625,541
32,500000.0,mridges,ns,true,output,5061,5,0.29379286863764587,0.90625,,0.5,587
32,500000.0,mridges,ns,true,output,5280,5,0.1862410267572121,0.96875,,0.65625,631
32,500000.0,mridges,ns,true,output,4989,5,0.22309897114061886,0.96875,,0.625,677
32,5000.0,mridges,mw,true,population,3961,5,0.598606553565573,0.40625,,0.375,11
32,5000.0,mridges,mw,true,population,3783,5,0.619439641004866,0.40625,,0.25,23
32,5000.0,mridges,mw,true,population,4018,5,0.6584220535044838,0.40625,,0.21875,41
32,5000.0,mridges,mw,true,population,3760,5,0.6077171067950639,0.4375,,0.25,67
32,5000.0,mridges,mw,true,population,3723,5,0.6732870608737015,0.34375,,0.25,97
32,5000.0,mridges,mw,true,population,3719,5,0.6507873827194933,0.375,,0.28125,113
32,5000.0,mridges,mw,true,population,4100,5,0.5679024853571772,0.46875,,0.34375,137
32,5000.0,mridges,mw,true,population,3606,5,0.706107943556287,0.34375,,0.1875,173
32,5000.0,mridges,mw,true,population,3861,5,0.6947210978224606,0.375,,0.25,211
32,5000.0,mridges,mw,true,population,3887,5,0.6609168424081973,0.375,,0.21875,239
32,5000.0,mridges,mw,true,population,3592,5,0.6387685446157965,0.4375,,0.21875,277
32,5000.0,mridges,mw,true,population,3344,5,0.6275881978921009,0.375,,0.21875,313
32,5000.0,mridges,mw,true,population,3828,5,0.5638960686546436,0.4375,,0.25,359
32,5000.0,mridges,mw,true,population,4274,5,0.6205640976377662,0.375,,0.25,401
32,5000.0,mridges,mw,true,population,3539,5,0.6521174385413786,0.375,,0.28125,449
32,5000.0,mridges,mw,true,population,3853,5,0.688482476586239,0.3125,,0.25,491
32,5000.0,mridges,mw,true,population,3724,5,0.6598417741409487,0.375,,0.28125,541
32,5000.0,mridges,mw,true,population,4056,5,0.6470093825245056,0.375,,0.28125,587
32,5000.0,mridges,mw,true,population,3589,5,0.6943027171208438,0.3125,,0.25,631
32,5000.0,mridges,mw,false,population,4334,5,0.5941535842264104,0.46875,BUDGET-VIOLATION,0.34375,677
32,50000.0,mridges,mw,true,population,5829,5,0.4238959953609957,0.59375,,0.59375,11
32,50000.0,mridges,mw,true,fresh,36771,5,0.4032513987532107,0.59375,,0.59375,11
32,50000.0,mridges,mw,true,population,5801,5,0.4367253664863653,0.5625,,0.5625,23
32,50000.0,mridges,mw,true,fresh,36799,5,0.4038510614805588,0.625,,0.5625,23
32,50000.0,mridges,mw,true,population,5712,5,0.436853906687486,0.5625,,0.5625,41
32,50000.0,mridges,mw,true,fresh,36888,5,0.3735507197633651,0.625,,0.5625,41
32,50000.0,mridges,mw,true,population,5732,5,0.43070313195511145,0.5625,,0.5625,67
32,50000.0,mridges,mw,true,fresh,36868,5,0.35182676136648033,0.6875,,0.5625,67
32,50000.0,mridges,mw,true,population,5428,5,0.4455796593324413,0.5625,,0.5625,97
32,50000.0,mridges,mw,true,fresh,37172,5,0.42283311517289407,0.59375,,0.5625,97
32,50000.0,mridges,mw,true,population,5185,5,0.45386815006993664,0.5625,,0.53125,113
32,50000.0,mridges,mw,true,fresh,37415,5,0.42821486182677976,0.59375,,0.53125,113
32,50000.0,mridges,mw,true,population,5806,5,0.43722785523347063,0.5625,,0.5625,137
32,50000.0,mridges,mw,true,fresh,36794,5,0.42940985153873706,0.5625,,0.5625,137
32,50000.0,mridges,mw,true,population,5915,5,0.43683413856193193,0.5625,,0.5625,173
32,50000.0,mridges,mw,true,fresh,36685,5,0.36299872674047506,0.65625,,0.5625,173
32,50000.0,mridges,mw,true,population,5746,5,0.43664062219766564,0.5625,,0.5625,211
32,50000.0,mridges,mw,true,fresh,36854,5,0.3650635614304479,0.65625,,0.5625,211
32,50000.0,mridges,mw,true,population,5830,5,0.46601349954072435,0.53125,,0.53125,239
32,50000.0,mridges,mw,true,fresh,36770,5,0.4029315216431309,0.59375,,0.53125,239
32,50000.0,mridges,mw,true,population,5975,5,0.43621052252202863,0.5625,,0.5625,277
32,50000.0,mridges,mw,true,fresh,36625,5,0.3818919506431706,0.625,,0.5625,277
32,50000.0,mridges,mw,true,population,5737,5,0.4365741102024042,0.5625,,0.5625,313
32,50000.0,mridges,mw,true,fresh,36863,5,0.42763177990464424,0.5625,,0.5625,313
32,50000.0,mridges,mw,true,population,5666,5,0.43425262273671145,0.5625,,0.5625,359
32,50000.0,mridges,mw,true,fresh,36934,5,0.363974949500236,0.65625,,0.5625,359
32,50000.0,mridges,mw,true,population,5989,5,0.43215180927442065,0.5625,,0.5625,401
32,50000.0,mridges,mw,true,fresh,36611,5,0.36583311256674006,0.65625,,0.5625,401
32,50000.0,mridges,mw,true,population,6102,5,0.4353768643094223,0.5625,,0.5625,449
32,50000.0,mridges,mw,true,fresh,36498,5,0.41507892390807477,0.59375,,0.5625,449
32,50000.0,mridges,mw,true,population,6278,5,0.43627426347913045,0.5625,,0.5625,491
32,50000.0,mridges,mw,true,fresh,36322,5,0.4341460707979357,0.5625,,0.5625,491
32,50000.0,mridges,mw,true,population,5844,5,0.4367145231272011,0.5625,,0.5625,541
32,50000.0,mridges,mw,true,fresh,36756,5,0.4324364775490583,0.5625,,0.5625,541
32,50000.0,mridges,mw,true,population,6017,5,0.4368253204175857,0.5625,,0.5625,587
32,50000.0,mridges,mw,true,fresh,36583,5,0.4229586279152428,0.5625,,0.5625,587
32,50000.0,mridges,mw,true,population,5640,5,0.49137458883532553,0.5,,0.5,631
32,50000.0,mridges,mw,true,fresh,36960,5,0.4264287847812214,0.59375,,0.5,631
32,50000.0,mridges,mw,true,population,5539,5,0.49061638232499316,0.5,,0.5,677
32,50000.0,mridges,mw,true,fresh,37061,5,0.39305873070408887,0.625,,0.5,677
32,500000.0,mridges,mw,true,population,3727,5,0.13809751796556435,0.875,,0.875,11
32,500000.0,mridges,mw,true,fresh,470680,5,0.11781319400899273,0.875,,0.875,11
32,500000.0,mridges,mw,true,population,3418,5,0.155633720299953,0.875,,0.875,23
32,500000.0,mridges,mw,true,fresh,470989,5,0.12304950847149031,0.875,,0.875,23
32,500000.0,mridges,mw,true,population,3607,5,0.13521492693996884,0.90625,,0.84375,41
32,500000.0,mridges,mw,true,fresh,470800,5,0.12180361716840646,0.875,,0.84375,41
32,500000.0,mridges,mw,true,population,3587,5,0.1488604978913042,0.875,,0.875,67
32,500000.0,mridges,mw,true,fresh,470820,5,0.12264611468385361,0.875,,0.875,67
32,500000.0,mridges,mw,true,population,3720,5,0.1475646204339575,0.875,,0.875,97
32,500000.0,mridges,mw,true,fresh,470687,5,0.11610647157585317,0.875,,0.875,97
32,500000.0,mridges,mw,true,population,3512,5,0.15577336130522956,0.875,,0.875,113
32,500000.0,mridges,mw,true,fresh,470895,5,0.12320507568475081,0.875,,0.875,113
32,500000.0,mridges,mw,true,population,3690,5,0.1521021483499846,0.875,,0.875,137
32,500000.0,mridges,mw,true,fresh,470717,5,0.12162757785687536,0.875,,0.875,137
32,500000.0,mridges,mw,true,population,3821,5,0.1436077090567997,0.875,,0.84375,173
32,500000.0,mridges,mw,true,fresh,470586,5,0.10248555698286933,0.90625,,0.84375,173
32,500000.0,mridges,mw,true,population,3704,5,0.14153441388866758,0.875,,0.875,211
32,500000.0,mridges,mw,true,fresh,470703,5,0.11051174423539524,0.90625,,0.875,211
32,500000.0,mridges,mw,true,population,3742,5,0.15589821956104777,0.875,,0.875,239
32,500000.0,mridges,mw,true,fresh,470665,5,0.12181274733964378,0.875,,0.875,239
32,500000.0,mridges,mw,true,population,3491,5,0.155469674468287,0.875,,0.875,277
32,500000.0,mridges,mw,true,fresh,470916,5,0.11619895536520708,0.875,,0.875,277
32,500000.0,mridges,mw,true,population,3286,5,0.15992096228686287,0.875,,0.875,313
32,500000.0,mridges,mw,true,fresh,471121,5,0.12116855781365739,0.875,,0.875,313
32,500000.0,mridges,mw,true,population,3597,5,0.16192937916830855,0.875,,0.875,359
32,500000.0,mridges,mw,true,fresh,470810,5,0.10958201170985912,0.90625,,0.875,359
32,500000.0,mridges,mw,true,population,3572,5,0.16146064256343945,0.875,,0.875,401
32,500000.0,mridges,mw,true,fresh,470835,5,0.12314767622011026,0.875,,0.875,401
32,500000.0,mridges,mw,true,population,3647,5,0.15891952531025824,0.875,,0.875,449
32,500000.0,mridges,mw,true,fresh,470760,5,0.12333625465410952,0.875,,0.875,449
32,500000.0,mridges,mw,true,population,3606,5,0.14410221372923918,0.875,,0.875,491
32,500000.0,mridges,mw,true,fresh,470801,5,0.12383522704479503,0.875,,0.875,491
32,500000.0,mridges,mw,true,population,3477,5,0.144579767737297,0.875,,0.875,541
32,500000.0,mridges,mw,true,fresh,470930,5,0.11377576990982434,0.875,,0.875,541
32,500000.0,mridges,mw,true,population,3536,5,0.14669975611351593,0.875,,0.84375,587
32,500000.0,mridges,mw,true,fresh,470871,5,0.1144722585148448,0.875,,0.84375,587
32,500000.0,mridges,mw,true,population,3471,5,0.1798013030782552,0.875,,0.875,631
32,500000.0,mridges,mw,true,fresh,470936,5,0.12199237027815342,0.875,,0.875,631
32,500000.0,mridges,mw,true,population,3322,5,0.1521101272881959,0.875,,0.84375,677
32,500000.0,mridges,mw,true,fresh,471085,5,0.1231156867553637,0.875,,0.84375,677
1024,5000.0,mridges,is,true,output,5000,10,0.9898310766256243,0.009765625,,0.0,11
1024,5000.0,mridges,is,true,output,5000,10,0.981727365872792,0.021484375,,0.0,23
1024,5000.0,mridges,is,true,output,5000,10,0.9952380004824399,0.0048828125,,0.0,41
1024,5000.0,mridges,is,true,output,5000,10,0.9899064552115883,0.009765625,,0.0,67
1024,5000.0,mridges,is,true,output,5000,10,0.9901757148635901,0.009765625,,0.0,97
1024,5000.0,mridges,is,true,output,5000,10,0.9908971979628944,0.0087890625,,0.0,113
1024,5000.0,mridges,is,true,output,5000,10,0.9969845011093671,0.0029296875,,0.0,137
1024,5000.0,mridges,is,true,output,5000,10,0.9916435069613351,0.0087890625,,0.0,173
1024,5000.0,mridges,is,true,output,5000,10,0.9906665342311974,0.0107421875,,0.0,211
1024,5000.0,mridges,is,true,output,5000,10,0.9930195231406481,0.0068359375,,0.0,239
1024,5000.0,mridges,is,true,output,5000,10,0.9928358233488637,0.0087890625,,0.0,277
1024,5000.0,mridges,is,true,output,5000,10,0.9868159624510305,0.0146484375,,0.0,313
1024,5000.0,mridges,is,true,output,5000,10,0.9921513523126809,0.0078125,,0.0,359
1024,5000.0,mridges,is,true,output,5000,10,0.9822288892672839,0.0185546875,,0.0,401
1024,5000.0,mridges,is,true,output,5000,10,0.9910979319603471,0.009765625,,0.0,449
1024,5000.0,mridges,is,true,output,5000,10,0.9886658822118297,0.0126953125,,0.0,491
1024,5000.0,mridges,is,true,output,5000,10,0.9902737904988329,0.0107421875,,0.0,541
1024,5000.0,mridges,is,true,output,5000,10,0.9924082619316965,0.0078125,,0.0,587
1024,5000.0,mridges,is,true,output,5000,10,0.9905935420410867,0.009765625,,0.0,631
1024,5000.0,mridges,is,true,output,5000,10,0.9967011280630647,0.00390625,,0.0,677
1024,50000.0,mridges,is,true,output,50000,10,0.9892426342704557,0.0087890625,,0.0,11
1024,50000.0,mridges,is,true,output,50000,10,0.955509511936177,0.0478515625,,0.0,23
1024,50000.0,mridges,is,true,output,50000,10,0.9972610673554351,0.001953125,,0.0,41
1024,50000.0,mridges,is,true,output,50000,10,0.9467022704253957,0.0615234375,,0.0,67
1024,50000.0,mridges,is,true,output,50000,10,0.9804168648755006,0.0224609375,,0.0,97
1024,50000.0,mridges,is,true,output,50000,10,0.9748884993971859,0.02734375,,0.0,113
1024,50000.0,mridges,is,true,output,50000,10,0.98891369131396,0.0126953125,,0.0,137
1024,50000.0,mridges,is,true,output,50000,10,0.979784393837919,0.01953125,,0.0,173
1024,50000.0,mridges,is,true,output,50000,10,0.9976265315559986,0.001953125,,0.0,211
1024,50000.0,mridges,is,true,output,50000,10,0.9785954398769552,0.0244140625,,0.0,239
1024,50000.0,mridges,is,true,output,50000,10,0.9947412363270596,0.0048828125,,0.0,277
1024,50000.0,mridges,is,true,output,50000,10,0.9912156467753691,0.0087890625,,0.0,313
1024,50000.0,mridges,is,true,output,50000,10,0.9879017066687594,0.01171875,,0.0,359
1024,50000.0,mridges,is,true,output,50000,10,0.9928870008931359,0.0068359375,,0.0,401
1024,50000.0,mridges,is,true,output,50000,10,0.96024497469863,0.0478515625,,0.0,449
1024,50000.0,mridges,is,true,output,50000,10,0.9889410286673078,0.01171875,,0.0,491
1024,50000.0,mridges,is,true,output,50000,10,0.9835435963027942,0.015625,,0.0,541
1024,50000.0,mridges,is,true,output,50000,10,0.9890947136032384,0.0126953125,,0.0,587
1024,50000.0,mridges,is,true,output,50000,10,0.9727930701505912,0.0302734375,,0.0,631
1024,50000.0,mridges,is,true,output,50000,10,0.9821911915653729,0.01953125,,0.0,677
1024,500000.0,mridges,is,true,output,500000,10,0.9293701138752316,0.078125,,0.0,11
1024,500000.0,mridges,is,true,output,500000,10,0.9646308390263373,0.041015625,,0.0,23
1024,500000.0,mridges,is,true,output,500000,10,0.9749041130583463,0.0322265625,,0.0,41
1024,500000.0,mridges,is,true,output,500000,10,0.9660063870011759,0.03515625,,0.0,67
1024,500000.0,mridges,is,true,output,500000,10,0.9679109617657722,0.0302734375,,0.0,97
1024,500000.0,mridges,is,true,output,500000,10,0.9808674335228974,0.0224609375,,0.0,113
1024,500000.0,mridges,is,true,output,500000,10,0.9568985749446384,0.048828125,,0.0,137
1024,500000.0,mridges,is,true,output,500000,10,0.9643526412115654,0.0390625,,0.0,173
1024,500000.0,mridges,is,true,output,500000,10,0.982238176256215,0.01953125,,0.0,211
1024,500000.0,mridges,is,true,output,500000,10,0.9626038599413449,0.037109375,,0.0,239
1024,500000.0,mridges,is,true,output,500000,10,0.9751630657799685,0.025390625,,0.0,277
1024,500000.0,mridges,is,true,output,500000,10,0.9653411610068379,0.0380859375,,0.0,313
1024,500000.0,mridges,is,true,output,500000,10,0.9608554277476354,0.0419921875,,0.0,359
1024,500000.0,mridges,is,true,output,500000,10,0.9487441809081875,0.0576171875,,0.0,401
1024,500000.0,mridges,is,true,output,500000,10,0.9718619439919426,0.0302734375,,0.0,449
1024,500000.0,mridges,is,true,output,500000,10,0.9458856790637165,0.060546875,,0.0,491
1024,500000.0,mridges,is,true,output,500000,10,0.9738259470417516,0.0283203125,,0.0,541
1024,500000.0,mridges,is,true,output,500000,10,0.9415468454954253,0.06640625,,0.0,587
1024,500000.0,mridges,is,true,output,500000,10,0.945010457935722,0.060546875,,0.0,631
1024,500000.0,mridges,is,true,output,500000,10,0.9710471203985578,0.029296875,,0.0,677
1024,5000.0,mridges,mh,false,output,4532,10,0.984027644440699,0.0166015625,RHAT-FAIL,0.0,11
1024,5000.0,mridges,mh,false,output,4636,10,0.9800491409411569,0.01953125,RHAT-FAIL,0.0,23
1024,5000.0,mridges,mh,false,output,4688,10,0.9855982040217606,0.015625,RHAT-FAIL,0.0009765625,41
1024,5000.0,mridges,mh,false,output,4688,10,0.9948138863072453,0.0048828125,RHAT-FAIL,0.0009765625,67
1024,5000.0,mridges,mh,false,output,4584,10,0.9601688642344826,0.0400390625,RHAT-FAIL,0.0029296875,97
1024,5000.0,mridges,mh,false,output,4740,10,0.9929530923531554,0.0068359375,RHAT-FAIL,0.0,113
1024,5000.0,mridges,mh,false,output,4584,10,0.9739447006450972,0.0263671875,RHAT-FAIL,0.00390625,137
1024,5000.0,mridges,mh,false,output,4584,10,0.9872842360350842,0.0126953125,RHAT-FAIL,0.0,173
1024,5000.0,mridges,mh,false,output,4688,10,0.977179102059305,0.0244140625,RHAT-FAIL,0.0009765625,211
1024,5000.0,mridges,mh,false,output,4584,10,0.961685689694544,0.0380859375,RHAT-FAIL,0.0009765625,239
1024,5000.0,mridges,mh,false,output,4584,10,0.9724278766657252,0.0283203125,RHAT-FAIL,0.0009765625,277
1024,5000.0,mridges,mh,false,output,4532,10,0.9850042068349354,0.015625,RHAT-FAIL,0.0009765625,313
1024,5000.0,mridges,mh,false,output,4688,10,0.987124706803716,0.0146484375,RHAT-FAIL,0.0,359
1024,5000.0,mridges,mh,false,output,4636,10,0.9931640617596565,0.0068359375,RHAT-FAIL,0.0,401
1024,5000.0,mridges,mh,false,output,4584,10,0.9850192242649134,0.015625,RHAT-FAIL,0.0,449
1024,5000.0,mridges,mh,false,output,4584,10,0.9818713880525796,0.0185546875,RHAT-FAIL,0.0,491
1024,5000.0,mridges,mh,false,output,4532,10,0.9799946915916173,0.0205078125,RHAT-FAIL,0.0009765625,541
1024,5000.0,mridges,mh,false,output,4532,10,0.9960937497884741,0.00390625,RHAT-FAIL,0.0,587
1024,5000.0,mridges,mh,false,output,4532,10,0.9809712539858537,0.01953125,RHAT-FAIL,0.001953125,631
1024,5000.0,mridges,mh,false,output,4688,10,0.9845316492169935,0.015625,RHAT-FAIL,0.0009765625,677
1024,50000.0,mridges,mh,false,output,47236,10,0.9056858508819394,0.10546875,RHAT-FAIL,0.0029296875,11
1024,50000.0,mridges,mh,false,output,47236,10,0.868915866174137,0.1474609375,RHAT-FAIL,0.0,23
1024,50000.0,mridges,mh,false,output,47236,10,0.888722327244251,0.125,RHAT-FAIL,0.00390625,41
1024,50000.0,mridges,mh,false,output,47236,10,0.9426832521248037,0.0654296875,RHAT-FAIL,0.00390625,67
1024,50000.0,mridges,mh,false,output,47544,10,0.8660316706020404,0.1552734375,RHAT-FAIL,0.005859375,97
1024,50000.0,mridges,mh,false,output,46608,10,0.9589448195134508,0.046875,RHAT-FAIL,0.0009765625,113
1024,50000.0,mridges,mh,false,output,46608,10,0.863970183736228,0.1552734375,RHAT-FAIL,0.005859375,137
1024,50000.0,mridges,mh,false,output,47236,10,0.9430301634585844,0.0673828125,RHAT-FAIL,0.0029296875,173
1024,50000.0,mridges,mh,false,output,47236,10,0.8796266261635959,0.1376953125,RHAT-FAIL,0.0048828125,211
1024,50000.0,mridges,mh,false,output,47864,10,0.8847832621668712,0.125,RHAT-FAIL,0.0029296875,239
1024,50000.0,mridges,mh,false,output,47236,10,0.8847313962804039,0.130859375,RHAT-FAIL,0.0029296875,277
1024,50000.0,mridges,mh,false,output,47236,10,0.9135509460422341,0.1005859375,RHAT-FAIL,0.00390625,313
1024,50000.0,mridges,mh,false,output,47236,10,0.9485289821030852,0.056640625,RHAT-FAIL,0.0029296875,359
1024,50000.0,mridges,mh,false,output,47236,10,0.9883051481136362,0.0126953125,RHAT-FAIL,0.005859375,401
1024,50000.0,mridges,mh,false,output,47544,10,0.9491078348053011,0.0556640625,RHAT-FAIL,0.005859375,449
1024,50000.0,mridges,mh,false,output,45968,10,0.8736621212351913,0.1416015625,RHAT-FAIL,0.0029296875,491
1024,50000.0,mridges,mh,false,output,47236,10,0.9257853070974458,0.0849609375,RHAT-FAIL,0.00390625,541
1024,50000.0,mridges,mh,false,output,46916,10,0.9594259070611331,0.044921875,RHAT-FAIL,0.0068359375,587
1024,50000.0,mridges,mh,false,output,47236,10,0.9571063396551407,0.05078125,RHAT-FAIL,0.0048828125,631
1024,50000.0,mridges,mh,false,output,45968,10,0.890643023393536,0.12109375,RHAT-FAIL,0.001953125,677
1024,500000.0,mridges,mh,false,output,478732,10,0.7100859111322878,0.34765625,RHAT-FAIL,0.0048828125,11
1024,500000.0,mridges,mh,false,output,472484,10,0.6588259549305496,0.4052734375,RHAT-FAIL,0.0166015625,23
1024,500000.0,mridges,mh,false,output,459976,10,0.6381792913747774,0.4208984375,RHAT-FAIL,0.0087890625,41
1024,500000.0,mridges,mh,false,output,472484,10,0.7498985547762791,0.298828125,RHAT-FAIL,0.025390625,67
1024,500000.0,mridges,mh,false,output,472484,10,0.6701484351766933,0.39453125,RHAT-FAIL,0.015625,97
1024,500000.0,mridges,mh,false,output,472484,10,0.6546989978793106,0.4091796875,RHAT-FAIL,0.017578125,113
1024,500000.0,mridges,mh,false,output,472484,10,0.6447768626713053,0.4248046875,RHAT-FAIL,0.01171875,137
1024,500000.0,mridges,mh,false,output,472484,10,0.72678645031637,0.32421875,RHAT-FAIL,0.0166015625,173
1024,500000.0,mridges,mh,false,output,469348,10,0.6453865294358271,0.4169921875,RHAT-FAIL,0.0078125,211
1024,500000.0,mridges,mh,false,output,466224,10,0.7040984332372329,0.3369140625,RHAT-FAIL,0.0,239
1024,500000.0,mridges,mh,false,output,472484,10,0.6404711918457989,0.4345703125,RHAT-FAIL,0.013671875,277
1024,500000.0,mridges,mh,false,output,472484,10,0.6589766042386114,0.3974609375,RHAT-FAIL,0.01171875,313
1024,500000.0,mridges,mh,false,output,472484,10,0.7629464511595913,0.287109375,RHAT-FAIL,0.013671875,359
1024,500000.0,mridges,mh,false,output,472484,10,0.6930051518996282,0.37109375,RHAT-FAIL,0.0185546875,401
1024,500000.0,mridges,mh,false,output,472484,10,0.6937242625614916,0.3583984375,RHAT-FAIL,0.017578125,449
1024,500000.0,mridges,mh,false,output,475608,10,0.7929220934425053,0.2392578125,RHAT-FAIL,0.0029296875,491
1024,500000.0,mridges,mh,false,output,472484,10,0.6633019175288022,0.3974609375,RHAT-FAIL,0.0146484375,541
1024,500000.0,mridges,mh,false,output,472484,10,0.9002084925097994,0.1123046875,RHAT-FAIL,0.0,587
1024,500000.0,mridges,mh,false,output,459976,10,0.7443644389782315,0.294921875,RHAT-FAIL,0.0068359375,631
1024,500000.0,mridges,mh,false,output,472484,10,0.6323939695999142,0.4375,RHAT-FAIL,0.01171875,677
1024,5000.0,mridges,nuts,false,population,0,10,NaN,NaN,budget-infeasible (one trajectory ~ 22.25xB > 1.2B),NaN,11
1024,5000.0,mridges,nuts,false,population,0,10,NaN,NaN,budget-infeasible (one trajectory ~ 18.38xB > 1.2B),NaN,23
1024,5000.0,mridges,nuts,false,population,0,10,NaN,NaN,budget-infeasible (one trajectory ~ 27.98xB > 1.2B),NaN,41
1024,5000.0,mridges,nuts,false,population,0,10,NaN,NaN,budget-infeasible (one trajectory ~ 28.55xB > 1.2B),NaN,67
1024,5000.0,mridges,nuts,false,population,0,10,NaN,NaN,budget-infeasible (one trajectory ~ 24.07xB > 1.2B),NaN,97
1024,5000.0,mridges,nuts,false,population,0,10,NaN,NaN,budget-infeasible (one trajectory ~ 20.98xB > 1.2B),NaN,113
1024,5000.0,mridges,nuts,false,population,0,10,NaN,NaN,budget-infeasible (one trajectory ~ 22.81xB > 1.2B),NaN,137
1024,5000.0,mridges,nuts,false,population,0,10,NaN,NaN,budget-infeasible (one trajectory ~ 21.66xB > 1.2B),NaN,173
1024,5000.0,mridges,nuts,false,population,0,10,NaN,NaN,budget-infeasible (one trajectory ~ 19.98xB > 1.2B),NaN,211
1024,5000.0,mridges,nuts,false,population,0,10,NaN,NaN,budget-infeasible (one trajectory ~ 28.4xB > 1.2B),NaN,239
1024,5000.0,mridges,nuts,false,population,0,10,NaN,NaN,budget-infeasible (one trajectory ~ 21.29xB > 1.2B),NaN,277
1024,5000.0,mridges,nuts,false,population,0,10,NaN,NaN,budget-infeasible (one trajectory ~ 24.57xB > 1.2B),NaN,313
1024,5000.0,mridges,nuts,false,population,0,10,NaN,NaN,budget-infeasible (one trajectory ~ 27.23xB > 1.2B),NaN,359
1024,5000.0,mridges,nuts,false,population,0,10,NaN,NaN,budget-infeasible (one trajectory ~ 22.75xB > 1.2B),NaN,401
1024,5000.0,mridges,nuts,false,population,0,10,NaN,NaN,budget-infeasible (one trajectory ~ 22.48xB > 1.2B),NaN,449
1024,5000.0,mridges,nuts,false,population,0,10,NaN,NaN,budget-infeasible (one trajectory ~ 21.38xB > 1.2B),NaN,491
1024,5000.0,mridges,nuts,false,population,0,10,NaN,NaN,budget-infeasible (one trajectory ~ 23.11xB > 1.2B),NaN,541
1024,5000.0,mridges,nuts,false,population,0,10,NaN,NaN,budget-infeasible (one trajectory ~ 25.08xB > 1.2B),NaN,587
1024,5000.0,mridges,nuts,false,population,0,10,NaN,NaN,budget-infeasible (one trajectory ~ 27.77xB > 1.2B),NaN,631
1024,5000.0,mridges,nuts,false,population,0,10,NaN,NaN,budget-infeasible (one trajectory ~ 25.49xB > 1.2B),NaN,677
1024,50000.0,mridges,nuts,false,population,0,10,NaN,NaN,budget-infeasible (one trajectory ~ 3.55xB > 1.2B),NaN,11
1024,50000.0,mridges,nuts,false,population,0,10,NaN,NaN,budget-infeasible (one trajectory ~ 2.39xB > 1.2B),NaN,23
1024,50000.0,mridges,nuts,false,population,0,10,NaN,NaN,budget-infeasible (one trajectory ~ 2.3xB > 1.2B),NaN,41
1024,50000.0,mridges,nuts,false,population,0,10,NaN,NaN,budget-infeasible (one trajectory ~ 3.32xB > 1.2B),NaN,67
1024,50000.0,mridges,nuts,false,population,0,10,NaN,NaN,budget-infeasible (one trajectory ~ 3.01xB > 1.2B),NaN,97
1024,50000.0,mridges,nuts,false,population,0,10,NaN,NaN,budget-infeasible (one trajectory ~ 1.62xB > 1.2B),NaN,113
1024,50000.0,mridges,nuts,false,population,0,10,NaN,NaN,budget-infeasible (one trajectory ~ 2.19xB > 1.2B),NaN,137
1024,50000.0,mridges,nuts,false,population,0,10,NaN,NaN,budget-infeasible (one trajectory ~ 1.98xB > 1.2B),NaN,173
1024,50000.0,mridges,nuts,false,population,0,10,NaN,NaN,budget-infeasible (one trajectory ~ 2.27xB > 1.2B),NaN,211
1024,50000.0,mridges,nuts,false,population,0,10,NaN,NaN,budget-infeasible (one trajectory ~ 2.92xB > 1.2B),NaN,239
1024,50000.0,mridges,nuts,false,population,0,10,NaN,NaN,budget-infeasible (one trajectory ~ 2.43xB > 1.2B),NaN,277
1024,50000.0,mridges,nuts,false,population,0,10,NaN,NaN,budget-infeasible (one trajectory ~ 2.72xB > 1.2B),NaN,313
1024,50000.0,mridges,nuts,false,population,0,10,NaN,NaN,budget-infeasible (one trajectory ~ 2.23xB > 1.2B),NaN,359
1024,50000.0,mridges,nuts,false,population,0,10,NaN,NaN,budget-infeasible (one trajectory ~ 2.13xB > 1.2B),NaN,401
1024,50000.0,mridges,nuts,false,population,0,10,NaN,NaN,budget-infeasible (one trajectory ~ 2.09xB > 1.2B),NaN,449
1024,50000.0,mridges,nuts,false,population,0,10,NaN,NaN,budget-infeasible (one trajectory ~ 3.13xB > 1.2B),NaN,491
1024,50000.0,mridges,nuts,false,population,0,10,NaN,NaN,budget-infeasible (one trajectory ~ 2.41xB > 1.2B),NaN,541
1024,50000.0,mridges,nuts,false,population,0,10,NaN,NaN,budget-infeasible (one trajectory ~ 3.56xB > 1.2B),NaN,587
1024,50000.0,mridges,nuts,false,population,0,10,NaN,NaN,budget-infeasible (one trajectory ~ 2.24xB > 1.2B),NaN,631
1024,50000.0,mridges,nuts,false,population,0,10,NaN,NaN,budget-infeasible (one trajectory ~ 2.65xB > 1.2B),NaN,677
1024,500000.0,mridges,nuts,false,output,1200,10,0.9109546891187166,0.0927734375,RHAT-FAIL,0.0068359375,11
1024,500000.0,mridges,nuts,false,output,1198,10,0.84849758645016,0.1552734375,RHAT-FAIL,0.0,23
1024,500000.0,mridges,nuts,false,output,501,10,0.9531250046535988,0.046875,RHAT-FAIL,0.0029296875,41
1024,500000.0,mridges,nuts,false,output,1513,10,0.8521065888239644,0.1611328125,RHAT-FAIL,0.001953125,67
1024,500000.0,mridges,nuts,false,output,1210,10,0.990234373942365,0.009765625,RHAT-FAIL,0.0087890625,97
1024,500000.0,mridges,nuts,false,output,936,10,0.9199218824034523,0.080078125,RHAT-FAIL,0.0048828125,113
1024,500000.0,mridges,nuts,false,output,570,10,0.9101562597302507,0.08984375,RHAT-FAIL,0.0009765625,137
1024,500000.0,mridges,nuts,false,output,1136,10,0.922208282684894,0.0810546875,RHAT-FAIL,0.00390625,173
1024,500000.0,mridges,nuts,false,output,1384,10,0.8993374772950148,0.1083984375,RHAT-FAIL,0.0078125,211
1024,500000.0,mridges,nuts,false,output,1322,10,0.9047245321095502,0.1015625,RHAT-FAIL,0.005859375,239
1024,500000.0,mridges,nuts,false,output,1376,10,0.8615600625770586,0.1455078125,RHAT-FAIL,0.005859375,277
1024,500000.0,mridges,nuts,false,output,1208,10,0.8599656374801042,0.1455078125,RHAT-FAIL,0.0029296875,313
1024,500000.0,mridges,nuts,false,output,1136,10,0.862811744288693,0.1416015625,RHAT-FAIL,0.0009765625,359
1024,500000.0,mridges,nuts,false,output,1188,10,0.8521708633129947,0.1533203125,RHAT-FAIL,0.0,401
1024,500000.0,mridges,nuts,false,output,1130,10,0.8948903378259279,0.1083984375,RHAT-FAIL,0.0048828125,449
1024,500000.0,mridges,nuts,false,output,501,10,0.9316406321919242,0.068359375,RHAT-FAIL,0.001953125,491
1024,500000.0,mridges,nuts,false,output,435,10,0.9287109452207425,0.0712890625,RHAT-FAIL,0.0,541
1024,500000.0,mridges,nuts,false,output,910,10,0.9101562582495605,0.08984375,RHAT-FAIL,0.0068359375,587
1024,500000.0,mridges,nuts,false,output,1338,10,0.8829471602949565,0.1220703125,RHAT-FAIL,0.0029296875,631
1024,500000.0,mridges,nuts,false,output,174,10,0.9921875004230547,0.0078125,RHAT-FAIL,0.001953125,677
1024,5000.0,mridges,ns,false,population,0,10,NaN,NaN,budget-infeasible (one trajectory ~ 2.55xB > 1.2B),NaN,11
1024,5000.0,mridges,ns,false,population,0,10,NaN,NaN,budget-infeasible (one trajectory ~ 2.54xB > 1.2B),NaN,23
1024,5000.0,mridges,ns,false,population,0,10,NaN,NaN,budget-infeasible (one trajectory ~ 2.56xB > 1.2B),NaN,41
1024,5000.0,mridges,ns,false,population,0,10,NaN,NaN,budget-infeasible (one trajectory ~ 2.54xB > 1.2B),NaN,67
1024,5000.0,mridges,ns,false,population,0,10,NaN,NaN,budget-infeasible (one trajectory ~ 2.54xB > 1.2B),NaN,97
1024,5000.0,mridges,ns,false,population,0,10,NaN,NaN,budget-infeasible (one trajectory ~ 2.55xB > 1.2B),NaN,113
1024,5000.0,mridges,ns,false,population,0,10,NaN,NaN,budget-infeasible (one trajectory ~ 2.56xB > 1.2B),NaN,137
1024,5000.0,mridges,ns,false,population,0,10,NaN,NaN,budget-infeasible (one trajectory ~ 2.55xB > 1.2B),NaN,173
1024,5000.0,mridges,ns,false,population,0,10,NaN,NaN,budget-infeasible (one trajectory ~ 2.55xB > 1.2B),NaN,211
1024,5000.0,mridges,ns,false,population,0,10,NaN,NaN,budget-infeasible (one trajectory ~ 2.55xB > 1.2B),NaN,239
1024,5000.0,mridges,ns,false,population,0,10,NaN,NaN,budget-infeasible (one trajectory ~ 2.55xB > 1.2B),NaN,277
1024,5000.0,mridges,ns,false,population,0,10,NaN,NaN,budget-infeasible (one trajectory ~ 2.55xB > 1.2B),NaN,313
1024,5000.0,mridges,ns,false,population,0,10,NaN,NaN,budget-infeasible (one trajectory ~ 2.54xB > 1.2B),NaN,359
1024,5000.0,mridges,ns,false,population,0,10,NaN,NaN,budget-infeasible (one trajectory ~ 2.55xB > 1.2B),NaN,401
1024,5000.0,mridges,ns,false,population,0,10,NaN,NaN,budget-infeasible (one trajectory ~ 2.55xB > 1.2B),NaN,449
1024,5000.0,mridges,ns,false,population,0,10,NaN,NaN,budget-infeasible (one trajectory ~ 2.53xB > 1.2B),NaN,491
1024,5000.0,mridges,ns,false,population,0,10,NaN,NaN,budget-infeasible (one trajectory ~ 2.55xB > 1.2B),NaN,541
1024,5000.0,mridges,ns,false,population,0,10,NaN,NaN,budget-infeasible (one trajectory ~ 2.55xB > 1.2B),NaN,587
1024,5000.0,mridges,ns,false,population,0,10,NaN,NaN,budget-infeasible (one trajectory ~ 2.54xB > 1.2B),NaN,631
1024,5000.0,mridges,ns,false,population,0,10,NaN,NaN,budget-infeasible (one trajectory ~ 2.55xB > 1.2B),NaN,677
1024,50000.0,mridges,ns,true,output,8808,10,0.9708128946137897,0.03125,,0.0,11
1024,50000.0,mridges,ns,true,output,8977,10,0.9831902626815378,0.017578125,,0.0,23
1024,50000.0,mridges,ns,true,output,9017,10,0.9954533884494663,0.0048828125,,0.0,41
1024,50000.0,mridges,ns,true,output,8788,10,0.99015869981765,0.0107421875,,0.0,67
1024,50000.0,mridges,ns,true,output,7964,10,0.9834534889285109,0.0185546875,,0.0,97
1024,50000.0,mridges,ns,true,output,7945,10,0.9943394703594783,0.0048828125,,0.0,113
1024,50000.0,mridges,ns,true,output,8906,10,0.9914255118779558,0.009765625,,0.0,137
1024,50000.0,mridges,ns,true,output,9044,10,0.9863257727004344,0.0146484375,,0.0,173
1024,50000.0,mridges,ns,true,output,8581,10,0.9880870592189293,0.0126953125,,0.0,211
1024,50000.0,mridges,ns,true,output,9403,10,0.9938233807960236,0.005859375,,0.0,239
1024,50000.0,mridges,ns,true,output,8778,10,0.9716468532981646,0.0322265625,,0.0,277
1024,50000.0,mridges,ns,true,output,8998,10,0.996523716240885,0.0048828125,,0.0,313
1024,50000.0,mridges,ns,true,output,8962,10,0.9875832703836177,0.013671875,,0.0,359
1024,50000.0,mridges,ns,true,output,8987,10,0.9896540769374745,0.01171875,,0.0,401
1024,50000.0,mridges,ns,true,output,9028,10,0.9881814181651236,0.01171875,,0.0,449
1024,50000.0,mridges,ns,true,output,8141,10,0.968886954437033,0.033203125,,0.0,491
1024,50000.0,mridges,ns,true,output,8931,10,0.9846362866904219,0.017578125,,0.0,541
1024,50000.0,mridges,ns,true,output,8921,10,0.9763127105017374,0.02734375,,0.0,587
1024,50000.0,mridges,ns,true,output,7968,10,0.9812634768751932,0.0185546875,,0.0,631
1024,50000.0,mridges,ns,true,output,8910,10,0.9912729952993855,0.0078125,,0.0,677
1024,500000.0,mridges,ns,true,output,25614,10,0.8353877531579404,0.1923828125,,0.0,11
1024,500000.0,mridges,ns,true,output,23074,10,0.8729410024390319,0.1494140625,,0.0,23
1024,500000.0,mridges,ns,true,output,25718,10,0.921007235409683,0.087890625,,0.0,41
1024,500000.0,mridges,ns,true,output,23050,10,0.8220237994703575,0.1962890625,,0.0,67
1024,500000.0,mridges,ns,true,output,25754,10,0.8600215460773267,0.158203125,,0.0,97
1024,500000.0,mridges,ns,true,output,25400,10,0.8290014226832265,0.19140625,,0.0009765625,113
1024,500000.0,mridges,ns,true,output,25724,10,0.838350856134997,0.189453125,,0.0,137
1024,500000.0,mridges,ns,true,output,23200,10,0.8337254056609404,0.1923828125,,0.0,173
1024,500000.0,mridges,ns,true,output,25811,10,0.8240719155921142,0.1962890625,,0.0,211
1024,500000.0,mridges,ns,true,output,25655,10,0.9078272990077024,0.1103515625,,0.0,239
1024,500000.0,mridges,ns,true,output,25610,10,0.8280663404524343,0.193359375,,0.0,277
1024,500000.0,mridges,ns,true,output,25847,10,0.8408084741672424,0.1826171875,,0.0,313
1024,500000.0,mridges,ns,true,output,25768,10,0.8393114110455765,0.185546875,,0.0,359
1024,500000.0,mridges,ns,true,output,23087,10,0.8649181127598623,0.1572265625,,0.0,401
1024,500000.0,mridges,ns,true,output,25858,10,0.8269460652543049,0.1923828125,,0.0,449
1024,500000.0,mridges,ns,true,output,25700,10,0.8427355416460877,0.17578125,,0.0,491
1024,500000.0,mridges,ns,true,output,25590,10,0.8277135867734696,0.1982421875,,0.0,541
1024,500000.0,mridges,ns,true,output,25789,10,0.8705285315447452,0.150390625,,0.0,587
1024,500000.0,mridges,ns,true,output,25686,10,0.866469570606167,0.158203125,,0.0,631
1024,500000.0,mridges,ns,true,output,25704,10,0.8369035364269498,0.181640625,,0.0009765625,677
1024,5000.0,mridges,mw,false,population,2487,10,0.9694810201873562,0.0341796875,BUDGET-VIOLATION,0.001953125,11
1024,5000.0,mridges,mw,true,population,2076,10,0.975093684485468,0.0283203125,,0.001953125,23
1024,5000.0,mridges,mw,false,population,2550,10,0.9552411392851738,0.0458984375,BUDGET-VIOLATION,0.0029296875,41
1024,5000.0,mridges,mw,true,population,2472,10,0.9766051364116121,0.0244140625,,0.001953125,67
1024,5000.0,mridges,mw,true,population,2130,10,0.9722746741094785,0.033203125,,0.0029296875,97
1024,5000.0,mridges,mw,true,population,2138,10,0.9763274364736809,0.0244140625,,0.001953125,113
1024,5000.0,mridges,mw,true,population,2168,10,0.9800853308323862,0.021484375,,0.001953125,137
1024,5000.0,mridges,mw,true,population,2232,10,0.9733383141234507,0.0302734375,,0.001953125,173
1024,5000.0,mridges,mw,true,population,2311,10,0.9721099887381967,0.0341796875,,0.0009765625,211
1024,5000.0,mridges,mw,true,population,2078,10,0.9808375509282491,0.0224609375,,0.0,239
1024,5000.0,mridges,mw,true,population,2194,10,0.9790952774904641,0.0234375,,0.001953125,277
1024,5000.0,mridges,mw,true,population,2196,10,0.9731286814460588,0.0322265625,,0.001953125,313
1024,5000.0,mridges,mw,true,population,2153,10,0.9735116456472682,0.0283203125,,0.001953125,359
1024,5000.0,mridges,mw,true,population,2122,10,0.9605474510018311,0.0478515625,,0.001953125,401
1024,5000.0,mridges,mw,true,population,2075,10,0.9731093782037661,0.033203125,,0.0029296875,449
1024,5000.0,mridges,mw,true,population,2124,10,0.9856107256063029,0.0166015625,,0.0009765625,491
1024,5000.0,mridges,mw,true,population,2122,10,0.9670129434327861,0.0341796875,,0.001953125,541
1024,5000.0,mridges,mw,true,population,2127,10,0.9731118144383389,0.02734375,,0.001953125,587
1024,5000.0,mridges,mw,true,population,2242,10,0.9760731113204109,0.0263671875,,0.001953125,631
1024,5000.0,mridges,mw,true,population,2061,10,0.9756288440044653,0.029296875,,0.0029296875,677
1024,50000.0,mridges,mw,true,population,4847,10,0.890172102274753,0.1171875,,0.001953125,11
1024,50000.0,mridges,mw,true,fresh,25609,10,0.8657142543695243,0.1484375,,0.001953125,11
1024,50000.0,mridges,mw,true,population,4136,10,0.9084226578785254,0.1015625,,0.001953125,23
1024,50000.0,mridges,mw,true,fresh,26320,10,0.8670365630185423,0.154296875,,0.001953125,23
1024,50000.0,mridges,mw,true,population,4077,10,0.8929273494056138,0.1171875,,0.0029296875,41
1024,50000.0,mridges,mw,true,fresh,26379,10,0.855456513497914,0.1669921875,,0.0029296875,41
1024,50000.0,mridges,mw,true,population,3571,10,0.8893240492550206,0.125,,0.001953125,67
1024,50000.0,mridges,mw,true,fresh,26885,10,0.8630499583181899,0.1650390625,,0.001953125,67
1024,50000.0,mridges,mw,true,population,3825,10,0.9279643131337068,0.0830078125,,0.0009765625,97
1024,50000.0,mridges,mw,true,fresh,26631,10,0.8569215849916327,0.158203125,,0.0009765625,97
1024,50000.0,mridges,mw,true,population,3797,10,0.9150821739400875,0.09375,,0.0029296875,113
1024,50000.0,mridges,mw,true,fresh,26659,10,0.8563715274028383,0.1611328125,,0.0029296875,113
1024,50000.0,mridges,mw,true,population,4619,10,0.887620993150094,0.1259765625,,0.001953125,137
1024,50000.0,mridges,mw,true,fresh,25837,10,0.905981916368972,0.1005859375,,0.001953125,137
1024,50000.0,mridges,mw,true,population,4327,10,0.8842165914586766,0.1328125,,0.001953125,173
1024,50000.0,mridges,mw,true,fresh,26129,10,0.8722066875833933,0.13671875,,0.001953125,173
1024,50000.0,mridges,mw,true,population,3429,10,0.9096632000750355,0.1005859375,,0.00390625,211
1024,50000.0,mridges,mw,true,fresh,27027,10,0.858420711454853,0.1640625,,0.00390625,211
1024,50000.0,mridges,mw,true,population,3787,10,0.907951072480699,0.0986328125,,0.001953125,239
1024,50000.0,mridges,mw,true,fresh,26669,10,0.8559779975058823,0.1572265625,,0.001953125,239
1024,50000.0,mridges,mw,true,population,3671,10,0.9341538625513511,0.083984375,,0.0009765625,277
1024,50000.0,mridges,mw,true,fresh,26785,10,0.848724879667353,0.16796875,,0.0009765625,277
1024,50000.0,mridges,mw,true,population,3530,10,0.9163730141310388,0.0927734375,,0.0029296875,313
1024,50000.0,mridges,mw,true,fresh,26926,10,0.8725226652930439,0.1513671875,,0.0029296875,313
1024,50000.0,mridges,mw,true,population,3675,10,0.9202762105448146,0.08203125,,0.0029296875,359
1024,50000.0,mridges,mw,true,fresh,26781,10,0.8824366397386492,0.1298828125,,0.0029296875,359
1024,50000.0,mridges,mw,true,population,4394,10,0.8943921708368324,0.115234375,,0.001953125,401
1024,50000.0,mridges,mw,true,fresh,26062,10,0.8696339749202356,0.15234375,,0.001953125,401
1024,50000.0,mridges,mw,true,population,3979,10,0.8963795172514922,0.1171875,,0.001953125,449
1024,50000.0,mridges,mw,true,fresh,26477,10,0.851806450507926,0.1689453125,,0.001953125,449
1024,50000.0,mridges,mw,true,population,3438,10,0.9191449410877435,0.0908203125,,0.001953125,491
1024,50000.0,mridges,mw,true,fresh,27018,10,0.8751213494385858,0.1416015625,,0.001953125,491
1024,50000.0,mridges,mw,true,population,3781,10,0.908467624606277,0.1025390625,,0.001953125,541
1024,50000.0,mridges,mw,true,fresh,26675,10,0.8823644227387284,0.1298828125,,0.001953125,541
1024,50000.0,mridges,mw,true,population,4275,10,0.8999769648927324,0.109375,,0.001953125,587
1024,50000.0,mridges,mw,true,fresh,26181,10,0.8376038669301111,0.1806640625,,0.001953125,587
1024,50000.0,mridges,mw,true,population,3966,10,0.8931801126884362,0.12109375,,0.001953125,631
1024,50000.0,mridges,mw,true,fresh,26490,10,0.9398344954595845,0.0673828125,,0.001953125,631
1024,50000.0,mridges,mw,true,population,4813,10,0.8861009424411119,0.1318359375,,0.0029296875,677
1024,50000.0,mridges,mw,true,fresh,25643,10,0.836854125117557,0.177734375,,0.0029296875,677
1024,500000.0,mridges,mw,true,population,2173,10,0.8504858378780498,0.185546875,,0.0107421875,11
1024,500000.0,mridges,mw,true,fresh,424715,10,0.679834042191963,0.3955078125,,0.0107421875,11
1024,500000.0,mridges,mw,true,population,2170,10,0.8524259533007219,0.1904296875,,0.0126953125,23
1024,500000.0,mridges,mw,true,fresh,424718,10,0.7825353798295881,0.279296875,,0.0126953125,23
1024,500000.0,mridges,mw,true,population,2119,10,0.8377906587875907,0.2080078125,,0.0107421875,41
1024,500000.0,mridges,mw,true,fresh,424769,10,0.7739113467545883,0.28515625,,0.0107421875,41
1024,500000.0,mridges,mw,true,population,2175,10,0.8525020781402054,0.1875,,0.0107421875,67
1024,500000.0,mridges,mw,true,fresh,424713,10,0.6892142886415086,0.3974609375,,0.0107421875,67
1024,500000.0,mridges,mw,true,population,2154,10,0.8524925340106865,0.1875,,0.0126953125,97
1024,500000.0,mridges,mw,true,fresh,424734,10,0.7923439327675073,0.26171875,,0.0126953125,97
1024,500000.0,mridges,mw,true,population,2206,10,0.8403764892096707,0.203125,,0.013671875,113
1024,500000.0,mridges,mw,true,fresh,424682,10,0.6562281416731757,0.4169921875,,0.013671875,113
1024,500000.0,mridges,mw,true,population,2266,10,0.8554751698618535,0.1806640625,,0.0126953125,137
1024,500000.0,mridges,mw,true,fresh,424622,10,0.6778189127070655,0.41015625,,0.0126953125,137
1024,500000.0,mridges,mw,true,population,2207,10,0.8432001897255385,0.1982421875,,0.0126953125,173
1024,500000.0,mridges,mw,true,fresh,424681,10,0.6953713390262793,0.3837890625,,0.0126953125,173
1024,500000.0,mridges,mw,true,population,2203,10,0.8480585576570009,0.197265625,,0.01171875,211
1024,500000.0,mridges,mw,true,fresh,424685,10,0.6463669676172293,0.4189453125,,0.01171875,211
1024,500000.0,mridges,mw,true,population,2179,10,0.8483433314203636,0.197265625,,0.0146484375,239
1024,500000.0,mridges,mw,true,fresh,424709,10,0.7342448376253,0.3427734375,,0.0146484375,239
1024,500000.0,mridges,mw,true,population,2190,10,0.8613826415462768,0.18359375,,0.0107421875,277
1024,500000.0,mridges,mw,true,fresh,424698,10,0.7951472449309147,0.2529296875,,0.0107421875,277
1024,500000.0,mridges,mw,true,population,2230,10,0.8468312735399551,0.1943359375,,0.01171875,313
1024,500000.0,mridges,mw,true,fresh,424658,10,0.6541637214425218,0.4150390625,,0.01171875,313
1024,500000.0,mridges,mw,true,population,2122,10,0.854549327933851,0.181640625,,0.0126953125,359
1024,500000.0,mridges,mw,true,fresh,424766,10,0.6925281948397841,0.404296875,,0.0126953125,359
1024,500000.0,mridges,mw,true,population,2181,10,0.85236461520058,0.1865234375,,0.0107421875,401
1024,500000.0,mridges,mw,true,fresh,424707,10,0.6633006471381169,0.4052734375,,0.0107421875,401
1024,500000.0,mridges,mw,true,population,2135,10,0.8508301473846825,0.197265625,,0.0126953125,449
1024,500000.0,mridges,mw,true,fresh,424753,10,0.6555366455025271,0.416015625,,0.0126953125,449
1024,500000.0,mridges,mw,true,population,2237,10,0.8573751112115161,0.193359375,,0.0126953125,491
1024,500000.0,mridges,mw,true,fresh,424651,10,0.7264101110946174,0.3515625,,0.0126953125,491
1024,500000.0,mridges,mw,true,population,2147,10,0.8480052888014592,0.1953125,,0.0107421875,541
1024,500000.0,mridges,mw,true,fresh,424741,10,0.7265905529975202,0.3486328125,,0.0107421875,541
1024,500000.0,mridges,mw,true,population,2171,10,0.8422598033712666,0.193359375,,0.0126953125,587
1024,500000.0,mridges,mw,true,fresh,424717,10,0.6856677751867962,0.3935546875,,0.0126953125,587
1024,500000.0,mridges,mw,true,population,2163,10,0.8598880003180605,0.1875,,0.0107421875,631
1024,500000.0,mridges,mw,true,fresh,424725,10,0.6977540082319748,0.390625,,0.0107421875,631
1024,500000.0,mridges,mw,true,population,2232,10,0.8507488692661227,0.1875,,0.01171875,677
1024,500000.0,mridges,mw,true,fresh,424656,10,0.7537233139981895,0.310546875,,0.01171875,677
7,5000.0,mridges_spiky,is,true,output,5000,5,0.7999975212870373,0.14285714285714285,,0.0,11
7,5000.0,mridges_spiky,is,true,output,5000,5,0.8422539189892969,0.14285714285714285,,0.0,23
7,5000.0,mridges_spiky,is,true,output,5000,5,0.8499813755433123,0.14285714285714285,,0.0,41
7,5000.0,mridges_spiky,is,true,output,5000,5,0.6496147353852669,0.2857142857142857,,0.0,67
7,5000.0,mridges_spiky,is,true,output,5000,5,0.7989858613363292,0.14285714285714285,,0.0,97
7,5000.0,mridges_spiky,is,true,output,5000,5,0.7973455842621154,0.14285714285714285,,0.0,113
7,5000.0,mridges_spiky,is,true,output,5000,5,0.7999992856340121,0.14285714285714285,,0.0,137
7,5000.0,mridges_spiky,is,true,output,5000,5,0.555523495428825,0.2857142857142857,,0.0,173
7,5000.0,mridges_spiky,is,true,output,5000,5,0.7998845465301935,0.14285714285714285,,0.0,211
7,5000.0,mridges_spiky,is,true,output,5000,5,0.7129435667253368,0.2857142857142857,,0.0,239
7,50000.0,mridges_spiky,is,true,output,50000,5,0.6276161170814133,0.42857142857142855,,0.0,11
7,50000.0,mridges_spiky,is,true,output,50000,5,0.7186677512181621,0.2857142857142857,,0.0,23
7,50000.0,mridges_spiky,is,true,output,50000,5,0.82632755885117,0.14285714285714285,,0.0,41
7,50000.0,mridges_spiky,is,true,output,50000,5,0.5848376833960325,0.2857142857142857,,0.0,67
7,50000.0,mridges_spiky,is,true,output,50000,5,0.5954990738666425,0.7142857142857143,,0.0,97
7,50000.0,mridges_spiky,is,true,output,50000,5,0.5380076374490338,0.5714285714285714,,0.0,113
7,50000.0,mridges_spiky,is,true,output,50000,5,0.6129682696277519,0.2857142857142857,,0.0,137
7,50000.0,mridges_spiky,is,true,output,50000,5,0.5733041642255361,0.42857142857142855,,0.0,173
7,50000.0,mridges_spiky,is,true,output,50000,5,0.6239453192216424,0.42857142857142855,,0.0,211
7,50000.0,mridges_spiky,is,true,output,50000,5,0.7332478391727554,0.2857142857142857,,0.0,239
7,500000.0,mridges_spiky,is,true,output,500000,5,0.24955318945233868,0.8571428571428571,,0.0,11
7,500000.0,mridges_spiky,is,true,output,500000,5,0.2867453420101978,0.8571428571428571,,0.0,23
7,500000.0,mridges_spiky,is,true,output,500000,5,0.2845290306141573,0.8571428571428571,,0.0,41
7,500000.0,mridges_spiky,is,true,output,500000,5,0.3833472846256023,0.5714285714285714,,0.0,67
7,500000.0,mridges_spiky,is,true,output,500000,5,0.22765195178226869,1.0,,0.0,97
7,500000.0,mridges_spiky,is,true,output,500000,5,0.1790060840877766,1.0,,0.0,113
7,500000.0,mridges_spiky,is,true,output,500000,5,0.3009419144303912,0.8571428571428571,,0.0,137
7,500000.0,mridges_spiky,is,true,output,500000,5,0.4774865708473358,0.7142857142857143,,0.0,173
7,500000.0,mridges_spiky,is,true,output,500000,5,0.3413930560961113,0.7142857142857143,,0.05,211
7,500000.0,mridges_spiky,is,true,output,500000,5,0.4179403970253955,0.7142857142857143,,0.0,239
7,5000.0,mridges_spiky,mh,false,output,4636,5,0.07036175622184021,1.0,RHAT-FAIL,0.6,11
7,5000.0,mridges_spiky,mh,false,output,4636,5,0.09245038826574634,1.0,RHAT-FAIL,0.85,23
7,5000.0,mridges_spiky,mh,false,output,4688,5,0.11407849829351537,1.0,RHAT-FAIL,0.9,41
7,5000.0,mridges_spiky,mh,true,output,4636,5,0.09089732528039834,1.0,,0.7,67
7,5000.0,mridges_spiky,mh,false,output,4532,5,0.03685032353963239,1.0,RHAT-FAIL,0.6,97
7,5000.0,mridges_spiky,mh,false,output,4636,5,0.08641132401974738,1.0,RHAT-FAIL,0.75,113
7,5000.0,mridges_spiky,mh,false,output,4532,5,0.04638128861429833,1.0,RHAT-FAIL,0.9,137
7,5000.0,mridges_spiky,mh,false,output,4532,5,0.10692913352620723,1.0,RHAT-FAIL,0.75,173
7,5000.0,mridges_spiky,mh,false,output,4688,5,0.13370307167235496,1.0,RHAT-FAIL,0.9,211
7,5000.0,mridges_spiky,mh,false,output,4584,5,0.05929256857587351,1.0,RHAT-FAIL,0.8,239
7,50000.0,mridges_spiky,mh,true,output,47544,5,0.018143193673229006,1.0,,0.8,11
7,50000.0,mridges_spiky,mh,true,output,46916,5,0.025756671497996403,1.0,,0.95,23
7,50000.0,mridges_spiky,mh,true,output,47236,5,0.0413915333817563,1.0,,0.75,41
7,50000.0,mridges_spiky,mh,true,output,47544,5,0.04161198048123844,1.0,,0.85,67
7,50000.0,mridges_spiky,mh,true,output,46916,5,0.029444112882598683,1.0,,0.95,97
7,50000.0,mridges_spiky,mh,true,output,47544,5,0.03311100710337604,1.0,,0.95,113
7,50000.0,mridges_spiky,mh,true,output,46916,5,0.055904794294784496,1.0,,0.75,137
7,50000.0,mridges_spiky,mh,true,output,47544,5,0.0253785966683493,1.0,,0.95,173
7,50000.0,mridges_spiky,mh,true,output,47544,5,0.01753323237422177,1.0,,0.9,211
7,50000.0,mridges_spiky,mh,true,output,47236,5,0.032768005952649656,1.0,,0.85,239
7,500000.0,mridges_spiky,mh,true,output,475608,5,0.006704465278659869,1.0,,0.5,11
7,500000.0,mridges_spiky,mh,true,output,475608,5,0.013948041244049726,1.0,,0.45,23
7,500000.0,mridges_spiky,mh,true,output,475608,5,0.013453936855561715,1.0,,0.85,41
7,500000.0,mridges_spiky,mh,true,output,475608,5,0.0028824214011584637,1.0,,0.5,67
7,500000.0,mridges_spiky,mh,true,output,475608,5,0.00820381490639352,1.0,,0.7,97
7,500000.0,mridges_spiky,mh,true,output,475608,5,0.00981185060911129,1.0,,0.55,113
7,500000.0,mridges_spiky,mh,true,output,475608,5,0.014763839128021396,1.0,,0.6,137
7,500000.0,mridges_spiky,mh,true,output,475608,5,0.007802848821409348,1.0,,0.65,173
7,500000.0,mridges_spiky,mh,true,output,475608,5,0.010388387075070223,1.0,,0.55,211
7,500000.0,mridges_spiky,mh,true,output,475608,5,0.0059004417971530755,1.0,,0.5,239
7,5000.0,mridges_spiky,nuts,false,population,0,5,NaN,NaN,budget-infeasible (one trajectory ~ 5.5xB > 1.2B),NaN,11
7,5000.0,mridges_spiky,nuts,false,population,0,5,NaN,NaN,budget-infeasible (one trajectory ~ 5.05xB > 1.2B),NaN,23
7,5000.0,mridges_spiky,nuts,false,population,0,5,NaN,NaN,budget-infeasible (one trajectory ~ 5.26xB > 1.2B),NaN,41
7,5000.0,mridges_spiky,nuts,false,population,0,5,NaN,NaN,budget-infeasible (one trajectory ~ 11.44xB > 1.2B),NaN,67
7,5000.0,mridges_spiky,nuts,false,population,0,5,NaN,NaN,budget-infeasible (one trajectory ~ 4.77xB > 1.2B),NaN,97
7,5000.0,mridges_spiky,nuts,false,population,0,5,NaN,NaN,budget-infeasible (one trajectory ~ 4.63xB > 1.2B),NaN,113
7,5000.0,mridges_spiky,nuts,false,population,0,5,NaN,NaN,budget-infeasible (one trajectory ~ 5.56xB > 1.2B),NaN,137
7,5000.0,mridges_spiky,nuts,false,population,0,5,NaN,NaN,budget-infeasible (one trajectory ~ 4.24xB > 1.2B),NaN,173
7,5000.0,mridges_spiky,nuts,false,population,0,5,NaN,NaN,budget-infeasible (one trajectory ~ 4.67xB > 1.2B),NaN,211
7,5000.0,mridges_spiky,nuts,false,population,0,5,NaN,NaN,budget-infeasible (one trajectory ~ 5.18xB > 1.2B),NaN,239
7,50000.0,mridges_spiky,nuts,false,output,334,5,0.3945754052000392,0.7142857142857143,RHAT-FAIL,0.4,11
7,50000.0,mridges_spiky,nuts,true,output,292,5,0.2933542314447827,0.5714285714285714,,0.35,23
7,50000.0,mridges_spiky,nuts,false,output,261,5,0.3082083300824766,0.5714285714285714,RHAT-FAIL,0.4,41
7,50000.0,mridges_spiky,nuts,true,output,348,5,0.41666604152526265,0.5714285714285714,,0.7,67
7,50000.0,mridges_spiky,nuts,false,output,392,5,0.2865671641790729,0.7142857142857143,RHAT-FAIL,0.7,97
7,50000.0,mridges_spiky,nuts,true,output,296,5,0.3024583912520544,0.8571428571428571,,0.55,113
7,50000.0,mridges_spiky,nuts,false,output,310,5,0.6236037347548578,0.7142857142857143,RHAT-FAIL,0.5,137
7,50000.0,mridges_spiky,nuts,true,output,355,5,0.25616313327885165,0.5714285714285714,,0.7,173
7,50000.0,mridges_spiky,nuts,false,output,265,5,0.4777777777777936,0.7142857142857143,RHAT-FAIL,0.1,211
7,50000.0,mridges_spiky,nuts,false,output,379,5,0.29610389610386456,0.5714285714285714,RHAT-FAIL,0.55,239
7,500000.0,mridges_spiky,nuts,true,output,5820,5,0.034738787166134724,1.0,,0.9,11
7,500000.0,mridges_spiky,nuts,false,output,5676,5,0.1852444232594378,1.0,RHAT-FAIL,0.85,23
7,500000.0,mridges_spiky,nuts,false,output,5940,5,0.11166427794428149,1.0,RHAT-FAIL,0.95,41
7,500000.0,mridges_spiky,nuts,false,output,5600,5,0.11515741956649107,1.0,RHAT-FAIL,0.85,67
7,500000.0,mridges_spiky,nuts,true,output,5764,5,0.13065718157181572,1.0,,1.0,97
7,500000.0,mridges_spiky,nuts,false,output,5708,5,0.13620961919826483,1.0,RHAT-FAIL,1.0,113
7,500000.0,mridges_spiky,nuts,false,output,5824,5,0.05838144981455182,1.0,RHAT-FAIL,0.8,137
7,500000.0,mridges_spiky,nuts,false,output,5908,5,0.12050921166714774,0.8571428571428571,RHAT-FAIL,0.95,173
7,500000.0,mridges_spiky,nuts,true,output,5632,5,0.0886383347788378,0.8571428571428571,,0.9,211
7,500000.0,mridges_spiky,nuts,false,output,5864,5,0.060994327661010136,1.0,RHAT-FAIL,0.85,239
7,5000.0,mridges_spiky,ns,true,output,1678,5,0.5748353194346014,0.2857142857142857,,0.0,11
7,5000.0,mridges_spiky,ns,true,output,1699,5,0.84998858357417,0.14285714285714285,,0.0,23
7,5000.0,mridges_spiky,ns,true,output,1694,5,0.7580507085478712,0.2857142857142857,,0.0,41
7,5000.0,mridges_spiky,ns,true,output,2008,5,0.6900717396333937,0.42857142857142855,,0.0,67
7,5000.0,mridges_spiky,ns,true,output,1884,5,0.8366216106961302,0.14285714285714285,,0.0,97
7,5000.0,mridges_spiky,ns,true,output,1893,5,0.7998743934751263,0.14285714285714285,,0.0,113
7,5000.0,mridges_spiky,ns,true,output,1746,5,0.9498568065238907,0.14285714285714285,,0.0,137
7,5000.0,mridges_spiky,ns,true,output,1936,5,0.7930193856865142,0.14285714285714285,,0.0,173
7,5000.0,mridges_spiky,ns,true,output,1936,5,0.7983929713554829,0.14285714285714285,,0.0,211
7,5000.0,mridges_spiky,ns,true,output,1924,5,0.6940064091734088,0.42857142857142855,,0.0,239
7,50000.0,mridges_spiky,ns,true,output,5734,5,0.19304264066492427,1.0,,0.0,11
7,50000.0,mridges_spiky,ns,true,output,3833,5,0.38085554001483507,0.8571428571428571,,0.0,23
7,50000.0,mridges_spiky,ns,true,output,5945,5,0.14391618480488239,1.0,,0.0,41
7,50000.0,mridges_spiky,ns,true,output,5896,5,0.07159110532324571,1.0,,0.0,67
7,50000.0,mridges_spiky,ns,true,output,5005,5,0.3952054692975071,0.7142857142857143,,0.0,97
7,50000.0,mridges_spiky,ns,true,output,7304,5,0.03185462776134679,1.0,,0.45,113
7,50000.0,mridges_spiky,ns,true,output,6226,5,0.1587605787693022,1.0,,0.05,137
7,50000.0,mridges_spiky,ns,true,output,4614,5,0.2815099438320858,0.8571428571428571,,0.0,173
7,50000.0,mridges_spiky,ns,true,output,7783,5,0.03375924350997696,1.0,,0.8,211
7,50000.0,mridges_spiky,ns,true,output,6288,5,0.140177581329069,1.0,,0.15,239
7,500000.0,mridges_spiky,ns,true,output,12303,5,0.011493185787698139,1.0,,0.35,11
7,500000.0,mridges_spiky,ns,true,output,15106,5,0.012336105747011362,1.0,,0.8,23
7,500000.0,mridges_spiky,ns,true,output,13594,5,0.012896076731231037,1.0,,0.7,41
7,500000.0,mridges_spiky,ns,true,output,15968,5,0.011364513658919832,1.0,,0.85,67
7,500000.0,mridges_spiky,ns,true,output,14110,5,0.018026163670985234,1.0,,0.65,97
7,500000.0,mridges_spiky,ns,true,output,12454,5,0.008365571693779925,1.0,,0.65,113
7,500000.0,mridges_spiky,ns,true,output,12778,5,0.021848471416424226,1.0,,0.7,137
7,500000.0,mridges_spiky,ns,true,output,12126,5,0.01643390828310887,1.0,,0.75,173
7,500000.0,mridges_spiky,ns,true,output,5971,5,0.1620820108343754,1.0,,0.0,211
7,500000.0,mridges_spiky,ns,true,output,12933,5,0.011660539752939458,1.0,,0.8,239
7,5000.0,mridges_spiky,mw,true,population,4119,5,0.10392773247701972,1.0,,0.95,11
7,5000.0,mridges_spiky,mw,true,population,4064,5,0.19469543795277233,0.8571428571428571,,0.8,23
7,5000.0,mridges_spiky,mw,true,population,4199,5,0.23549717726139668,0.8571428571428571,,0.8,41
7,5000.0,mridges_spiky,mw,true,population,3536,5,0.15246796671152424,0.8571428571428571,,0.65,67
7,5000.0,mridges_spiky,mw,true,population,3931,5,0.13541714054531084,1.0,,0.8,97
7,5000.0,mridges_spiky,mw,true,population,4101,5,0.17958039277914356,0.8571428571428571,,0.8,113
7,5000.0,mridges_spiky,mw,true,population,3908,5,0.1986599033281221,0.8571428571428571,,0.85,137
7,5000.0,mridges_spiky,mw,true,population,3583,5,0.34295502528699057,0.7142857142857143,,0.65,173
7,5000.0,mridges_spiky,mw,true,population,3914,5,0.189512532287723,0.8571428571428571,,0.6,211
7,5000.0,mridges_spiky,mw,true,population,3679,5,0.19804239255740846,0.8571428571428571,,0.7,239
7,50000.0,mridges_spiky,mw,true,population,7465,5,0.0888911509180946,1.0,,0.95,11
7,50000.0,mridges_spiky,mw,true,fresh,36052,5,0.004005086444803036,1.0,,0.95,11
7,50000.0,mridges_spiky,mw,true,population,7268,5,0.11967695972611009,1.0,,0.85,23
7,50000.0,mridges_spiky,mw,true,fresh,36249,5,0.005434074056956586,1.0,,0.85,23
7,50000.0,mridges_spiky,mw,true,population,7440,5,0.11057585616721531,1.0,,0.9,41
7,50000.0,mridges_spiky,mw,true,fresh,36077,5,0.0035281660425100884,1.0,,0.9,41
7,50000.0,mridges_spiky,mw,true,population,7657,5,0.0801332264308864,1.0,,0.95,67
7,50000.0,mridges_spiky,mw,true,fresh,35860,5,0.004491811154249743,1.0,,0.95,67
7,50000.0,mridges_spiky,mw,true,population,6963,5,0.11526697191034325,1.0,,0.9,97
7,50000.0,mridges_spiky,mw,true,fresh,36554,5,0.00385154069997767,1.0,,0.9,97
7,50000.0,mridges_spiky,mw,true,population,7512,5,0.08109345073682193,1.0,,0.85,113
7,50000.0,mridges_spiky,mw,true,fresh,36005,5,0.007535811462774274,1.0,,0.85,113
7,50000.0,mridges_spiky,mw,true,population,7441,5,0.07478220607365418,1.0,,0.95,137
7,50000.0,mridges_spiky,mw,true,fresh,36076,5,0.00272636013346347,1.0,,0.95,137
7,50000.0,mridges_spiky,mw,true,population,7758,5,0.09759027984290948,1.0,,0.9,173
7,50000.0,mridges_spiky,mw,true,fresh,35759,5,0.005549448776317981,1.0,,0.9,173
7,50000.0,mridges_spiky,mw,true,population,7706,5,0.08061595366378269,1.0,,0.7,211
7,50000.0,mridges_spiky,mw,true,fresh,35811,5,0.006327646431147433,1.0,,0.7,211
7,50000.0,mridges_spiky,mw,true,population,7467,5,0.09396581976653266,1.0,,0.95,239
7,50000.0,mridges_spiky,mw,true,fresh,36050,5,0.004072434183009982,1.0,,0.95,239
7,500000.0,mridges_spiky,mw,true,population,8204,5,0.07257233636426383,1.0,,0.85,11
7,500000.0,mridges_spiky,mw,true,fresh,473347,5,0.0016892320108064206,1.0,,0.85,11
7,500000.0,mridges_spiky,mw,true,population,7178,5,0.11337046821047625,1.0,,0.9,23
7,500000.0,mridges_spiky,mw,true,fresh,474373,5,0.0009212634002899005,1.0,,0.9,23
7,500000.0,mridges_spiky,mw,true,population,8178,5,0.08479631070329711,1.0,,0.85,41
7,500000.0,mridges_spiky,mw,true,fresh,473373,5,0.0007132038677617573,1.0,,0.85,41
7,500000.0,mridges_spiky,mw,true,population,7678,5,0.12738908249865916,1.0,,0.8,67
7,500000.0,mridges_spiky,mw,true,fresh,473873,5,0.0014336852207715543,1.0,,0.8,67
7,500000.0,mridges_spiky,mw,true,population,7249,5,0.08989204747643212,1.0,,0.9,97
7,500000.0,mridges_spiky,mw,true,fresh,474302,5,0.0012105333801890675,1.0,,0.9,97
7,500000.0,mridges_spiky,mw,true,population,7525,5,0.0928124297012431,1.0,,0.9,113
7,500000.0,mridges_spiky,mw,true,fresh,474026,5,0.0022148012846667023,1.0,,0.9,113
7,500000.0,mridges_spiky,mw,true,population,7839,5,0.06776423923717156,1.0,,0.95,137
7,500000.0,mridges_spiky,mw,true,fresh,473712,5,0.0015646318809248716,1.0,,0.95,137
7,500000.0,mridges_spiky,mw,true,population,6881,5,0.1237272572080681,1.0,,0.9,173
7,500000.0,mridges_spiky,mw,true,fresh,474670,5,0.0006598950116050405,1.0,,0.9,173
7,500000.0,mridges_spiky,mw,true,population,7798,5,0.06731633723457592,1.0,,0.95,211
7,500000.0,mridges_spiky,mw,true,fresh,473753,5,0.002136338173413202,1.0,,0.95,211
7,500000.0,mridges_spiky,mw,true,population,7264,5,0.1112208685439603,1.0,,0.9,239
7,500000.0,mridges_spiky,mw,true,fresh,474287,5,0.00129253375358971,1.0,,0.9,239
