lower_theta1,d,region,p_true,maximum_theta1,problem,definition,upper_theta1
NaN,2,1,0.24999999689174096,NaN,mridges,"orthants by coordinate sign (bit j-1 set <=> theta_j < 0); P(theta_1<0)=0.5000000062, P(theta_1>=0)=0.4999999938; quadgk abs. errors 8.7e-14, 8.0e-14",NaN
NaN,2,2,0.2500000031082591,NaN,mridges,"orthants by coordinate sign (bit j-1 set <=> theta_j < 0); P(theta_1<0)=0.5000000062, P(theta_1>=0)=0.4999999938; quadgk abs. errors 8.7e-14, 8.0e-14",NaN
NaN,2,3,0.24999999689174096,NaN,mridges,"orthants by coordinate sign (bit j-1 set <=> theta_j < 0); P(theta_1<0)=0.5000000062, P(theta_1>=0)=0.4999999938; quadgk abs. errors 8.7e-14, 8.0e-14",NaN
NaN,2,4,0.2500000031082591,NaN,mridges,"orthants by coordinate sign (bit j-1 set <=> theta_j < 0); P(theta_1<0)=0.5000000062, P(theta_1>=0)=0.4999999938; quadgk abs. errors 8.7e-14, 8.0e-14",NaN
NaN,5,1,0.03124999846647161,NaN,mridges,"orthants by coordinate sign (bit j-1 set <=> theta_j < 0); P(theta_1<0)=0.5000000245, P(theta_1>=0)=0.4999999755; quadgk abs. errors 2.3e-13, 7.8e-14",NaN
NaN,5,2,0.03125000153352839,NaN,mridges,"orthants by coordinate sign (bit j-1 set <=> theta_j < 0); P(theta_1<0)=0.5000000245, P(theta_1>=0)=0.4999999755; quadgk abs. errors 2.3e-13, 7.8e-14",NaN
NaN,5,3,0.03124999846647161,NaN,mridges,"orthants by coordinate sign (bit j-1 set <=> theta_j < 0); P(theta_1<0)=0.5000000245, P(theta_1>=0)=0.4999999755; quadgk abs. errors 2.3e-13, 7.8e-14",NaN
NaN,5,4,0.03125000153352839,NaN,mridges,"orthants by coordinate sign (bit j-1 set <=> theta_j < 0); P(theta_1<0)=0.5000000245, P(theta_1>=0)=0.4999999755; quadgk abs. errors 2.3e-13, 7.8e-14",NaN
NaN,5,5,0.03124999846647161,NaN,mridges,"orthants by coordinate sign (bit j-1 set <=> theta_j < 0); P(theta_1<0)=0.5000000245, P(theta_1>=0)=0.4999999755; quadgk abs. errors 2.3e-13, 7.8e-14",NaN
NaN,5,6,0.03125000153352839,NaN,mridges,"orthants by coordinate sign (bit j-1 set <=> theta_j < 0); P(theta_1<0)=0.5000000245, P(theta_1>=0)=0.4999999755; quadgk abs. errors 2.3e-13, 7.8e-14",NaN
NaN,5,7,0.03124999846647161,NaN,mridges,"orthants by coordinate sign (bit j-1 set <=> theta_j < 0); P(theta_1<0)=0.5000000245, P(theta_1>=0)=0.4999999755; quadgk abs. errors 2.3e-13, 7.8e-14",NaN
NaN,5,8,0.03125000153352839,NaN,mridges,"orthants by coordinate sign (bit j-1 set <=> theta_j < 0); P(theta_1<0)=0.5000000245, P(theta_1>=0)=0.4999999755; quadgk abs. errors 2.3e-13, 7.8e-14",NaN
NaN,5,9,0.03124999846647161,NaN,mridges,"orthants by coordinate sign (bit j-1 set <=> theta_j < 0); P(theta_1<0)=0.5000000245, P(theta_1>=0)=0.4999999755; quadgk abs. errors 2.3e-13, 7.8e-14",NaN
NaN,5,10,0.03125000153352839,NaN,mridges,"orthants by coordinate sign (bit j-1 set <=> theta_j < 0); P(theta_1<0)=0.5000000245, P(theta_1>=0)=0.4999999755; quadgk abs. errors 2.3e-13, 7.8e-14",NaN
NaN,5,11,0.03124999846647161,NaN,mridges,"orthants by coordinate sign (bit j-1 set <=> theta_j < 0); P(theta_1<0)=0.5000000245, P(theta_1>=0)=0.4999999755; quadgk abs. errors 2.3e-13, 7.8e-14",NaN
NaN,5,12,0.03125000153352839,NaN,mridges,"orthants by coordinate sign (bit j-1 set <=> theta_j < 0); P(theta_1<0)=0.5000000245, P(theta_1>=0)=0.4999999755; quadgk abs. errors 2.3e-13, 7.8e-14",NaN
NaN,5,13,0.03124999846647161,NaN,mridges,"orthants by coordinate sign (bit j-1 set <=> theta_j < 0); P(theta_1<0)=0.5000000245, P(theta_1>=0)=0.4999999755; quadgk abs. errors 2.3e-13, 7.8e-14",NaN
NaN,5,14,0.03125000153352839,NaN,mridges,"orthants by coordinate sign (bit j-1 set <=> theta_j < 0); P(theta_1<0)=0.5000000245, P(theta_1>=0)=0.4999999755; quadgk abs. errors 2.3e-13, 7.8e-14",NaN
NaN,5,15,0.03124999846647161,NaN,mridges,"orthants by coordinate sign (bit j-1 set <=> theta_j < 0); P(theta_1<0)=0.5000000245, P(theta_1>=0)=0.4999999755; quadgk abs. errors 2.3e-13, 7.8e-14",NaN
NaN,5,16,0.03125000153352839,NaN,mridges,"orthants by coordinate sign (bit j-1 set <=> theta_j < 0); P(theta_1<0)=0.5000000245, P(theta_1>=0)=0.4999999755; quadgk abs. errors 2.3e-13, 7.8e-14",NaN
NaN,5,17,0.03124999846647161,NaN,mridges,"orthants by coordinate sign (bit j-1 set <=> theta_j < 0); P(theta_1<0)=0.5000000245, P(theta_1>=0)=0.4999999755; quadgk abs. errors 2.3e-13, 7.8e-14",NaN
NaN,5,18,0.03125000153352839,NaN,mridges,"orthants by coordinate sign (bit j-1 set <=> theta_j < 0); P(theta_1<0)=0.5000000245, P(theta_1>=0)=0.4999999755; quadgk abs. errors 2.3e-13, 7.8e-14",NaN
NaN,5,19,0.03124999846647161,NaN,mridges,"orthants by coordinate sign (bit j-1 set <=> theta_j < 0); P(theta_1<0)=0.5000000245, P(theta_1>=0)=0.4999999755; quadgk abs. errors 2.3e-13, 7.8e-14",NaN
NaN,5,20,0.03125000153352839,NaN,mridges,"orthants by coordinate sign (bit j-1 set <=> theta_j < 0); P(theta_1<0)=0.5000000245, P(theta_1>=0)=0.4999999755; quadgk abs. errors 2.3e-13, 7.8e-14",NaN
NaN,5,21,0.03124999846647161,NaN,mridges,"orthants by coordinate sign (bit j-1 set <=> theta_j < 0); P(theta_1<0)=0.5000000245, P(theta_1>=0)=0.4999999755; quadgk abs. errors 2.3e-13, 7.8e-14",NaN
NaN,5,22,0.03125000153352839,NaN,mridges,"orthants by coordinate sign (bit j-1 set <=> theta_j < 0); P(theta_1<0)=0.5000000245, P(theta_1>=0)=0.4999999755; quadgk abs. errors 2.3e-13, 7.8e-14",NaN
NaN,5,23,0.03124999846647161,NaN,mridges,"orthants by coordinate sign (bit j-1 set <=> theta_j < 0); P(theta_1<0)=0.5000000245, P(theta_1>=0)=0.4999999755; quadgk abs. errors 2.3e-13, 7.8e-14",NaN
NaN,5,24,0.03125000153352839,NaN,mridges,"orthants by coordinate sign (bit j-1 set <=> theta_j < 0); P(theta_1<0)=0.5000000245, P(theta_1>=0)=0.4999999755; quadgk abs. errors 2.3e-13, 7.8e-14",NaN
NaN,5,25,0.03124999846647161,NaN,mridges,"orthants by coordinate sign (bit j-1 set <=> theta_j < 0); P(theta_1<0)=0.5000000245, P(theta_1>=0)=0.4999999755; quadgk abs. errors 2.3e-13, 7.8e-14",NaN
NaN,5,26,0.03125000153352839,NaN,mridges,"orthants by coordinate sign (bit j-1 set <=> theta_j < 0); P(theta_1<0)=0.5000000245, P(theta_1>=0)=0.4999999755; quadgk abs. errors 2.3e-13, 7.8e-14",NaN
NaN,5,27,0.03124999846647161,NaN,mridges,"orthants by coordinate sign (bit j-1 set <=> theta_j < 0); P(theta_1<0)=0.5000000245, P(theta_1>=0)=0.4999999755; quadgk abs. errors 2.3e-13, 7.8e-14",NaN
NaN,5,28,0.03125000153352839,NaN,mridges,"orthants by coordinate sign (bit j-1 set <=> theta_j < 0); P(theta_1<0)=0.5000000245, P(theta_1>=0)=0.4999999755; quadgk abs. errors 2.3e-13, 7.8e-14",NaN
NaN,5,29,0.03124999846647161,NaN,mridges,"orthants by coordinate sign (bit j-1 set <=> theta_j < 0); P(theta_1<0)=0.5000000245, P(theta_1>=0)=0.4999999755; quadgk abs. errors 2.3e-13, 7.8e-14",NaN
NaN,5,30,0.03125000153352839,NaN,mridges,"orthants by coordinate sign (bit j-1 set <=> theta_j < 0); P(theta_1<0)=0.5000000245, P(theta_1>=0)=0.4999999755; quadgk abs. errors 2.3e-13, 7.8e-14",NaN
NaN,5,31,0.03124999846647161,NaN,mridges,"orthants by coordinate sign (bit j-1 set <=> theta_j < 0); P(theta_1<0)=0.5000000245, P(theta_1>=0)=0.4999999755; quadgk abs. errors 2.3e-13, 7.8e-14",NaN
NaN,5,32,0.03125000153352839,NaN,mridges,"orthants by coordinate sign (bit j-1 set <=> theta_j < 0); P(theta_1<0)=0.5000000245, P(theta_1>=0)=0.4999999755; quadgk abs. errors 2.3e-13, 7.8e-14",NaN
NaN,10,1,0.0009765623942364058,NaN,mridges,"orthants by coordinate sign (bit j-1 set <=> theta_j < 0); P(theta_1<0)=0.5000000542, P(theta_1>=0)=0.4999999458; quadgk abs. errors 1.5e-13, 7.6e-14",NaN
NaN,10,2,0.0009765626057635943,NaN,mridges,"orthants by coordinate sign (bit j-1 set <=> theta_j < 0); P(theta_1<0)=0.5000000542, P(theta_1>=0)=0.4999999458; quadgk abs. errors 1.5e-13, 7.6e-14",NaN
NaN,10,3,0.0009765623942364058,NaN,mridges,"orthants by coordinate sign (bit j-1 set <=> theta_j < 0); P(theta_1<0)=0.5000000542, P(theta_1>=0)=0.4999999458; quadgk abs. errors 1.5e-13, 7.6e-14",NaN
NaN,10,4,0.0009765626057635943,NaN,mridges,"orthants by coordinate sign (bit j-1 set <=> theta_j < 0); P(theta_1<0)=0.5000000542, P(theta_1>=0)=0.4999999458; quadgk abs. errors 1.5e-13, 7.6e-14",NaN
NaN,10,5,0.0009765623942364058,NaN,mridges,"orthants by coordinate sign (bit j-1 set <=> theta_j < 0); P(theta_1<0)=0.5000000542, P(theta_1>=0)=0.4999999458; quadgk abs. errors 1.5e-13, 7.6e-14",NaN
NaN,10,6,0.0009765626057635943,NaN,mridges,"orthants by coordinate sign (bit j-1 set <=> theta_j < 0); P(theta_1<0)=0.5000000542, P(theta_1>=0)=0.4999999458; quadgk abs. errors 1.5e-13, 7.6e-14",NaN
NaN,10,7,0.0009765623942364058,NaN,mridges,"orthants by coordinate sign (bit j-1 set <=> theta_j < 0); P(theta_1<0)=0.5000000542, P(theta_1>=0)=0.4999999458; quadgk abs. errors 1.5e-13, 7.6e-14",NaN
NaN,10,8,0.0009765626057635943,NaN,mridges,"orthants by coordinate sign (bit j-1 set <=> theta_j < 0); P(theta_1<0)=0.5000000542, P(theta_1>=0)=0.4999999458; quadgk abs. errors 1.5e-13, 7.6e-14",NaN
NaN,10,9,0.0009765623942364058,NaN,mridges,"orthants by coordinate sign (bit j-1 set <=> theta_j < 0); P(theta_1<0)=0.5000000542, P(theta_1>=0)=0.4999999458; quadgk abs. errors 1.5e-13, 7.6e-14",NaN
NaN,10,10,0.0009765626057635943,NaN,mridges,"orthants by coordinate sign (bit j-1 set <=> theta_j < 0); P(theta_1<0)=0.5000000542, P(theta_1>=0)=0.4999999458; quadgk abs. errors 1.5e-13, 7.6e-14",NaN
NaN,10,11,0.0009765623942364058,NaN,mridges,"orthants by coordinate sign (bit j-1 set <=> theta_j < 0); P(theta_1<0)=0.5000000542, P(theta_1>=0)=0.4999999458; quadgk abs. errors 1.5e-13, 7.6e-14",NaN
NaN,10,12,0.0009765626057635943,NaN,mridges,"orthants by coordinate sign (bit j-1 set <=> theta_j < 0); P(theta_1<0)=0.5000000542, P(theta_1>=0)=0.4999999458; quadgk abs. errors 1.5e-13, 7.6e-14",NaN
NaN,10,13,0.0009765623942364058,NaN,mridges,"orthants by coordinate sign (bit j-1 set <=> theta_j < 0); P(theta_1<0)=0.5000000542, P(theta_1>=0)=0.4999999458; quadgk abs. errors 1.5e-13, 7.6e-14",NaN
NaN,10,14,0.0009765626057635943,NaN,mridges,"orthants by coordinate sign (bit j-1 set <=> theta_j < 0); P(theta_1<0)=0.5000000542, P(theta_1>=0)=0.4999999458; quadgk abs. errors 1.5e-13, 7.6e-14",NaN
NaN,10,15,0.0009765623942364058,NaN,mridges,"orthants by coordinate sign (bit j-1 set <=> theta_j < 0); P(theta_1<0)=0.5000000542, P(theta_1>=0)=0.4999999458; quadgk abs. errors 1.5e-13, 7.6e-14",NaN
NaN,10,16,0.0009765626057635943,NaN,mridges,"orthants by coordinate sign (bit j-1 set <=> theta_j < 0); P(theta_1<0)=0.5000000542, P(theta_1>=0)=0.4999999458; quadgk abs. errors 1.5e-13, 7.6e-14",NaN
NaN,10,17,0.0009765623942364058,NaN,mridges,"orthants by coordinate sign (bit j-1 set <=> theta_j < 0); P(theta_1<0)=0.5000000542, P(theta_1>=0)=0.4999999458; quadgk abs. errors 1.5e-13, 7.6e-14",NaN
NaN,10,18,0.0009765626057635943,NaN,mridges,"orthants by coordinate sign (bit j-1 set <=> theta_j < 0); P(theta_1<0)=0.5000000542, P(theta_1>=0)=0.4999999458; quadgk abs. errors 1.5e-13, 7.6e-14",NaN
NaN,10,19,0.0009765623942364058,NaN,mridges,"orthants by coordinate sign (bit j-1 set <=> theta_j < 0); P(theta_1<0)=0.5000000542, P(theta_1>=0)=0.4999999458; quadgk abs. errors 1.5e-13, 7.6e-14",NaN
NaN,10,20,0.0009765626057635943,NaN,mridges,"orthants by coordinate sign (bit j-1 set <=> theta_j < 0); P(theta_1<0)=0.5000000542, P(theta_1>=0)=0.4999999458; quadgk abs. errors 1.5e-13, 7.6e-14",NaN
NaN,10,21,0.0009765623942364058,NaN,mridges,"orthants by coordinate sign (bit j-1 set <=> theta_j < 0); P(theta_1<0)=0.5000000542, P(theta_1>=0)=0.4999999458; quadgk abs. errors 1.5e-13, 7.6e-14",NaN
NaN,10,22,0.0009765626057635943,NaN,mridges,"orthants by coordinate sign (bit j-1 set <=> theta_j < 0); P(theta_1<0)=0.5000000542, P(theta_1>=0)=0.4999999458; quadgk abs. errors 1.5e-13, 7.6e-14",NaN
NaN,10,23,0.0009765623942364058,NaN,mridges,"orthants by coordinate sign (bit j-1 set <=> theta_j < 0); P(theta_1<0)=0.5000000542, P(theta_1>=0)=0.4999999458; quadgk abs. errors 1.5e-13, 7.6e-14",NaN
NaN,10,24,0.0009765626057635943,NaN,mridges,"orthants by coordinate sign (bit j-1 set <=> theta_j < 0); P(theta_1<0)=0.5000000542, P(theta_1>=0)=0.4999999458; quadgk abs. errors 1.5e-13, 7.6e-14",NaN
NaN,10,25,0.0009765623942364058,NaN,mridges,"orthants by coordinate sign (bit j-1 set <=> theta_j < 0); P(theta_1<0)=0.5000000542, P(theta_1>=0)=0.4999999458; quadgk abs. errors 1.5e-13, 7.6e-14",NaN
NaN,10,26,0.0009765626057635943,NaN,mridges,"orthants by coordinate sign (bit j-1 set <=> theta_j < 0); P(theta_1<0)=0.5000000542, P(theta_1>=0)=0.4999999458; quadgk abs. errors 1.5e-13, 7.6e-14",NaN
NaN,10,27,0.0009765623942364058,NaN,mridges,"orthants by coordinate sign (bit j-1 set <=> theta_j < 0); P(theta_1<0)=0.5000000542, P(theta_1>=0)=0.4999999458; quadgk abs. errors 1.5e-13, 7.6e-14",NaN
NaN,10,28,0.0009765626057635943,NaN,mridges,"orthants by coordinate sign (bit j-1 set <=> theta_j < 0); P(theta_1<0)=0.5000000542, P(theta_1>=0)=0.4999999458; quadgk abs. errors 1.5e-13, 7.6e-14",NaN
NaN,10,29,0.0009765623942364058,NaN,mridges,"orthants by coordinate sign (bit j-1 set <=> theta_j < 0); P(theta_1<0)=0.5000000542, P(theta_1>=0)=0.4999999458; quadgk abs. errors 1.5e-13, 7.6e-14",NaN
NaN,10,30,0.0009765626057635943,NaN,mridges,"orthants by coordinate sign (bit j-1 set <=> theta_j < 0); P(theta_1<0)=0.5000000542, P(theta_1>=0)=0.4999999458; quadgk abs. errors 1.5e-13, 7.6e-14",NaN
NaN,10,31,0.0009765623942364058,NaN,mridges,"orthants by coordinate sign (bit j-1 set <=> theta_j < 0); P(theta_1<0)=0.5000000542, P(theta_1>=0)=0.4999999458; quadgk abs. errors 1.5e-13, 7.6e-14",NaN
NaN,10,32,0.0009765626057635943,NaN,mridges,"orthants by coordinate sign (bit j-1 set <=> theta_j < 0); P(theta_1<0)=0.5000000542, P(theta_1>=0)=0.4999999458; quadgk abs. errors 1.5e-13, 7.6e-14",NaN
NaN,10,33,0.0009765623942364058,NaN,mridges,"orthants by coordinate sign (bit j-1 set <=> theta_j < 0); P(theta_1<0)=0.5000000542, P(theta_1>=0)=0.4999999458; quadgk abs. errors 1.5e-13, 7.6e-14",NaN
NaN,10,34,0.0009765626057635943,NaN,mridges,"orthants by coordinate sign (bit j-1 set <=> theta_j < 0); P(theta_1<0)=0.5000000542, P(theta_1>=0)=0.4999999458; quadgk abs. errors 1.5e-13, 7.6e-14",NaN
NaN,10,35,0.0009765623942364058,NaN,mridges,"orthants by coordinate sign (bit j-1 set <=> theta_j < 0); P(theta_1<0)=0.5000000542, P(theta_1>=0)=0.4999999458; quadgk abs. errors 1.5e-13, 7.6e-14",NaN
NaN,10,36,0.0009765626057635943,NaN,mridges,"orthants by coordinate sign (bit j-1 set <=> theta_j < 0); P(theta_1<0)=0.5000000542, P(theta_1>=0)=0.4999999458; quadgk abs. errors 1.5e-13, 7.6e-14",NaN
NaN,10,37,0.0009765623942364058,NaN,mridges,"orthants by coordinate sign (bit j-1 set <=> theta_j < 0); P(theta_1<0)=0.5000000542, P(theta_1>=0)=0.4999999458; quadgk abs. errors 1.5e-13, 7.6e-14",NaN
NaN,10,38,0.0009765626057635943,NaN,mridges,"orthants by coordinate sign (bit j-1 set <=> theta_j < 0); P(theta_1<0)=0.5000000542, P(theta_1>=0)=0.4999999458; quadgk abs. errors 1.5e-13, 7.6e-14",NaN
NaN,10,39,0.0009765623942364058,NaN,mridges,"orthants by coordinate sign (bit j-1 set <=> theta_j < 0); P(theta_1<0)=0.5000000542, P(theta_1>=0)=0.4999999458; quadgk abs. errors 1.5e-13, 7.6e-14",NaN
NaN,10,40,0.0009765626057635943,NaN,mridges,"orthants by coordinate sign (bit j-1 set <=> theta_j < 0); P(theta_1<0)=0.5000000542, P(theta_1>=0)=0.4999999458; quadgk abs. errors 1.5e-13, 7.6e-14",NaN
NaN,10,41,0.0009765623942364058,NaN,mridges,"orthants by coordinate sign (bit j-1 set <=> theta_j < 0); P(theta_1<0)=0.5000000542, P(theta_1>=0)=0.4999999458; quadgk abs. errors 1.5e-13, 7.6e-14",NaN
NaN,10,42,0.0009765626057635943,NaN,mridges,"orthants by coordinate sign (bit j-1 set <=> theta_j < 0); P(theta_1<0)=0.5000000542, P(theta_1>=0)=0.4999999458; quadgk abs. errors 1.5e-13, 7.6e-14",NaN
NaN,10,43,0.0009765623942364058,NaN,mridges,"orthants by coordinate sign (bit j-1 set <=> theta_j < 0); P(theta_1<0)=0.5000000542, P(theta_1>=0)=0.4999999458; quadgk abs. errors 1.5e-13, 7.6e-14",NaN
NaN,10,44,0.0009765626057635943,NaN,mridges,"orthants by coordinate sign (bit j-1 set <=> theta_j < 0); P(theta_1<0)=0.5000000542, P(theta_1>=0)=0.4999999458; quadgk abs. errors 1.5e-13, 7.6e-14",NaN
NaN,10,45,0.0009765623942364058,NaN,mridges,"orthants by coordinate sign (bit j-1 set <=> theta_j < 0); P(theta_1<0)=0.5000000542, P(theta_1>=0)=0.4999999458; quadgk abs. errors 1.5e-13, 7.6e-14",NaN
NaN,10,46,0.0009765626057635943,NaN,mridges,"orthants by coordinate sign (bit j-1 set <=> theta_j < 0); P(theta_1<0)=0.5000000542, P(theta_1>=0)=0.4999999458; quadgk abs. errors 1.5e-13, 7.6e-14",NaN
NaN,10,47,0.0009765623942364058,NaN,mridges,"orthants by coordinate sign (bit j-1 set <=> theta_j < 0); P(theta_1<0)=0.5000000542, P(theta_1>=0)=0.4999999458; quadgk abs. errors 1.5e-13, 7.6e-14",NaN
NaN,10,48,0.0009765626057635943,NaN,mridges,"orthants by coordinate sign (bit j-1 set <=> theta_j < 0); P(theta_1<0)=0.5000000542, P(theta_1>=0)=0.4999999458; quadgk abs. errors 1.5e-13, 7.6e-14",NaN
NaN,10,49,0.0009765623942364058,NaN,mridges,"orthants by coordinate sign (bit j-1 set <=> theta_j < 0); P(theta_1<0)=0.5000000542, P(theta_1>=0)=0.4999999458; quadgk abs. errors 1.5e-13, 7.6e-14",NaN
NaN,10,50,0.0009765626057635943,NaN,mridges,"orthants by coordinate sign (bit j-1 set <=> theta_j < 0); P(theta_1<0)=0.5000000542, P(theta_1>=0)=0.4999999458; quadgk abs. errors 1.5e-13, 7.6e-14",NaN
NaN,10,51,0.0009765623942364058,NaN,mridges,"orthants by coordinate sign (bit j-1 set <=> theta_j < 0); P(theta_1<0)=0.5000000542, P(theta_1>=0)=0.4999999458; quadgk abs. errors 1.5e-13, 7.6e-14",NaN
NaN,10,52,0.0009765626057635943,NaN,mridges,"orthants by coordinate sign (bit j-1 set <=> theta_j < 0); P(theta_1<0)=0.5000000542, P(theta_1>=0)=0.4999999458; quadgk abs. errors 1.5e-13, 7.6e-14",NaN
NaN,10,53,0.0009765623942364058,NaN,mridges,"orthants by coordinate sign (bit j-1 set <=> theta_j < 0); P(theta_1<0)=0.5000000542, P(theta_1>=0)=0.4999999458; quadgk abs. errors 1.5e-13, 7.6e-14",NaN
NaN,10,54,0.0009765626057635943,NaN,mridges,"orthants by coordinate sign (bit j-1 set <=> theta_j < 0); P(theta_1<0)=0.5000000542, P(theta_1>=0)=0.4999999458; quadgk abs. errors 1.5e-13, 7.6e-14",NaN
NaN,10,55,0.0009765623942364058,NaN,mridges,"orthants by coordinate sign (bit j-1 set <=> theta_j < 0); P(theta_1<0)=0.5000000542, P(theta_1>=0)=0.4999999458; quadgk abs. errors 1.5e-13, 7.6e-14",NaN
NaN,10,56,0.0009765626057635943,NaN,mridges,"orthants by coordinate sign (bit j-1 set <=> theta_j < 0); P(theta_1<0)=0.5000000542, P(theta_1>=0)=0.4999999458; quadgk abs. errors 1.5e-13, 7.6e-14",NaN
NaN,10,57,0.0009765623942364058,NaN,mridges,"orthants by coordinate sign (bit j-1 set <=> theta_j < 0); P(theta_1<0)=0.5000000542, P(theta_1>=0)=0.4999999458; quadgk abs. errors 1.5e-13, 7.6e-14",NaN
NaN,10,58,0.0009765626057635943,NaN,mridges,"orthants by coordinate sign (bit j-1 set <=> theta_j < 0); P(theta_1<0)=0.5000000542, P(theta_1>=0)=0.4999999458; quadgk abs. errors 1.5e-13, 7.6e-14",NaN
NaN,10,59,0.0009765623942364058,NaN,mridges,"orthants by coordinate sign (bit j-1 set <=> theta_j < 0); P(theta_1<0)=0.5000000542, P(theta_1>=0)=0.4999999458; quadgk abs. errors 1.5e-13, 7.6e-14",NaN
NaN,10,60,0.0009765626057635943,NaN,mridges,"orthants by coordinate sign (bit j-1 set <=> theta_j < 0); P(theta_1<0)=0.5000000542, P(theta_1>=0)=0.4999999458; quadgk abs. errors 1.5e-13, 7.6e-14",NaN
NaN,10,61,0.0009765623942364058,NaN,mridges,"orthants by coordinate sign (bit j-1 set <=> theta_j < 0); P(theta_1<0)=0.5000000542, P(theta_1>=0)=0.4999999458; quadgk abs. errors 1.5e-13, 7.6e-14",NaN
NaN,10,62,0.0009765626057635943,NaN,mridges,"orthants by coordinate sign (bit j-1 set <=> theta_j < 0); P(theta_1<0)=0.5000000542, P(theta_1>=0)=0.4999999458; quadgk abs. errors 1.5e-13, 7.6e-14",NaN
NaN,10,63,0.0009765623942364058,NaN,mridges,"orthants by coordinate sign (bit j-1 set <=> theta_j < 0); P(theta_1<0)=0.5000000542, P(theta_1>=0)=0.4999999458; quadgk abs. errors 1.5e-13, 7.6e-14",NaN
NaN,10,64,0.0009765626057635943,NaN,mridges,"orthants by coordinate sign (bit j-1 set <=> theta_j < 0); P(theta_1<0)=0.5000000542, P(theta_1>=0)=0.4999999458; quadgk abs. errors 1.5e-13, 7.6e-14",NaN
NaN,10,65,0.0009765623942364058,NaN,mridges,"orthants by coordinate sign (bit j-1 set <=> theta_j < 0); P(theta_1<0)=0.5000000542, P(theta_1>=0)=0.4999999458; quadgk abs. errors 1.5e-13, 7.6e-14",NaN
NaN,10,66,0.0009765626057635943,NaN,mridges,"orthants by coordinate sign (bit j-1 set <=> theta_j < 0); P(theta_1<0)=0.5000000542, P(theta_1>=0)=0.4999999458; quadgk abs. errors 1.5e-13, 7.6e-14",NaN
NaN,10,67,0.0009765623942364058,NaN,mridges,"orthants by coordinate sign (bit j-1 set <=> theta_j < 0); P(theta_1<0)=0.5000000542, P(theta_1>=0)=0.4999999458; quadgk abs. errors 1.5e-13, 7.6e-14",NaN
NaN,10,68,0.0009765626057635943,NaN,mridges,"orthants by coordinate sign (bit j-1 set <=> theta_j < 0); P(theta_1<0)=0.5000000542, P(theta_1>=0)=0.4999999458; quadgk abs. errors 1.5e-13, 7.6e-14",NaN
NaN,10,69,0.0009765623942364058,NaN,mridges,"orthants by coordinate sign (bit j-1 set <=> theta_j < 0); P(theta_1<0)=0.5000000542, P(theta_1>=0)=0.4999999458; quadgk abs. errors 1.5e-13, 7.6e-14",NaN
NaN,10,70,0.0009765626057635943,NaN,mridges,"orthants by coordinate sign (bit j-1 set <=> theta_j < 0); P(theta_1<0)=0.5000000542, P(theta_1>=0)=0.4999999458; quadgk abs. errors 1.5e-13, 7.6e-14",NaN
NaN,10,71,0.0009765623942364058,NaN,mridges,"orthants by coordinate sign (bit j-1 set <=> theta_j < 0); P(theta_1<0)=0.5000000542, P(theta_1>=0)=0.4999999458; quadgk abs. errors 1.5e-13, 7.6e-14",NaN
NaN,10,72,0.0009765626057635943,NaN,mridges,"orthants by coordinate sign (bit j-1 set <=> theta_j < 0); P(theta_1<0)=0.5000000542, P(theta_1>=0)=0.4999999458; quadgk abs. errors 1.5e-13, 7.6e-14",NaN
NaN,10,73,0.0009765623942364058,NaN,mridges,"orthants by coordinate sign (bit j-1 set <=> theta_j < 0); P(theta_1<0)=0.5000000542, P(theta_1>=0)=0.4999999458; quadgk abs. errors 1.5e-13, 7.6e-14",NaN
NaN,10,74,0.0009765626057635943,NaN,mridges,"orthants by coordinate sign (bit j-1 set <=> theta_j < 0); P(theta_1<0)=0.5000000542, P(theta_1>=0)=0.4999999458; quadgk abs. errors 1.5e-13, 7.6e-14",NaN
NaN,10,75,0.0009765623942364058,NaN,mridges,"orthants by coordinate sign (bit j-1 set <=> theta_j < 0); P(theta_1<0)=0.5000000542, P(theta_1>=0)=0.4999999458; quadgk abs. errors 1.5e-13, 7.6e-14",NaN
NaN,10,76,0.0009765626057635943,NaN,mridges,"orthants by coordinate sign (bit j-1 set <=> theta_j < 0); P(theta_1<0)=0.5000000542, P(theta_1>=0)=0.4999999458; quadgk abs. errors 1.5e-13, 7.6e-14",NaN
NaN,10,77,0.0009765623942364058,NaN,mridges,"orthants by coordinate sign (bit j-1 set <=> theta_j < 0); P(theta_1<0)=0.5000000542, P(theta_1>=0)=0.4999999458; quadgk abs. errors 1.5e-13, 7.6e-14",NaN
NaN,10,78,0.0009765626057635943,NaN,mridges,"orthants by coordinate sign (bit j-1 set <=> theta_j < 0); P(theta_1<0)=0.5000000542, P(theta_1>=0)=0.4999999458; quadgk abs. errors 1.5e-13, 7.6e-14",NaN
NaN,10,79,0.0009765623942364058,NaN,mridges,"orthants by coordinate sign (bit j-1 set <=> theta_j < 0); P(theta_1<0)=0.5000000542, P(theta_1>=0)=0.4999999458; quadgk abs. errors 1.5e-13, 7.6e-14",NaN
NaN,10,80,0.0009765626057635943,NaN,mridges,"orthants by coordinate sign (bit j-1 set <=> theta_j < 0); P(theta_1<0)=0.5000000542, P(theta_1>=0)=0.4999999458; quadgk abs. errors 1.5e-13, 7.6e-14",NaN
NaN,10,81,0.0009765623942364058,NaN,mridges,"orthants by coordinate sign (bit j-1 set <=> theta_j < 0); P(theta_1<0)=0.5000000542, P(theta_1>=0)=0.4999999458; quadgk abs. errors 1.5e-13, 7.6e-14",NaN
NaN,10,82,0.0009765626057635943,NaN,mridges,"orthants by coordinate sign (bit j-1 set <=> theta_j < 0); P(theta_1<0)=0.5000000542, P(theta_1>=0)=0.4999999458; quadgk abs. errors 1.5e-13, 7.6e-14",NaN
NaN,10,83,0.0009765623942364058,NaN,mridges,"orthants by coordinate sign (bit j-1 set <=> theta_j < 0); P(theta_1<0)=0.5000000542, P(theta_1>=0)=0.4999999458; quadgk abs. errors 1.5e-13, 7.6e-14",NaN
NaN,10,84,0.0009765626057635943,NaN,mridges,"orthants by coordinate sign (bit j-1 set <=> theta_j < 0); P(theta_1<0)=0.5000000542, P(theta_1>=0)=0.4999999458; quadgk abs. errors 1.5e-13, 7.6e-14",NaN
NaN,10,85,0.0009765623942364058,NaN,mridges,"orthants by coordinate sign (bit j-1 set <=> theta_j < 0); P(theta_1<0)=0.5000000542, P(theta_1>=0)=0.4999999458; quadgk abs. errors 1.5e-13, 7.6e-14",NaN
NaN,10,86,0.0009765626057635943,NaN,mridges,"orthants by coordinate sign (bit j-1 set <=> theta_j < 0); P(theta_1<0)=0.5000000542, P(theta_1>=0)=0.4999999458; quadgk abs. errors 1.5e-13, 7.6e-14",NaN
NaN,10,87,0.0009765623942364058,NaN,mridges,"orthants by coordinate sign (bit j-1 set <=> theta_j < 0); P(theta_1<0)=0.5000000542, P(theta_1>=0)=0.4999999458; quadgk abs. errors 1.5e-13, 7.6e-14",NaN
NaN,10,88,0.0009765626057635943,NaN,mridges,"orthants by coordinate sign (bit j-1 set <=> theta_j < 0); P(theta_1<0)=0.5000000542, P(theta_1>=0)=0.4999999458; quadgk abs. errors 1.5e-13, 7.6e-14",NaN
NaN,10,89,0.0009765623942364058,NaN,mridges,"orthants by coordinate sign (bit j-1 set <=> theta_j < 0); P(theta_1<0)=0.5000000542, P(theta_1>=0)=0.4999999458; quadgk abs. errors 1.5e-13, 7.6e-14",NaN
NaN,10,90,0.0009765626057635943,NaN,mridges,"orthants by coordinate sign (bit j-1 set <=> theta_j < 0); P(theta_1<0)=0.5000000542, P(theta_1>=0)=0.4999999458; quadgk abs. errors 1.5e-13, 7.6e-14",NaN
NaN,10,91,0.0009765623942364058,NaN,mridges,"orthants by coordinate sign (bit j-1 set <=> theta_j < 0); P(theta_1<0)=0.5000000542, P(theta_1>=0)=0.4999999458; quadgk abs. errors 1.5e-13, 7.6e-14",NaN
NaN,10,92,0.0009765626057635943,NaN,mridges,"orthants by coordinate sign (bit j-1 set <=> theta_j < 0); P(theta_1<0)=0.5000000542, P(theta_1>=0)=0.4999999458; quadgk abs. errors 1.5e-13, 7.6e-14",NaN
NaN,10,93,0.0009765623942364058,NaN,mridges,"orthants by coordinate sign (bit j-1 set <=> theta_j < 0); P(theta_1<0)=0.5000000542, P(theta_1>=0)=0.4999999458; quadgk abs. errors 1.5e-13, 7.6e-14",NaN
NaN,10,94,0.0009765626057635943,NaN,mridges,"orthants by coordinate sign (bit j-1 set <=> theta_j < 0); P(theta_1<0)=0.5000000542, P(theta_1>=0)=0.4999999458; quadgk abs. errors 1.5e-13, 7.6e-14",NaN
NaN,10,95,0.0009765623942364058,NaN,mridges,"orthants by coordinate sign (bit j-1 set <=> theta_j < 0); P(theta_1<0)=0.5000000542, P(theta_1>=0)=0.4999999458; quadgk abs. errors 1.5e-13, 7.6e-14",NaN
NaN,10,96,0.0009765626057635943,NaN,mridges,"orthants by coordinate sign (bit j-1 set <=> theta_j < 0); P(theta_1<0)=0.5000000542, P(theta_1>=0)=0.4999999458; quadgk abs. errors 1.5e-13, 7.6e-14",NaN
NaN,10,97,0.0009765623942364058,NaN,mridges,"orthants by coordinate sign (bit j-1 set <=> theta_j < 0); P(theta_1<0)=0.5000000542, P(theta_1>=0)=0.4999999458; quadgk abs. errors 1.5e-13, 7.6e-14",NaN
NaN,10,98,0.0009765626057635943,NaN,mridges,"orthants by coordinate sign (bit j-1 set <=> theta_j < 0); P(theta_1<0)=0.5000000542, P(theta_1>=0)=0.4999999458; quadgk abs. errors 1.5e-13, 7.6e-14",NaN
NaN,10,99,0.0009765623942364058,NaN,mridges,"orthants by coordinate sign (bit j-1 set <=> theta_j < 0); P(theta_1<0)=0.5000000542, P(theta_1>=0)=0.4999999458; quadgk abs. errors 1.5e-13, 7.6e-14",NaN
NaN,10,100,0.0009765626057635943,NaN,mridges,"orthants by coordinate sign (bit j-1 set <=> theta_j < 0); P(theta_1<0)=0.5000000542, P(theta_1>=0)=0.4999999458; quadgk abs. errors 1.5e-13, 7.6e-14",NaN
NaN,10,101,0.0009765623942364058,NaN,mridges,"orthants by coordinate sign (bit j-1 set <=> theta_j < 0); P(theta_1<0)=0.5000000542, P(theta_1>=0)=0.4999999458; quadgk abs. errors 1.5e-13, 7.6e-14",NaN
NaN,10,102,0.0009765626057635943,NaN,mridges,"orthants by coordinate sign (bit j-1 set <=> theta_j < 0); P(theta_1<0)=0.5000000542, P(theta_1>=0)=0.4999999458; quadgk abs. errors 1.5e-13, 7.6e-14",NaN
NaN,10,103,0.0009765623942364058,NaN,mridges,"orthants by coordinate sign (bit j-1 set <=> theta_j < 0); P(theta_1<0)=0.5000000542, P(theta_1>=0)=0.4999999458; quadgk abs. errors 1.5e-13, 7.6e-14",NaN
NaN,10,104,0.0009765626057635943,NaN,mridges,"orthants by coordinate sign (bit j-1 set <=> theta_j < 0); P(theta_1<0)=0.5000000542, P(theta_1>=0)=0.4999999458; quadgk abs. errors 1.5e-13, 7.6e-14",NaN
NaN,10,105,0.0009765623942364058,NaN,mridges,"orthants by coordinate sign (bit j-1 set <=> theta_j < 0); P(theta_1<0)=0.5000000542, P(theta_1>=0)=0.4999999458; quadgk abs. errors 1.5e-13, 7.6e-14",NaN
NaN,10,106,0.0009765626057635943,NaN,mridges,"orthants by coordinate sign (bit j-1 set <=> theta_j < 0); P(theta_1<0)=0.5000000542, P(theta_1>=0)=0.4999999458; quadgk abs. errors 1.5e-13, 7.6e-14",NaN
NaN,10,107,0.0009765623942364058,NaN,mridges,"orthants by coordinate sign (bit j-1 set <=> theta_j < 0); P(theta_1<0)=0.5000000542, P(theta_1>=0)=0.4999999458; quadgk abs. errors 1.5e-13, 7.6e-14",NaN
NaN,10,108,0.0009765626057635943,NaN,mridges,"orthants by coordinate sign (bit j-1 set <=> theta_j < 0); P(theta_1<0)=0.5000000542, P(theta_1>=0)=0.4999999458; quadgk abs. errors 1.5e-13, 7.6e-14",NaN
NaN,10,109,0.0009765623942364058,NaN,mridges,"orthants by coordinate sign (bit j-1 set <=> theta_j < 0); P(theta_1<0)=0.5000000542, P(theta_1>=0)=0.4999999458; quadgk abs. errors 1.5e-13, 7.6e-14",NaN
NaN,10,110,0.0009765626057635943,NaN,mridges,"orthants by coordinate sign (bit j-1 set <=> theta_j < 0); P(theta_1<0)=0.5000000542, P(theta_1>=0)=0.4999999458; quadgk abs. errors 1.5e-13, 7.6e-14",NaN
NaN,10,111,0.0009765623942364058,NaN,mridges,"orthants by coordinate sign (bit j-1 set <=> theta_j < 0); P(theta_1<0)=0.5000000542, P(theta_1>=0)=0.4999999458; quadgk abs. errors 1.5e-13, 7.6e-14",NaN
NaN,10,112,0.0009765626057635943,NaN,mridges,"orthants by coordinate sign (bit j-1 set <=> theta_j < 0); P(theta_1<0)=0.5000000542, P(theta_1>=0)=0.4999999458; quadgk abs. errors 1.5e-13, 7.6e-14",NaN
NaN,10,113,0.0009765623942364058,NaN,mridges,"orthants by coordinate sign (bit j-1 set <=> theta_j < 0); P(theta_1<0)=0.5000000542, P(theta_1>=0)=0.4999999458; quadgk abs. errors 1.5e-13, 7.6e-14",NaN
NaN,10,114,0.0009765626057635943,NaN,mridges,"orthants by coordinate sign (bit j-1 set <=> theta_j < 0); P(theta_1<0)=0.5000000542, P(theta_1>=0)=0.4999999458; quadgk abs. errors 1.5e-13, 7.6e-14",NaN
NaN,10,115,0.0009765623942364058,NaN,mridges,"orthants by coordinate sign (bit j-1 set <=> theta_j < 0); P(theta_1<0)=0.5000000542, P(theta_1>=0)=0.4999999458; quadgk abs. errors 1.5e-13, 7.6e-14",NaN
NaN,10,116,0.0009765626057635943,NaN,mridges,"orthants by coordinate sign (bit j-1 set <=> theta_j < 0); P(theta_1<0)=0.5000000542, P(theta_1>=0)=0.4999999458; quadgk abs. errors 1.5e-13, 7.6e-14",NaN
NaN,10,117,0.0009765623942364058,NaN,mridges,"orthants by coordinate sign (bit j-1 set <=> theta_j < 0); P(theta_1<0)=0.5000000542, P(theta_1>=0)=0.4999999458; quadgk abs. errors 1.5e-13, 7.6e-14",NaN
NaN,10,118,0.0009765626057635943,NaN,mridges,"orthants by coordinate sign (bit j-1 set <=> theta_j < 0); P(theta_1<0)=0.5000000542, P(theta_1>=0)=0.4999999458; quadgk abs. errors 1.5e-13, 7.6e-14",NaN
NaN,10,119,0.0009765623942364058,NaN,mridges,"orthants by coordinate sign (bit j-1 set <=> theta_j < 0); P(theta_1<0)=0.5000000542, P(theta_1>=0)=0.4999999458; quadgk abs. errors 1.5e-13, 7.6e-14",NaN
NaN,10,120,0.0009765626057635943,NaN,mridges,"orthants by coordinate sign (bit j-1 set <=> theta_j < 0); P(theta_1<0)=0.5000000542, P(theta_1>=0)=0.4999999458; quadgk abs. errors 1.5e-13, 7.6e-14",NaN
NaN,10,121,0.0009765623942364058,NaN,mridges,"orthants by coordinate sign (bit j-1 set <=> theta_j < 0); P(theta_1<0)=0.5000000542, P(theta_1>=0)=0.4999999458; quadgk abs. errors 1.5e-13, 7.6e-14",NaN
NaN,10,122,0.0009765626057635943,NaN,mridges,"orthants by coordinate sign (bit j-1 set <=> theta_j < 0); P(theta_1<0)=0.5000000542, P(theta_1>=0)=0.4999999458; quadgk abs. errors 1.5e-13, 7.6e-14",NaN
NaN,10,123,0.0009765623942364058,NaN,mridges,"orthants by coordinate sign (bit j-1 set <=> theta_j < 0); P(theta_1<0)=0.5000000542, P(theta_1>=0)=0.4999999458; quadgk abs. errors 1.5e-13, 7.6e-14",NaN
NaN,10,124,0.0009765626057635943,NaN,mridges,"orthants by coordinate sign (bit j-1 set <=> theta_j < 0); P(theta_1<0)=0.5000000542, P(theta_1>=0)=0.4999999458; quadgk abs. errors 1.5e-13, 7.6e-14",NaN
NaN,10,125,0.0009765623942364058,NaN,mridges,"orthants by coordinate sign (bit j-1 set <=> theta_j < 0); P(theta_1<0)=0.5000000542, P(theta_1>=0)=0.4999999458; quadgk abs. errors 1.5e-13, 7.6e-14",NaN
NaN,10,126,0.0009765626057635943,NaN,mridges,"orthants by coordinate sign (bit j-1 set <=> theta_j < 0); P(theta_1<0)=0.5000000542, P(theta_1>=0)=0.4999999458; quadgk abs. errors 1.5e-13, 7.6e-14",NaN
NaN,10,127,0.0009765623942364058,NaN,mridges,"orthants by coordinate sign (bit j-1 set <=> theta_j < 0); P(theta_1<0)=0.5000000542, P(theta_1>=0)=0.4999999458; quadgk abs. errors 1.5e-13, 7.6e-14",NaN
NaN,10,128,0.0009765626057635943,NaN,mridges,"orthants by coordinate sign (bit j-1 set <=> theta_j < 0); P(theta_1<0)=0.5000000542, P(theta_1>=0)=0.4999999458; quadgk abs. errors 1.5e-13, 7.6e-14",NaN
NaN,10,129,0.0009765623942364058,NaN,mridges,"orthants by coordinate sign (bit j-1 set <=> theta_j < 0); P(theta_1<0)=0.5000000542, P(theta_1>=0)=0.4999999458; quadgk abs. errors 1.5e-13, 7.6e-14",NaN
NaN,10,130,0.0009765626057635943,NaN,mridges,"orthants by coordinate sign (bit j-1 set <=> theta_j < 0); P(theta_1<0)=0.5000000542, P(theta_1>=0)=0.4999999458; quadgk abs. errors 1.5e-13, 7.6e-14",NaN
NaN,10,131,0.0009765623942364058,NaN,mridges,"orthants by coordinate sign (bit j-1 set <=> theta_j < 0); P(theta_1<0)=0.5000000542, P(theta_1>=0)=0.4999999458; quadgk abs. errors 1.5e-13, 7.6e-14",NaN
NaN,10,132,0.0009765626057635943,NaN,mridges,"orthants by coordinate sign (bit j-1 set <=> theta_j < 0); P(theta_1<0)=0.5000000542, P(theta_1>=0)=0.4999999458; quadgk abs. errors 1.5e-13, 7.6e-14",NaN
NaN,10,133,0.0009765623942364058,NaN,mridges,"orthants by coordinate sign (bit j-1 set <=> theta_j < 0); P(theta_1<0)=0.5000000542, P(theta_1>=0)=0.4999999458; quadgk abs. errors 1.5e-13, 7.6e-14",NaN
NaN,10,134,0.0009765626057635943,NaN,mridges,"orthants by coordinate sign (bit j-1 set <=> theta_j < 0); P(theta_1<0)=0.5000000542, P(theta_1>=0)=0.4999999458; quadgk abs. errors 1.5e-13, 7.6e-14",NaN
NaN,10,135,0.0009765623942364058,NaN,mridges,"orthants by coordinate sign (bit j-1 set <=> theta_j < 0); P(theta_1<0)=0.5000000542, P(theta_1>=0)=0.4999999458; quadgk abs. errors 1.5e-13, 7.6e-14",NaN
NaN,10,136,0.0009765626057635943,NaN,mridges,"orthants by coordinate sign (bit j-1 set <=> theta_j < 0); P(theta_1<0)=0.5000000542, P(theta_1>=0)=0.4999999458; quadgk abs. errors 1.5e-13, 7.6e-14",NaN
NaN,10,137,0.0009765623942364058,NaN,mridges,"orthants by coordinate sign (bit j-1 set <=> theta_j < 0); P(theta_1<0)=0.5000000542, P(theta_1>=0)=0.4999999458; quadgk abs. errors 1.5e-13, 7.6e-14",NaN
NaN,10,138,0.0009765626057635943,NaN,mridges,"orthants by coordinate sign (bit j-1 set <=> theta_j < 0); P(theta_1<0)=0.5000000542, P(theta_1>=0)=0.4999999458; quadgk abs. errors 1.5e-13, 7.6e-14",NaN
NaN,10,139,0.0009765623942364058,NaN,mridges,"orthants by coordinate sign (bit j-1 set <=> theta_j < 0); P(theta_1<0)=0.5000000542, P(theta_1>=0)=0.4999999458; quadgk abs. errors 1.5e-13, 7.6e-14",NaN
NaN,10,140,0.0009765626057635943,NaN,mridges,"orthants by coordinate sign (bit j-1 set <=> theta_j < 0); P(theta_1<0)=0.5000000542, P(theta_1>=0)=0.4999999458; quadgk abs. errors 1.5e-13, 7.6e-14",NaN
NaN,10,141,0.0009765623942364058,NaN,mridges,"orthants by coordinate sign (bit j-1 set <=> theta_j < 0); P(theta_1<0)=0.5000000542, P(theta_1>=0)=0.4999999458; quadgk abs. errors 1.5e-13, 7.6e-14",NaN
NaN,10,142,0.0009765626057635943,NaN,mridges,"orthants by coordinate sign (bit j-1 set <=> theta_j < 0); P(theta_1<0)=0.5000000542, P(theta_1>=0)=0.4999999458; quadgk abs. errors 1.5e-13, 7.6e-14",NaN
NaN,10,143,0.0009765623942364058,NaN,mridges,"orthants by coordinate sign (bit j-1 set <=> theta_j < 0); P(theta_1<0)=0.5000000542, P(theta_1>=0)=0.4999999458; quadgk abs. errors 1.5e-13, 7.6e-14",NaN
NaN,10,144,0.0009765626057635943,NaN,mridges,"orthants by coordinate sign (bit j-1 set <=> theta_j < 0); P(theta_1<0)=0.5000000542, P(theta_1>=0)=0.4999999458; quadgk abs. errors 1.5e-13, 7.6e-14",NaN
NaN,10,145,0.0009765623942364058,NaN,mridges,"orthants by coordinate sign (bit j-1 set <=> theta_j < 0); P(theta_1<0)=0.5000000542, P(theta_1>=0)=0.4999999458; quadgk abs. errors 1.5e-13, 7.6e-14",NaN
NaN,10,146,0.0009765626057635943,NaN,mridges,"orthants by coordinate sign (bit j-1 set <=> theta_j < 0); P(theta_1<0)=0.5000000542, P(theta_1>=0)=0.4999999458; quadgk abs. errors 1.5e-13, 7.6e-14",NaN
NaN,10,147,0.0009765623942364058,NaN,mridges,"orthants by coordinate sign (bit j-1 set <=> theta_j < 0); P(theta_1<0)=0.5000000542, P(theta_1>=0)=0.4999999458; quadgk abs. errors 1.5e-13, 7.6e-14",NaN
NaN,10,148,0.0009765626057635943,NaN,mridges,"orthants by coordinate sign (bit j-1 set <=> theta_j < 0); P(theta_1<0)=0.5000000542, P(theta_1>=0)=0.4999999458; quadgk abs. errors 1.5e-13, 7.6e-14",NaN
NaN,10,149,0.0009765623942364058,NaN,mridges,"orthants by coordinate sign (bit j-1 set <=> theta_j < 0); P(theta_1<0)=0.5000000542, P(theta_1>=0)=0.4999999458; quadgk abs. errors 1.5e-13, 7.6e-14",NaN
NaN,10,150,0.0009765626057635943,NaN,mridges,"orthants by coordinate sign (bit j-1 set <=> theta_j < 0); P(theta_1<0)=0.5000000542, P(theta_1>=0)=0.4999999458; quadgk abs. errors 1.5e-13, 7.6e-14",NaN
NaN,10,151,0.0009765623942364058,NaN,mridges,"orthants by coordinate sign (bit j-1 set <=> theta_j < 0); P(theta_1<0)=0.5000000542, P(theta_1>=0)=0.4999999458; quadgk abs. errors 1.5e-13, 7.6e-14",NaN
NaN,10,152,0.0009765626057635943,NaN,mridges,"orthants by coordinate sign (bit j-1 set <=> theta_j < 0); P(theta_1<0)=0.5000000542, P(theta_1>=0)=0.4999999458; quadgk abs. errors 1.5e-13, 7.6e-14",NaN
NaN,10,153,0.0009765623942364058,NaN,mridges,"orthants by coordinate sign (bit j-1 set <=> theta_j < 0); P(theta_1<0)=0.5000000542, P(theta_1>=0)=0.4999999458; quadgk abs. errors 1.5e-13, 7.6e-14",NaN
NaN,10,154,0.0009765626057635943,NaN,mridges,"orthants by coordinate sign (bit j-1 set <=> theta_j < 0); P(theta_1<0)=0.5000000542, P(theta_1>=0)=0.4999999458; quadgk abs. errors 1.5e-13, 7.6e-14",NaN
NaN,10,155,0.0009765623942364058,NaN,mridges,"orthants by coordinate sign (bit j-1 set <=> theta_j < 0); P(theta_1<0)=0.5000000542, P(theta_1>=0)=0.4999999458; quadgk abs. errors 1.5e-13, 7.6e-14",NaN
NaN,10,156,0.0009765626057635943,NaN,mridges,"orthants by coordinate sign (bit j-1 set <=> theta_j < 0); P(theta_1<0)=0.5000000542, P(theta_1>=0)=0.4999999458; quadgk abs. errors 1.5e-13, 7.6e-14",NaN
NaN,10,157,0.0009765623942364058,NaN,mridges,"orthants by coordinate sign (bit j-1 set <=> theta_j < 0); P(theta_1<0)=0.5000000542, P(theta_1>=0)=0.4999999458; quadgk abs. errors 1.5e-13, 7.6e-14",NaN
NaN,10,158,0.0009765626057635943,NaN,mridges,"orthants by coordinate sign (bit j-1 set <=> theta_j < 0); P(theta_1<0)=0.5000000542, P(theta_1>=0)=0.4999999458; quadgk abs. errors 1.5e-13, 7.6e-14",NaN
NaN,10,159,0.0009765623942364058,NaN,mridges,"orthants by coordinate sign (bit j-1 set <=> theta_j < 0); P(theta_1<0)=0.5000000542, P(theta_1>=0)=0.4999999458; quadgk abs. errors 1.5e-13, 7.6e-14",NaN
NaN,10,160,0.0009765626057635943,NaN,mridges,"orthants by coordinate sign (bit j-1 set <=> theta_j < 0); P(theta_1<0)=0.5000000542, P(theta_1>=0)=0.4999999458; quadgk abs. errors 1.5e-13, 7.6e-14",NaN
NaN,10,161,0.0009765623942364058,NaN,mridges,"orthants by coordinate sign (bit j-1 set <=> theta_j < 0); P(theta_1<0)=0.5000000542, P(theta_1>=0)=0.4999999458; quadgk abs. errors 1.5e-13, 7.6e-14",NaN
NaN,10,162,0.0009765626057635943,NaN,mridges,"orthants by coordinate sign (bit j-1 set <=> theta_j < 0); P(theta_1<0)=0.5000000542, P(theta_1>=0)=0.4999999458; quadgk abs. errors 1.5e-13, 7.6e-14",NaN
NaN,10,163,0.0009765623942364058,NaN,mridges,"orthants by coordinate sign (bit j-1 set <=> theta_j < 0); P(theta_1<0)=0.5000000542, P(theta_1>=0)=0.4999999458; quadgk abs. errors 1.5e-13, 7.6e-14",NaN
NaN,10,164,0.0009765626057635943,NaN,mridges,"orthants by coordinate sign (bit j-1 set <=> theta_j < 0); P(theta_1<0)=0.5000000542, P(theta_1>=0)=0.4999999458; quadgk abs. errors 1.5e-13, 7.6e-14",NaN
NaN,10,165,0.0009765623942364058,NaN,mridges,"orthants by coordinate sign (bit j-1 set <=> theta_j < 0); P(theta_1<0)=0.5000000542, P(theta_1>=0)=0.4999999458; quadgk abs. errors 1.5e-13, 7.6e-14",NaN
NaN,10,166,0.0009765626057635943,NaN,mridges,"orthants by coordinate sign (bit j-1 set <=> theta_j < 0); P(theta_1<0)=0.5000000542, P(theta_1>=0)=0.4999999458; quadgk abs. errors 1.5e-13, 7.6e-14",NaN
NaN,10,167,0.0009765623942364058,NaN,mridges,"orthants by coordinate sign (bit j-1 set <=> theta_j < 0); P(theta_1<0)=0.5000000542, P(theta_1>=0)=0.4999999458; quadgk abs. errors 1.5e-13, 7.6e-14",NaN
NaN,10,168,0.0009765626057635943,NaN,mridges,"orthants by coordinate sign (bit j-1 set <=> theta_j < 0); P(theta_1<0)=0.5000000542, P(theta_1>=0)=0.4999999458; quadgk abs. errors 1.5e-13, 7.6e-14",NaN
NaN,10,169,0.0009765623942364058,NaN,mridges,"orthants by coordinate sign (bit j-1 set <=> theta_j < 0); P(theta_1<0)=0.5000000542, P(theta_1>=0)=0.4999999458; quadgk abs. errors 1.5e-13, 7.6e-14",NaN
NaN,10,170,0.0009765626057635943,NaN,mridges,"orthants by coordinate sign (bit j-1 set <=> theta_j < 0); P(theta_1<0)=0.5000000542, P(theta_1>=0)=0.4999999458; quadgk abs. errors 1.5e-13, 7.6e-14",NaN
NaN,10,171,0.0009765623942364058,NaN,mridges,"orthants by coordinate sign (bit j-1 set <=> theta_j < 0); P(theta_1<0)=0.5000000542, P(theta_1>=0)=0.4999999458; quadgk abs. errors 1.5e-13, 7.6e-14",NaN
NaN,10,172,0.0009765626057635943,NaN,mridges,"orthants by coordinate sign (bit j-1 set <=> theta_j < 0); P(theta_1<0)=0.5000000542, P(theta_1>=0)=0.4999999458; quadgk abs. errors 1.5e-13, 7.6e-14",NaN
NaN,10,173,0.0009765623942364058,NaN,mridges,"orthants by coordinate sign (bit j-1 set <=> theta_j < 0); P(theta_1<0)=0.5000000542, P(theta_1>=0)=0.4999999458; quadgk abs. errors 1.5e-13, 7.6e-14",NaN
NaN,10,174,0.0009765626057635943,NaN,mridges,"orthants by coordinate sign (bit j-1 set <=> theta_j < 0); P(theta_1<0)=0.5000000542, P(theta_1>=0)=0.4999999458; quadgk abs. errors 1.5e-13, 7.6e-14",NaN
NaN,10,175,0.0009765623942364058,NaN,mridges,"orthants by coordinate sign (bit j-1 set <=> theta_j < 0); P(theta_1<0)=0.5000000542, P(theta_1>=0)=0.4999999458; quadgk abs. errors 1.5e-13, 7.6e-14",NaN
NaN,10,176,0.0009765626057635943,NaN,mridges,"orthants by coordinate sign (bit j-1 set <=> theta_j < 0); P(theta_1<0)=0.5000000542, P(theta_1>=0)=0.4999999458; quadgk abs. errors 1.5e-13, 7.6e-14",NaN
NaN,10,177,0.0009765623942364058,NaN,mridges,"orthants by coordinate sign (bit j-1 set <=> theta_j < 0); P(theta_1<0)=0.5000000542, P(theta_1>=0)=0.4999999458; quadgk abs. errors 1.5e-13, 7.6e-14",NaN
NaN,10,178,0.0009765626057635943,NaN,mridges,"orthants by coordinate sign (bit j-1 set <=> theta_j < 0); P(theta_1<0)=0.5000000542, P(theta_1>=0)=0.4999999458; quadgk abs. errors 1.5e-13, 7.6e-14",NaN
NaN,10,179,0.0009765623942364058,NaN,mridges,"orthants by coordinate sign (bit j-1 set <=> theta_j < 0); P(theta_1<0)=0.5000000542, P(theta_1>=0)=0.4999999458; quadgk abs. errors 1.5e-13, 7.6e-14",NaN
NaN,10,180,0.0009765626057635943,NaN,mridges,"orthants by coordinate sign (bit j-1 set <=> theta_j < 0); P(theta_1<0)=0.5000000542, P(theta_1>=0)=0.4999999458; quadgk abs. errors 1.5e-13, 7.6e-14",NaN
NaN,10,181,0.0009765623942364058,NaN,mridges,"orthants by coordinate sign (bit j-1 set <=> theta_j < 0); P(theta_1<0)=0.5000000542, P(theta_1>=0)=0.4999999458; quadgk abs. errors 1.5e-13, 7.6e-14",NaN
NaN,10,182,0.0009765626057635943,NaN,mridges,"orthants by coordinate sign (bit j-1 set <=> theta_j < 0); P(theta_1<0)=0.5000000542, P(theta_1>=0)=0.4999999458; quadgk abs. errors 1.5e-13, 7.6e-14",NaN
NaN,10,183,0.0009765623942364058,NaN,mridges,"orthants by coordinate sign (bit j-1 set <=> theta_j < 0); P(theta_1<0)=0.5000000542, P(theta_1>=0)=0.4999999458; quadgk abs. errors 1.5e-13, 7.6e-14",NaN
NaN,10,184,0.0009765626057635943,NaN,mridges,"orthants by coordinate sign (bit j-1 set <=> theta_j < 0); P(theta_1<0)=0.5000000542, P(theta_1>=0)=0.4999999458; quadgk abs. errors 1.5e-13, 7.6e-14",NaN
NaN,10,185,0.0009765623942364058,NaN,mridges,"orthants by coordinate sign (bit j-1 set <=> theta_j < 0); P(theta_1<0)=0.5000000542, P(theta_1>=0)=0.4999999458; quadgk abs. errors 1.5e-13, 7.6e-14",NaN
NaN,10,186,0.0009765626057635943,NaN,mridges,"orthants by coordinate sign (bit j-1 set <=> theta_j < 0); P(theta_1<0)=0.5000000542, P(theta_1>=0)=0.4999999458; quadgk abs. errors 1.5e-13, 7.6e-14",NaN
NaN,10,187,0.0009765623942364058,NaN,mridges,"orthants by coordinate sign (bit j-1 set <=> theta_j < 0); P(theta_1<0)=0.5000000542, P(theta_1>=0)=0.4999999458; quadgk abs. errors 1.5e-13, 7.6e-14",NaN
NaN,10,188,0.0009765626057635943,NaN,mridges,"orthants by coordinate sign (bit j-1 set <=> theta_j < 0); P(theta_1<0)=0.5000000542, P(theta_1>=0)=0.4999999458; quadgk abs. errors 1.5e-13, 7.6e-14",NaN
NaN,10,189,0.0009765623942364058,NaN,mridges,"orthants by coordinate sign (bit j-1 set <=> theta_j < 0); P(theta_1<0)=0.5000000542, P(theta_1>=0)=0.4999999458; quadgk abs. errors 1.5e-13, 7.6e-14",NaN
NaN,10,190,0.0009765626057635943,NaN,mridges,"orthants by coordinate sign (bit j-1 set <=> theta_j < 0); P(theta_1<0)=0.5000000542, P(theta_1>=0)=0.4999999458; quadgk abs. errors 1.5e-13, 7.6e-14",NaN
NaN,10,191,0.0009765623942364058,NaN,mridges,"orthants by coordinate sign (bit j-1 set <=> theta_j < 0); P(theta_1<0)=0.5000000542, P(theta_1>=0)=0.4999999458; quadgk abs. errors 1.5e-13, 7.6e-14",NaN
NaN,10,192,0.0009765626057635943,NaN,mridges,"orthants by coordinate sign (bit j-1 set <=> theta_j < 0); P(theta_1<0)=0.5000000542, P(theta_1>=0)=0.4999999458; quadgk abs. errors 1.5e-13, 7.6e-14",NaN
NaN,10,193,0.0009765623942364058,NaN,mridges,"orthants by coordinate sign (bit j-1 set <=> theta_j < 0); P(theta_1<0)=0.5000000542, P(theta_1>=0)=0.4999999458; quadgk abs. errors 1.5e-13, 7.6e-14",NaN
NaN,10,194,0.0009765626057635943,NaN,mridges,"orthants by coordinate sign (bit j-1 set <=> theta_j < 0); P(theta_1<0)=0.5000000542, P(theta_1>=0)=0.4999999458; quadgk abs. errors 1.5e-13, 7.6e-14",NaN
NaN,10,195,0.0009765623942364058,NaN,mridges,"orthants by coordinate sign (bit j-1 set <=> theta_j < 0); P(theta_1<0)=0.5000000542, P(theta_1>=0)=0.4999999458; quadgk abs. errors 1.5e-13, 7.6e-14",NaN
NaN,10,196,0.0009765626057635943,NaN,mridges,"orthants by coordinate sign (bit j-1 set <=> theta_j < 0); P(theta_1<0)=0.5000000542, P(theta_1>=0)=0.4999999458; quadgk abs. errors 1.5e-13, 7.6e-14",NaN
NaN,10,197,0.0009765623942364058,NaN,mridges,"orthants by coordinate sign (bit j-1 set <=> theta_j < 0); P(theta_1<0)=0.5000000542, P(theta_1>=0)=0.4999999458; quadgk abs. errors 1.5e-13, 7.6e-14",NaN
NaN,10,198,0.0009765626057635943,NaN,mridges,"orthants by coordinate sign (bit j-1 set <=> theta_j < 0); P(theta_1<0)=0.5000000542, P(theta_1>=0)=0.4999999458; quadgk abs. errors 1.5e-13, 7.6e-14",NaN
NaN,10,199,0.0009765623942364058,NaN,mridges,"orthants by coordinate sign (bit j-1 set <=> theta_j < 0); P(theta_1<0)=0.5000000542, P(theta_1>=0)=0.4999999458; quadgk abs. errors 1.5e-13, 7.6e-14",NaN
NaN,10,200,0.0009765626057635943,NaN,mridges,"orthants by coordinate sign (bit j-1 set <=> theta_j < 0); P(theta_1<0)=0.5000000542, P(theta_1>=0)=0.4999999458; quadgk abs. errors 1.5e-13, 7.6e-14",NaN
NaN,10,201,0.0009765623942364058,NaN,mridges,"orthants by coordinate sign (bit j-1 set <=> theta_j < 0); P(theta_1<0)=0.5000000542, P(theta_1>=0)=0.4999999458; quadgk abs. errors 1.5e-13, 7.6e-14",NaN
NaN,10,202,0.0009765626057635943,NaN,mridges,"orthants by coordinate sign (bit j-1 set <=> theta_j < 0); P(theta_1<0)=0.5000000542, P(theta_1>=0)=0.4999999458; quadgk abs. errors 1.5e-13, 7.6e-14",NaN
NaN,10,203,0.0009765623942364058,NaN,mridges,"orthants by coordinate sign (bit j-1 set <=> theta_j < 0); P(theta_1<0)=0.5000000542, P(theta_1>=0)=0.4999999458; quadgk abs. errors 1.5e-13, 7.6e-14",NaN
NaN,10,204,0.0009765626057635943,NaN,mridges,"orthants by coordinate sign (bit j-1 set <=> theta_j < 0); P(theta_1<0)=0.5000000542, P(theta_1>=0)=0.4999999458; quadgk abs. errors 1.5e-13, 7.6e-14",NaN
NaN,10,205,0.0009765623942364058,NaN,mridges,"orthants by coordinate sign (bit j-1 set <=> theta_j < 0); P(theta_1<0)=0.5000000542, P(theta_1>=0)=0.4999999458; quadgk abs. errors 1.5e-13, 7.6e-14",NaN
NaN,10,206,0.0009765626057635943,NaN,mridges,"orthants by coordinate sign (bit j-1 set <=> theta_j < 0); P(theta_1<0)=0.5000000542, P(theta_1>=0)=0.4999999458; quadgk abs. errors 1.5e-13, 7.6e-14",NaN
NaN,10,207,0.0009765623942364058,NaN,mridges,"orthants by coordinate sign (bit j-1 set <=> theta_j < 0); P(theta_1<0)=0.5000000542, P(theta_1>=0)=0.4999999458; quadgk abs. errors 1.5e-13, 7.6e-14",NaN
NaN,10,208,0.0009765626057635943,NaN,mridges,"orthants by coordinate sign (bit j-1 set <=> theta_j < 0); P(theta_1<0)=0.5000000542, P(theta_1>=0)=0.4999999458; quadgk abs. errors 1.5e-13, 7.6e-14",NaN
NaN,10,209,0.0009765623942364058,NaN,mridges,"orthants by coordinate sign (bit j-1 set <=> theta_j < 0); P(theta_1<0)=0.5000000542, P(theta_1>=0)=0.4999999458; quadgk abs. errors 1.5e-13, 7.6e-14",NaN
NaN,10,210,0.0009765626057635943,NaN,mridges,"orthants by coordinate sign (bit j-1 set <=> theta_j < 0); P(theta_1<0)=0.5000000542, P(theta_1>=0)=0.4999999458; quadgk abs. errors 1.5e-13, 7.6e-14",NaN
NaN,10,211,0.0009765623942364058,NaN,mridges,"orthants by coordinate sign (bit j-1 set <=> theta_j < 0); P(theta_1<0)=0.5000000542, P(theta_1>=0)=0.4999999458; quadgk abs. errors 1.5e-13, 7.6e-14",NaN
NaN,10,212,0.0009765626057635943,NaN,mridges,"orthants by coordinate sign (bit j-1 set <=> theta_j < 0); P(theta_1<0)=0.5000000542, P(theta_1>=0)=0.4999999458; quadgk abs. errors 1.5e-13, 7.6e-14",NaN
NaN,10,213,0.0009765623942364058,NaN,mridges,"orthants by coordinate sign (bit j-1 set <=> theta_j < 0); P(theta_1<0)=0.5000000542, P(theta_1>=0)=0.4999999458; quadgk abs. errors 1.5e-13, 7.6e-14",NaN
NaN,10,214,0.0009765626057635943,NaN,mridges,"orthants by coordinate sign (bit j-1 set <=> theta_j < 0); P(theta_1<0)=0.5000000542, P(theta_1>=0)=0.4999999458; quadgk abs. errors 1.5e-13, 7.6e-14",NaN
NaN,10,215,0.0009765623942364058,NaN,mridges,"orthants by coordinate sign (bit j-1 set <=> theta_j < 0); P(theta_1<0)=0.5000000542, P(theta_1>=0)=0.4999999458; quadgk abs. errors 1.5e-13, 7.6e-14",NaN
NaN,10,216,0.0009765626057635943,NaN,mridges,"orthants by coordinate sign (bit j-1 set <=> theta_j < 0); P(theta_1<0)=0.5000000542, P(theta_1>=0)=0.4999999458; quadgk abs. errors 1.5e-13, 7.6e-14",NaN
NaN,10,217,0.0009765623942364058,NaN,mridges,"orthants by coordinate sign (bit j-1 set <=> theta_j < 0); P(theta_1<0)=0.5000000542, P(theta_1>=0)=0.4999999458; quadgk abs. errors 1.5e-13, 7.6e-14",NaN
NaN,10,218,0.0009765626057635943,NaN,mridges,"orthants by coordinate sign (bit j-1 set <=> theta_j < 0); P(theta_1<0)=0.5000000542, P(theta_1>=0)=0.4999999458; quadgk abs. errors 1.5e-13, 7.6e-14",NaN
NaN,10,219,0.0009765623942364058,NaN,mridges,"orthants by coordinate sign (bit j-1 set <=> theta_j < 0); P(theta_1<0)=0.5000000542, P(theta_1>=0)=0.4999999458; quadgk abs. errors 1.5e-13, 7.6e-14",NaN
NaN,10,220,0.0009765626057635943,NaN,mridges,"orthants by coordinate sign (bit j-1 set <=> theta_j < 0); P(theta_1<0)=0.5000000542, P(theta_1>=0)=0.4999999458; quadgk abs. errors 1.5e-13, 7.6e-14",NaN
NaN,10,221,0.0009765623942364058,NaN,mridges,"orthants by coordinate sign (bit j-1 set <=> theta_j < 0); P(theta_1<0)=0.5000000542, P(theta_1>=0)=0.4999999458; quadgk abs. errors 1.5e-13, 7.6e-14",NaN
NaN,10,222,0.0009765626057635943,NaN,mridges,"orthants by coordinate sign (bit j-1 set <=> theta_j < 0); P(theta_1<0)=0.5000000542, P(theta_1>=0)=0.4999999458; quadgk abs. errors 1.5e-13, 7.6e-14",NaN
NaN,10,223,0.0009765623942364058,NaN,mridges,"orthants by coordinate sign (bit j-1 set <=> theta_j < 0); P(theta_1<0)=0.5000000542, P(theta_1>=0)=0.4999999458; quadgk abs. errors 1.5e-13, 7.6e-14",NaN
NaN,10,224,0.0009765626057635943,NaN,mridges,"orthants by coordinate sign (bit j-1 set <=> theta_j < 0); P(theta_1<0)=0.5000000542, P(theta_1>=0)=0.4999999458; quadgk abs. errors 1.5e-13, 7.6e-14",NaN
NaN,10,225,0.0009765623942364058,NaN,mridges,"orthants by coordinate sign (bit j-1 set <=> theta_j < 0); P(theta_1<0)=0.5000000542, P(theta_1>=0)=0.4999999458; quadgk abs. errors 1.5e-13, 7.6e-14",NaN
NaN,10,226,0.0009765626057635943,NaN,mridges,"orthants by coordinate sign (bit j-1 set <=> theta_j < 0); P(theta_1<0)=0.5000000542, P(theta_1>=0)=0.4999999458; quadgk abs. errors 1.5e-13, 7.6e-14",NaN
NaN,10,227,0.0009765623942364058,NaN,mridges,"orthants by coordinate sign (bit j-1 set <=> theta_j < 0); P(theta_1<0)=0.5000000542, P(theta_1>=0)=0.4999999458; quadgk abs. errors 1.5e-13, 7.6e-14",NaN
NaN,10,228,0.0009765626057635943,NaN,mridges,"orthants by coordinate sign (bit j-1 set <=> theta_j < 0); P(theta_1<0)=0.5000000542, P(theta_1>=0)=0.4999999458; quadgk abs. errors 1.5e-13, 7.6e-14",NaN
NaN,10,229,0.0009765623942364058,NaN,mridges,"orthants by coordinate sign (bit j-1 set <=> theta_j < 0); P(theta_1<0)=0.5000000542, P(theta_1>=0)=0.4999999458; quadgk abs. errors 1.5e-13, 7.6e-14",NaN
NaN,10,230,0.0009765626057635943,NaN,mridges,"orthants by coordinate sign (bit j-1 set <=> theta_j < 0); P(theta_1<0)=0.5000000542, P(theta_1>=0)=0.4999999458; quadgk abs. errors 1.5e-13, 7.6e-14",NaN
NaN,10,231,0.0009765623942364058,NaN,mridges,"orthants by coordinate sign (bit j-1 set <=> theta_j < 0); P(theta_1<0)=0.5000000542, P(theta_1>=0)=0.4999999458; quadgk abs. errors 1.5e-13, 7.6e-14",NaN
NaN,10,232,0.0009765626057635943,NaN,mridges,"orthants by coordinate sign (bit j-1 set <=> theta_j < 0); P(theta_1<0)=0.5000000542, P(theta_1>=0)=0.4999999458; quadgk abs. errors 1.5e-13, 7.6e-14",NaN
NaN,10,233,0.0009765623942364058,NaN,mridges,"orthants by coordinate sign (bit j-1 set <=> theta_j < 0); P(theta_1<0)=0.5000000542, P(theta_1>=0)=0.4999999458; quadgk abs. errors 1.5e-13, 7.6e-14",NaN
NaN,10,234,0.0009765626057635943,NaN,mridges,"orthants by coordinate sign (bit j-1 set <=> theta_j < 0); P(theta_1<0)=0.5000000542, P(theta_1>=0)=0.4999999458; quadgk abs. errors 1.5e-13, 7.6e-14",NaN
NaN,10,235,0.0009765623942364058,NaN,mridges,"orthants by coordinate sign (bit j-1 set <=> theta_j < 0); P(theta_1<0)=0.5000000542, P(theta_1>=0)=0.4999999458; quadgk abs. errors 1.5e-13, 7.6e-14",NaN
NaN,10,236,0.0009765626057635943,NaN,mridges,"orthants by coordinate sign (bit j-1 set <=> theta_j < 0); P(theta_1<0)=0.5000000542, P(theta_1>=0)=0.4999999458; quadgk abs. errors 1.5e-13, 7.6e-14",NaN
NaN,10,237,0.0009765623942364058,NaN,mridges,"orthants by coordinate sign (bit j-1 set <=> theta_j < 0); P(theta_1<0)=0.5000000542, P(theta_1>=0)=0.4999999458; quadgk abs. errors 1.5e-13, 7.6e-14",NaN
NaN,10,238,0.0009765626057635943,NaN,mridges,"orthants by coordinate sign (bit j-1 set <=> theta_j < 0); P(theta_1<0)=0.5000000542, P(theta_1>=0)=0.4999999458; quadgk abs. errors 1.5e-13, 7.6e-14",NaN
NaN,10,239,0.0009765623942364058,NaN,mridges,"orthants by coordinate sign (bit j-1 set <=> theta_j < 0); P(theta_1<0)=0.5000000542, P(theta_1>=0)=0.4999999458; quadgk abs. errors 1.5e-13, 7.6e-14",NaN
NaN,10,240,0.0009765626057635943,NaN,mridges,"orthants by coordinate sign (bit j-1 set <=> theta_j < 0); P(theta_1<0)=0.5000000542, P(theta_1>=0)=0.4999999458; quadgk abs. errors 1.5e-13, 7.6e-14",NaN
NaN,10,241,0.0009765623942364058,NaN,mridges,"orthants by coordinate sign (bit j-1 set <=> theta_j < 0); P(theta_1<0)=0.5000000542, P(theta_1>=0)=0.4999999458; quadgk abs. errors 1.5e-13, 7.6e-14",NaN
NaN,10,242,0.0009765626057635943,NaN,mridges,"orthants by coordinate sign (bit j-1 set <=> theta_j < 0); P(theta_1<0)=0.5000000542, P(theta_1>=0)=0.4999999458; quadgk abs. errors 1.5e-13, 7.6e-14",NaN
NaN,10,243,0.0009765623942364058,NaN,mridges,"orthants by coordinate sign (bit j-1 set <=> theta_j < 0); P(theta_1<0)=0.5000000542, P(theta_1>=0)=0.4999999458; quadgk abs. errors 1.5e-13, 7.6e-14",NaN
NaN,10,244,0.0009765626057635943,NaN,mridges,"orthants by coordinate sign (bit j-1 set <=> theta_j < 0); P(theta_1<0)=0.5000000542, P(theta_1>=0)=0.4999999458; quadgk abs. errors 1.5e-13, 7.6e-14",NaN
NaN,10,245,0.0009765623942364058,NaN,mridges,"orthants by coordinate sign (bit j-1 set <=> theta_j < 0); P(theta_1<0)=0.5000000542, P(theta_1>=0)=0.4999999458; quadgk abs. errors 1.5e-13, 7.6e-14",NaN
NaN,10,246,0.0009765626057635943,NaN,mridges,"orthants by coordinate sign (bit j-1 set <=> theta_j < 0); P(theta_1<0)=0.5000000542, P(theta_1>=0)=0.4999999458; quadgk abs. errors 1.5e-13, 7.6e-14",NaN
NaN,10,247,0.0009765623942364058,NaN,mridges,"orthants by coordinate sign (bit j-1 set <=> theta_j < 0); P(theta_1<0)=0.5000000542, P(theta_1>=0)=0.4999999458; quadgk abs. errors 1.5e-13, 7.6e-14",NaN
NaN,10,248,0.0009765626057635943,NaN,mridges,"orthants by coordinate sign (bit j-1 set <=> theta_j < 0); P(theta_1<0)=0.5000000542, P(theta_1>=0)=0.4999999458; quadgk abs. errors 1.5e-13, 7.6e-14",NaN
NaN,10,249,0.0009765623942364058,NaN,mridges,"orthants by coordinate sign (bit j-1 set <=> theta_j < 0); P(theta_1<0)=0.5000000542, P(theta_1>=0)=0.4999999458; quadgk abs. errors 1.5e-13, 7.6e-14",NaN
NaN,10,250,0.0009765626057635943,NaN,mridges,"orthants by coordinate sign (bit j-1 set <=> theta_j < 0); P(theta_1<0)=0.5000000542, P(theta_1>=0)=0.4999999458; quadgk abs. errors 1.5e-13, 7.6e-14",NaN
NaN,10,251,0.0009765623942364058,NaN,mridges,"orthants by coordinate sign (bit j-1 set <=> theta_j < 0); P(theta_1<0)=0.5000000542, P(theta_1>=0)=0.4999999458; quadgk abs. errors 1.5e-13, 7.6e-14",NaN
NaN,10,252,0.0009765626057635943,NaN,mridges,"orthants by coordinate sign (bit j-1 set <=> theta_j < 0); P(theta_1<0)=0.5000000542, P(theta_1>=0)=0.4999999458; quadgk abs. errors 1.5e-13, 7.6e-14",NaN
NaN,10,253,0.0009765623942364058,NaN,mridges,"orthants by coordinate sign (bit j-1 set <=> theta_j < 0); P(theta_1<0)=0.5000000542, P(theta_1>=0)=0.4999999458; quadgk abs. errors 1.5e-13, 7.6e-14",NaN
NaN,10,254,0.0009765626057635943,NaN,mridges,"orthants by coordinate sign (bit j-1 set <=> theta_j < 0); P(theta_1<0)=0.5000000542, P(theta_1>=0)=0.4999999458; quadgk abs. errors 1.5e-13, 7.6e-14",NaN
NaN,10,255,0.0009765623942364058,NaN,mridges,"orthants by coordinate sign (bit j-1 set <=> theta_j < 0); P(theta_1<0)=0.5000000542, P(theta_1>=0)=0.4999999458; quadgk abs. errors 1.5e-13, 7.6e-14",NaN
NaN,10,256,0.0009765626057635943,NaN,mridges,"orthants by coordinate sign (bit j-1 set <=> theta_j < 0); P(theta_1<0)=0.5000000542, P(theta_1>=0)=0.4999999458; quadgk abs. errors 1.5e-13, 7.6e-14",NaN
NaN,10,257,0.0009765623942364058,NaN,mridges,"orthants by coordinate sign (bit j-1 set <=> theta_j < 0); P(theta_1<0)=0.5000000542, P(theta_1>=0)=0.4999999458; quadgk abs. errors 1.5e-13, 7.6e-14",NaN
NaN,10,258,0.0009765626057635943,NaN,mridges,"orthants by coordinate sign (bit j-1 set <=> theta_j < 0); P(theta_1<0)=0.5000000542, P(theta_1>=0)=0.4999999458; quadgk abs. errors 1.5e-13, 7.6e-14",NaN
NaN,10,259,0.0009765623942364058,NaN,mridges,"orthants by coordinate sign (bit j-1 set <=> theta_j < 0); P(theta_1<0)=0.5000000542, P(theta_1>=0)=0.4999999458; quadgk abs. errors 1.5e-13, 7.6e-14",NaN
NaN,10,260,0.0009765626057635943,NaN,mridges,"orthants by coordinate sign (bit j-1 set <=> theta_j < 0); P(theta_1<0)=0.5000000542, P(theta_1>=0)=0.4999999458; quadgk abs. errors 1.5e-13, 7.6e-14",NaN
NaN,10,261,0.0009765623942364058,NaN,mridges,"orthants by coordinate sign (bit j-1 set <=> theta_j < 0); P(theta_1<0)=0.5000000542, P(theta_1>=0)=0.4999999458; quadgk abs. errors 1.5e-13, 7.6e-14",NaN
NaN,10,262,0.0009765626057635943,NaN,mridges,"orthants by coordinate sign (bit j-1 set <=> theta_j < 0); P(theta_1<0)=0.5000000542, P(theta_1>=0)=0.4999999458; quadgk abs. errors 1.5e-13, 7.6e-14",NaN
NaN,10,263,0.0009765623942364058,NaN,mridges,"orthants by coordinate sign (bit j-1 set <=> theta_j < 0); P(theta_1<0)=0.5000000542, P(theta_1>=0)=0.4999999458; quadgk abs. errors 1.5e-13, 7.6e-14",NaN
NaN,10,264,0.0009765626057635943,NaN,mridges,"orthants by coordinate sign (bit j-1 set <=> theta_j < 0); P(theta_1<0)=0.5000000542, P(theta_1>=0)=0.4999999458; quadgk abs. errors 1.5e-13, 7.6e-14",NaN
NaN,10,265,0.0009765623942364058,NaN,mridges,"orthants by coordinate sign (bit j-1 set <=> theta_j < 0); P(theta_1<0)=0.5000000542, P(theta_1>=0)=0.4999999458; quadgk abs. errors 1.5e-13, 7.6e-14",NaN
NaN,10,266,0.0009765626057635943,NaN,mridges,"orthants by coordinate sign (bit j-1 set <=> theta_j < 0); P(theta_1<0)=0.5000000542, P(theta_1>=0)=0.4999999458; quadgk abs. errors 1.5e-13, 7.6e-14",NaN
NaN,10,267,0.0009765623942364058,NaN,mridges,"orthants by coordinate sign (bit j-1 set <=> theta_j < 0); P(theta_1<0)=0.5000000542, P(theta_1>=0)=0.4999999458; quadgk abs. errors 1.5e-13, 7.6e-14",NaN
NaN,10,268,0.0009765626057635943,NaN,mridges,"orthants by coordinate sign (bit j-1 set <=> theta_j < 0); P(theta_1<0)=0.5000000542, P(theta_1>=0)=0.4999999458; quadgk abs. errors 1.5e-13, 7.6e-14",NaN
NaN,10,269,0.0009765623942364058,NaN,mridges,"orthants by coordinate sign (bit j-1 set <=> theta_j < 0); P(theta_1<0)=0.5000000542, P(theta_1>=0)=0.4999999458; quadgk abs. errors 1.5e-13, 7.6e-14",NaN
NaN,10,270,0.0009765626057635943,NaN,mridges,"orthants by coordinate sign (bit j-1 set <=> theta_j < 0); P(theta_1<0)=0.5000000542, P(theta_1>=0)=0.4999999458; quadgk abs. errors 1.5e-13, 7.6e-14",NaN
NaN,10,271,0.0009765623942364058,NaN,mridges,"orthants by coordinate sign (bit j-1 set <=> theta_j < 0); P(theta_1<0)=0.5000000542, P(theta_1>=0)=0.4999999458; quadgk abs. errors 1.5e-13, 7.6e-14",NaN
NaN,10,272,0.0009765626057635943,NaN,mridges,"orthants by coordinate sign (bit j-1 set <=> theta_j < 0); P(theta_1<0)=0.5000000542, P(theta_1>=0)=0.4999999458; quadgk abs. errors 1.5e-13, 7.6e-14",NaN
NaN,10,273,0.0009765623942364058,NaN,mridges,"orthants by coordinate sign (bit j-1 set <=> theta_j < 0); P(theta_1<0)=0.5000000542, P(theta_1>=0)=0.4999999458; quadgk abs. errors 1.5e-13, 7.6e-14",NaN
NaN,10,274,0.0009765626057635943,NaN,mridges,"orthants by coordinate sign (bit j-1 set <=> theta_j < 0); P(theta_1<0)=0.5000000542, P(theta_1>=0)=0.4999999458; quadgk abs. errors 1.5e-13, 7.6e-14",NaN
NaN,10,275,0.0009765623942364058,NaN,mridges,"orthants by coordinate sign (bit j-1 set <=> theta_j < 0); P(theta_1<0)=0.5000000542, P(theta_1>=0)=0.4999999458; quadgk abs. errors 1.5e-13, 7.6e-14",NaN
NaN,10,276,0.0009765626057635943,NaN,mridges,"orthants by coordinate sign (bit j-1 set <=> theta_j < 0); P(theta_1<0)=0.5000000542, P(theta_1>=0)=0.4999999458; quadgk abs. errors 1.5e-13, 7.6e-14",NaN
NaN,10,277,0.0009765623942364058,NaN,mridges,"orthants by coordinate sign (bit j-1 set <=> theta_j < 0); P(theta_1<0)=0.5000000542, P(theta_1>=0)=0.4999999458; quadgk abs. errors 1.5e-13, 7.6e-14",NaN
NaN,10,278,0.0009765626057635943,NaN,mridges,"orthants by coordinate sign (bit j-1 set <=> theta_j < 0); P(theta_1<0)=0.5000000542, P(theta_1>=0)=0.4999999458; quadgk abs. errors 1.5e-13, 7.6e-14",NaN
NaN,10,279,0.0009765623942364058,NaN,mridges,"orthants by coordinate sign (bit j-1 set <=> theta_j < 0); P(theta_1<0)=0.5000000542, P(theta_1>=0)=0.4999999458; quadgk abs. errors 1.5e-13, 7.6e-14",NaN
NaN,10,280,0.0009765626057635943,NaN,mridges,"orthants by coordinate sign (bit j-1 set <=> theta_j < 0); P(theta_1<0)=0.5000000542, P(theta_1>=0)=0.4999999458; quadgk abs. errors 1.5e-13, 7.6e-14",NaN
NaN,10,281,0.0009765623942364058,NaN,mridges,"orthants by coordinate sign (bit j-1 set <=> theta_j < 0); P(theta_1<0)=0.5000000542, P(theta_1>=0)=0.4999999458; quadgk abs. errors 1.5e-13, 7.6e-14",NaN
NaN,10,282,0.0009765626057635943,NaN,mridges,"orthants by coordinate sign (bit j-1 set <=> theta_j < 0); P(theta_1<0)=0.5000000542, P(theta_1>=0)=0.4999999458; quadgk abs. errors 1.5e-13, 7.6e-14",NaN
NaN,10,283,0.0009765623942364058,NaN,mridges,"orthants by coordinate sign (bit j-1 set <=> theta_j < 0); P(theta_1<0)=0.5000000542, P(theta_1>=0)=0.4999999458; quadgk abs. errors 1.5e-13, 7.6e-14",NaN
NaN,10,284,0.0009765626057635943,NaN,mridges,"orthants by coordinate sign (bit j-1 set <=> theta_j < 0); P(theta_1<0)=0.5000000542, P(theta_1>=0)=0.4999999458; quadgk abs. errors 1.5e-13, 7.6e-14",NaN
NaN,10,285,0.0009765623942364058,NaN,mridges,"orthants by coordinate sign (bit j-1 set <=> theta_j < 0); P(theta_1<0)=0.5000000542, P(theta_1>=0)=0.4999999458; quadgk abs. errors 1.5e-13, 7.6e-14",NaN
NaN,10,286,0.0009765626057635943,NaN,mridges,"orthants by coordinate sign (bit j-1 set <=> theta_j < 0); P(theta_1<0)=0.5000000542, P(theta_1>=0)=0.4999999458; quadgk abs. errors 1.5e-13, 7.6e-14",NaN
NaN,10,287,0.0009765623942364058,NaN,mridges,"orthants by coordinate sign (bit j-1 set <=> theta_j < 0); P(theta_1<0)=0.5000000542, P(theta_1>=0)=0.4999999458; quadgk abs. errors 1.5e-13, 7.6e-14",NaN
NaN,10,288,0.0009765626057635943,NaN,mridges,"orthants by coordinate sign (bit j-1 set <=> theta_j < 0); P(theta_1<0)=0.5000000542, P(theta_1>=0)=0.4999999458; quadgk abs. errors 1.5e-13, 7.6e-14",NaN
NaN,10,289,0.0009765623942364058,NaN,mridges,"orthants by coordinate sign (bit j-1 set <=> theta_j < 0); P(theta_1<0)=0.5000000542, P(theta_1>=0)=0.4999999458; quadgk abs. errors 1.5e-13, 7.6e-14",NaN
NaN,10,290,0.0009765626057635943,NaN,mridges,"orthants by coordinate sign (bit j-1 set <=> theta_j < 0); P(theta_1<0)=0.5000000542, P(theta_1>=0)=0.4999999458; quadgk abs. errors 1.5e-13, 7.6e-14",NaN
NaN,10,291,0.0009765623942364058,NaN,mridges,"orthants by coordinate sign (bit j-1 set <=> theta_j < 0); P(theta_1<0)=0.5000000542, P(theta_1>=0)=0.4999999458; quadgk abs. errors 1.5e-13, 7.6e-14",NaN
NaN,10,292,0.0009765626057635943,NaN,mridges,"orthants by coordinate sign (bit j-1 set <=> theta_j < 0); P(theta_1<0)=0.5000000542, P(theta_1>=0)=0.4999999458; quadgk abs. errors 1.5e-13, 7.6e-14",NaN
NaN,10,293,0.0009765623942364058,NaN,mridges,"orthants by coordinate sign (bit j-1 set <=> theta_j < 0); P(theta_1<0)=0.5000000542, P(theta_1>=0)=0.4999999458; quadgk abs. errors 1.5e-13, 7.6e-14",NaN
NaN,10,294,0.0009765626057635943,NaN,mridges,"orthants by coordinate sign (bit j-1 set <=> theta_j < 0); P(theta_1<0)=0.5000000542, P(theta_1>=0)=0.4999999458; quadgk abs. errors 1.5e-13, 7.6e-14",NaN
NaN,10,295,0.0009765623942364058,NaN,mridges,"orthants by coordinate sign (bit j-1 set <=> theta_j < 0); P(theta_1<0)=0.5000000542, P(theta_1>=0)=0.4999999458; quadgk abs. errors 1.5e-13, 7.6e-14",NaN
NaN,10,296,0.0009765626057635943,NaN,mridges,"orthants by coordinate sign (bit j-1 set <=> theta_j < 0); P(theta_1<0)=0.5000000542, P(theta_1>=0)=0.4999999458; quadgk abs. errors 1.5e-13, 7.6e-14",NaN
NaN,10,297,0.0009765623942364058,NaN,mridges,"orthants by coordinate sign (bit j-1 set <=> theta_j < 0); P(theta_1<0)=0.5000000542, P(theta_1>=0)=0.4999999458; quadgk abs. errors 1.5e-13, 7.6e-14",NaN
NaN,10,298,0.0009765626057635943,NaN,mridges,"orthants by coordinate sign (bit j-1 set <=> theta_j < 0); P(theta_1<0)=0.5000000542, P(theta_1>=0)=0.4999999458; quadgk abs. errors 1.5e-13, 7.6e-14",NaN
NaN,10,299,0.0009765623942364058,NaN,mridges,"orthants by coordinate sign (bit j-1 set <=> theta_j < 0); P(theta_1<0)=0.5000000542, P(theta_1>=0)=0.4999999458; quadgk abs. errors 1.5e-13, 7.6e-14",NaN
NaN,10,300,0.0009765626057635943,NaN,mridges,"orthants by coordinate sign (bit j-1 set <=> theta_j < 0); P(theta_1<0)=0.5000000542, P(theta_1>=0)=0.4999999458; quadgk abs. errors 1.5e-13, 7.6e-14",NaN
NaN,10,301,0.0009765623942364058,NaN,mridges,"orthants by coordinate sign (bit j-1 set <=> theta_j < 0); P(theta_1<0)=0.5000000542, P(theta_1>=0)=0.4999999458; quadgk abs. errors 1.5e-13, 7.6e-14",NaN
NaN,10,302,0.0009765626057635943,NaN,mridges,"orthants by coordinate sign (bit j-1 set <=> theta_j < 0); P(theta_1<0)=0.5000000542, P(theta_1>=0)=0.4999999458; quadgk abs. errors 1.5e-13, 7.6e-14",NaN
NaN,10,303,0.0009765623942364058,NaN,mridges,"orthants by coordinate sign (bit j-1 set <=> theta_j < 0); P(theta_1<0)=0.5000000542, P(theta_1>=0)=0.4999999458; quadgk abs. errors 1.5e-13, 7.6e-14",NaN
NaN,10,304,0.0009765626057635943,NaN,mridges,"orthants by coordinate sign (bit j-1 set <=> theta_j < 0); P(theta_1<0)=0.5000000542, P(theta_1>=0)=0.4999999458; quadgk abs. errors 1.5e-13, 7.6e-14",NaN
NaN,10,305,0.0009765623942364058,NaN,mridges,"orthants by coordinate sign (bit j-1 set <=> theta_j < 0); P(theta_1<0)=0.5000000542, P(theta_1>=0)=0.4999999458; quadgk abs. errors 1.5e-13, 7.6e-14",NaN
NaN,10,306,0.0009765626057635943,NaN,mridges,"orthants by coordinate sign (bit j-1 set <=> theta_j < 0); P(theta_1<0)=0.5000000542, P(theta_1>=0)=0.4999999458; quadgk abs. errors 1.5e-13, 7.6e-14",NaN
NaN,10,307,0.0009765623942364058,NaN,mridges,"orthants by coordinate sign (bit j-1 set <=> theta_j < 0); P(theta_1<0)=0.5000000542, P(theta_1>=0)=0.4999999458; quadgk abs. errors 1.5e-13, 7.6e-14",NaN
NaN,10,308,0.0009765626057635943,NaN,mridges,"orthants by coordinate sign (bit j-1 set <=> theta_j < 0); P(theta_1<0)=0.5000000542, P(theta_1>=0)=0.4999999458; quadgk abs. errors 1.5e-13, 7.6e-14",NaN
NaN,10,309,0.0009765623942364058,NaN,mridges,"orthants by coordinate sign (bit j-1 set <=> theta_j < 0); P(theta_1<0)=0.5000000542, P(theta_1>=0)=0.4999999458; quadgk abs. errors 1.5e-13, 7.6e-14",NaN
NaN,10,310,0.0009765626057635943,NaN,mridges,"orthants by coordinate sign (bit j-1 set <=> theta_j < 0); P(theta_1<0)=0.5000000542, P(theta_1>=0)=0.4999999458; quadgk abs. errors 1.5e-13, 7.6e-14",NaN
NaN,10,311,0.0009765623942364058,NaN,mridges,"orthants by coordinate sign (bit j-1 set <=> theta_j < 0); P(theta_1<0)=0.5000000542, P(theta_1>=0)=0.4999999458; quadgk abs. errors 1.5e-13, 7.6e-14",NaN
NaN,10,312,0.0009765626057635943,NaN,mridges,"orthants by coordinate sign (bit j-1 set <=> theta_j < 0); P(theta_1<0)=0.5000000542, P(theta_1>=0)=0.4999999458; quadgk abs. errors 1.5e-13, 7.6e-14",NaN
NaN,10,313,0.0009765623942364058,NaN,mridges,"orthants by coordinate sign (bit j-1 set <=> theta_j < 0); P(theta_1<0)=0.5000000542, P(theta_1>=0)=0.4999999458; quadgk abs. errors 1.5e-13, 7.6e-14",NaN
NaN,10,314,0.0009765626057635943,NaN,mridges,"orthants by coordinate sign (bit j-1 set <=> theta_j < 0); P(theta_1<0)=0.5000000542, P(theta_1>=0)=0.4999999458; quadgk abs. errors 1.5e-13, 7.6e-14",NaN
NaN,10,315,0.0009765623942364058,NaN,mridges,"orthants by coordinate sign (bit j-1 set <=> theta_j < 0); P(theta_1<0)=0.5000000542, P(theta_1>=0)=0.4999999458; quadgk abs. errors 1.5e-13, 7.6e-14",NaN
NaN,10,316,0.0009765626057635943,NaN,mridges,"orthants by coordinate sign (bit j-1 set <=> theta_j < 0); P(theta_1<0)=0.5000000542, P(theta_1>=0)=0.4999999458; quadgk abs. errors 1.5e-13, 7.6e-14",NaN
NaN,10,317,0.0009765623942364058,NaN,mridges,"orthants by coordinate sign (bit j-1 set <=> theta_j < 0); P(theta_1<0)=0.5000000542, P(theta_1>=0)=0.4999999458; quadgk abs. errors 1.5e-13, 7.6e-14",NaN
NaN,10,318,0.0009765626057635943,NaN,mridges,"orthants by coordinate sign (bit j-1 set <=> theta_j < 0); P(theta_1<0)=0.5000000542, P(theta_1>=0)=0.4999999458; quadgk abs. errors 1.5e-13, 7.6e-14",NaN
NaN,10,319,0.0009765623942364058,NaN,mridges,"orthants by coordinate sign (bit j-1 set <=> theta_j < 0); P(theta_1<0)=0.5000000542, P(theta_1>=0)=0.4999999458; quadgk abs. errors 1.5e-13, 7.6e-14",NaN
NaN,10,320,0.0009765626057635943,NaN,mridges,"orthants by coordinate sign (bit j-1 set <=> theta_j < 0); P(theta_1<0)=0.5000000542, P(theta_1>=0)=0.4999999458; quadgk abs. errors 1.5e-13, 7.6e-14",NaN
NaN,10,321,0.0009765623942364058,NaN,mridges,"orthants by coordinate sign (bit j-1 set <=> theta_j < 0); P(theta_1<0)=0.5000000542, P(theta_1>=0)=0.4999999458; quadgk abs. errors 1.5e-13, 7.6e-14",NaN
NaN,10,322,0.0009765626057635943,NaN,mridges,"orthants by coordinate sign (bit j-1 set <=> theta_j < 0); P(theta_1<0)=0.5000000542, P(theta_1>=0)=0.4999999458; quadgk abs. errors 1.5e-13, 7.6e-14",NaN
NaN,10,323,0.0009765623942364058,NaN,mridges,"orthants by coordinate sign (bit j-1 set <=> theta_j < 0); P(theta_1<0)=0.5000000542, P(theta_1>=0)=0.4999999458; quadgk abs. errors 1.5e-13, 7.6e-14",NaN
NaN,10,324,0.0009765626057635943,NaN,mridges,"orthants by coordinate sign (bit j-1 set <=> theta_j < 0); P(theta_1<0)=0.5000000542, P(theta_1>=0)=0.4999999458; quadgk abs. errors 1.5e-13, 7.6e-14",NaN
NaN,10,325,0.0009765623942364058,NaN,mridges,"orthants by coordinate sign (bit j-1 set <=> theta_j < 0); P(theta_1<0)=0.5000000542, P(theta_1>=0)=0.4999999458; quadgk abs. errors 1.5e-13, 7.6e-14",NaN
NaN,10,326,0.0009765626057635943,NaN,mridges,"orthants by coordinate sign (bit j-1 set <=> theta_j < 0); P(theta_1<0)=0.5000000542, P(theta_1>=0)=0.4999999458; quadgk abs. errors 1.5e-13, 7.6e-14",NaN
NaN,10,327,0.0009765623942364058,NaN,mridges,"orthants by coordinate sign (bit j-1 set <=> theta_j < 0); P(theta_1<0)=0.5000000542, P(theta_1>=0)=0.4999999458; quadgk abs. errors 1.5e-13, 7.6e-14",NaN
NaN,10,328,0.0009765626057635943,NaN,mridges,"orthants by coordinate sign (bit j-1 set <=> theta_j < 0); P(theta_1<0)=0.5000000542, P(theta_1>=0)=0.4999999458; quadgk abs. errors 1.5e-13, 7.6e-14",NaN
NaN,10,329,0.0009765623942364058,NaN,mridges,"orthants by coordinate sign (bit j-1 set <=> theta_j < 0); P(theta_1<0)=0.5000000542, P(theta_1>=0)=0.4999999458; quadgk abs. errors 1.5e-13, 7.6e-14",NaN
NaN,10,330,0.0009765626057635943,NaN,mridges,"orthants by coordinate sign (bit j-1 set <=> theta_j < 0); P(theta_1<0)=0.5000000542, P(theta_1>=0)=0.4999999458; quadgk abs. errors 1.5e-13, 7.6e-14",NaN
NaN,10,331,0.0009765623942364058,NaN,mridges,"orthants by coordinate sign (bit j-1 set <=> theta_j < 0); P(theta_1<0)=0.5000000542, P(theta_1>=0)=0.4999999458; quadgk abs. errors 1.5e-13, 7.6e-14",NaN
NaN,10,332,0.0009765626057635943,NaN,mridges,"orthants by coordinate sign (bit j-1 set <=> theta_j < 0); P(theta_1<0)=0.5000000542, P(theta_1>=0)=0.4999999458; quadgk abs. errors 1.5e-13, 7.6e-14",NaN
NaN,10,333,0.0009765623942364058,NaN,mridges,"orthants by coordinate sign (bit j-1 set <=> theta_j < 0); P(theta_1<0)=0.5000000542, P(theta_1>=0)=0.4999999458; quadgk abs. errors 1.5e-13, 7.6e-14",NaN
NaN,10,334,0.0009765626057635943,NaN,mridges,"orthants by coordinate sign (bit j-1 set <=> theta_j < 0); P(theta_1<0)=0.5000000542, P(theta_1>=0)=0.4999999458; quadgk abs. errors 1.5e-13, 7.6e-14",NaN
NaN,10,335,0.0009765623942364058,NaN,mridges,"orthants by coordinate sign (bit j-1 set <=> theta_j < 0); P(theta_1<0)=0.5000000542, P(theta_1>=0)=0.4999999458; quadgk abs. errors 1.5e-13, 7.6e-14",NaN
NaN,10,336,0.0009765626057635943,NaN,mridges,"orthants by coordinate sign (bit j-1 set <=> theta_j < 0); P(theta_1<0)=0.5000000542, P(theta_1>=0)=0.4999999458; quadgk abs. errors 1.5e-13, 7.6e-14",NaN
NaN,10,337,0.0009765623942364058,NaN,mridges,"orthants by coordinate sign (bit j-1 set <=> theta_j < 0); P(theta_1<0)=0.5000000542, P(theta_1>=0)=0.4999999458; quadgk abs. errors 1.5e-13, 7.6e-14",NaN
NaN,10,338,0.0009765626057635943,NaN,mridges,"orthants by coordinate sign (bit j-1 set <=> theta_j < 0); P(theta_1<0)=0.5000000542, P(theta_1>=0)=0.4999999458; quadgk abs. errors 1.5e-13, 7.6e-14",NaN
NaN,10,339,0.0009765623942364058,NaN,mridges,"orthants by coordinate sign (bit j-1 set <=> theta_j < 0); P(theta_1<0)=0.5000000542, P(theta_1>=0)=0.4999999458; quadgk abs. errors 1.5e-13, 7.6e-14",NaN
NaN,10,340,0.0009765626057635943,NaN,mridges,"orthants by coordinate sign (bit j-1 set <=> theta_j < 0); P(theta_1<0)=0.5000000542, P(theta_1>=0)=0.4999999458; quadgk abs. errors 1.5e-13, 7.6e-14",NaN
NaN,10,341,0.0009765623942364058,NaN,mridges,"orthants by coordinate sign (bit j-1 set <=> theta_j < 0); P(theta_1<0)=0.5000000542, P(theta_1>=0)=0.4999999458; quadgk abs. errors 1.5e-13, 7.6e-14",NaN
NaN,10,342,0.0009765626057635943,NaN,mridges,"orthants by coordinate sign (bit j-1 set <=> theta_j < 0); P(theta_1<0)=0.5000000542, P(theta_1>=0)=0.4999999458; quadgk abs. errors 1.5e-13, 7.6e-14",NaN
NaN,10,343,0.0009765623942364058,NaN,mridges,"orthants by coordinate sign (bit j-1 set <=> theta_j < 0); P(theta_1<0)=0.5000000542, P(theta_1>=0)=0.4999999458; quadgk abs. errors 1.5e-13, 7.6e-14",NaN
NaN,10,344,0.0009765626057635943,NaN,mridges,"orthants by coordinate sign (bit j-1 set <=> theta_j < 0); P(theta_1<0)=0.5000000542, P(theta_1>=0)=0.4999999458; quadgk abs. errors 1.5e-13, 7.6e-14",NaN
NaN,10,345,0.0009765623942364058,NaN,mridges,"orthants by coordinate sign (bit j-1 set <=> theta_j < 0); P(theta_1<0)=0.5000000542, P(theta_1>=0)=0.4999999458; quadgk abs. errors 1.5e-13, 7.6e-14",NaN
NaN,10,346,0.0009765626057635943,NaN,mridges,"orthants by coordinate sign (bit j-1 set <=> theta_j < 0); P(theta_1<0)=0.5000000542, P(theta_1>=0)=0.4999999458; quadgk abs. errors 1.5e-13, 7.6e-14",NaN
NaN,10,347,0.0009765623942364058,NaN,mridges,"orthants by coordinate sign (bit j-1 set <=> theta_j < 0); P(theta_1<0)=0.5000000542, P(theta_1>=0)=0.4999999458; quadgk abs. errors 1.5e-13, 7.6e-14",NaN
NaN,10,348,0.0009765626057635943,NaN,mridges,"orthants by coordinate sign (bit j-1 set <=> theta_j < 0); P(theta_1<0)=0.5000000542, P(theta_1>=0)=0.4999999458; quadgk abs. errors 1.5e-13, 7.6e-14",NaN
NaN,10,349,0.0009765623942364058,NaN,mridges,"orthants by coordinate sign (bit j-1 set <=> theta_j < 0); P(theta_1<0)=0.5000000542, P(theta_1>=0)=0.4999999458; quadgk abs. errors 1.5e-13, 7.6e-14",NaN
NaN,10,350,0.0009765626057635943,NaN,mridges,"orthants by coordinate sign (bit j-1 set <=> theta_j < 0); P(theta_1<0)=0.5000000542, P(theta_1>=0)=0.4999999458; quadgk abs. errors 1.5e-13, 7.6e-14",NaN
NaN,10,351,0.0009765623942364058,NaN,mridges,"orthants by coordinate sign (bit j-1 set <=> theta_j < 0); P(theta_1<0)=0.5000000542, P(theta_1>=0)=0.4999999458; quadgk abs. errors 1.5e-13, 7.6e-14",NaN
NaN,10,352,0.0009765626057635943,NaN,mridges,"orthants by coordinate sign (bit j-1 set <=> theta_j < 0); P(theta_1<0)=0.5000000542, P(theta_1>=0)=0.4999999458; quadgk abs. errors 1.5e-13, 7.6e-14",NaN
NaN,10,353,0.0009765623942364058,NaN,mridges,"orthants by coordinate sign (bit j-1 set <=> theta_j < 0); P(theta_1<0)=0.5000000542, P(theta_1>=0)=0.4999999458; quadgk abs. errors 1.5e-13, 7.6e-14",NaN
NaN,10,354,0.0009765626057635943,NaN,mridges,"orthants by coordinate sign (bit j-1 set <=> theta_j < 0); P(theta_1<0)=0.5000000542, P(theta_1>=0)=0.4999999458; quadgk abs. errors 1.5e-13, 7.6e-14",NaN
NaN,10,355,0.0009765623942364058,NaN,mridges,"orthants by coordinate sign (bit j-1 set <=> theta_j < 0); P(theta_1<0)=0.5000000542, P(theta_1>=0)=0.4999999458; quadgk abs. errors 1.5e-13, 7.6e-14",NaN
NaN,10,356,0.0009765626057635943,NaN,mridges,"orthants by coordinate sign (bit j-1 set <=> theta_j < 0); P(theta_1<0)=0.5000000542, P(theta_1>=0)=0.4999999458; quadgk abs. errors 1.5e-13, 7.6e-14",NaN
NaN,10,357,0.0009765623942364058,NaN,mridges,"orthants by coordinate sign (bit j-1 set <=> theta_j < 0); P(theta_1<0)=0.5000000542, P(theta_1>=0)=0.4999999458; quadgk abs. errors 1.5e-13, 7.6e-14",NaN
NaN,10,358,0.0009765626057635943,NaN,mridges,"orthants by coordinate sign (bit j-1 set <=> theta_j < 0); P(theta_1<0)=0.5000000542, P(theta_1>=0)=0.4999999458; quadgk abs. errors 1.5e-13, 7.6e-14",NaN
NaN,10,359,0.0009765623942364058,NaN,mridges,"orthants by coordinate sign (bit j-1 set <=> theta_j < 0); P(theta_1<0)=0.5000000542, P(theta_1>=0)=0.4999999458; quadgk abs. errors 1.5e-13, 7.6e-14",NaN
NaN,10,360,0.0009765626057635943,NaN,mridges,"orthants by coordinate sign (bit j-1 set <=> theta_j < 0); P(theta_1<0)=0.5000000542, P(theta_1>=0)=0.4999999458; quadgk abs. errors 1.5e-13, 7.6e-14",NaN
NaN,10,361,0.0009765623942364058,NaN,mridges,"orthants by coordinate sign (bit j-1 set <=> theta_j < 0); P(theta_1<0)=0.5000000542, P(theta_1>=0)=0.4999999458; quadgk abs. errors 1.5e-13, 7.6e-14",NaN
NaN,10,362,0.0009765626057635943,NaN,mridges,"orthants by coordinate sign (bit j-1 set <=> theta_j < 0); P(theta_1<0)=0.5000000542, P(theta_1>=0)=0.4999999458; quadgk abs. errors 1.5e-13, 7.6e-14",NaN
NaN,10,363,0.0009765623942364058,NaN,mridges,"orthants by coordinate sign (bit j-1 set <=> theta_j < 0); P(theta_1<0)=0.5000000542, P(theta_1>=0)=0.4999999458; quadgk abs. errors 1.5e-13, 7.6e-14",NaN
NaN,10,364,0.0009765626057635943,NaN,mridges,"orthants by coordinate sign (bit j-1 set <=> theta_j < 0); P(theta_1<0)=0.5000000542, P(theta_1>=0)=0.4999999458; quadgk abs. errors 1.5e-13, 7.6e-14",NaN
NaN,10,365,0.0009765623942364058,NaN,mridges,"orthants by coordinate sign (bit j-1 set <=> theta_j < 0); P(theta_1<0)=0.5000000542, P(theta_1>=0)=0.4999999458; quadgk abs. errors 1.5e-13, 7.6e-14",NaN
NaN,10,366,0.0009765626057635943,NaN,mridges,"orthants by coordinate sign (bit j-1 set <=> theta_j < 0); P(theta_1<0)=0.5000000542, P(theta_1>=0)=0.4999999458; quadgk abs. errors 1.5e-13, 7.6e-14",NaN
NaN,10,367,0.0009765623942364058,NaN,mridges,"orthants by coordinate sign (bit j-1 set <=> theta_j < 0); P(theta_1<0)=0.5000000542, P(theta_1>=0)=0.4999999458; quadgk abs. errors 1.5e-13, 7.6e-14",NaN
NaN,10,368,0.0009765626057635943,NaN,mridges,"orthants by coordinate sign (bit j-1 set <=> theta_j < 0); P(theta_1<0)=0.5000000542, P(theta_1>=0)=0.4999999458; quadgk abs. errors 1.5e-13, 7.6e-14",NaN
NaN,10,369,0.0009765623942364058,NaN,mridges,"orthants by coordinate sign (bit j-1 set <=> theta_j < 0); P(theta_1<0)=0.5000000542, P(theta_1>=0)=0.4999999458; quadgk abs. errors 1.5e-13, 7.6e-14",NaN
NaN,10,370,0.0009765626057635943,NaN,mridges,"orthants by coordinate sign (bit j-1 set <=> theta_j < 0); P(theta_1<0)=0.5000000542, P(theta_1>=0)=0.4999999458; quadgk abs. errors 1.5e-13, 7.6e-14",NaN
NaN,10,371,0.0009765623942364058,NaN,mridges,"orthants by coordinate sign (bit j-1 set <=> theta_j < 0); P(theta_1<0)=0.5000000542, P(theta_1>=0)=0.4999999458; quadgk abs. errors 1.5e-13, 7.6e-14",NaN
NaN,10,372,0.0009765626057635943,NaN,mridges,"orthants by coordinate sign (bit j-1 set <=> theta_j < 0); P(theta_1<0)=0.5000000542, P(theta_1>=0)=0.4999999458; quadgk abs. errors 1.5e-13, 7.6e-14",NaN
NaN,10,373,0.0009765623942364058,NaN,mridges,"orthants by coordinate sign (bit j-1 set <=> theta_j < 0); P(theta_1<0)=0.5000000542, P(theta_1>=0)=0.4999999458; quadgk abs. errors 1.5e-13, 7.6e-14",NaN
NaN,10,374,0.0009765626057635943,NaN,mridges,"orthants by coordinate sign (bit j-1 set <=> theta_j < 0); P(theta_1<0)=0.5000000542, P(theta_1>=0)=0.4999999458; quadgk abs. errors 1.5e-13, 7.6e-14",NaN
NaN,10,375,0.0009765623942364058,NaN,mridges,"orthants by coordinate sign (bit j-1 set <=> theta_j < 0); P(theta_1<0)=0.5000000542, P(theta_1>=0)=0.4999999458; quadgk abs. errors 1.5e-13, 7.6e-14",NaN
NaN,10,376,0.0009765626057635943,NaN,mridges,"orthants by coordinate sign (bit j-1 set <=> theta_j < 0); P(theta_1<0)=0.5000000542, P(theta_1>=0)=0.4999999458; quadgk abs. errors 1.5e-13, 7.6e-14",NaN
NaN,10,377,0.0009765623942364058,NaN,mridges,"orthants by coordinate sign (bit j-1 set <=> theta_j < 0); P(theta_1<0)=0.5000000542, P(theta_1>=0)=0.4999999458; quadgk abs. errors 1.5e-13, 7.6e-14",NaN
NaN,10,378,0.0009765626057635943,NaN,mridges,"orthants by coordinate sign (bit j-1 set <=> theta_j < 0); P(theta_1<0)=0.5000000542, P(theta_1>=0)=0.4999999458; quadgk abs. errors 1.5e-13, 7.6e-14",NaN
NaN,10,379,0.0009765623942364058,NaN,mridges,"orthants by coordinate sign (bit j-1 set <=> theta_j < 0); P(theta_1<0)=0.5000000542, P(theta_1>=0)=0.4999999458; quadgk abs. errors 1.5e-13, 7.6e-14",NaN
NaN,10,380,0.0009765626057635943,NaN,mridges,"orthants by coordinate sign (bit j-1 set <=> theta_j < 0); P(theta_1<0)=0.5000000542, P(theta_1>=0)=0.4999999458; quadgk abs. errors 1.5e-13, 7.6e-14",NaN
NaN,10,381,0.0009765623942364058,NaN,mridges,"orthants by coordinate sign (bit j-1 set <=> theta_j < 0); P(theta_1<0)=0.5000000542, P(theta_1>=0)=0.4999999458; quadgk abs. errors 1.5e-13, 7.6e-14",NaN
NaN,10,382,0.0009765626057635943,NaN,mridges,"orthants by coordinate sign (bit j-1 set <=> theta_j < 0); P(theta_1<0)=0.5000000542, P(theta_1>=0)=0.4999999458; quadgk abs. errors 1.5e-13, 7.6e-14",NaN
NaN,10,383,0.0009765623942364058,NaN,mridges,"orthants by coordinate sign (bit j-1 set <=> theta_j < 0); P(theta_1<0)=0.5000000542, P(theta_1>=0)=0.4999999458; quadgk abs. errors 1.5e-13, 7.6e-14",NaN
NaN,10,384,0.0009765626057635943,NaN,mridges,"orthants by coordinate sign (bit j-1 set <=> theta_j < 0); P(theta_1<0)=0.5000000542, P(theta_1>=0)=0.4999999458; quadgk abs. errors 1.5e-13, 7.6e-14",NaN
NaN,10,385,0.0009765623942364058,NaN,mridges,"orthants by coordinate sign (bit j-1 set <=> theta_j < 0); P(theta_1<0)=0.5000000542, P(theta_1>=0)=0.4999999458; quadgk abs. errors 1.5e-13, 7.6e-14",NaN
NaN,10,386,0.0009765626057635943,NaN,mridges,"orthants by coordinate sign (bit j-1 set <=> theta_j < 0); P(theta_1<0)=0.5000000542, P(theta_1>=0)=0.4999999458; quadgk abs. errors 1.5e-13, 7.6e-14",NaN
NaN,10,387,0.0009765623942364058,NaN,mridges,"orthants by coordinate sign (bit j-1 set <=> theta_j < 0); P(theta_1<0)=0.5000000542, P(theta_1>=0)=0.4999999458; quadgk abs. errors 1.5e-13, 7.6e-14",NaN
NaN,10,388,0.0009765626057635943,NaN,mridges,"orthants by coordinate sign (bit j-1 set <=> theta_j < 0); P(theta_1<0)=0.5000000542, P(theta_1>=0)=0.4999999458; quadgk abs. errors 1.5e-13, 7.6e-14",NaN
NaN,10,389,0.0009765623942364058,NaN,mridges,"orthants by coordinate sign (bit j-1 set <=> theta_j < 0); P(theta_1<0)=0.5000000542, P(theta_1>=0)=0.4999999458; quadgk abs. errors 1.5e-13, 7.6e-14",NaN
NaN,10,390,0.0009765626057635943,NaN,mridges,"orthants by coordinate sign (bit j-1 set <=> theta_j < 0); P(theta_1<0)=0.5000000542, P(theta_1>=0)=0.4999999458; quadgk abs. errors 1.5e-13, 7.6e-14",NaN
NaN,10,391,0.0009765623942364058,NaN,mridges,"orthants by coordinate sign (bit j-1 set <=> theta_j < 0); P(theta_1<0)=0.5000000542, P(theta_1>=0)=0.4999999458; quadgk abs. errors 1.5e-13, 7.6e-14",NaN
NaN,10,392,0.0009765626057635943,NaN,mridges,"orthants by coordinate sign (bit j-1 set <=> theta_j < 0); P(theta_1<0)=0.5000000542, P(theta_1>=0)=0.4999999458; quadgk abs. errors 1.5e-13, 7.6e-14",NaN
NaN,10,393,0.0009765623942364058,NaN,mridges,"orthants by coordinate sign (bit j-1 set <=> theta_j < 0); P(theta_1<0)=0.5000000542, P(theta_1>=0)=0.4999999458; quadgk abs. errors 1.5e-13, 7.6e-14",NaN
NaN,10,394,0.0009765626057635943,NaN,mridges,"orthants by coordinate sign (bit j-1 set <=> theta_j < 0); P(theta_1<0)=0.5000000542, P(theta_1>=0)=0.4999999458; quadgk abs. errors 1.5e-13, 7.6e-14",NaN
NaN,10,395,0.0009765623942364058,NaN,mridges,"orthants by coordinate sign (bit j-1 set <=> theta_j < 0); P(theta_1<0)=0.5000000542, P(theta_1>=0)=0.4999999458; quadgk abs. errors 1.5e-13, 7.6e-14",NaN
NaN,10,396,0.0009765626057635943,NaN,mridges,"orthants by coordinate sign (bit j-1 set <=> theta_j < 0); P(theta_1<0)=0.5000000542, P(theta_1>=0)=0.4999999458; quadgk abs. errors 1.5e-13, 7.6e-14",NaN
NaN,10,397,0.0009765623942364058,NaN,mridges,"orthants by coordinate sign (bit j-1 set <=> theta_j < 0); P(theta_1<0)=0.5000000542, P(theta_1>=0)=0.4999999458; quadgk abs. errors 1.5e-13, 7.6e-14",NaN
NaN,10,398,0.0009765626057635943,NaN,mridges,"orthants by coordinate sign (bit j-1 set <=> theta_j < 0); P(theta_1<0)=0.5000000542, P(theta_1>=0)=0.4999999458; quadgk abs. errors 1.5e-13, 7.6e-14",NaN
NaN,10,399,0.0009765623942364058,NaN,mridges,"orthants by coordinate sign (bit j-1 set <=> theta_j < 0); P(theta_1<0)=0.5000000542, P(theta_1>=0)=0.4999999458; quadgk abs. errors 1.5e-13, 7.6e-14",NaN
NaN,10,400,0.0009765626057635943,NaN,mridges,"orthants by coordinate sign (bit j-1 set <=> theta_j < 0); P(theta_1<0)=0.5000000542, P(theta_1>=0)=0.4999999458; quadgk abs. errors 1.5e-13, 7.6e-14",NaN
NaN,10,401,0.0009765623942364058,NaN,mridges,"orthants by coordinate sign (bit j-1 set <=> theta_j < 0); P(theta_1<0)=0.5000000542, P(theta_1>=0)=0.4999999458; quadgk abs. errors 1.5e-13, 7.6e-14",NaN
NaN,10,402,0.0009765626057635943,NaN,mridges,"orthants by coordinate sign (bit j-1 set <=> theta_j < 0); P(theta_1<0)=0.5000000542, P(theta_1>=0)=0.4999999458; quadgk abs. errors 1.5e-13, 7.6e-14",NaN
NaN,10,403,0.0009765623942364058,NaN,mridges,"orthants by coordinate sign (bit j-1 set <=> theta_j < 0); P(theta_1<0)=0.5000000542, P(theta_1>=0)=0.4999999458; quadgk abs. errors 1.5e-13, 7.6e-14",NaN
NaN,10,404,0.0009765626057635943,NaN,mridges,"orthants by coordinate sign (bit j-1 set <=> theta_j < 0); P(theta_1<0)=0.5000000542, P(theta_1>=0)=0.4999999458; quadgk abs. errors 1.5e-13, 7.6e-14",NaN
NaN,10,405,0.0009765623942364058,NaN,mridges,"orthants by coordinate sign (bit j-1 set <=> theta_j < 0); P(theta_1<0)=0.5000000542, P(theta_1>=0)=0.4999999458; quadgk abs. errors 1.5e-13, 7.6e-14",NaN
NaN,10,406,0.0009765626057635943,NaN,mridges,"orthants by coordinate sign (bit j-1 set <=> theta_j < 0); P(theta_1<0)=0.5000000542, P(theta_1>=0)=0.4999999458; quadgk abs. errors 1.5e-13, 7.6e-14",NaN
NaN,10,407,0.0009765623942364058,NaN,mridges,"orthants by coordinate sign (bit j-1 set <=> theta_j < 0); P(theta_1<0)=0.5000000542, P(theta_1>=0)=0.4999999458; quadgk abs. errors 1.5e-13, 7.6e-14",NaN
NaN,10,408,0.0009765626057635943,NaN,mridges,"orthants by coordinate sign (bit j-1 set <=> theta_j < 0); P(theta_1<0)=0.5000000542, P(theta_1>=0)=0.4999999458; quadgk abs. errors 1.5e-13, 7.6e-14",NaN
NaN,10,409,0.0009765623942364058,NaN,mridges,"orthants by coordinate sign (bit j-1 set <=> theta_j < 0); P(theta_1<0)=0.5000000542, P(theta_1>=0)=0.4999999458; quadgk abs. errors 1.5e-13, 7.6e-14",NaN
NaN,10,410,0.0009765626057635943,NaN,mridges,"orthants by coordinate sign (bit j-1 set <=> theta_j < 0); P(theta_1<0)=0.5000000542, P(theta_1>=0)=0.4999999458; quadgk abs. errors 1.5e-13, 7.6e-14",NaN
NaN,10,411,0.0009765623942364058,NaN,mridges,"orthants by coordinate sign (bit j-1 set <=> theta_j < 0); P(theta_1<0)=0.5000000542, P(theta_1>=0)=0.4999999458; quadgk abs. errors 1.5e-13, 7.6e-14",NaN
NaN,10,412,0.0009765626057635943,NaN,mridges,"orthants by coordinate sign (bit j-1 set <=> theta_j < 0); P(theta_1<0)=0.5000000542, P(theta_1>=0)=0.4999999458; quadgk abs. errors 1.5e-13, 7.6e-14",NaN
NaN,10,413,0.0009765623942364058,NaN,mridges,"orthants by coordinate sign (bit j-1 set <=> theta_j < 0); P(theta_1<0)=0.5000000542, P(theta_1>=0)=0.4999999458; quadgk abs. errors 1.5e-13, 7.6e-14",NaN
NaN,10,414,0.0009765626057635943,NaN,mridges,"orthants by coordinate sign (bit j-1 set <=> theta_j < 0); P(theta_1<0)=0.5000000542, P(theta_1>=0)=0.4999999458; quadgk abs. errors 1.5e-13, 7.6e-14",NaN
NaN,10,415,0.0009765623942364058,NaN,mridges,"orthants by coordinate sign (bit j-1 set <=> theta_j < 0); P(theta_1<0)=0.5000000542, P(theta_1>=0)=0.4999999458; quadgk abs. errors 1.5e-13, 7.6e-14",NaN
NaN,10,416,0.0009765626057635943,NaN,mridges,"orthants by coordinate sign (bit j-1 set <=> theta_j < 0); P(theta_1<0)=0.5000000542, P(theta_1>=0)=0.4999999458; quadgk abs. errors 1.5e-13, 7.6e-14",NaN
NaN,10,417,0.0009765623942364058,NaN,mridges,"orthants by coordinate sign (bit j-1 set <=> theta_j < 0); P(theta_1<0)=0.5000000542, P(theta_1>=0)=0.4999999458; quadgk abs. errors 1.5e-13, 7.6e-14",NaN
NaN,10,418,0.0009765626057635943,NaN,mridges,"orthants by coordinate sign (bit j-1 set <=> theta_j < 0); P(theta_1<0)=0.5000000542, P(theta_1>=0)=0.4999999458; quadgk abs. errors 1.5e-13, 7.6e-14",NaN
NaN,10,419,0.0009765623942364058,NaN,mridges,"orthants by coordinate sign (bit j-1 set <=> theta_j < 0); P(theta_1<0)=0.5000000542, P(theta_1>=0)=0.4999999458; quadgk abs. errors 1.5e-13, 7.6e-14",NaN
NaN,10,420,0.0009765626057635943,NaN,mridges,"orthants by coordinate sign (bit j-1 set <=> theta_j < 0); P(theta_1<0)=0.5000000542, P(theta_1>=0)=0.4999999458; quadgk abs. errors 1.5e-13, 7.6e-14",NaN
NaN,10,421,0.0009765623942364058,NaN,mridges,"orthants by coordinate sign (bit j-1 set <=> theta_j < 0); P(theta_1<0)=0.5000000542, P(theta_1>=0)=0.4999999458; quadgk abs. errors 1.5e-13, 7.6e-14",NaN
NaN,10,422,0.0009765626057635943,NaN,mridges,"orthants by coordinate sign (bit j-1 set <=> theta_j < 0); P(theta_1<0)=0.5000000542, P(theta_1>=0)=0.4999999458; quadgk abs. errors 1.5e-13, 7.6e-14",NaN
NaN,10,423,0.0009765623942364058,NaN,mridges,"orthants by coordinate sign (bit j-1 set <=> theta_j < 0); P(theta_1<0)=0.5000000542, P(theta_1>=0)=0.4999999458; quadgk abs. errors 1.5e-13, 7.6e-14",NaN
NaN,10,424,0.0009765626057635943,NaN,mridges,"orthants by coordinate sign (bit j-1 set <=> theta_j < 0); P(theta_1<0)=0.5000000542, P(theta_1>=0)=0.4999999458; quadgk abs. errors 1.5e-13, 7.6e-14",NaN
NaN,10,425,0.0009765623942364058,NaN,mridges,"orthants by coordinate sign (bit j-1 set <=> theta_j < 0); P(theta_1<0)=0.5000000542, P(theta_1>=0)=0.4999999458; quadgk abs. errors 1.5e-13, 7.6e-14",NaN
NaN,10,426,0.0009765626057635943,NaN,mridges,"orthants by coordinate sign (bit j-1 set <=> theta_j < 0); P(theta_1<0)=0.5000000542, P(theta_1>=0)=0.4999999458; quadgk abs. errors 1.5e-13, 7.6e-14",NaN
NaN,10,427,0.0009765623942364058,NaN,mridges,"orthants by coordinate sign (bit j-1 set <=> theta_j < 0); P(theta_1<0)=0.5000000542, P(theta_1>=0)=0.4999999458; quadgk abs. errors 1.5e-13, 7.6e-14",NaN
NaN,10,428,0.0009765626057635943,NaN,mridges,"orthants by coordinate sign (bit j-1 set <=> theta_j < 0); P(theta_1<0)=0.5000000542, P(theta_1>=0)=0.4999999458; quadgk abs. errors 1.5e-13, 7.6e-14",NaN
NaN,10,429,0.0009765623942364058,NaN,mridges,"orthants by coordinate sign (bit j-1 set <=> theta_j < 0); P(theta_1<0)=0.5000000542, P(theta_1>=0)=0.4999999458; quadgk abs. errors 1.5e-13, 7.6e-14",NaN
NaN,10,430,0.0009765626057635943,NaN,mridges,"orthants by coordinate sign (bit j-1 set <=> theta_j < 0); P(theta_1<0)=0.5000000542, P(theta_1>=0)=0.4999999458; quadgk abs. errors 1.5e-13, 7.6e-14",NaN
NaN,10,431,0.0009765623942364058,NaN,mridges,"orthants by coordinate sign (bit j-1 set <=> theta_j < 0); P(theta_1<0)=0.5000000542, P(theta_1>=0)=0.4999999458; quadgk abs. errors 1.5e-13, 7.6e-14",NaN
NaN,10,432,0.0009765626057635943,NaN,mridges,"orthants by coordinate sign (bit j-1 set <=> theta_j < 0); P(theta_1<0)=0.5000000542, P(theta_1>=0)=0.4999999458; quadgk abs. errors 1.5e-13, 7.6e-14",NaN
NaN,10,433,0.0009765623942364058,NaN,mridges,"orthants by coordinate sign (bit j-1 set <=> theta_j < 0); P(theta_1<0)=0.5000000542, P(theta_1>=0)=0.4999999458; quadgk abs. errors 1.5e-13, 7.6e-14",NaN
NaN,10,434,0.0009765626057635943,NaN,mridges,"orthants by coordinate sign (bit j-1 set <=> theta_j < 0); P(theta_1<0)=0.5000000542, P(theta_1>=0)=0.4999999458; quadgk abs. errors 1.5e-13, 7.6e-14",NaN
NaN,10,435,0.0009765623942364058,NaN,mridges,"orthants by coordinate sign (bit j-1 set <=> theta_j < 0); P(theta_1<0)=0.5000000542, P(theta_1>=0)=0.4999999458; quadgk abs. errors 1.5e-13, 7.6e-14",NaN
NaN,10,436,0.0009765626057635943,NaN,mridges,"orthants by coordinate sign (bit j-1 set <=> theta_j < 0); P(theta_1<0)=0.5000000542, P(theta_1>=0)=0.4999999458; quadgk abs. errors 1.5e-13, 7.6e-14",NaN
NaN,10,437,0.0009765623942364058,NaN,mridges,"orthants by coordinate sign (bit j-1 set <=> theta_j < 0); P(theta_1<0)=0.5000000542, P(theta_1>=0)=0.4999999458; quadgk abs. errors 1.5e-13, 7.6e-14",NaN
NaN,10,438,0.0009765626057635943,NaN,mridges,"orthants by coordinate sign (bit j-1 set <=> theta_j < 0); P(theta_1<0)=0.5000000542, P(theta_1>=0)=0.4999999458; quadgk abs. errors 1.5e-13, 7.6e-14",NaN
NaN,10,439,0.0009765623942364058,NaN,mridges,"orthants by coordinate sign (bit j-1 set <=> theta_j < 0); P(theta_1<0)=0.5000000542, P(theta_1>=0)=0.4999999458; quadgk abs. errors 1.5e-13, 7.6e-14",NaN
NaN,10,440,0.0009765626057635943,NaN,mridges,"orthants by coordinate sign (bit j-1 set <=> theta_j < 0); P(theta_1<0)=0.5000000542, P(theta_1>=0)=0.4999999458; quadgk abs. errors 1.5e-13, 7.6e-14",NaN
NaN,10,441,0.0009765623942364058,NaN,mridges,"orthants by coordinate sign (bit j-1 set <=> theta_j < 0); P(theta_1<0)=0.5000000542, P(theta_1>=0)=0.4999999458; quadgk abs. errors 1.5e-13, 7.6e-14",NaN
NaN,10,442,0.0009765626057635943,NaN,mridges,"orthants by coordinate sign (bit j-1 set <=> theta_j < 0); P(theta_1<0)=0.5000000542, P(theta_1>=0)=0.4999999458; quadgk abs. errors 1.5e-13, 7.6e-14",NaN
NaN,10,443,0.0009765623942364058,NaN,mridges,"orthants by coordinate sign (bit j-1 set <=> theta_j < 0); P(theta_1<0)=0.5000000542, P(theta_1>=0)=0.4999999458; quadgk abs. errors 1.5e-13, 7.6e-14",NaN
NaN,10,444,0.0009765626057635943,NaN,mridges,"orthants by coordinate sign (bit j-1 set <=> theta_j < 0); P(theta_1<0)=0.5000000542, P(theta_1>=0)=0.4999999458; quadgk abs. errors 1.5e-13, 7.6e-14",NaN
NaN,10,445,0.0009765623942364058,NaN,mridges,"orthants by coordinate sign (bit j-1 set <=> theta_j < 0); P(theta_1<0)=0.5000000542, P(theta_1>=0)=0.4999999458; quadgk abs. errors 1.5e-13, 7.6e-14",NaN
NaN,10,446,0.0009765626057635943,NaN,mridges,"orthants by coordinate sign (bit j-1 set <=> theta_j < 0); P(theta_1<0)=0.5000000542, P(theta_1>=0)=0.4999999458; quadgk abs. errors 1.5e-13, 7.6e-14",NaN
NaN,10,447,0.0009765623942364058,NaN,mridges,"orthants by coordinate sign (bit j-1 set <=> theta_j < 0); P(theta_1<0)=0.5000000542, P(theta_1>=0)=0.4999999458; quadgk abs. errors 1.5e-13, 7.6e-14",NaN
NaN,10,448,0.0009765626057635943,NaN,mridges,"orthants by coordinate sign (bit j-1 set <=> theta_j < 0); P(theta_1<0)=0.5000000542, P(theta_1>=0)=0.4999999458; quadgk abs. errors 1.5e-13, 7.6e-14",NaN
NaN,10,449,0.0009765623942364058,NaN,mridges,"orthants by coordinate sign (bit j-1 set <=> theta_j < 0); P(theta_1<0)=0.5000000542, P(theta_1>=0)=0.4999999458; quadgk abs. errors 1.5e-13, 7.6e-14",NaN
NaN,10,450,0.0009765626057635943,NaN,mridges,"orthants by coordinate sign (bit j-1 set <=> theta_j < 0); P(theta_1<0)=0.5000000542, P(theta_1>=0)=0.4999999458; quadgk abs. errors 1.5e-13, 7.6e-14",NaN
NaN,10,451,0.0009765623942364058,NaN,mridges,"orthants by coordinate sign (bit j-1 set <=> theta_j < 0); P(theta_1<0)=0.5000000542, P(theta_1>=0)=0.4999999458; quadgk abs. errors 1.5e-13, 7.6e-14",NaN
NaN,10,452,0.0009765626057635943,NaN,mridges,"orthants by coordinate sign (bit j-1 set <=> theta_j < 0); P(theta_1<0)=0.5000000542, P(theta_1>=0)=0.4999999458; quadgk abs. errors 1.5e-13, 7.6e-14",NaN
NaN,10,453,0.0009765623942364058,NaN,mridges,"orthants by coordinate sign (bit j-1 set <=> theta_j < 0); P(theta_1<0)=0.5000000542, P(theta_1>=0)=0.4999999458; quadgk abs. errors 1.5e-13, 7.6e-14",NaN
NaN,10,454,0.0009765626057635943,NaN,mridges,"orthants by coordinate sign (bit j-1 set <=> theta_j < 0); P(theta_1<0)=0.5000000542, P(theta_1>=0)=0.4999999458; quadgk abs. errors 1.5e-13, 7.6e-14",NaN
NaN,10,455,0.0009765623942364058,NaN,mridges,"orthants by coordinate sign (bit j-1 set <=> theta_j < 0); P(theta_1<0)=0.5000000542, P(theta_1>=0)=0.4999999458; quadgk abs. errors 1.5e-13, 7.6e-14",NaN
NaN,10,456,0.0009765626057635943,NaN,mridges,"orthants by coordinate sign (bit j-1 set <=> theta_j < 0); P(theta_1<0)=0.5000000542, P(theta_1>=0)=0.4999999458; quadgk abs. errors 1.5e-13, 7.6e-14",NaN
NaN,10,457,0.0009765623942364058,NaN,mridges,"orthants by coordinate sign (bit j-1 set <=> theta_j < 0); P(theta_1<0)=0.5000000542, P(theta_1>=0)=0.4999999458; quadgk abs. errors 1.5e-13, 7.6e-14",NaN
NaN,10,458,0.0009765626057635943,NaN,mridges,"orthants by coordinate sign (bit j-1 set <=> theta_j < 0); P(theta_1<0)=0.5000000542, P(theta_1>=0)=0.4999999458; quadgk abs. errors 1.5e-13, 7.6e-14",NaN
NaN,10,459,0.0009765623942364058,NaN,mridges,"orthants by coordinate sign (bit j-1 set <=> theta_j < 0); P(theta_1<0)=0.5000000542, P(theta_1>=0)=0.4999999458; quadgk abs. errors 1.5e-13, 7.6e-14",NaN
NaN,10,460,0.0009765626057635943,NaN,mridges,"orthants by coordinate sign (bit j-1 set <=> theta_j < 0); P(theta_1<0)=0.5000000542, P(theta_1>=0)=0.4999999458; quadgk abs. errors 1.5e-13, 7.6e-14",NaN
NaN,10,461,0.0009765623942364058,NaN,mridges,"orthants by coordinate sign (bit j-1 set <=> theta_j < 0); P(theta_1<0)=0.5000000542, P(theta_1>=0)=0.4999999458; quadgk abs. errors 1.5e-13, 7.6e-14",NaN
NaN,10,462,0.0009765626057635943,NaN,mridges,"orthants by coordinate sign (bit j-1 set <=> theta_j < 0); P(theta_1<0)=0.5000000542, P(theta_1>=0)=0.4999999458; quadgk abs. errors 1.5e-13, 7.6e-14",NaN
NaN,10,463,0.0009765623942364058,NaN,mridges,"orthants by coordinate sign (bit j-1 set <=> theta_j < 0); P(theta_1<0)=0.5000000542, P(theta_1>=0)=0.4999999458; quadgk abs. errors 1.5e-13, 7.6e-14",NaN
NaN,10,464,0.0009765626057635943,NaN,mridges,"orthants by coordinate sign (bit j-1 set <=> theta_j < 0); P(theta_1<0)=0.5000000542, P(theta_1>=0)=0.4999999458; quadgk abs. errors 1.5e-13, 7.6e-14",NaN
NaN,10,465,0.0009765623942364058,NaN,mridges,"orthants by coordinate sign (bit j-1 set <=> theta_j < 0); P(theta_1<0)=0.5000000542, P(theta_1>=0)=0.4999999458; quadgk abs. errors 1.5e-13, 7.6e-14",NaN
NaN,10,466,0.0009765626057635943,NaN,mridges,"orthants by coordinate sign (bit j-1 set <=> theta_j < 0); P(theta_1<0)=0.5000000542, P(theta_1>=0)=0.4999999458; quadgk abs. errors 1.5e-13, 7.6e-14",NaN
NaN,10,467,0.0009765623942364058,NaN,mridges,"orthants by coordinate sign (bit j-1 set <=> theta_j < 0); P(theta_1<0)=0.5000000542, P(theta_1>=0)=0.4999999458; quadgk abs. errors 1.5e-13, 7.6e-14",NaN
NaN,10,468,0.0009765626057635943,NaN,mridges,"orthants by coordinate sign (bit j-1 set <=> theta_j < 0); P(theta_1<0)=0.5000000542, P(theta_1>=0)=0.4999999458; quadgk abs. errors 1.5e-13, 7.6e-14",NaN
NaN,10,469,0.0009765623942364058,NaN,mridges,"orthants by coordinate sign (bit j-1 set <=> theta_j < 0); P(theta_1<0)=0.5000000542, P(theta_1>=0)=0.4999999458; quadgk abs. errors 1.5e-13, 7.6e-14",NaN
NaN,10,470,0.0009765626057635943,NaN,mridges,"orthants by coordinate sign (bit j-1 set <=> theta_j < 0); P(theta_1<0)=0.5000000542, P(theta_1>=0)=0.4999999458; quadgk abs. errors 1.5e-13, 7.6e-14",NaN
NaN,10,471,0.0009765623942364058,NaN,mridges,"orthants by coordinate sign (bit j-1 set <=> theta_j < 0); P(theta_1<0)=0.5000000542, P(theta_1>=0)=0.4999999458; quadgk abs. errors 1.5e-13, 7.6e-14",NaN
NaN,10,472,0.0009765626057635943,NaN,mridges,"orthants by coordinate sign (bit j-1 set <=> theta_j < 0); P(theta_1<0)=0.5000000542, P(theta_1>=0)=0.4999999458; quadgk abs. errors 1.5e-13, 7.6e-14",NaN
NaN,10,473,0.0009765623942364058,NaN,mridges,"orthants by coordinate sign (bit j-1 set <=> theta_j < 0); P(theta_1<0)=0.5000000542, P(theta_1>=0)=0.4999999458; quadgk abs. errors 1.5e-13, 7.6e-14",NaN
NaN,10,474,0.0009765626057635943,NaN,mridges,"orthants by coordinate sign (bit j-1 set <=> theta_j < 0); P(theta_1<0)=0.5000000542, P(theta_1>=0)=0.4999999458; quadgk abs. errors 1.5e-13, 7.6e-14",NaN
NaN,10,475,0.0009765623942364058,NaN,mridges,"orthants by coordinate sign (bit j-1 set <=> theta_j < 0); P(theta_1<0)=0.5000000542, P(theta_1>=0)=0.4999999458; quadgk abs. errors 1.5e-13, 7.6e-14",NaN
NaN,10,476,0.0009765626057635943,NaN,mridges,"orthants by coordinate sign (bit j-1 set <=> theta_j < 0); P(theta_1<0)=0.5000000542, P(theta_1>=0)=0.4999999458; quadgk abs. errors 1.5e-13, 7.6e-14",NaN
NaN,10,477,0.0009765623942364058,NaN,mridges,"orthants by coordinate sign (bit j-1 set <=> theta_j < 0); P(theta_1<0)=0.5000000542, P(theta_1>=0)=0.4999999458; quadgk abs. errors 1.5e-13, 7.6e-14",NaN
NaN,10,478,0.0009765626057635943,NaN,mridges,"orthants by coordinate sign (bit j-1 set <=> theta_j < 0); P(theta_1<0)=0.5000000542, P(theta_1>=0)=0.4999999458; quadgk abs. errors 1.5e-13, 7.6e-14",NaN
NaN,10,479,0.0009765623942364058,NaN,mridges,"orthants by coordinate sign (bit j-1 set <=> theta_j < 0); P(theta_1<0)=0.5000000542, P(theta_1>=0)=0.4999999458; quadgk abs. errors 1.5e-13, 7.6e-14",NaN
NaN,10,480,0.0009765626057635943,NaN,mridges,"orthants by coordinate sign (bit j-1 set <=> theta_j < 0); P(theta_1<0)=0.5000000542, P(theta_1>=0)=0.4999999458; quadgk abs. errors 1.5e-13, 7.6e-14",NaN
NaN,10,481,0.0009765623942364058,NaN,mridges,"orthants by coordinate sign (bit j-1 set <=> theta_j < 0); P(theta_1<0)=0.5000000542, P(theta_1>=0)=0.4999999458; quadgk abs. errors 1.5e-13, 7.6e-14",NaN
NaN,10,482,0.0009765626057635943,NaN,mridges,"orthants by coordinate sign (bit j-1 set <=> theta_j < 0); P(theta_1<0)=0.5000000542, P(theta_1>=0)=0.4999999458; quadgk abs. errors 1.5e-13, 7.6e-14",NaN
NaN,10,483,0.0009765623942364058,NaN,mridges,"orthants by coordinate sign (bit j-1 set <=> theta_j < 0); P(theta_1<0)=0.5000000542, P(theta_1>=0)=0.4999999458; quadgk abs. errors 1.5e-13, 7.6e-14",NaN
NaN,10,484,0.0009765626057635943,NaN,mridges,"orthants by coordinate sign (bit j-1 set <=> theta_j < 0); P(theta_1<0)=0.5000000542, P(theta_1>=0)=0.4999999458; quadgk abs. errors 1.5e-13, 7.6e-14",NaN
NaN,10,485,0.0009765623942364058,NaN,mridges,"orthants by coordinate sign (bit j-1 set <=> theta_j < 0); P(theta_1<0)=0.5000000542, P(theta_1>=0)=0.4999999458; quadgk abs. errors 1.5e-13, 7.6e-14",NaN
NaN,10,486,0.0009765626057635943,NaN,mridges,"orthants by coordinate sign (bit j-1 set <=> theta_j < 0); P(theta_1<0)=0.5000000542, P(theta_1>=0)=0.4999999458; quadgk abs. errors 1.5e-13, 7.6e-14",NaN
NaN,10,487,0.0009765623942364058,NaN,mridges,"orthants by coordinate sign (bit j-1 set <=> theta_j < 0); P(theta_1<0)=0.5000000542, P(theta_1>=0)=0.4999999458; quadgk abs. errors 1.5e-13, 7.6e-14",NaN
NaN,10,488,0.0009765626057635943,NaN,mridges,"orthants by coordinate sign (bit j-1 set <=> theta_j < 0); P(theta_1<0)=0.5000000542, P(theta_1>=0)=0.4999999458; quadgk abs. errors 1.5e-13, 7.6e-14",NaN
NaN,10,489,0.0009765623942364058,NaN,mridges,"orthants by coordinate sign (bit j-1 set <=> theta_j < 0); P(theta_1<0)=0.5000000542, P(theta_1>=0)=0.4999999458; quadgk abs. errors 1.5e-13, 7.6e-14",NaN
NaN,10,490,0.0009765626057635943,NaN,mridges,"orthants by coordinate sign (bit j-1 set <=> theta_j < 0); P(theta_1<0)=0.5000000542, P(theta_1>=0)=0.4999999458; quadgk abs. errors 1.5e-13, 7.6e-14",NaN
NaN,10,491,0.0009765623942364058,NaN,mridges,"orthants by coordinate sign (bit j-1 set <=> theta_j < 0); P(theta_1<0)=0.5000000542, P(theta_1>=0)=0.4999999458; quadgk abs. errors 1.5e-13, 7.6e-14",NaN
NaN,10,492,0.0009765626057635943,NaN,mridges,"orthants by coordinate sign (bit j-1 set <=> theta_j < 0); P(theta_1<0)=0.5000000542, P(theta_1>=0)=0.4999999458; quadgk abs. errors 1.5e-13, 7.6e-14",NaN
NaN,10,493,0.0009765623942364058,NaN,mridges,"orthants by coordinate sign (bit j-1 set <=> theta_j < 0); P(theta_1<0)=0.5000000542, P(theta_1>=0)=0.4999999458; quadgk abs. errors 1.5e-13, 7.6e-14",NaN
NaN,10,494,0.0009765626057635943,NaN,mridges,"orthants by coordinate sign (bit j-1 set <=> theta_j < 0); P(theta_1<0)=0.5000000542, P(theta_1>=0)=0.4999999458; quadgk abs. errors 1.5e-13, 7.6e-14",NaN
NaN,10,495,0.0009765623942364058,NaN,mridges,"orthants by coordinate sign (bit j-1 set <=> theta_j < 0); P(theta_1<0)=0.5000000542, P(theta_1>=0)=0.4999999458; quadgk abs. errors 1.5e-13, 7.6e-14",NaN
NaN,10,496,0.0009765626057635943,NaN,mridges,"orthants by coordinate sign (bit j-1 set <=> theta_j < 0); P(theta_1<0)=0.5000000542, P(theta_1>=0)=0.4999999458; quadgk abs. errors 1.5e-13, 7.6e-14",NaN
NaN,10,497,0.0009765623942364058,NaN,mridges,"orthants by coordinate sign (bit j-1 set <=> theta_j < 0); P(theta_1<0)=0.5000000542, P(theta_1>=0)=0.4999999458; quadgk abs. errors 1.5e-13, 7.6e-14",NaN
NaN,10,498,0.0009765626057635943,NaN,mridges,"orthants by coordinate sign (bit j-1 set <=> theta_j < 0); P(theta_1<0)=0.5000000542, P(theta_1>=0)=0.4999999458; quadgk abs. errors 1.5e-13, 7.6e-14",NaN
NaN,10,499,0.0009765623942364058,NaN,mridges,"orthants by coordinate sign (bit j-1 set <=> theta_j < 0); P(theta_1<0)=0.5000000542, P(theta_1>=0)=0.4999999458; quadgk abs. errors 1.5e-13, 7.6e-14",NaN
NaN,10,500,0.0009765626057635943,NaN,mridges,"orthants by coordinate sign (bit j-1 set <=> theta_j < 0); P(theta_1<0)=0.5000000542, P(theta_1>=0)=0.4999999458; quadgk abs. errors 1.5e-13, 7.6e-14",NaN
NaN,10,501,0.0009765623942364058,NaN,mridges,"orthants by coordinate sign (bit j-1 set <=> theta_j < 0); P(theta_1<0)=0.5000000542, P(theta_1>=0)=0.4999999458; quadgk abs. errors 1.5e-13, 7.6e-14",NaN
NaN,10,502,0.0009765626057635943,NaN,mridges,"orthants by coordinate sign (bit j-1 set <=> theta_j < 0); P(theta_1<0)=0.5000000542, P(theta_1>=0)=0.4999999458; quadgk abs. errors 1.5e-13, 7.6e-14",NaN
NaN,10,503,0.0009765623942364058,NaN,mridges,"orthants by coordinate sign (bit j-1 set <=> theta_j < 0); P(theta_1<0)=0.5000000542, P(theta_1>=0)=0.4999999458; quadgk abs. errors 1.5e-13, 7.6e-14",NaN
NaN,10,504,0.0009765626057635943,NaN,mridges,"orthants by coordinate sign (bit j-1 set <=> theta_j < 0); P(theta_1<0)=0.5000000542, P(theta_1>=0)=0.4999999458; quadgk abs. errors 1.5e-13, 7.6e-14",NaN
NaN,10,505,0.0009765623942364058,NaN,mridges,"orthants by coordinate sign (bit j-1 set <=> theta_j < 0); P(theta_1<0)=0.5000000542, P(theta_1>=0)=0.4999999458; quadgk abs. errors 1.5e-13, 7.6e-14",NaN
NaN,10,506,0.0009765626057635943,NaN,mridges,"orthants by coordinate sign (bit j-1 set <=> theta_j < 0); P(theta_1<0)=0.5000000542, P(theta_1>=0)=0.4999999458; quadgk abs. errors 1.5e-13, 7.6e-14",NaN
NaN,10,507,0.0009765623942364058,NaN,mridges,"orthants by coordinate sign (bit j-1 set <=> theta_j < 0); P(theta_1<0)=0.5000000542, P(theta_1>=0)=0.4999999458; quadgk abs. errors 1.5e-13, 7.6e-14",NaN
NaN,10,508,0.0009765626057635943,NaN,mridges,"orthants by coordinate sign (bit j-1 set <=> theta_j < 0); P(theta_1<0)=0.5000000542, P(theta_1>=0)=0.4999999458; quadgk abs. errors 1.5e-13, 7.6e-14",NaN
NaN,10,509,0.0009765623942364058,NaN,mridges,"orthants by coordinate sign (bit j-1 set <=> theta_j < 0); P(theta_1<0)=0.5000000542, P(theta_1>=0)=0.4999999458; quadgk abs. errors 1.5e-13, 7.6e-14",NaN
NaN,10,510,0.0009765626057635943,NaN,mridges,"orthants by coordinate sign (bit j-1 set <=> theta_j < 0); P(theta_1<0)=0.5000000542, P(theta_1>=0)=0.4999999458; quadgk abs. errors 1.5e-13, 7.6e-14",NaN
NaN,10,511,0.0009765623942364058,NaN,mridges,"orthants by coordinate sign (bit j-1 set <=> theta_j < 0); P(theta_1<0)=0.5000000542, P(theta_1>=0)=0.4999999458; quadgk abs. errors 1.5e-13, 7.6e-14",NaN
NaN,10,512,0.0009765626057635943,NaN,mridges,"orthants by coordinate sign (bit j-1 set <=> theta_j < 0); P(theta_1<0)=0.5000000542, P(theta_1>=0)=0.4999999458; quadgk abs. errors 1.5e-13, 7.6e-14",NaN
NaN,10,513,0.0009765623942364058,NaN,mridges,"orthants by coordinate sign (bit j-1 set <=> theta_j < 0); P(theta_1<0)=0.5000000542, P(theta_1>=0)=0.4999999458; quadgk abs. errors 1.5e-13, 7.6e-14",NaN
NaN,10,514,0.0009765626057635943,NaN,mridges,"orthants by coordinate sign (bit j-1 set <=> theta_j < 0); P(theta_1<0)=0.5000000542, P(theta_1>=0)=0.4999999458; quadgk abs. errors 1.5e-13, 7.6e-14",NaN
NaN,10,515,0.0009765623942364058,NaN,mridges,"orthants by coordinate sign (bit j-1 set <=> theta_j < 0); P(theta_1<0)=0.5000000542, P(theta_1>=0)=0.4999999458; quadgk abs. errors 1.5e-13, 7.6e-14",NaN
NaN,10,516,0.0009765626057635943,NaN,mridges,"orthants by coordinate sign (bit j-1 set <=> theta_j < 0); P(theta_1<0)=0.5000000542, P(theta_1>=0)=0.4999999458; quadgk abs. errors 1.5e-13, 7.6e-14",NaN
NaN,10,517,0.0009765623942364058,NaN,mridges,"orthants by coordinate sign (bit j-1 set <=> theta_j < 0); P(theta_1<0)=0.5000000542, P(theta_1>=0)=0.4999999458; quadgk abs. errors 1.5e-13, 7.6e-14",NaN
NaN,10,518,0.0009765626057635943,NaN,mridges,"orthants by coordinate sign (bit j-1 set <=> theta_j < 0); P(theta_1<0)=0.5000000542, P(theta_1>=0)=0.4999999458; quadgk abs. errors 1.5e-13, 7.6e-14",NaN
NaN,10,519,0.0009765623942364058,NaN,mridges,"orthants by coordinate sign (bit j-1 set <=> theta_j < 0); P(theta_1<0)=0.5000000542, P(theta_1>=0)=0.4999999458; quadgk abs. errors 1.5e-13, 7.6e-14",NaN
NaN,10,520,0.0009765626057635943,NaN,mridges,"orthants by coordinate sign (bit j-1 set <=> theta_j < 0); P(theta_1<0)=0.5000000542, P(theta_1>=0)=0.4999999458; quadgk abs. errors 1.5e-13, 7.6e-14",NaN
NaN,10,521,0.0009765623942364058,NaN,mridges,"orthants by coordinate sign (bit j-1 set <=> theta_j < 0); P(theta_1<0)=0.5000000542, P(theta_1>=0)=0.4999999458; quadgk abs. errors 1.5e-13, 7.6e-14",NaN
NaN,10,522,0.0009765626057635943,NaN,mridges,"orthants by coordinate sign (bit j-1 set <=> theta_j < 0); P(theta_1<0)=0.5000000542, P(theta_1>=0)=0.4999999458; quadgk abs. errors 1.5e-13, 7.6e-14",NaN
NaN,10,523,0.0009765623942364058,NaN,mridges,"orthants by coordinate sign (bit j-1 set <=> theta_j < 0); P(theta_1<0)=0.5000000542, P(theta_1>=0)=0.4999999458; quadgk abs. errors 1.5e-13, 7.6e-14",NaN
NaN,10,524,0.0009765626057635943,NaN,mridges,"orthants by coordinate sign (bit j-1 set <=> theta_j < 0); P(theta_1<0)=0.5000000542, P(theta_1>=0)=0.4999999458; quadgk abs. errors 1.5e-13, 7.6e-14",NaN
NaN,10,525,0.0009765623942364058,NaN,mridges,"orthants by coordinate sign (bit j-1 set <=> theta_j < 0); P(theta_1<0)=0.5000000542, P(theta_1>=0)=0.4999999458; quadgk abs. errors 1.5e-13, 7.6e-14",NaN
NaN,10,526,0.0009765626057635943,NaN,mridges,"orthants by coordinate sign (bit j-1 set <=> theta_j < 0); P(theta_1<0)=0.5000000542, P(theta_1>=0)=0.4999999458; quadgk abs. errors 1.5e-13, 7.6e-14",NaN
NaN,10,527,0.0009765623942364058,NaN,mridges,"orthants by coordinate sign (bit j-1 set <=> theta_j < 0); P(theta_1<0)=0.5000000542, P(theta_1>=0)=0.4999999458; quadgk abs. errors 1.5e-13, 7.6e-14",NaN
NaN,10,528,0.0009765626057635943,NaN,mridges,"orthants by coordinate sign (bit j-1 set <=> theta_j < 0); P(theta_1<0)=0.5000000542, P(theta_1>=0)=0.4999999458; quadgk abs. errors 1.5e-13, 7.6e-14",NaN
NaN,10,529,0.0009765623942364058,NaN,mridges,"orthants by coordinate sign (bit j-1 set <=> theta_j < 0); P(theta_1<0)=0.5000000542, P(theta_1>=0)=0.4999999458; quadgk abs. errors 1.5e-13, 7.6e-14",NaN
NaN,10,530,0.0009765626057635943,NaN,mridges,"orthants by coordinate sign (bit j-1 set <=> theta_j < 0); P(theta_1<0)=0.5000000542, P(theta_1>=0)=0.4999999458; quadgk abs. errors 1.5e-13, 7.6e-14",NaN
NaN,10,531,0.0009765623942364058,NaN,mridges,"orthants by coordinate sign (bit j-1 set <=> theta_j < 0); P(theta_1<0)=0.5000000542, P(theta_1>=0)=0.4999999458; quadgk abs. errors 1.5e-13, 7.6e-14",NaN
NaN,10,532,0.0009765626057635943,NaN,mridges,"orthants by coordinate sign (bit j-1 set <=> theta_j < 0); P(theta_1<0)=0.5000000542, P(theta_1>=0)=0.4999999458; quadgk abs. errors 1.5e-13, 7.6e-14",NaN
NaN,10,533,0.0009765623942364058,NaN,mridges,"orthants by coordinate sign (bit j-1 set <=> theta_j < 0); P(theta_1<0)=0.5000000542, P(theta_1>=0)=0.4999999458; quadgk abs. errors 1.5e-13, 7.6e-14",NaN
NaN,10,534,0.0009765626057635943,NaN,mridges,"orthants by coordinate sign (bit j-1 set <=> theta_j < 0); P(theta_1<0)=0.5000000542, P(theta_1>=0)=0.4999999458; quadgk abs. errors 1.5e-13, 7.6e-14",NaN
NaN,10,535,0.0009765623942364058,NaN,mridges,"orthants by coordinate sign (bit j-1 set <=> theta_j < 0); P(theta_1<0)=0.5000000542, P(theta_1>=0)=0.4999999458; quadgk abs. errors 1.5e-13, 7.6e-14",NaN
NaN,10,536,0.0009765626057635943,NaN,mridges,"orthants by coordinate sign (bit j-1 set <=> theta_j < 0); P(theta_1<0)=0.5000000542, P(theta_1>=0)=0.4999999458; quadgk abs. errors 1.5e-13, 7.6e-14",NaN
NaN,10,537,0.0009765623942364058,NaN,mridges,"orthants by coordinate sign (bit j-1 set <=> theta_j < 0); P(theta_1<0)=0.5000000542, P(theta_1>=0)=0.4999999458; quadgk abs. errors 1.5e-13, 7.6e-14",NaN
NaN,10,538,0.0009765626057635943,NaN,mridges,"orthants by coordinate sign (bit j-1 set <=> theta_j < 0); P(theta_1<0)=0.5000000542, P(theta_1>=0)=0.4999999458; quadgk abs. errors 1.5e-13, 7.6e-14",NaN
NaN,10,539,0.0009765623942364058,NaN,mridges,"orthants by coordinate sign (bit j-1 set <=> theta_j < 0); P(theta_1<0)=0.5000000542, P(theta_1>=0)=0.4999999458; quadgk abs. errors 1.5e-13, 7.6e-14",NaN
NaN,10,540,0.0009765626057635943,NaN,mridges,"orthants by coordinate sign (bit j-1 set <=> theta_j < 0); P(theta_1<0)=0.5000000542, P(theta_1>=0)=0.4999999458; quadgk abs. errors 1.5e-13, 7.6e-14",NaN
NaN,10,541,0.0009765623942364058,NaN,mridges,"orthants by coordinate sign (bit j-1 set <=> theta_j < 0); P(theta_1<0)=0.5000000542, P(theta_1>=0)=0.4999999458; quadgk abs. errors 1.5e-13, 7.6e-14",NaN
NaN,10,542,0.0009765626057635943,NaN,mridges,"orthants by coordinate sign (bit j-1 set <=> theta_j < 0); P(theta_1<0)=0.5000000542, P(theta_1>=0)=0.4999999458; quadgk abs. errors 1.5e-13, 7.6e-14",NaN
NaN,10,543,0.0009765623942364058,NaN,mridges,"orthants by coordinate sign (bit j-1 set <=> theta_j < 0); P(theta_1<0)=0.5000000542, P(theta_1>=0)=0.4999999458; quadgk abs. errors 1.5e-13, 7.6e-14",NaN
NaN,10,544,0.0009765626057635943,NaN,mridges,"orthants by coordinate sign (bit j-1 set <=> theta_j < 0); P(theta_1<0)=0.5000000542, P(theta_1>=0)=0.4999999458; quadgk abs. errors 1.5e-13, 7.6e-14",NaN
NaN,10,545,0.0009765623942364058,NaN,mridges,"orthants by coordinate sign (bit j-1 set <=> theta_j < 0); P(theta_1<0)=0.5000000542, P(theta_1>=0)=0.4999999458; quadgk abs. errors 1.5e-13, 7.6e-14",NaN
NaN,10,546,0.0009765626057635943,NaN,mridges,"orthants by coordinate sign (bit j-1 set <=> theta_j < 0); P(theta_1<0)=0.5000000542, P(theta_1>=0)=0.4999999458; quadgk abs. errors 1.5e-13, 7.6e-14",NaN
NaN,10,547,0.0009765623942364058,NaN,mridges,"orthants by coordinate sign (bit j-1 set <=> theta_j < 0); P(theta_1<0)=0.5000000542, P(theta_1>=0)=0.4999999458; quadgk abs. errors 1.5e-13, 7.6e-14",NaN
NaN,10,548,0.0009765626057635943,NaN,mridges,"orthants by coordinate sign (bit j-1 set <=> theta_j < 0); P(theta_1<0)=0.5000000542, P(theta_1>=0)=0.4999999458; quadgk abs. errors 1.5e-13, 7.6e-14",NaN
NaN,10,549,0.0009765623942364058,NaN,mridges,"orthants by coordinate sign (bit j-1 set <=> theta_j < 0); P(theta_1<0)=0.5000000542, P(theta_1>=0)=0.4999999458; quadgk abs. errors 1.5e-13, 7.6e-14",NaN
NaN,10,550,0.0009765626057635943,NaN,mridges,"orthants by coordinate sign (bit j-1 set <=> theta_j < 0); P(theta_1<0)=0.5000000542, P(theta_1>=0)=0.4999999458; quadgk abs. errors 1.5e-13, 7.6e-14",NaN
NaN,10,551,0.0009765623942364058,NaN,mridges,"orthants by coordinate sign (bit j-1 set <=> theta_j < 0); P(theta_1<0)=0.5000000542, P(theta_1>=0)=0.4999999458; quadgk abs. errors 1.5e-13, 7.6e-14",NaN
NaN,10,552,0.0009765626057635943,NaN,mridges,"orthants by coordinate sign (bit j-1 set <=> theta_j < 0); P(theta_1<0)=0.5000000542, P(theta_1>=0)=0.4999999458; quadgk abs. errors 1.5e-13, 7.6e-14",NaN
NaN,10,553,0.0009765623942364058,NaN,mridges,"orthants by coordinate sign (bit j-1 set <=> theta_j < 0); P(theta_1<0)=0.5000000542, P(theta_1>=0)=0.4999999458; quadgk abs. errors 1.5e-13, 7.6e-14",NaN
NaN,10,554,0.0009765626057635943,NaN,mridges,"orthants by coordinate sign (bit j-1 set <=> theta_j < 0); P(theta_1<0)=0.5000000542, P(theta_1>=0)=0.4999999458; quadgk abs. errors 1.5e-13, 7.6e-14",NaN
NaN,10,555,0.0009765623942364058,NaN,mridges,"orthants by coordinate sign (bit j-1 set <=> theta_j < 0); P(theta_1<0)=0.5000000542, P(theta_1>=0)=0.4999999458; quadgk abs. errors 1.5e-13, 7.6e-14",NaN
NaN,10,556,0.0009765626057635943,NaN,mridges,"orthants by coordinate sign (bit j-1 set <=> theta_j < 0); P(theta_1<0)=0.5000000542, P(theta_1>=0)=0.4999999458; quadgk abs. errors 1.5e-13, 7.6e-14",NaN
NaN,10,557,0.0009765623942364058,NaN,mridges,"orthants by coordinate sign (bit j-1 set <=> theta_j < 0); P(theta_1<0)=0.5000000542, P(theta_1>=0)=0.4999999458; quadgk abs. errors 1.5e-13, 7.6e-14",NaN
NaN,10,558,0.0009765626057635943,NaN,mridges,"orthants by coordinate sign (bit j-1 set <=> theta_j < 0); P(theta_1<0)=0.5000000542, P(theta_1>=0)=0.4999999458; quadgk abs. errors 1.5e-13, 7.6e-14",NaN
NaN,10,559,0.0009765623942364058,NaN,mridges,"orthants by coordinate sign (bit j-1 set <=> theta_j < 0); P(theta_1<0)=0.5000000542, P(theta_1>=0)=0.4999999458; quadgk abs. errors 1.5e-13, 7.6e-14",NaN
NaN,10,560,0.0009765626057635943,NaN,mridges,"orthants by coordinate sign (bit j-1 set <=> theta_j < 0); P(theta_1<0)=0.5000000542, P(theta_1>=0)=0.4999999458; quadgk abs. errors 1.5e-13, 7.6e-14",NaN
NaN,10,561,0.0009765623942364058,NaN,mridges,"orthants by coordinate sign (bit j-1 set <=> theta_j < 0); P(theta_1<0)=0.5000000542, P(theta_1>=0)=0.4999999458; quadgk abs. errors 1.5e-13, 7.6e-14",NaN
NaN,10,562,0.0009765626057635943,NaN,mridges,"orthants by coordinate sign (bit j-1 set <=> theta_j < 0); P(theta_1<0)=0.5000000542, P(theta_1>=0)=0.4999999458; quadgk abs. errors 1.5e-13, 7.6e-14",NaN
NaN,10,563,0.0009765623942364058,NaN,mridges,"orthants by coordinate sign (bit j-1 set <=> theta_j < 0); P(theta_1<0)=0.5000000542, P(theta_1>=0)=0.4999999458; quadgk abs. errors 1.5e-13, 7.6e-14",NaN
NaN,10,564,0.0009765626057635943,NaN,mridges,"orthants by coordinate sign (bit j-1 set <=> theta_j < 0); P(theta_1<0)=0.5000000542, P(theta_1>=0)=0.4999999458; quadgk abs. errors 1.5e-13, 7.6e-14",NaN
NaN,10,565,0.0009765623942364058,NaN,mridges,"orthants by coordinate sign (bit j-1 set <=> theta_j < 0); P(theta_1<0)=0.5000000542, P(theta_1>=0)=0.4999999458; quadgk abs. errors 1.5e-13, 7.6e-14",NaN
NaN,10,566,0.0009765626057635943,NaN,mridges,"orthants by coordinate sign (bit j-1 set <=> theta_j < 0); P(theta_1<0)=0.5000000542, P(theta_1>=0)=0.4999999458; quadgk abs. errors 1.5e-13, 7.6e-14",NaN
NaN,10,567,0.0009765623942364058,NaN,mridges,"orthants by coordinate sign (bit j-1 set <=> theta_j < 0); P(theta_1<0)=0.5000000542, P(theta_1>=0)=0.4999999458; quadgk abs. errors 1.5e-13, 7.6e-14",NaN
NaN,10,568,0.0009765626057635943,NaN,mridges,"orthants by coordinate sign (bit j-1 set <=> theta_j < 0); P(theta_1<0)=0.5000000542, P(theta_1>=0)=0.4999999458; quadgk abs. errors 1.5e-13, 7.6e-14",NaN
NaN,10,569,0.0009765623942364058,NaN,mridges,"orthants by coordinate sign (bit j-1 set <=> theta_j < 0); P(theta_1<0)=0.5000000542, P(theta_1>=0)=0.4999999458; quadgk abs. errors 1.5e-13, 7.6e-14",NaN
NaN,10,570,0.0009765626057635943,NaN,mridges,"orthants by coordinate sign (bit j-1 set <=> theta_j < 0); P(theta_1<0)=0.5000000542, P(theta_1>=0)=0.4999999458; quadgk abs. errors 1.5e-13, 7.6e-14",NaN
NaN,10,571,0.0009765623942364058,NaN,mridges,"orthants by coordinate sign (bit j-1 set <=> theta_j < 0); P(theta_1<0)=0.5000000542, P(theta_1>=0)=0.4999999458; quadgk abs. errors 1.5e-13, 7.6e-14",NaN
NaN,10,572,0.0009765626057635943,NaN,mridges,"orthants by coordinate sign (bit j-1 set <=> theta_j < 0); P(theta_1<0)=0.5000000542, P(theta_1>=0)=0.4999999458; quadgk abs. errors 1.5e-13, 7.6e-14",NaN
NaN,10,573,0.0009765623942364058,NaN,mridges,"orthants by coordinate sign (bit j-1 set <=> theta_j < 0); P(theta_1<0)=0.5000000542, P(theta_1>=0)=0.4999999458; quadgk abs. errors 1.5e-13, 7.6e-14",NaN
NaN,10,574,0.0009765626057635943,NaN,mridges,"orthants by coordinate sign (bit j-1 set <=> theta_j < 0); P(theta_1<0)=0.5000000542, P(theta_1>=0)=0.4999999458; quadgk abs. errors 1.5e-13, 7.6e-14",NaN
NaN,10,575,0.0009765623942364058,NaN,mridges,"orthants by coordinate sign (bit j-1 set <=> theta_j < 0); P(theta_1<0)=0.5000000542, P(theta_1>=0)=0.4999999458; quadgk abs. errors 1.5e-13, 7.6e-14",NaN
NaN,10,576,0.0009765626057635943,NaN,mridges,"orthants by coordinate sign (bit j-1 set <=> theta_j < 0); P(theta_1<0)=0.5000000542, P(theta_1>=0)=0.4999999458; quadgk abs. errors 1.5e-13, 7.6e-14",NaN
NaN,10,577,0.0009765623942364058,NaN,mridges,"orthants by coordinate sign (bit j-1 set <=> theta_j < 0); P(theta_1<0)=0.5000000542, P(theta_1>=0)=0.4999999458; quadgk abs. errors 1.5e-13, 7.6e-14",NaN
NaN,10,578,0.0009765626057635943,NaN,mridges,"orthants by coordinate sign (bit j-1 set <=> theta_j < 0); P(theta_1<0)=0.5000000542, P(theta_1>=0)=0.4999999458; quadgk abs. errors 1.5e-13, 7.6e-14",NaN
NaN,10,579,0.0009765623942364058,NaN,mridges,"orthants by coordinate sign (bit j-1 set <=> theta_j < 0); P(theta_1<0)=0.5000000542, P(theta_1>=0)=0.4999999458; quadgk abs. errors 1.5e-13, 7.6e-14",NaN
NaN,10,580,0.0009765626057635943,NaN,mridges,"orthants by coordinate sign (bit j-1 set <=> theta_j < 0); P(theta_1<0)=0.5000000542, P(theta_1>=0)=0.4999999458; quadgk abs. errors 1.5e-13, 7.6e-14",NaN
NaN,10,581,0.0009765623942364058,NaN,mridges,"orthants by coordinate sign (bit j-1 set <=> theta_j < 0); P(theta_1<0)=0.5000000542, P(theta_1>=0)=0.4999999458; quadgk abs. errors 1.5e-13, 7.6e-14",NaN
NaN,10,582,0.0009765626057635943,NaN,mridges,"orthants by coordinate sign (bit j-1 set <=> theta_j < 0); P(theta_1<0)=0.5000000542, P(theta_1>=0)=0.4999999458; quadgk abs. errors 1.5e-13, 7.6e-14",NaN
NaN,10,583,0.0009765623942364058,NaN,mridges,"orthants by coordinate sign (bit j-1 set <=> theta_j < 0); P(theta_1<0)=0.5000000542, P(theta_1>=0)=0.4999999458; quadgk abs. errors 1.5e-13, 7.6e-14",NaN
NaN,10,584,0.0009765626057635943,NaN,mridges,"orthants by coordinate sign (bit j-1 set <=> theta_j < 0); P(theta_1<0)=0.5000000542, P(theta_1>=0)=0.4999999458; quadgk abs. errors 1.5e-13, 7.6e-14",NaN
NaN,10,585,0.0009765623942364058,NaN,mridges,"orthants by coordinate sign (bit j-1 set <=> theta_j < 0); P(theta_1<0)=0.5000000542, P(theta_1>=0)=0.4999999458; quadgk abs. errors 1.5e-13, 7.6e-14",NaN
NaN,10,586,0.0009765626057635943,NaN,mridges,"orthants by coordinate sign (bit j-1 set <=> theta_j < 0); P(theta_1<0)=0.5000000542, P(theta_1>=0)=0.4999999458; quadgk abs. errors 1.5e-13, 7.6e-14",NaN
NaN,10,587,0.0009765623942364058,NaN,mridges,"orthants by coordinate sign (bit j-1 set <=> theta_j < 0); P(theta_1<0)=0.5000000542, P(theta_1>=0)=0.4999999458; quadgk abs. errors 1.5e-13, 7.6e-14",NaN
NaN,10,588,0.0009765626057635943,NaN,mridges,"orthants by coordinate sign (bit j-1 set <=> theta_j < 0); P(theta_1<0)=0.5000000542, P(theta_1>=0)=0.4999999458; quadgk abs. errors 1.5e-13, 7.6e-14",NaN
NaN,10,589,0.0009765623942364058,NaN,mridges,"orthants by coordinate sign (bit j-1 set <=> theta_j < 0); P(theta_1<0)=0.5000000542, P(theta_1>=0)=0.4999999458; quadgk abs. errors 1.5e-13, 7.6e-14",NaN
NaN,10,590,0.0009765626057635943,NaN,mridges,"orthants by coordinate sign (bit j-1 set <=> theta_j < 0); P(theta_1<0)=0.5000000542, P(theta_1>=0)=0.4999999458; quadgk abs. errors 1.5e-13, 7.6e-14",NaN
NaN,10,591,0.0009765623942364058,NaN,mridges,"orthants by coordinate sign (bit j-1 set <=> theta_j < 0); P(theta_1<0)=0.5000000542, P(theta_1>=0)=0.4999999458; quadgk abs. errors 1.5e-13, 7.6e-14",NaN
NaN,10,592,0.0009765626057635943,NaN,mridges,"orthants by coordinate sign (bit j-1 set <=> theta_j < 0); P(theta_1<0)=0.5000000542, P(theta_1>=0)=0.4999999458; quadgk abs. errors 1.5e-13, 7.6e-14",NaN
NaN,10,593,0.0009765623942364058,NaN,mridges,"orthants by coordinate sign (bit j-1 set <=> theta_j < 0); P(theta_1<0)=0.5000000542, P(theta_1>=0)=0.4999999458; quadgk abs. errors 1.5e-13, 7.6e-14",NaN
NaN,10,594,0.0009765626057635943,NaN,mridges,"orthants by coordinate sign (bit j-1 set <=> theta_j < 0); P(theta_1<0)=0.5000000542, P(theta_1>=0)=0.4999999458; quadgk abs. errors 1.5e-13, 7.6e-14",NaN
NaN,10,595,0.0009765623942364058,NaN,mridges,"orthants by coordinate sign (bit j-1 set <=> theta_j < 0); P(theta_1<0)=0.5000000542, P(theta_1>=0)=0.4999999458; quadgk abs. errors 1.5e-13, 7.6e-14",NaN
NaN,10,596,0.0009765626057635943,NaN,mridges,"orthants by coordinate sign (bit j-1 set <=> theta_j < 0); P(theta_1<0)=0.5000000542, P(theta_1>=0)=0.4999999458; quadgk abs. errors 1.5e-13, 7.6e-14",NaN
NaN,10,597,0.0009765623942364058,NaN,mridges,"orthants by coordinate sign (bit j-1 set <=> theta_j < 0); P(theta_1<0)=0.5000000542, P(theta_1>=0)=0.4999999458; quadgk abs. errors 1.5e-13, 7.6e-14",NaN
NaN,10,598,0.0009765626057635943,NaN,mridges,"orthants by coordinate sign (bit j-1 set <=> theta_j < 0); P(theta_1<0)=0.5000000542, P(theta_1>=0)=0.4999999458; quadgk abs. errors 1.5e-13, 7.6e-14",NaN
NaN,10,599,0.0009765623942364058,NaN,mridges,"orthants by coordinate sign (bit j-1 set <=> theta_j < 0); P(theta_1<0)=0.5000000542, P(theta_1>=0)=0.4999999458; quadgk abs. errors 1.5e-13, 7.6e-14",NaN
NaN,10,600,0.0009765626057635943,NaN,mridges,"orthants by coordinate sign (bit j-1 set <=> theta_j < 0); P(theta_1<0)=0.5000000542, P(theta_1>=0)=0.4999999458; quadgk abs. errors 1.5e-13, 7.6e-14",NaN
NaN,10,601,0.0009765623942364058,NaN,mridges,"orthants by coordinate sign (bit j-1 set <=> theta_j < 0); P(theta_1<0)=0.5000000542, P(theta_1>=0)=0.4999999458; quadgk abs. errors 1.5e-13, 7.6e-14",NaN
NaN,10,602,0.0009765626057635943,NaN,mridges,"orthants by coordinate sign (bit j-1 set <=> theta_j < 0); P(theta_1<0)=0.5000000542, P(theta_1>=0)=0.4999999458; quadgk abs. errors 1.5e-13, 7.6e-14",NaN
NaN,10,603,0.0009765623942364058,NaN,mridges,"orthants by coordinate sign (bit j-1 set <=> theta_j < 0); P(theta_1<0)=0.5000000542, P(theta_1>=0)=0.4999999458; quadgk abs. errors 1.5e-13, 7.6e-14",NaN
NaN,10,604,0.0009765626057635943,NaN,mridges,"orthants by coordinate sign (bit j-1 set <=> theta_j < 0); P(theta_1<0)=0.5000000542, P(theta_1>=0)=0.4999999458; quadgk abs. errors 1.5e-13, 7.6e-14",NaN
NaN,10,605,0.0009765623942364058,NaN,mridges,"orthants by coordinate sign (bit j-1 set <=> theta_j < 0); P(theta_1<0)=0.5000000542, P(theta_1>=0)=0.4999999458; quadgk abs. errors 1.5e-13, 7.6e-14",NaN
NaN,10,606,0.0009765626057635943,NaN,mridges,"orthants by coordinate sign (bit j-1 set <=> theta_j < 0); P(theta_1<0)=0.5000000542, P(theta_1>=0)=0.4999999458; quadgk abs. errors 1.5e-13, 7.6e-14",NaN
NaN,10,607,0.0009765623942364058,NaN,mridges,"orthants by coordinate sign (bit j-1 set <=> theta_j < 0); P(theta_1<0)=0.5000000542, P(theta_1>=0)=0.4999999458; quadgk abs. errors 1.5e-13, 7.6e-14",NaN
NaN,10,608,0.0009765626057635943,NaN,mridges,"orthants by coordinate sign (bit j-1 set <=> theta_j < 0); P(theta_1<0)=0.5000000542, P(theta_1>=0)=0.4999999458; quadgk abs. errors 1.5e-13, 7.6e-14",NaN
NaN,10,609,0.0009765623942364058,NaN,mridges,"orthants by coordinate sign (bit j-1 set <=> theta_j < 0); P(theta_1<0)=0.5000000542, P(theta_1>=0)=0.4999999458; quadgk abs. errors 1.5e-13, 7.6e-14",NaN
NaN,10,610,0.0009765626057635943,NaN,mridges,"orthants by coordinate sign (bit j-1 set <=> theta_j < 0); P(theta_1<0)=0.5000000542, P(theta_1>=0)=0.4999999458; quadgk abs. errors 1.5e-13, 7.6e-14",NaN
NaN,10,611,0.0009765623942364058,NaN,mridges,"orthants by coordinate sign (bit j-1 set <=> theta_j < 0); P(theta_1<0)=0.5000000542, P(theta_1>=0)=0.4999999458; quadgk abs. errors 1.5e-13, 7.6e-14",NaN
NaN,10,612,0.0009765626057635943,NaN,mridges,"orthants by coordinate sign (bit j-1 set <=> theta_j < 0); P(theta_1<0)=0.5000000542, P(theta_1>=0)=0.4999999458; quadgk abs. errors 1.5e-13, 7.6e-14",NaN
NaN,10,613,0.0009765623942364058,NaN,mridges,"orthants by coordinate sign (bit j-1 set <=> theta_j < 0); P(theta_1<0)=0.5000000542, P(theta_1>=0)=0.4999999458; quadgk abs. errors 1.5e-13, 7.6e-14",NaN
NaN,10,614,0.0009765626057635943,NaN,mridges,"orthants by coordinate sign (bit j-1 set <=> theta_j < 0); P(theta_1<0)=0.5000000542, P(theta_1>=0)=0.4999999458; quadgk abs. errors 1.5e-13, 7.6e-14",NaN
NaN,10,615,0.0009765623942364058,NaN,mridges,"orthants by coordinate sign (bit j-1 set <=> theta_j < 0); P(theta_1<0)=0.5000000542, P(theta_1>=0)=0.4999999458; quadgk abs. errors 1.5e-13, 7.6e-14",NaN
NaN,10,616,0.0009765626057635943,NaN,mridges,"orthants by coordinate sign (bit j-1 set <=> theta_j < 0); P(theta_1<0)=0.5000000542, P(theta_1>=0)=0.4999999458; quadgk abs. errors 1.5e-13, 7.6e-14",NaN
NaN,10,617,0.0009765623942364058,NaN,mridges,"orthants by coordinate sign (bit j-1 set <=> theta_j < 0); P(theta_1<0)=0.5000000542, P(theta_1>=0)=0.4999999458; quadgk abs. errors 1.5e-13, 7.6e-14",NaN
NaN,10,618,0.0009765626057635943,NaN,mridges,"orthants by coordinate sign (bit j-1 set <=> theta_j < 0); P(theta_1<0)=0.5000000542, P(theta_1>=0)=0.4999999458; quadgk abs. errors 1.5e-13, 7.6e-14",NaN
NaN,10,619,0.0009765623942364058,NaN,mridges,"orthants by coordinate sign (bit j-1 set <=> theta_j < 0); P(theta_1<0)=0.5000000542, P(theta_1>=0)=0.4999999458; quadgk abs. errors 1.5e-13, 7.6e-14",NaN
NaN,10,620,0.0009765626057635943,NaN,mridges,"orthants by coordinate sign (bit j-1 set <=> theta_j < 0); P(theta_1<0)=0.5000000542, P(theta_1>=0)=0.4999999458; quadgk abs. errors 1.5e-13, 7.6e-14",NaN
NaN,10,621,0.0009765623942364058,NaN,mridges,"orthants by coordinate sign (bit j-1 set <=> theta_j < 0); P(theta_1<0)=0.5000000542, P(theta_1>=0)=0.4999999458; quadgk abs. errors 1.5e-13, 7.6e-14",NaN
NaN,10,622,0.0009765626057635943,NaN,mridges,"orthants by coordinate sign (bit j-1 set <=> theta_j < 0); P(theta_1<0)=0.5000000542, P(theta_1>=0)=0.4999999458; quadgk abs. errors 1.5e-13, 7.6e-14",NaN
NaN,10,623,0.0009765623942364058,NaN,mridges,"orthants by coordinate sign (bit j-1 set <=> theta_j < 0); P(theta_1<0)=0.5000000542, P(theta_1>=0)=0.4999999458; quadgk abs. errors 1.5e-13, 7.6e-14",NaN
NaN,10,624,0.0009765626057635943,NaN,mridges,"orthants by coordinate sign (bit j-1 set <=> theta_j < 0); P(theta_1<0)=0.5000000542, P(theta_1>=0)=0.4999999458; quadgk abs. errors 1.5e-13, 7.6e-14",NaN
NaN,10,625,0.0009765623942364058,NaN,mridges,"orthants by coordinate sign (bit j-1 set <=> theta_j < 0); P(theta_1<0)=0.5000000542, P(theta_1>=0)=0.4999999458; quadgk abs. errors 1.5e-13, 7.6e-14",NaN
NaN,10,626,0.0009765626057635943,NaN,mridges,"orthants by coordinate sign (bit j-1 set <=> theta_j < 0); P(theta_1<0)=0.5000000542, P(theta_1>=0)=0.4999999458; quadgk abs. errors 1.5e-13, 7.6e-14",NaN
NaN,10,627,0.0009765623942364058,NaN,mridges,"orthants by coordinate sign (bit j-1 set <=> theta_j < 0); P(theta_1<0)=0.5000000542, P(theta_1>=0)=0.4999999458; quadgk abs. errors 1.5e-13, 7.6e-14",NaN
NaN,10,628,0.0009765626057635943,NaN,mridges,"orthants by coordinate sign (bit j-1 set <=> theta_j < 0); P(theta_1<0)=0.5000000542, P(theta_1>=0)=0.4999999458; quadgk abs. errors 1.5e-13, 7.6e-14",NaN
NaN,10,629,0.0009765623942364058,NaN,mridges,"orthants by coordinate sign (bit j-1 set <=> theta_j < 0); P(theta_1<0)=0.5000000542, P(theta_1>=0)=0.4999999458; quadgk abs. errors 1.5e-13, 7.6e-14",NaN
NaN,10,630,0.0009765626057635943,NaN,mridges,"orthants by coordinate sign (bit j-1 set <=> theta_j < 0); P(theta_1<0)=0.5000000542, P(theta_1>=0)=0.4999999458; quadgk abs. errors 1.5e-13, 7.6e-14",NaN
NaN,10,631,0.0009765623942364058,NaN,mridges,"orthants by coordinate sign (bit j-1 set <=> theta_j < 0); P(theta_1<0)=0.5000000542, P(theta_1>=0)=0.4999999458; quadgk abs. errors 1.5e-13, 7.6e-14",NaN
NaN,10,632,0.0009765626057635943,NaN,mridges,"orthants by coordinate sign (bit j-1 set <=> theta_j < 0); P(theta_1<0)=0.5000000542, P(theta_1>=0)=0.4999999458; quadgk abs. errors 1.5e-13, 7.6e-14",NaN
NaN,10,633,0.0009765623942364058,NaN,mridges,"orthants by coordinate sign (bit j-1 set <=> theta_j < 0); P(theta_1<0)=0.5000000542, P(theta_1>=0)=0.4999999458; quadgk abs. errors 1.5e-13, 7.6e-14",NaN
NaN,10,634,0.0009765626057635943,NaN,mridges,"orthants by coordinate sign (bit j-1 set <=> theta_j < 0); P(theta_1<0)=0.5000000542, P(theta_1>=0)=0.4999999458; quadgk abs. errors 1.5e-13, 7.6e-14",NaN
NaN,10,635,0.0009765623942364058,NaN,mridges,"orthants by coordinate sign (bit j-1 set <=> theta_j < 0); P(theta_1<0)=0.5000000542, P(theta_1>=0)=0.4999999458; quadgk abs. errors 1.5e-13, 7.6e-14",NaN
NaN,10,636,0.0009765626057635943,NaN,mridges,"orthants by coordinate sign (bit j-1 set <=> theta_j < 0); P(theta_1<0)=0.5000000542, P(theta_1>=0)=0.4999999458; quadgk abs. errors 1.5e-13, 7.6e-14",NaN
NaN,10,637,0.0009765623942364058,NaN,mridges,"orthants by coordinate sign (bit j-1 set <=> theta_j < 0); P(theta_1<0)=0.5000000542, P(theta_1>=0)=0.4999999458; quadgk abs. errors 1.5e-13, 7.6e-14",NaN
NaN,10,638,0.0009765626057635943,NaN,mridges,"orthants by coordinate sign (bit j-1 set <=> theta_j < 0); P(theta_1<0)=0.5000000542, P(theta_1>=0)=0.4999999458; quadgk abs. errors 1.5e-13, 7.6e-14",NaN
NaN,10,639,0.0009765623942364058,NaN,mridges,"orthants by coordinate sign (bit j-1 set <=> theta_j < 0); P(theta_1<0)=0.5000000542, P(theta_1>=0)=0.4999999458; quadgk abs. errors 1.5e-13, 7.6e-14",NaN
NaN,10,640,0.0009765626057635943,NaN,mridges,"orthants by coordinate sign (bit j-1 set <=> theta_j < 0); P(theta_1<0)=0.5000000542, P(theta_1>=0)=0.4999999458; quadgk abs. errors 1.5e-13, 7.6e-14",NaN
NaN,10,641,0.0009765623942364058,NaN,mridges,"orthants by coordinate sign (bit j-1 set <=> theta_j < 0); P(theta_1<0)=0.5000000542, P(theta_1>=0)=0.4999999458; quadgk abs. errors 1.5e-13, 7.6e-14",NaN
NaN,10,642,0.0009765626057635943,NaN,mridges,"orthants by coordinate sign (bit j-1 set <=> theta_j < 0); P(theta_1<0)=0.5000000542, P(theta_1>=0)=0.4999999458; quadgk abs. errors 1.5e-13, 7.6e-14",NaN
NaN,10,643,0.0009765623942364058,NaN,mridges,"orthants by coordinate sign (bit j-1 set <=> theta_j < 0); P(theta_1<0)=0.5000000542, P(theta_1>=0)=0.4999999458; quadgk abs. errors 1.5e-13, 7.6e-14",NaN
NaN,10,644,0.0009765626057635943,NaN,mridges,"orthants by coordinate sign (bit j-1 set <=> theta_j < 0); P(theta_1<0)=0.5000000542, P(theta_1>=0)=0.4999999458; quadgk abs. errors 1.5e-13, 7.6e-14",NaN
NaN,10,645,0.0009765623942364058,NaN,mridges,"orthants by coordinate sign (bit j-1 set <=> theta_j < 0); P(theta_1<0)=0.5000000542, P(theta_1>=0)=0.4999999458; quadgk abs. errors 1.5e-13, 7.6e-14",NaN
NaN,10,646,0.0009765626057635943,NaN,mridges,"orthants by coordinate sign (bit j-1 set <=> theta_j < 0); P(theta_1<0)=0.5000000542, P(theta_1>=0)=0.4999999458; quadgk abs. errors 1.5e-13, 7.6e-14",NaN
NaN,10,647,0.0009765623942364058,NaN,mridges,"orthants by coordinate sign (bit j-1 set <=> theta_j < 0); P(theta_1<0)=0.5000000542, P(theta_1>=0)=0.4999999458; quadgk abs. errors 1.5e-13, 7.6e-14",NaN
NaN,10,648,0.0009765626057635943,NaN,mridges,"orthants by coordinate sign (bit j-1 set <=> theta_j < 0); P(theta_1<0)=0.5000000542, P(theta_1>=0)=0.4999999458; quadgk abs. errors 1.5e-13, 7.6e-14",NaN
NaN,10,649,0.0009765623942364058,NaN,mridges,"orthants by coordinate sign (bit j-1 set <=> theta_j < 0); P(theta_1<0)=0.5000000542, P(theta_1>=0)=0.4999999458; quadgk abs. errors 1.5e-13, 7.6e-14",NaN
NaN,10,650,0.0009765626057635943,NaN,mridges,"orthants by coordinate sign (bit j-1 set <=> theta_j < 0); P(theta_1<0)=0.5000000542, P(theta_1>=0)=0.4999999458; quadgk abs. errors 1.5e-13, 7.6e-14",NaN
NaN,10,651,0.0009765623942364058,NaN,mridges,"orthants by coordinate sign (bit j-1 set <=> theta_j < 0); P(theta_1<0)=0.5000000542, P(theta_1>=0)=0.4999999458; quadgk abs. errors 1.5e-13, 7.6e-14",NaN
NaN,10,652,0.0009765626057635943,NaN,mridges,"orthants by coordinate sign (bit j-1 set <=> theta_j < 0); P(theta_1<0)=0.5000000542, P(theta_1>=0)=0.4999999458; quadgk abs. errors 1.5e-13, 7.6e-14",NaN
NaN,10,653,0.0009765623942364058,NaN,mridges,"orthants by coordinate sign (bit j-1 set <=> theta_j < 0); P(theta_1<0)=0.5000000542, P(theta_1>=0)=0.4999999458; quadgk abs. errors 1.5e-13, 7.6e-14",NaN
NaN,10,654,0.0009765626057635943,NaN,mridges,"orthants by coordinate sign (bit j-1 set <=> theta_j < 0); P(theta_1<0)=0.5000000542, P(theta_1>=0)=0.4999999458; quadgk abs. errors 1.5e-13, 7.6e-14",NaN
NaN,10,655,0.0009765623942364058,NaN,mridges,"orthants by coordinate sign (bit j-1 set <=> theta_j < 0); P(theta_1<0)=0.5000000542, P(theta_1>=0)=0.4999999458; quadgk abs. errors 1.5e-13, 7.6e-14",NaN
NaN,10,656,0.0009765626057635943,NaN,mridges,"orthants by coordinate sign (bit j-1 set <=> theta_j < 0); P(theta_1<0)=0.5000000542, P(theta_1>=0)=0.4999999458; quadgk abs. errors 1.5e-13, 7.6e-14",NaN
NaN,10,657,0.0009765623942364058,NaN,mridges,"orthants by coordinate sign (bit j-1 set <=> theta_j < 0); P(theta_1<0)=0.5000000542, P(theta_1>=0)=0.4999999458; quadgk abs. errors 1.5e-13, 7.6e-14",NaN
NaN,10,658,0.0009765626057635943,NaN,mridges,"orthants by coordinate sign (bit j-1 set <=> theta_j < 0); P(theta_1<0)=0.5000000542, P(theta_1>=0)=0.4999999458; quadgk abs. errors 1.5e-13, 7.6e-14",NaN
NaN,10,659,0.0009765623942364058,NaN,mridges,"orthants by coordinate sign (bit j-1 set <=> theta_j < 0); P(theta_1<0)=0.5000000542, P(theta_1>=0)=0.4999999458; quadgk abs. errors 1.5e-13, 7.6e-14",NaN
NaN,10,660,0.0009765626057635943,NaN,mridges,"orthants by coordinate sign (bit j-1 set <=> theta_j < 0); P(theta_1<0)=0.5000000542, P(theta_1>=0)=0.4999999458; quadgk abs. errors 1.5e-13, 7.6e-14",NaN
NaN,10,661,0.0009765623942364058,NaN,mridges,"orthants by coordinate sign (bit j-1 set <=> theta_j < 0); P(theta_1<0)=0.5000000542, P(theta_1>=0)=0.4999999458; quadgk abs. errors 1.5e-13, 7.6e-14",NaN
NaN,10,662,0.0009765626057635943,NaN,mridges,"orthants by coordinate sign (bit j-1 set <=> theta_j < 0); P(theta_1<0)=0.5000000542, P(theta_1>=0)=0.4999999458; quadgk abs. errors 1.5e-13, 7.6e-14",NaN
NaN,10,663,0.0009765623942364058,NaN,mridges,"orthants by coordinate sign (bit j-1 set <=> theta_j < 0); P(theta_1<0)=0.5000000542, P(theta_1>=0)=0.4999999458; quadgk abs. errors 1.5e-13, 7.6e-14",NaN
NaN,10,664,0.0009765626057635943,NaN,mridges,"orthants by coordinate sign (bit j-1 set <=> theta_j < 0); P(theta_1<0)=0.5000000542, P(theta_1>=0)=0.4999999458; quadgk abs. errors 1.5e-13, 7.6e-14",NaN
NaN,10,665,0.0009765623942364058,NaN,mridges,"orthants by coordinate sign (bit j-1 set <=> theta_j < 0); P(theta_1<0)=0.5000000542, P(theta_1>=0)=0.4999999458; quadgk abs. errors 1.5e-13, 7.6e-14",NaN
NaN,10,666,0.0009765626057635943,NaN,mridges,"orthants by coordinate sign (bit j-1 set <=> theta_j < 0); P(theta_1<0)=0.5000000542, P(theta_1>=0)=0.4999999458; quadgk abs. errors 1.5e-13, 7.6e-14",NaN
NaN,10,667,0.0009765623942364058,NaN,mridges,"orthants by coordinate sign (bit j-1 set <=> theta_j < 0); P(theta_1<0)=0.5000000542, P(theta_1>=0)=0.4999999458; quadgk abs. errors 1.5e-13, 7.6e-14",NaN
NaN,10,668,0.0009765626057635943,NaN,mridges,"orthants by coordinate sign (bit j-1 set <=> theta_j < 0); P(theta_1<0)=0.5000000542, P(theta_1>=0)=0.4999999458; quadgk abs. errors 1.5e-13, 7.6e-14",NaN
NaN,10,669,0.0009765623942364058,NaN,mridges,"orthants by coordinate sign (bit j-1 set <=> theta_j < 0); P(theta_1<0)=0.5000000542, P(theta_1>=0)=0.4999999458; quadgk abs. errors 1.5e-13, 7.6e-14",NaN
NaN,10,670,0.0009765626057635943,NaN,mridges,"orthants by coordinate sign (bit j-1 set <=> theta_j < 0); P(theta_1<0)=0.5000000542, P(theta_1>=0)=0.4999999458; quadgk abs. errors 1.5e-13, 7.6e-14",NaN
NaN,10,671,0.0009765623942364058,NaN,mridges,"orthants by coordinate sign (bit j-1 set <=> theta_j < 0); P(theta_1<0)=0.5000000542, P(theta_1>=0)=0.4999999458; quadgk abs. errors 1.5e-13, 7.6e-14",NaN
NaN,10,672,0.0009765626057635943,NaN,mridges,"orthants by coordinate sign (bit j-1 set <=> theta_j < 0); P(theta_1<0)=0.5000000542, P(theta_1>=0)=0.4999999458; quadgk abs. errors 1.5e-13, 7.6e-14",NaN
NaN,10,673,0.0009765623942364058,NaN,mridges,"orthants by coordinate sign (bit j-1 set <=> theta_j < 0); P(theta_1<0)=0.5000000542, P(theta_1>=0)=0.4999999458; quadgk abs. errors 1.5e-13, 7.6e-14",NaN
NaN,10,674,0.0009765626057635943,NaN,mridges,"orthants by coordinate sign (bit j-1 set <=> theta_j < 0); P(theta_1<0)=0.5000000542, P(theta_1>=0)=0.4999999458; quadgk abs. errors 1.5e-13, 7.6e-14",NaN
NaN,10,675,0.0009765623942364058,NaN,mridges,"orthants by coordinate sign (bit j-1 set <=> theta_j < 0); P(theta_1<0)=0.5000000542, P(theta_1>=0)=0.4999999458; quadgk abs. errors 1.5e-13, 7.6e-14",NaN
NaN,10,676,0.0009765626057635943,NaN,mridges,"orthants by coordinate sign (bit j-1 set <=> theta_j < 0); P(theta_1<0)=0.5000000542, P(theta_1>=0)=0.4999999458; quadgk abs. errors 1.5e-13, 7.6e-14",NaN
NaN,10,677,0.0009765623942364058,NaN,mridges,"orthants by coordinate sign (bit j-1 set <=> theta_j < 0); P(theta_1<0)=0.5000000542, P(theta_1>=0)=0.4999999458; quadgk abs. errors 1.5e-13, 7.6e-14",NaN
NaN,10,678,0.0009765626057635943,NaN,mridges,"orthants by coordinate sign (bit j-1 set <=> theta_j < 0); P(theta_1<0)=0.5000000542, P(theta_1>=0)=0.4999999458; quadgk abs. errors 1.5e-13, 7.6e-14",NaN
NaN,10,679,0.0009765623942364058,NaN,mridges,"orthants by coordinate sign (bit j-1 set <=> theta_j < 0); P(theta_1<0)=0.5000000542, P(theta_1>=0)=0.4999999458; quadgk abs. errors 1.5e-13, 7.6e-14",NaN
NaN,10,680,0.0009765626057635943,NaN,mridges,"orthants by coordinate sign (bit j-1 set <=> theta_j < 0); P(theta_1<0)=0.5000000542, P(theta_1>=0)=0.4999999458; quadgk abs. errors 1.5e-13, 7.6e-14",NaN
NaN,10,681,0.0009765623942364058,NaN,mridges,"orthants by coordinate sign (bit j-1 set <=> theta_j < 0); P(theta_1<0)=0.5000000542, P(theta_1>=0)=0.4999999458; quadgk abs. errors 1.5e-13, 7.6e-14",NaN
NaN,10,682,0.0009765626057635943,NaN,mridges,"orthants by coordinate sign (bit j-1 set <=> theta_j < 0); P(theta_1<0)=0.5000000542, P(theta_1>=0)=0.4999999458; quadgk abs. errors 1.5e-13, 7.6e-14",NaN
NaN,10,683,0.0009765623942364058,NaN,mridges,"orthants by coordinate sign (bit j-1 set <=> theta_j < 0); P(theta_1<0)=0.5000000542, P(theta_1>=0)=0.4999999458; quadgk abs. errors 1.5e-13, 7.6e-14",NaN
NaN,10,684,0.0009765626057635943,NaN,mridges,"orthants by coordinate sign (bit j-1 set <=> theta_j < 0); P(theta_1<0)=0.5000000542, P(theta_1>=0)=0.4999999458; quadgk abs. errors 1.5e-13, 7.6e-14",NaN
NaN,10,685,0.0009765623942364058,NaN,mridges,"orthants by coordinate sign (bit j-1 set <=> theta_j < 0); P(theta_1<0)=0.5000000542, P(theta_1>=0)=0.4999999458; quadgk abs. errors 1.5e-13, 7.6e-14",NaN
NaN,10,686,0.0009765626057635943,NaN,mridges,"orthants by coordinate sign (bit j-1 set <=> theta_j < 0); P(theta_1<0)=0.5000000542, P(theta_1>=0)=0.4999999458; quadgk abs. errors 1.5e-13, 7.6e-14",NaN
NaN,10,687,0.0009765623942364058,NaN,mridges,"orthants by coordinate sign (bit j-1 set <=> theta_j < 0); P(theta_1<0)=0.5000000542, P(theta_1>=0)=0.4999999458; quadgk abs. errors 1.5e-13, 7.6e-14",NaN
NaN,10,688,0.0009765626057635943,NaN,mridges,"orthants by coordinate sign (bit j-1 set <=> theta_j < 0); P(theta_1<0)=0.5000000542, P(theta_1>=0)=0.4999999458; quadgk abs. errors 1.5e-13, 7.6e-14",NaN
NaN,10,689,0.0009765623942364058,NaN,mridges,"orthants by coordinate sign (bit j-1 set <=> theta_j < 0); P(theta_1<0)=0.5000000542, P(theta_1>=0)=0.4999999458; quadgk abs. errors 1.5e-13, 7.6e-14",NaN
NaN,10,690,0.0009765626057635943,NaN,mridges,"orthants by coordinate sign (bit j-1 set <=> theta_j < 0); P(theta_1<0)=0.5000000542, P(theta_1>=0)=0.4999999458; quadgk abs. errors 1.5e-13, 7.6e-14",NaN
NaN,10,691,0.0009765623942364058,NaN,mridges,"orthants by coordinate sign (bit j-1 set <=> theta_j < 0); P(theta_1<0)=0.5000000542, P(theta_1>=0)=0.4999999458; quadgk abs. errors 1.5e-13, 7.6e-14",NaN
NaN,10,692,0.0009765626057635943,NaN,mridges,"orthants by coordinate sign (bit j-1 set <=> theta_j < 0); P(theta_1<0)=0.5000000542, P(theta_1>=0)=0.4999999458; quadgk abs. errors 1.5e-13, 7.6e-14",NaN
NaN,10,693,0.0009765623942364058,NaN,mridges,"orthants by coordinate sign (bit j-1 set <=> theta_j < 0); P(theta_1<0)=0.5000000542, P(theta_1>=0)=0.4999999458; quadgk abs. errors 1.5e-13, 7.6e-14",NaN
NaN,10,694,0.0009765626057635943,NaN,mridges,"orthants by coordinate sign (bit j-1 set <=> theta_j < 0); P(theta_1<0)=0.5000000542, P(theta_1>=0)=0.4999999458; quadgk abs. errors 1.5e-13, 7.6e-14",NaN
NaN,10,695,0.0009765623942364058,NaN,mridges,"orthants by coordinate sign (bit j-1 set <=> theta_j < 0); P(theta_1<0)=0.5000000542, P(theta_1>=0)=0.4999999458; quadgk abs. errors 1.5e-13, 7.6e-14",NaN
NaN,10,696,0.0009765626057635943,NaN,mridges,"orthants by coordinate sign (bit j-1 set <=> theta_j < 0); P(theta_1<0)=0.5000000542, P(theta_1>=0)=0.4999999458; quadgk abs. errors 1.5e-13, 7.6e-14",NaN
NaN,10,697,0.0009765623942364058,NaN,mridges,"orthants by coordinate sign (bit j-1 set <=> theta_j < 0); P(theta_1<0)=0.5000000542, P(theta_1>=0)=0.4999999458; quadgk abs. errors 1.5e-13, 7.6e-14",NaN
NaN,10,698,0.0009765626057635943,NaN,mridges,"orthants by coordinate sign (bit j-1 set <=> theta_j < 0); P(theta_1<0)=0.5000000542, P(theta_1>=0)=0.4999999458; quadgk abs. errors 1.5e-13, 7.6e-14",NaN
NaN,10,699,0.0009765623942364058,NaN,mridges,"orthants by coordinate sign (bit j-1 set <=> theta_j < 0); P(theta_1<0)=0.5000000542, P(theta_1>=0)=0.4999999458; quadgk abs. errors 1.5e-13, 7.6e-14",NaN
NaN,10,700,0.0009765626057635943,NaN,mridges,"orthants by coordinate sign (bit j-1 set <=> theta_j < 0); P(theta_1<0)=0.5000000542, P(theta_1>=0)=0.4999999458; quadgk abs. errors 1.5e-13, 7.6e-14",NaN
NaN,10,701,0.0009765623942364058,NaN,mridges,"orthants by coordinate sign (bit j-1 set <=> theta_j < 0); P(theta_1<0)=0.5000000542, P(theta_1>=0)=0.4999999458; quadgk abs. errors 1.5e-13, 7.6e-14",NaN
NaN,10,702,0.0009765626057635943,NaN,mridges,"orthants by coordinate sign (bit j-1 set <=> theta_j < 0); P(theta_1<0)=0.5000000542, P(theta_1>=0)=0.4999999458; quadgk abs. errors 1.5e-13, 7.6e-14",NaN
NaN,10,703,0.0009765623942364058,NaN,mridges,"orthants by coordinate sign (bit j-1 set <=> theta_j < 0); P(theta_1<0)=0.5000000542, P(theta_1>=0)=0.4999999458; quadgk abs. errors 1.5e-13, 7.6e-14",NaN
NaN,10,704,0.0009765626057635943,NaN,mridges,"orthants by coordinate sign (bit j-1 set <=> theta_j < 0); P(theta_1<0)=0.5000000542, P(theta_1>=0)=0.4999999458; quadgk abs. errors 1.5e-13, 7.6e-14",NaN
NaN,10,705,0.0009765623942364058,NaN,mridges,"orthants by coordinate sign (bit j-1 set <=> theta_j < 0); P(theta_1<0)=0.5000000542, P(theta_1>=0)=0.4999999458; quadgk abs. errors 1.5e-13, 7.6e-14",NaN
NaN,10,706,0.0009765626057635943,NaN,mridges,"orthants by coordinate sign (bit j-1 set <=> theta_j < 0); P(theta_1<0)=0.5000000542, P(theta_1>=0)=0.4999999458; quadgk abs. errors 1.5e-13, 7.6e-14",NaN
NaN,10,707,0.0009765623942364058,NaN,mridges,"orthants by coordinate sign (bit j-1 set <=> theta_j < 0); P(theta_1<0)=0.5000000542, P(theta_1>=0)=0.4999999458; quadgk abs. errors 1.5e-13, 7.6e-14",NaN
NaN,10,708,0.0009765626057635943,NaN,mridges,"orthants by coordinate sign (bit j-1 set <=> theta_j < 0); P(theta_1<0)=0.5000000542, P(theta_1>=0)=0.4999999458; quadgk abs. errors 1.5e-13, 7.6e-14",NaN
NaN,10,709,0.0009765623942364058,NaN,mridges,"orthants by coordinate sign (bit j-1 set <=> theta_j < 0); P(theta_1<0)=0.5000000542, P(theta_1>=0)=0.4999999458; quadgk abs. errors 1.5e-13, 7.6e-14",NaN
NaN,10,710,0.0009765626057635943,NaN,mridges,"orthants by coordinate sign (bit j-1 set <=> theta_j < 0); P(theta_1<0)=0.5000000542, P(theta_1>=0)=0.4999999458; quadgk abs. errors 1.5e-13, 7.6e-14",NaN
NaN,10,711,0.0009765623942364058,NaN,mridges,"orthants by coordinate sign (bit j-1 set <=> theta_j < 0); P(theta_1<0)=0.5000000542, P(theta_1>=0)=0.4999999458; quadgk abs. errors 1.5e-13, 7.6e-14",NaN
NaN,10,712,0.0009765626057635943,NaN,mridges,"orthants by coordinate sign (bit j-1 set <=> theta_j < 0); P(theta_1<0)=0.5000000542, P(theta_1>=0)=0.4999999458; quadgk abs. errors 1.5e-13, 7.6e-14",NaN
NaN,10,713,0.0009765623942364058,NaN,mridges,"orthants by coordinate sign (bit j-1 set <=> theta_j < 0); P(theta_1<0)=0.5000000542, P(theta_1>=0)=0.4999999458; quadgk abs. errors 1.5e-13, 7.6e-14",NaN
NaN,10,714,0.0009765626057635943,NaN,mridges,"orthants by coordinate sign (bit j-1 set <=> theta_j < 0); P(theta_1<0)=0.5000000542, P(theta_1>=0)=0.4999999458; quadgk abs. errors 1.5e-13, 7.6e-14",NaN
NaN,10,715,0.0009765623942364058,NaN,mridges,"orthants by coordinate sign (bit j-1 set <=> theta_j < 0); P(theta_1<0)=0.5000000542, P(theta_1>=0)=0.4999999458; quadgk abs. errors 1.5e-13, 7.6e-14",NaN
NaN,10,716,0.0009765626057635943,NaN,mridges,"orthants by coordinate sign (bit j-1 set <=> theta_j < 0); P(theta_1<0)=0.5000000542, P(theta_1>=0)=0.4999999458; quadgk abs. errors 1.5e-13, 7.6e-14",NaN
NaN,10,717,0.0009765623942364058,NaN,mridges,"orthants by coordinate sign (bit j-1 set <=> theta_j < 0); P(theta_1<0)=0.5000000542, P(theta_1>=0)=0.4999999458; quadgk abs. errors 1.5e-13, 7.6e-14",NaN
NaN,10,718,0.0009765626057635943,NaN,mridges,"orthants by coordinate sign (bit j-1 set <=> theta_j < 0); P(theta_1<0)=0.5000000542, P(theta_1>=0)=0.4999999458; quadgk abs. errors 1.5e-13, 7.6e-14",NaN
NaN,10,719,0.0009765623942364058,NaN,mridges,"orthants by coordinate sign (bit j-1 set <=> theta_j < 0); P(theta_1<0)=0.5000000542, P(theta_1>=0)=0.4999999458; quadgk abs. errors 1.5e-13, 7.6e-14",NaN
NaN,10,720,0.0009765626057635943,NaN,mridges,"orthants by coordinate sign (bit j-1 set <=> theta_j < 0); P(theta_1<0)=0.5000000542, P(theta_1>=0)=0.4999999458; quadgk abs. errors 1.5e-13, 7.6e-14",NaN
NaN,10,721,0.0009765623942364058,NaN,mridges,"orthants by coordinate sign (bit j-1 set <=> theta_j < 0); P(theta_1<0)=0.5000000542, P(theta_1>=0)=0.4999999458; quadgk abs. errors 1.5e-13, 7.6e-14",NaN
NaN,10,722,0.0009765626057635943,NaN,mridges,"orthants by coordinate sign (bit j-1 set <=> theta_j < 0); P(theta_1<0)=0.5000000542, P(theta_1>=0)=0.4999999458; quadgk abs. errors 1.5e-13, 7.6e-14",NaN
NaN,10,723,0.0009765623942364058,NaN,mridges,"orthants by coordinate sign (bit j-1 set <=> theta_j < 0); P(theta_1<0)=0.5000000542, P(theta_1>=0)=0.4999999458; quadgk abs. errors 1.5e-13, 7.6e-14",NaN
NaN,10,724,0.0009765626057635943,NaN,mridges,"orthants by coordinate sign (bit j-1 set <=> theta_j < 0); P(theta_1<0)=0.5000000542, P(theta_1>=0)=0.4999999458; quadgk abs. errors 1.5e-13, 7.6e-14",NaN
NaN,10,725,0.0009765623942364058,NaN,mridges,"orthants by coordinate sign (bit j-1 set <=> theta_j < 0); P(theta_1<0)=0.5000000542, P(theta_1>=0)=0.4999999458; quadgk abs. errors 1.5e-13, 7.6e-14",NaN
NaN,10,726,0.0009765626057635943,NaN,mridges,"orthants by coordinate sign (bit j-1 set <=> theta_j < 0); P(theta_1<0)=0.5000000542, P(theta_1>=0)=0.4999999458; quadgk abs. errors 1.5e-13, 7.6e-14",NaN
NaN,10,727,0.0009765623942364058,NaN,mridges,"orthants by coordinate sign (bit j-1 set <=> theta_j < 0); P(theta_1<0)=0.5000000542, P(theta_1>=0)=0.4999999458; quadgk abs. errors 1.5e-13, 7.6e-14",NaN
NaN,10,728,0.0009765626057635943,NaN,mridges,"orthants by coordinate sign (bit j-1 set <=> theta_j < 0); P(theta_1<0)=0.5000000542, P(theta_1>=0)=0.4999999458; quadgk abs. errors 1.5e-13, 7.6e-14",NaN
NaN,10,729,0.0009765623942364058,NaN,mridges,"orthants by coordinate sign (bit j-1 set <=> theta_j < 0); P(theta_1<0)=0.5000000542, P(theta_1>=0)=0.4999999458; quadgk abs. errors 1.5e-13, 7.6e-14",NaN
NaN,10,730,0.0009765626057635943,NaN,mridges,"orthants by coordinate sign (bit j-1 set <=> theta_j < 0); P(theta_1<0)=0.5000000542, P(theta_1>=0)=0.4999999458; quadgk abs. errors 1.5e-13, 7.6e-14",NaN
NaN,10,731,0.0009765623942364058,NaN,mridges,"orthants by coordinate sign (bit j-1 set <=> theta_j < 0); P(theta_1<0)=0.5000000542, P(theta_1>=0)=0.4999999458; quadgk abs. errors 1.5e-13, 7.6e-14",NaN
NaN,10,732,0.0009765626057635943,NaN,mridges,"orthants by coordinate sign (bit j-1 set <=> theta_j < 0); P(theta_1<0)=0.5000000542, P(theta_1>=0)=0.4999999458; quadgk abs. errors 1.5e-13, 7.6e-14",NaN
NaN,10,733,0.0009765623942364058,NaN,mridges,"orthants by coordinate sign (bit j-1 set <=> theta_j < 0); P(theta_1<0)=0.5000000542, P(theta_1>=0)=0.4999999458; quadgk abs. errors 1.5e-13, 7.6e-14",NaN
NaN,10,734,0.0009765626057635943,NaN,mridges,"orthants by coordinate sign (bit j-1 set <=> theta_j < 0); P(theta_1<0)=0.5000000542, P(theta_1>=0)=0.4999999458; quadgk abs. errors 1.5e-13, 7.6e-14",NaN
NaN,10,735,0.0009765623942364058,NaN,mridges,"orthants by coordinate sign (bit j-1 set <=> theta_j < 0); P(theta_1<0)=0.5000000542, P(theta_1>=0)=0.4999999458; quadgk abs. errors 1.5e-13, 7.6e-14",NaN
NaN,10,736,0.0009765626057635943,NaN,mridges,"orthants by coordinate sign (bit j-1 set <=> theta_j < 0); P(theta_1<0)=0.5000000542, P(theta_1>=0)=0.4999999458; quadgk abs. errors 1.5e-13, 7.6e-14",NaN
NaN,10,737,0.0009765623942364058,NaN,mridges,"orthants by coordinate sign (bit j-1 set <=> theta_j < 0); P(theta_1<0)=0.5000000542, P(theta_1>=0)=0.4999999458; quadgk abs. errors 1.5e-13, 7.6e-14",NaN
NaN,10,738,0.0009765626057635943,NaN,mridges,"orthants by coordinate sign (bit j-1 set <=> theta_j < 0); P(theta_1<0)=0.5000000542, P(theta_1>=0)=0.4999999458; quadgk abs. errors 1.5e-13, 7.6e-14",NaN
NaN,10,739,0.0009765623942364058,NaN,mridges,"orthants by coordinate sign (bit j-1 set <=> theta_j < 0); P(theta_1<0)=0.5000000542, P(theta_1>=0)=0.4999999458; quadgk abs. errors 1.5e-13, 7.6e-14",NaN
NaN,10,740,0.0009765626057635943,NaN,mridges,"orthants by coordinate sign (bit j-1 set <=> theta_j < 0); P(theta_1<0)=0.5000000542, P(theta_1>=0)=0.4999999458; quadgk abs. errors 1.5e-13, 7.6e-14",NaN
NaN,10,741,0.0009765623942364058,NaN,mridges,"orthants by coordinate sign (bit j-1 set <=> theta_j < 0); P(theta_1<0)=0.5000000542, P(theta_1>=0)=0.4999999458; quadgk abs. errors 1.5e-13, 7.6e-14",NaN
NaN,10,742,0.0009765626057635943,NaN,mridges,"orthants by coordinate sign (bit j-1 set <=> theta_j < 0); P(theta_1<0)=0.5000000542, P(theta_1>=0)=0.4999999458; quadgk abs. errors 1.5e-13, 7.6e-14",NaN
NaN,10,743,0.0009765623942364058,NaN,mridges,"orthants by coordinate sign (bit j-1 set <=> theta_j < 0); P(theta_1<0)=0.5000000542, P(theta_1>=0)=0.4999999458; quadgk abs. errors 1.5e-13, 7.6e-14",NaN
NaN,10,744,0.0009765626057635943,NaN,mridges,"orthants by coordinate sign (bit j-1 set <=> theta_j < 0); P(theta_1<0)=0.5000000542, P(theta_1>=0)=0.4999999458; quadgk abs. errors 1.5e-13, 7.6e-14",NaN
NaN,10,745,0.0009765623942364058,NaN,mridges,"orthants by coordinate sign (bit j-1 set <=> theta_j < 0); P(theta_1<0)=0.5000000542, P(theta_1>=0)=0.4999999458; quadgk abs. errors 1.5e-13, 7.6e-14",NaN
NaN,10,746,0.0009765626057635943,NaN,mridges,"orthants by coordinate sign (bit j-1 set <=> theta_j < 0); P(theta_1<0)=0.5000000542, P(theta_1>=0)=0.4999999458; quadgk abs. errors 1.5e-13, 7.6e-14",NaN
NaN,10,747,0.0009765623942364058,NaN,mridges,"orthants by coordinate sign (bit j-1 set <=> theta_j < 0); P(theta_1<0)=0.5000000542, P(theta_1>=0)=0.4999999458; quadgk abs. errors 1.5e-13, 7.6e-14",NaN
NaN,10,748,0.0009765626057635943,NaN,mridges,"orthants by coordinate sign (bit j-1 set <=> theta_j < 0); P(theta_1<0)=0.5000000542, P(theta_1>=0)=0.4999999458; quadgk abs. errors 1.5e-13, 7.6e-14",NaN
NaN,10,749,0.0009765623942364058,NaN,mridges,"orthants by coordinate sign (bit j-1 set <=> theta_j < 0); P(theta_1<0)=0.5000000542, P(theta_1>=0)=0.4999999458; quadgk abs. errors 1.5e-13, 7.6e-14",NaN
NaN,10,750,0.0009765626057635943,NaN,mridges,"orthants by coordinate sign (bit j-1 set <=> theta_j < 0); P(theta_1<0)=0.5000000542, P(theta_1>=0)=0.4999999458; quadgk abs. errors 1.5e-13, 7.6e-14",NaN
NaN,10,751,0.0009765623942364058,NaN,mridges,"orthants by coordinate sign (bit j-1 set <=> theta_j < 0); P(theta_1<0)=0.5000000542, P(theta_1>=0)=0.4999999458; quadgk abs. errors 1.5e-13, 7.6e-14",NaN
NaN,10,752,0.0009765626057635943,NaN,mridges,"orthants by coordinate sign (bit j-1 set <=> theta_j < 0); P(theta_1<0)=0.5000000542, P(theta_1>=0)=0.4999999458; quadgk abs. errors 1.5e-13, 7.6e-14",NaN
NaN,10,753,0.0009765623942364058,NaN,mridges,"orthants by coordinate sign (bit j-1 set <=> theta_j < 0); P(theta_1<0)=0.5000000542, P(theta_1>=0)=0.4999999458; quadgk abs. errors 1.5e-13, 7.6e-14",NaN
NaN,10,754,0.0009765626057635943,NaN,mridges,"orthants by coordinate sign (bit j-1 set <=> theta_j < 0); P(theta_1<0)=0.5000000542, P(theta_1>=0)=0.4999999458; quadgk abs. errors 1.5e-13, 7.6e-14",NaN
NaN,10,755,0.0009765623942364058,NaN,mridges,"orthants by coordinate sign (bit j-1 set <=> theta_j < 0); P(theta_1<0)=0.5000000542, P(theta_1>=0)=0.4999999458; quadgk abs. errors 1.5e-13, 7.6e-14",NaN
NaN,10,756,0.0009765626057635943,NaN,mridges,"orthants by coordinate sign (bit j-1 set <=> theta_j < 0); P(theta_1<0)=0.5000000542, P(theta_1>=0)=0.4999999458; quadgk abs. errors 1.5e-13, 7.6e-14",NaN
NaN,10,757,0.0009765623942364058,NaN,mridges,"orthants by coordinate sign (bit j-1 set <=> theta_j < 0); P(theta_1<0)=0.5000000542, P(theta_1>=0)=0.4999999458; quadgk abs. errors 1.5e-13, 7.6e-14",NaN
NaN,10,758,0.0009765626057635943,NaN,mridges,"orthants by coordinate sign (bit j-1 set <=> theta_j < 0); P(theta_1<0)=0.5000000542, P(theta_1>=0)=0.4999999458; quadgk abs. errors 1.5e-13, 7.6e-14",NaN
NaN,10,759,0.0009765623942364058,NaN,mridges,"orthants by coordinate sign (bit j-1 set <=> theta_j < 0); P(theta_1<0)=0.5000000542, P(theta_1>=0)=0.4999999458; quadgk abs. errors 1.5e-13, 7.6e-14",NaN
NaN,10,760,0.0009765626057635943,NaN,mridges,"orthants by coordinate sign (bit j-1 set <=> theta_j < 0); P(theta_1<0)=0.5000000542, P(theta_1>=0)=0.4999999458; quadgk abs. errors 1.5e-13, 7.6e-14",NaN
NaN,10,761,0.0009765623942364058,NaN,mridges,"orthants by coordinate sign (bit j-1 set <=> theta_j < 0); P(theta_1<0)=0.5000000542, P(theta_1>=0)=0.4999999458; quadgk abs. errors 1.5e-13, 7.6e-14",NaN
NaN,10,762,0.0009765626057635943,NaN,mridges,"orthants by coordinate sign (bit j-1 set <=> theta_j < 0); P(theta_1<0)=0.5000000542, P(theta_1>=0)=0.4999999458; quadgk abs. errors 1.5e-13, 7.6e-14",NaN
NaN,10,763,0.0009765623942364058,NaN,mridges,"orthants by coordinate sign (bit j-1 set <=> theta_j < 0); P(theta_1<0)=0.5000000542, P(theta_1>=0)=0.4999999458; quadgk abs. errors 1.5e-13, 7.6e-14",NaN
NaN,10,764,0.0009765626057635943,NaN,mridges,"orthants by coordinate sign (bit j-1 set <=> theta_j < 0); P(theta_1<0)=0.5000000542, P(theta_1>=0)=0.4999999458; quadgk abs. errors 1.5e-13, 7.6e-14",NaN
NaN,10,765,0.0009765623942364058,NaN,mridges,"orthants by coordinate sign (bit j-1 set <=> theta_j < 0); P(theta_1<0)=0.5000000542, P(theta_1>=0)=0.4999999458; quadgk abs. errors 1.5e-13, 7.6e-14",NaN
NaN,10,766,0.0009765626057635943,NaN,mridges,"orthants by coordinate sign (bit j-1 set <=> theta_j < 0); P(theta_1<0)=0.5000000542, P(theta_1>=0)=0.4999999458; quadgk abs. errors 1.5e-13, 7.6e-14",NaN
NaN,10,767,0.0009765623942364058,NaN,mridges,"orthants by coordinate sign (bit j-1 set <=> theta_j < 0); P(theta_1<0)=0.5000000542, P(theta_1>=0)=0.4999999458; quadgk abs. errors 1.5e-13, 7.6e-14",NaN
NaN,10,768,0.0009765626057635943,NaN,mridges,"orthants by coordinate sign (bit j-1 set <=> theta_j < 0); P(theta_1<0)=0.5000000542, P(theta_1>=0)=0.4999999458; quadgk abs. errors 1.5e-13, 7.6e-14",NaN
NaN,10,769,0.0009765623942364058,NaN,mridges,"orthants by coordinate sign (bit j-1 set <=> theta_j < 0); P(theta_1<0)=0.5000000542, P(theta_1>=0)=0.4999999458; quadgk abs. errors 1.5e-13, 7.6e-14",NaN
NaN,10,770,0.0009765626057635943,NaN,mridges,"orthants by coordinate sign (bit j-1 set <=> theta_j < 0); P(theta_1<0)=0.5000000542, P(theta_1>=0)=0.4999999458; quadgk abs. errors 1.5e-13, 7.6e-14",NaN
NaN,10,771,0.0009765623942364058,NaN,mridges,"orthants by coordinate sign (bit j-1 set <=> theta_j < 0); P(theta_1<0)=0.5000000542, P(theta_1>=0)=0.4999999458; quadgk abs. errors 1.5e-13, 7.6e-14",NaN
NaN,10,772,0.0009765626057635943,NaN,mridges,"orthants by coordinate sign (bit j-1 set <=> theta_j < 0); P(theta_1<0)=0.5000000542, P(theta_1>=0)=0.4999999458; quadgk abs. errors 1.5e-13, 7.6e-14",NaN
NaN,10,773,0.0009765623942364058,NaN,mridges,"orthants by coordinate sign (bit j-1 set <=> theta_j < 0); P(theta_1<0)=0.5000000542, P(theta_1>=0)=0.4999999458; quadgk abs. errors 1.5e-13, 7.6e-14",NaN
NaN,10,774,0.0009765626057635943,NaN,mridges,"orthants by coordinate sign (bit j-1 set <=> theta_j < 0); P(theta_1<0)=0.5000000542, P(theta_1>=0)=0.4999999458; quadgk abs. errors 1.5e-13, 7.6e-14",NaN
NaN,10,775,0.0009765623942364058,NaN,mridges,"orthants by coordinate sign (bit j-1 set <=> theta_j < 0); P(theta_1<0)=0.5000000542, P(theta_1>=0)=0.4999999458; quadgk abs. errors 1.5e-13, 7.6e-14",NaN
NaN,10,776,0.0009765626057635943,NaN,mridges,"orthants by coordinate sign (bit j-1 set <=> theta_j < 0); P(theta_1<0)=0.5000000542, P(theta_1>=0)=0.4999999458; quadgk abs. errors 1.5e-13, 7.6e-14",NaN
NaN,10,777,0.0009765623942364058,NaN,mridges,"orthants by coordinate sign (bit j-1 set <=> theta_j < 0); P(theta_1<0)=0.5000000542, P(theta_1>=0)=0.4999999458; quadgk abs. errors 1.5e-13, 7.6e-14",NaN
NaN,10,778,0.0009765626057635943,NaN,mridges,"orthants by coordinate sign (bit j-1 set <=> theta_j < 0); P(theta_1<0)=0.5000000542, P(theta_1>=0)=0.4999999458; quadgk abs. errors 1.5e-13, 7.6e-14",NaN
NaN,10,779,0.0009765623942364058,NaN,mridges,"orthants by coordinate sign (bit j-1 set <=> theta_j < 0); P(theta_1<0)=0.5000000542, P(theta_1>=0)=0.4999999458; quadgk abs. errors 1.5e-13, 7.6e-14",NaN
NaN,10,780,0.0009765626057635943,NaN,mridges,"orthants by coordinate sign (bit j-1 set <=> theta_j < 0); P(theta_1<0)=0.5000000542, P(theta_1>=0)=0.4999999458; quadgk abs. errors 1.5e-13, 7.6e-14",NaN
NaN,10,781,0.0009765623942364058,NaN,mridges,"orthants by coordinate sign (bit j-1 set <=> theta_j < 0); P(theta_1<0)=0.5000000542, P(theta_1>=0)=0.4999999458; quadgk abs. errors 1.5e-13, 7.6e-14",NaN
NaN,10,782,0.0009765626057635943,NaN,mridges,"orthants by coordinate sign (bit j-1 set <=> theta_j < 0); P(theta_1<0)=0.5000000542, P(theta_1>=0)=0.4999999458; quadgk abs. errors 1.5e-13, 7.6e-14",NaN
NaN,10,783,0.0009765623942364058,NaN,mridges,"orthants by coordinate sign (bit j-1 set <=> theta_j < 0); P(theta_1<0)=0.5000000542, P(theta_1>=0)=0.4999999458; quadgk abs. errors 1.5e-13, 7.6e-14",NaN
NaN,10,784,0.0009765626057635943,NaN,mridges,"orthants by coordinate sign (bit j-1 set <=> theta_j < 0); P(theta_1<0)=0.5000000542, P(theta_1>=0)=0.4999999458; quadgk abs. errors 1.5e-13, 7.6e-14",NaN
NaN,10,785,0.0009765623942364058,NaN,mridges,"orthants by coordinate sign (bit j-1 set <=> theta_j < 0); P(theta_1<0)=0.5000000542, P(theta_1>=0)=0.4999999458; quadgk abs. errors 1.5e-13, 7.6e-14",NaN
NaN,10,786,0.0009765626057635943,NaN,mridges,"orthants by coordinate sign (bit j-1 set <=> theta_j < 0); P(theta_1<0)=0.5000000542, P(theta_1>=0)=0.4999999458; quadgk abs. errors 1.5e-13, 7.6e-14",NaN
NaN,10,787,0.0009765623942364058,NaN,mridges,"orthants by coordinate sign (bit j-1 set <=> theta_j < 0); P(theta_1<0)=0.5000000542, P(theta_1>=0)=0.4999999458; quadgk abs. errors 1.5e-13, 7.6e-14",NaN
NaN,10,788,0.0009765626057635943,NaN,mridges,"orthants by coordinate sign (bit j-1 set <=> theta_j < 0); P(theta_1<0)=0.5000000542, P(theta_1>=0)=0.4999999458; quadgk abs. errors 1.5e-13, 7.6e-14",NaN
NaN,10,789,0.0009765623942364058,NaN,mridges,"orthants by coordinate sign (bit j-1 set <=> theta_j < 0); P(theta_1<0)=0.5000000542, P(theta_1>=0)=0.4999999458; quadgk abs. errors 1.5e-13, 7.6e-14",NaN
NaN,10,790,0.0009765626057635943,NaN,mridges,"orthants by coordinate sign (bit j-1 set <=> theta_j < 0); P(theta_1<0)=0.5000000542, P(theta_1>=0)=0.4999999458; quadgk abs. errors 1.5e-13, 7.6e-14",NaN
NaN,10,791,0.0009765623942364058,NaN,mridges,"orthants by coordinate sign (bit j-1 set <=> theta_j < 0); P(theta_1<0)=0.5000000542, P(theta_1>=0)=0.4999999458; quadgk abs. errors 1.5e-13, 7.6e-14",NaN
NaN,10,792,0.0009765626057635943,NaN,mridges,"orthants by coordinate sign (bit j-1 set <=> theta_j < 0); P(theta_1<0)=0.5000000542, P(theta_1>=0)=0.4999999458; quadgk abs. errors 1.5e-13, 7.6e-14",NaN
NaN,10,793,0.0009765623942364058,NaN,mridges,"orthants by coordinate sign (bit j-1 set <=> theta_j < 0); P(theta_1<0)=0.5000000542, P(theta_1>=0)=0.4999999458; quadgk abs. errors 1.5e-13, 7.6e-14",NaN
NaN,10,794,0.0009765626057635943,NaN,mridges,"orthants by coordinate sign (bit j-1 set <=> theta_j < 0); P(theta_1<0)=0.5000000542, P(theta_1>=0)=0.4999999458; quadgk abs. errors 1.5e-13, 7.6e-14",NaN
NaN,10,795,0.0009765623942364058,NaN,mridges,"orthants by coordinate sign (bit j-1 set <=> theta_j < 0); P(theta_1<0)=0.5000000542, P(theta_1>=0)=0.4999999458; quadgk abs. errors 1.5e-13, 7.6e-14",NaN
NaN,10,796,0.0009765626057635943,NaN,mridges,"orthants by coordinate sign (bit j-1 set <=> theta_j < 0); P(theta_1<0)=0.5000000542, P(theta_1>=0)=0.4999999458; quadgk abs. errors 1.5e-13, 7.6e-14",NaN
NaN,10,797,0.0009765623942364058,NaN,mridges,"orthants by coordinate sign (bit j-1 set <=> theta_j < 0); P(theta_1<0)=0.5000000542, P(theta_1>=0)=0.4999999458; quadgk abs. errors 1.5e-13, 7.6e-14",NaN
NaN,10,798,0.0009765626057635943,NaN,mridges,"orthants by coordinate sign (bit j-1 set <=> theta_j < 0); P(theta_1<0)=0.5000000542, P(theta_1>=0)=0.4999999458; quadgk abs. errors 1.5e-13, 7.6e-14",NaN
NaN,10,799,0.0009765623942364058,NaN,mridges,"orthants by coordinate sign (bit j-1 set <=> theta_j < 0); P(theta_1<0)=0.5000000542, P(theta_1>=0)=0.4999999458; quadgk abs. errors 1.5e-13, 7.6e-14",NaN
NaN,10,800,0.0009765626057635943,NaN,mridges,"orthants by coordinate sign (bit j-1 set <=> theta_j < 0); P(theta_1<0)=0.5000000542, P(theta_1>=0)=0.4999999458; quadgk abs. errors 1.5e-13, 7.6e-14",NaN
NaN,10,801,0.0009765623942364058,NaN,mridges,"orthants by coordinate sign (bit j-1 set <=> theta_j < 0); P(theta_1<0)=0.5000000542, P(theta_1>=0)=0.4999999458; quadgk abs. errors 1.5e-13, 7.6e-14",NaN
NaN,10,802,0.0009765626057635943,NaN,mridges,"orthants by coordinate sign (bit j-1 set <=> theta_j < 0); P(theta_1<0)=0.5000000542, P(theta_1>=0)=0.4999999458; quadgk abs. errors 1.5e-13, 7.6e-14",NaN
NaN,10,803,0.0009765623942364058,NaN,mridges,"orthants by coordinate sign (bit j-1 set <=> theta_j < 0); P(theta_1<0)=0.5000000542, P(theta_1>=0)=0.4999999458; quadgk abs. errors 1.5e-13, 7.6e-14",NaN
NaN,10,804,0.0009765626057635943,NaN,mridges,"orthants by coordinate sign (bit j-1 set <=> theta_j < 0); P(theta_1<0)=0.5000000542, P(theta_1>=0)=0.4999999458; quadgk abs. errors 1.5e-13, 7.6e-14",NaN
NaN,10,805,0.0009765623942364058,NaN,mridges,"orthants by coordinate sign (bit j-1 set <=> theta_j < 0); P(theta_1<0)=0.5000000542, P(theta_1>=0)=0.4999999458; quadgk abs. errors 1.5e-13, 7.6e-14",NaN
NaN,10,806,0.0009765626057635943,NaN,mridges,"orthants by coordinate sign (bit j-1 set <=> theta_j < 0); P(theta_1<0)=0.5000000542, P(theta_1>=0)=0.4999999458; quadgk abs. errors 1.5e-13, 7.6e-14",NaN
NaN,10,807,0.0009765623942364058,NaN,mridges,"orthants by coordinate sign (bit j-1 set <=> theta_j < 0); P(theta_1<0)=0.5000000542, P(theta_1>=0)=0.4999999458; quadgk abs. errors 1.5e-13, 7.6e-14",NaN
NaN,10,808,0.0009765626057635943,NaN,mridges,"orthants by coordinate sign (bit j-1 set <=> theta_j < 0); P(theta_1<0)=0.5000000542, P(theta_1>=0)=0.4999999458; quadgk abs. errors 1.5e-13, 7.6e-14",NaN
NaN,10,809,0.0009765623942364058,NaN,mridges,"orthants by coordinate sign (bit j-1 set <=> theta_j < 0); P(theta_1<0)=0.5000000542, P(theta_1>=0)=0.4999999458; quadgk abs. errors 1.5e-13, 7.6e-14",NaN
NaN,10,810,0.0009765626057635943,NaN,mridges,"orthants by coordinate sign (bit j-1 set <=> theta_j < 0); P(theta_1<0)=0.5000000542, P(theta_1>=0)=0.4999999458; quadgk abs. errors 1.5e-13, 7.6e-14",NaN
NaN,10,811,0.0009765623942364058,NaN,mridges,"orthants by coordinate sign (bit j-1 set <=> theta_j < 0); P(theta_1<0)=0.5000000542, P(theta_1>=0)=0.4999999458; quadgk abs. errors 1.5e-13, 7.6e-14",NaN
NaN,10,812,0.0009765626057635943,NaN,mridges,"orthants by coordinate sign (bit j-1 set <=> theta_j < 0); P(theta_1<0)=0.5000000542, P(theta_1>=0)=0.4999999458; quadgk abs. errors 1.5e-13, 7.6e-14",NaN
NaN,10,813,0.0009765623942364058,NaN,mridges,"orthants by coordinate sign (bit j-1 set <=> theta_j < 0); P(theta_1<0)=0.5000000542, P(theta_1>=0)=0.4999999458; quadgk abs. errors 1.5e-13, 7.6e-14",NaN
NaN,10,814,0.0009765626057635943,NaN,mridges,"orthants by coordinate sign (bit j-1 set <=> theta_j < 0); P(theta_1<0)=0.5000000542, P(theta_1>=0)=0.4999999458; quadgk abs. errors 1.5e-13, 7.6e-14",NaN
NaN,10,815,0.0009765623942364058,NaN,mridges,"orthants by coordinate sign (bit j-1 set <=> theta_j < 0); P(theta_1<0)=0.5000000542, P(theta_1>=0)=0.4999999458; quadgk abs. errors 1.5e-13, 7.6e-14",NaN
NaN,10,816,0.0009765626057635943,NaN,mridges,"orthants by coordinate sign (bit j-1 set <=> theta_j < 0); P(theta_1<0)=0.5000000542, P(theta_1>=0)=0.4999999458; quadgk abs. errors 1.5e-13, 7.6e-14",NaN
NaN,10,817,0.0009765623942364058,NaN,mridges,"orthants by coordinate sign (bit j-1 set <=> theta_j < 0); P(theta_1<0)=0.5000000542, P(theta_1>=0)=0.4999999458; quadgk abs. errors 1.5e-13, 7.6e-14",NaN
NaN,10,818,0.0009765626057635943,NaN,mridges,"orthants by coordinate sign (bit j-1 set <=> theta_j < 0); P(theta_1<0)=0.5000000542, P(theta_1>=0)=0.4999999458; quadgk abs. errors 1.5e-13, 7.6e-14",NaN
NaN,10,819,0.0009765623942364058,NaN,mridges,"orthants by coordinate sign (bit j-1 set <=> theta_j < 0); P(theta_1<0)=0.5000000542, P(theta_1>=0)=0.4999999458; quadgk abs. errors 1.5e-13, 7.6e-14",NaN
NaN,10,820,0.0009765626057635943,NaN,mridges,"orthants by coordinate sign (bit j-1 set <=> theta_j < 0); P(theta_1<0)=0.5000000542, P(theta_1>=0)=0.4999999458; quadgk abs. errors 1.5e-13, 7.6e-14",NaN
NaN,10,821,0.0009765623942364058,NaN,mridges,"orthants by coordinate sign (bit j-1 set <=> theta_j < 0); P(theta_1<0)=0.5000000542, P(theta_1>=0)=0.4999999458; quadgk abs. errors 1.5e-13, 7.6e-14",NaN
NaN,10,822,0.0009765626057635943,NaN,mridges,"orthants by coordinate sign (bit j-1 set <=> theta_j < 0); P(theta_1<0)=0.5000000542, P(theta_1>=0)=0.4999999458; quadgk abs. errors 1.5e-13, 7.6e-14",NaN
NaN,10,823,0.0009765623942364058,NaN,mridges,"orthants by coordinate sign (bit j-1 set <=> theta_j < 0); P(theta_1<0)=0.5000000542, P(theta_1>=0)=0.4999999458; quadgk abs. errors 1.5e-13, 7.6e-14",NaN
NaN,10,824,0.0009765626057635943,NaN,mridges,"orthants by coordinate sign (bit j-1 set <=> theta_j < 0); P(theta_1<0)=0.5000000542, P(theta_1>=0)=0.4999999458; quadgk abs. errors 1.5e-13, 7.6e-14",NaN
NaN,10,825,0.0009765623942364058,NaN,mridges,"orthants by coordinate sign (bit j-1 set <=> theta_j < 0); P(theta_1<0)=0.5000000542, P(theta_1>=0)=0.4999999458; quadgk abs. errors 1.5e-13, 7.6e-14",NaN
NaN,10,826,0.0009765626057635943,NaN,mridges,"orthants by coordinate sign (bit j-1 set <=> theta_j < 0); P(theta_1<0)=0.5000000542, P(theta_1>=0)=0.4999999458; quadgk abs. errors 1.5e-13, 7.6e-14",NaN
NaN,10,827,0.0009765623942364058,NaN,mridges,"orthants by coordinate sign (bit j-1 set <=> theta_j < 0); P(theta_1<0)=0.5000000542, P(theta_1>=0)=0.4999999458; quadgk abs. errors 1.5e-13, 7.6e-14",NaN
NaN,10,828,0.0009765626057635943,NaN,mridges,"orthants by coordinate sign (bit j-1 set <=> theta_j < 0); P(theta_1<0)=0.5000000542, P(theta_1>=0)=0.4999999458; quadgk abs. errors 1.5e-13, 7.6e-14",NaN
NaN,10,829,0.0009765623942364058,NaN,mridges,"orthants by coordinate sign (bit j-1 set <=> theta_j < 0); P(theta_1<0)=0.5000000542, P(theta_1>=0)=0.4999999458; quadgk abs. errors 1.5e-13, 7.6e-14",NaN
NaN,10,830,0.0009765626057635943,NaN,mridges,"orthants by coordinate sign (bit j-1 set <=> theta_j < 0); P(theta_1<0)=0.5000000542, P(theta_1>=0)=0.4999999458; quadgk abs. errors 1.5e-13, 7.6e-14",NaN
NaN,10,831,0.0009765623942364058,NaN,mridges,"orthants by coordinate sign (bit j-1 set <=> theta_j < 0); P(theta_1<0)=0.5000000542, P(theta_1>=0)=0.4999999458; quadgk abs. errors 1.5e-13, 7.6e-14",NaN
NaN,10,832,0.0009765626057635943,NaN,mridges,"orthants by coordinate sign (bit j-1 set <=> theta_j < 0); P(theta_1<0)=0.5000000542, P(theta_1>=0)=0.4999999458; quadgk abs. errors 1.5e-13, 7.6e-14",NaN
NaN,10,833,0.0009765623942364058,NaN,mridges,"orthants by coordinate sign (bit j-1 set <=> theta_j < 0); P(theta_1<0)=0.5000000542, P(theta_1>=0)=0.4999999458; quadgk abs. errors 1.5e-13, 7.6e-14",NaN
NaN,10,834,0.0009765626057635943,NaN,mridges,"orthants by coordinate sign (bit j-1 set <=> theta_j < 0); P(theta_1<0)=0.5000000542, P(theta_1>=0)=0.4999999458; quadgk abs. errors 1.5e-13, 7.6e-14",NaN
NaN,10,835,0.0009765623942364058,NaN,mridges,"orthants by coordinate sign (bit j-1 set <=> theta_j < 0); P(theta_1<0)=0.5000000542, P(theta_1>=0)=0.4999999458; quadgk abs. errors 1.5e-13, 7.6e-14",NaN
NaN,10,836,0.0009765626057635943,NaN,mridges,"orthants by coordinate sign (bit j-1 set <=> theta_j < 0); P(theta_1<0)=0.5000000542, P(theta_1>=0)=0.4999999458; quadgk abs. errors 1.5e-13, 7.6e-14",NaN
NaN,10,837,0.0009765623942364058,NaN,mridges,"orthants by coordinate sign (bit j-1 set <=> theta_j < 0); P(theta_1<0)=0.5000000542, P(theta_1>=0)=0.4999999458; quadgk abs. errors 1.5e-13, 7.6e-14",NaN
NaN,10,838,0.0009765626057635943,NaN,mridges,"orthants by coordinate sign (bit j-1 set <=> theta_j < 0); P(theta_1<0)=0.5000000542, P(theta_1>=0)=0.4999999458; quadgk abs. errors 1.5e-13, 7.6e-14",NaN
NaN,10,839,0.0009765623942364058,NaN,mridges,"orthants by coordinate sign (bit j-1 set <=> theta_j < 0); P(theta_1<0)=0.5000000542, P(theta_1>=0)=0.4999999458; quadgk abs. errors 1.5e-13, 7.6e-14",NaN
NaN,10,840,0.0009765626057635943,NaN,mridges,"orthants by coordinate sign (bit j-1 set <=> theta_j < 0); P(theta_1<0)=0.5000000542, P(theta_1>=0)=0.4999999458; quadgk abs. errors 1.5e-13, 7.6e-14",NaN
NaN,10,841,0.0009765623942364058,NaN,mridges,"orthants by coordinate sign (bit j-1 set <=> theta_j < 0); P(theta_1<0)=0.5000000542, P(theta_1>=0)=0.4999999458; quadgk abs. errors 1.5e-13, 7.6e-14",NaN
NaN,10,842,0.0009765626057635943,NaN,mridges,"orthants by coordinate sign (bit j-1 set <=> theta_j < 0); P(theta_1<0)=0.5000000542, P(theta_1>=0)=0.4999999458; quadgk abs. errors 1.5e-13, 7.6e-14",NaN
NaN,10,843,0.0009765623942364058,NaN,mridges,"orthants by coordinate sign (bit j-1 set <=> theta_j < 0); P(theta_1<0)=0.5000000542, P(theta_1>=0)=0.4999999458; quadgk abs. errors 1.5e-13, 7.6e-14",NaN
NaN,10,844,0.0009765626057635943,NaN,mridges,"orthants by coordinate sign (bit j-1 set <=> theta_j < 0); P(theta_1<0)=0.5000000542, P(theta_1>=0)=0.4999999458; quadgk abs. errors 1.5e-13, 7.6e-14",NaN
NaN,10,845,0.0009765623942364058,NaN,mridges,"orthants by coordinate sign (bit j-1 set <=> theta_j < 0); P(theta_1<0)=0.5000000542, P(theta_1>=0)=0.4999999458; quadgk abs. errors 1.5e-13, 7.6e-14",NaN
NaN,10,846,0.0009765626057635943,NaN,mridges,"orthants by coordinate sign (bit j-1 set <=> theta_j < 0); P(theta_1<0)=0.5000000542, P(theta_1>=0)=0.4999999458; quadgk abs. errors 1.5e-13, 7.6e-14",NaN
NaN,10,847,0.0009765623942364058,NaN,mridges,"orthants by coordinate sign (bit j-1 set <=> theta_j < 0); P(theta_1<0)=0.5000000542, P(theta_1>=0)=0.4999999458; quadgk abs. errors 1.5e-13, 7.6e-14",NaN
NaN,10,848,0.0009765626057635943,NaN,mridges,"orthants by coordinate sign (bit j-1 set <=> theta_j < 0); P(theta_1<0)=0.5000000542, P(theta_1>=0)=0.4999999458; quadgk abs. errors 1.5e-13, 7.6e-14",NaN
NaN,10,849,0.0009765623942364058,NaN,mridges,"orthants by coordinate sign (bit j-1 set <=> theta_j < 0); P(theta_1<0)=0.5000000542, P(theta_1>=0)=0.4999999458; quadgk abs. errors 1.5e-13, 7.6e-14",NaN
NaN,10,850,0.0009765626057635943,NaN,mridges,"orthants by coordinate sign (bit j-1 set <=> theta_j < 0); P(theta_1<0)=0.5000000542, P(theta_1>=0)=0.4999999458; quadgk abs. errors 1.5e-13, 7.6e-14",NaN
NaN,10,851,0.0009765623942364058,NaN,mridges,"orthants by coordinate sign (bit j-1 set <=> theta_j < 0); P(theta_1<0)=0.5000000542, P(theta_1>=0)=0.4999999458; quadgk abs. errors 1.5e-13, 7.6e-14",NaN
NaN,10,852,0.0009765626057635943,NaN,mridges,"orthants by coordinate sign (bit j-1 set <=> theta_j < 0); P(theta_1<0)=0.5000000542, P(theta_1>=0)=0.4999999458; quadgk abs. errors 1.5e-13, 7.6e-14",NaN
NaN,10,853,0.0009765623942364058,NaN,mridges,"orthants by coordinate sign (bit j-1 set <=> theta_j < 0); P(theta_1<0)=0.5000000542, P(theta_1>=0)=0.4999999458; quadgk abs. errors 1.5e-13, 7.6e-14",NaN
NaN,10,854,0.0009765626057635943,NaN,mridges,"orthants by coordinate sign (bit j-1 set <=> theta_j < 0); P(theta_1<0)=0.5000000542, P(theta_1>=0)=0.4999999458; quadgk abs. errors 1.5e-13, 7.6e-14",NaN
NaN,10,855,0.0009765623942364058,NaN,mridges,"orthants by coordinate sign (bit j-1 set <=> theta_j < 0); P(theta_1<0)=0.5000000542, P(theta_1>=0)=0.4999999458; quadgk abs. errors 1.5e-13, 7.6e-14",NaN
NaN,10,856,0.0009765626057635943,NaN,mridges,"orthants by coordinate sign (bit j-1 set <=> theta_j < 0); P(theta_1<0)=0.5000000542, P(theta_1>=0)=0.4999999458; quadgk abs. errors 1.5e-13, 7.6e-14",NaN
NaN,10,857,0.0009765623942364058,NaN,mridges,"orthants by coordinate sign (bit j-1 set <=> theta_j < 0); P(theta_1<0)=0.5000000542, P(theta_1>=0)=0.4999999458; quadgk abs. errors 1.5e-13, 7.6e-14",NaN
NaN,10,858,0.0009765626057635943,NaN,mridges,"orthants by coordinate sign (bit j-1 set <=> theta_j < 0); P(theta_1<0)=0.5000000542, P(theta_1>=0)=0.4999999458; quadgk abs. errors 1.5e-13, 7.6e-14",NaN
NaN,10,859,0.0009765623942364058,NaN,mridges,"orthants by coordinate sign (bit j-1 set <=> theta_j < 0); P(theta_1<0)=0.5000000542, P(theta_1>=0)=0.4999999458; quadgk abs. errors 1.5e-13, 7.6e-14",NaN
NaN,10,860,0.0009765626057635943,NaN,mridges,"orthants by coordinate sign (bit j-1 set <=> theta_j < 0); P(theta_1<0)=0.5000000542, P(theta_1>=0)=0.4999999458; quadgk abs. errors 1.5e-13, 7.6e-14",NaN
NaN,10,861,0.0009765623942364058,NaN,mridges,"orthants by coordinate sign (bit j-1 set <=> theta_j < 0); P(theta_1<0)=0.5000000542, P(theta_1>=0)=0.4999999458; quadgk abs. errors 1.5e-13, 7.6e-14",NaN
NaN,10,862,0.0009765626057635943,NaN,mridges,"orthants by coordinate sign (bit j-1 set <=> theta_j < 0); P(theta_1<0)=0.5000000542, P(theta_1>=0)=0.4999999458; quadgk abs. errors 1.5e-13, 7.6e-14",NaN
NaN,10,863,0.0009765623942364058,NaN,mridges,"orthants by coordinate sign (bit j-1 set <=> theta_j < 0); P(theta_1<0)=0.5000000542, P(theta_1>=0)=0.4999999458; quadgk abs. errors 1.5e-13, 7.6e-14",NaN
NaN,10,864,0.0009765626057635943,NaN,mridges,"orthants by coordinate sign (bit j-1 set <=> theta_j < 0); P(theta_1<0)=0.5000000542, P(theta_1>=0)=0.4999999458; quadgk abs. errors 1.5e-13, 7.6e-14",NaN
NaN,10,865,0.0009765623942364058,NaN,mridges,"orthants by coordinate sign (bit j-1 set <=> theta_j < 0); P(theta_1<0)=0.5000000542, P(theta_1>=0)=0.4999999458; quadgk abs. errors 1.5e-13, 7.6e-14",NaN
NaN,10,866,0.0009765626057635943,NaN,mridges,"orthants by coordinate sign (bit j-1 set <=> theta_j < 0); P(theta_1<0)=0.5000000542, P(theta_1>=0)=0.4999999458; quadgk abs. errors 1.5e-13, 7.6e-14",NaN
NaN,10,867,0.0009765623942364058,NaN,mridges,"orthants by coordinate sign (bit j-1 set <=> theta_j < 0); P(theta_1<0)=0.5000000542, P(theta_1>=0)=0.4999999458; quadgk abs. errors 1.5e-13, 7.6e-14",NaN
NaN,10,868,0.0009765626057635943,NaN,mridges,"orthants by coordinate sign (bit j-1 set <=> theta_j < 0); P(theta_1<0)=0.5000000542, P(theta_1>=0)=0.4999999458; quadgk abs. errors 1.5e-13, 7.6e-14",NaN
NaN,10,869,0.0009765623942364058,NaN,mridges,"orthants by coordinate sign (bit j-1 set <=> theta_j < 0); P(theta_1<0)=0.5000000542, P(theta_1>=0)=0.4999999458; quadgk abs. errors 1.5e-13, 7.6e-14",NaN
NaN,10,870,0.0009765626057635943,NaN,mridges,"orthants by coordinate sign (bit j-1 set <=> theta_j < 0); P(theta_1<0)=0.5000000542, P(theta_1>=0)=0.4999999458; quadgk abs. errors 1.5e-13, 7.6e-14",NaN
NaN,10,871,0.0009765623942364058,NaN,mridges,"orthants by coordinate sign (bit j-1 set <=> theta_j < 0); P(theta_1<0)=0.5000000542, P(theta_1>=0)=0.4999999458; quadgk abs. errors 1.5e-13, 7.6e-14",NaN
NaN,10,872,0.0009765626057635943,NaN,mridges,"orthants by coordinate sign (bit j-1 set <=> theta_j < 0); P(theta_1<0)=0.5000000542, P(theta_1>=0)=0.4999999458; quadgk abs. errors 1.5e-13, 7.6e-14",NaN
NaN,10,873,0.0009765623942364058,NaN,mridges,"orthants by coordinate sign (bit j-1 set <=> theta_j < 0); P(theta_1<0)=0.5000000542, P(theta_1>=0)=0.4999999458; quadgk abs. errors 1.5e-13, 7.6e-14",NaN
NaN,10,874,0.0009765626057635943,NaN,mridges,"orthants by coordinate sign (bit j-1 set <=> theta_j < 0); P(theta_1<0)=0.5000000542, P(theta_1>=0)=0.4999999458; quadgk abs. errors 1.5e-13, 7.6e-14",NaN
NaN,10,875,0.0009765623942364058,NaN,mridges,"orthants by coordinate sign (bit j-1 set <=> theta_j < 0); P(theta_1<0)=0.5000000542, P(theta_1>=0)=0.4999999458; quadgk abs. errors 1.5e-13, 7.6e-14",NaN
NaN,10,876,0.0009765626057635943,NaN,mridges,"orthants by coordinate sign (bit j-1 set <=> theta_j < 0); P(theta_1<0)=0.5000000542, P(theta_1>=0)=0.4999999458; quadgk abs. errors 1.5e-13, 7.6e-14",NaN
NaN,10,877,0.0009765623942364058,NaN,mridges,"orthants by coordinate sign (bit j-1 set <=> theta_j < 0); P(theta_1<0)=0.5000000542, P(theta_1>=0)=0.4999999458; quadgk abs. errors 1.5e-13, 7.6e-14",NaN
NaN,10,878,0.0009765626057635943,NaN,mridges,"orthants by coordinate sign (bit j-1 set <=> theta_j < 0); P(theta_1<0)=0.5000000542, P(theta_1>=0)=0.4999999458; quadgk abs. errors 1.5e-13, 7.6e-14",NaN
NaN,10,879,0.0009765623942364058,NaN,mridges,"orthants by coordinate sign (bit j-1 set <=> theta_j < 0); P(theta_1<0)=0.5000000542, P(theta_1>=0)=0.4999999458; quadgk abs. errors 1.5e-13, 7.6e-14",NaN
NaN,10,880,0.0009765626057635943,NaN,mridges,"orthants by coordinate sign (bit j-1 set <=> theta_j < 0); P(theta_1<0)=0.5000000542, P(theta_1>=0)=0.4999999458; quadgk abs. errors 1.5e-13, 7.6e-14",NaN
NaN,10,881,0.0009765623942364058,NaN,mridges,"orthants by coordinate sign (bit j-1 set <=> theta_j < 0); P(theta_1<0)=0.5000000542, P(theta_1>=0)=0.4999999458; quadgk abs. errors 1.5e-13, 7.6e-14",NaN
NaN,10,882,0.0009765626057635943,NaN,mridges,"orthants by coordinate sign (bit j-1 set <=> theta_j < 0); P(theta_1<0)=0.5000000542, P(theta_1>=0)=0.4999999458; quadgk abs. errors 1.5e-13, 7.6e-14",NaN
NaN,10,883,0.0009765623942364058,NaN,mridges,"orthants by coordinate sign (bit j-1 set <=> theta_j < 0); P(theta_1<0)=0.5000000542, P(theta_1>=0)=0.4999999458; quadgk abs. errors 1.5e-13, 7.6e-14",NaN
NaN,10,884,0.0009765626057635943,NaN,mridges,"orthants by coordinate sign (bit j-1 set <=> theta_j < 0); P(theta_1<0)=0.5000000542, P(theta_1>=0)=0.4999999458; quadgk abs. errors 1.5e-13, 7.6e-14",NaN
NaN,10,885,0.0009765623942364058,NaN,mridges,"orthants by coordinate sign (bit j-1 set <=> theta_j < 0); P(theta_1<0)=0.5000000542, P(theta_1>=0)=0.4999999458; quadgk abs. errors 1.5e-13, 7.6e-14",NaN
NaN,10,886,0.0009765626057635943,NaN,mridges,"orthants by coordinate sign (bit j-1 set <=> theta_j < 0); P(theta_1<0)=0.5000000542, P(theta_1>=0)=0.4999999458; quadgk abs. errors 1.5e-13, 7.6e-14",NaN
NaN,10,887,0.0009765623942364058,NaN,mridges,"orthants by coordinate sign (bit j-1 set <=> theta_j < 0); P(theta_1<0)=0.5000000542, P(theta_1>=0)=0.4999999458; quadgk abs. errors 1.5e-13, 7.6e-14",NaN
NaN,10,888,0.0009765626057635943,NaN,mridges,"orthants by coordinate sign (bit j-1 set <=> theta_j < 0); P(theta_1<0)=0.5000000542, P(theta_1>=0)=0.4999999458; quadgk abs. errors 1.5e-13, 7.6e-14",NaN
NaN,10,889,0.0009765623942364058,NaN,mridges,"orthants by coordinate sign (bit j-1 set <=> theta_j < 0); P(theta_1<0)=0.5000000542, P(theta_1>=0)=0.4999999458; quadgk abs. errors 1.5e-13, 7.6e-14",NaN
NaN,10,890,0.0009765626057635943,NaN,mridges,"orthants by coordinate sign (bit j-1 set <=> theta_j < 0); P(theta_1<0)=0.5000000542, P(theta_1>=0)=0.4999999458; quadgk abs. errors 1.5e-13, 7.6e-14",NaN
NaN,10,891,0.0009765623942364058,NaN,mridges,"orthants by coordinate sign (bit j-1 set <=> theta_j < 0); P(theta_1<0)=0.5000000542, P(theta_1>=0)=0.4999999458; quadgk abs. errors 1.5e-13, 7.6e-14",NaN
NaN,10,892,0.0009765626057635943,NaN,mridges,"orthants by coordinate sign (bit j-1 set <=> theta_j < 0); P(theta_1<0)=0.5000000542, P(theta_1>=0)=0.4999999458; quadgk abs. errors 1.5e-13, 7.6e-14",NaN
NaN,10,893,0.0009765623942364058,NaN,mridges,"orthants by coordinate sign (bit j-1 set <=> theta_j < 0); P(theta_1<0)=0.5000000542, P(theta_1>=0)=0.4999999458; quadgk abs. errors 1.5e-13, 7.6e-14",NaN
NaN,10,894,0.0009765626057635943,NaN,mridges,"orthants by coordinate sign (bit j-1 set <=> theta_j < 0); P(theta_1<0)=0.5000000542, P(theta_1>=0)=0.4999999458; quadgk abs. errors 1.5e-13, 7.6e-14",NaN
NaN,10,895,0.0009765623942364058,NaN,mridges,"orthants by coordinate sign (bit j-1 set <=> theta_j < 0); P(theta_1<0)=0.5000000542, P(theta_1>=0)=0.4999999458; quadgk abs. errors 1.5e-13, 7.6e-14",NaN
NaN,10,896,0.0009765626057635943,NaN,mridges,"orthants by coordinate sign (bit j-1 set <=> theta_j < 0); P(theta_1<0)=0.5000000542, P(theta_1>=0)=0.4999999458; quadgk abs. errors 1.5e-13, 7.6e-14",NaN
NaN,10,897,0.0009765623942364058,NaN,mridges,"orthants by coordinate sign (bit j-1 set <=> theta_j < 0); P(theta_1<0)=0.5000000542, P(theta_1>=0)=0.4999999458; quadgk abs. errors 1.5e-13, 7.6e-14",NaN
NaN,10,898,0.0009765626057635943,NaN,mridges,"orthants by coordinate sign (bit j-1 set <=> theta_j < 0); P(theta_1<0)=0.5000000542, P(theta_1>=0)=0.4999999458; quadgk abs. errors 1.5e-13, 7.6e-14",NaN
NaN,10,899,0.0009765623942364058,NaN,mridges,"orthants by coordinate sign (bit j-1 set <=> theta_j < 0); P(theta_1<0)=0.5000000542, P(theta_1>=0)=0.4999999458; quadgk abs. errors 1.5e-13, 7.6e-14",NaN
NaN,10,900,0.0009765626057635943,NaN,mridges,"orthants by coordinate sign (bit j-1 set <=> theta_j < 0); P(theta_1<0)=0.5000000542, P(theta_1>=0)=0.4999999458; quadgk abs. errors 1.5e-13, 7.6e-14",NaN
NaN,10,901,0.0009765623942364058,NaN,mridges,"orthants by coordinate sign (bit j-1 set <=> theta_j < 0); P(theta_1<0)=0.5000000542, P(theta_1>=0)=0.4999999458; quadgk abs. errors 1.5e-13, 7.6e-14",NaN
NaN,10,902,0.0009765626057635943,NaN,mridges,"orthants by coordinate sign (bit j-1 set <=> theta_j < 0); P(theta_1<0)=0.5000000542, P(theta_1>=0)=0.4999999458; quadgk abs. errors 1.5e-13, 7.6e-14",NaN
NaN,10,903,0.0009765623942364058,NaN,mridges,"orthants by coordinate sign (bit j-1 set <=> theta_j < 0); P(theta_1<0)=0.5000000542, P(theta_1>=0)=0.4999999458; quadgk abs. errors 1.5e-13, 7.6e-14",NaN
NaN,10,904,0.0009765626057635943,NaN,mridges,"orthants by coordinate sign (bit j-1 set <=> theta_j < 0); P(theta_1<0)=0.5000000542, P(theta_1>=0)=0.4999999458; quadgk abs. errors 1.5e-13, 7.6e-14",NaN
NaN,10,905,0.0009765623942364058,NaN,mridges,"orthants by coordinate sign (bit j-1 set <=> theta_j < 0); P(theta_1<0)=0.5000000542, P(theta_1>=0)=0.4999999458; quadgk abs. errors 1.5e-13, 7.6e-14",NaN
NaN,10,906,0.0009765626057635943,NaN,mridges,"orthants by coordinate sign (bit j-1 set <=> theta_j < 0); P(theta_1<0)=0.5000000542, P(theta_1>=0)=0.4999999458; quadgk abs. errors 1.5e-13, 7.6e-14",NaN
NaN,10,907,0.0009765623942364058,NaN,mridges,"orthants by coordinate sign (bit j-1 set <=> theta_j < 0); P(theta_1<0)=0.5000000542, P(theta_1>=0)=0.4999999458; quadgk abs. errors 1.5e-13, 7.6e-14",NaN
NaN,10,908,0.0009765626057635943,NaN,mridges,"orthants by coordinate sign (bit j-1 set <=> theta_j < 0); P(theta_1<0)=0.5000000542, P(theta_1>=0)=0.4999999458; quadgk abs. errors 1.5e-13, 7.6e-14",NaN
NaN,10,909,0.0009765623942364058,NaN,mridges,"orthants by coordinate sign (bit j-1 set <=> theta_j < 0); P(theta_1<0)=0.5000000542, P(theta_1>=0)=0.4999999458; quadgk abs. errors 1.5e-13, 7.6e-14",NaN
NaN,10,910,0.0009765626057635943,NaN,mridges,"orthants by coordinate sign (bit j-1 set <=> theta_j < 0); P(theta_1<0)=0.5000000542, P(theta_1>=0)=0.4999999458; quadgk abs. errors 1.5e-13, 7.6e-14",NaN
NaN,10,911,0.0009765623942364058,NaN,mridges,"orthants by coordinate sign (bit j-1 set <=> theta_j < 0); P(theta_1<0)=0.5000000542, P(theta_1>=0)=0.4999999458; quadgk abs. errors 1.5e-13, 7.6e-14",NaN
NaN,10,912,0.0009765626057635943,NaN,mridges,"orthants by coordinate sign (bit j-1 set <=> theta_j < 0); P(theta_1<0)=0.5000000542, P(theta_1>=0)=0.4999999458; quadgk abs. errors 1.5e-13, 7.6e-14",NaN
NaN,10,913,0.0009765623942364058,NaN,mridges,"orthants by coordinate sign (bit j-1 set <=> theta_j < 0); P(theta_1<0)=0.5000000542, P(theta_1>=0)=0.4999999458; quadgk abs. errors 1.5e-13, 7.6e-14",NaN
NaN,10,914,0.0009765626057635943,NaN,mridges,"orthants by coordinate sign (bit j-1 set <=> theta_j < 0); P(theta_1<0)=0.5000000542, P(theta_1>=0)=0.4999999458; quadgk abs. errors 1.5e-13, 7.6e-14",NaN
NaN,10,915,0.0009765623942364058,NaN,mridges,"orthants by coordinate sign (bit j-1 set <=> theta_j < 0); P(theta_1<0)=0.5000000542, P(theta_1>=0)=0.4999999458; quadgk abs. errors 1.5e-13, 7.6e-14",NaN
NaN,10,916,0.0009765626057635943,NaN,mridges,"orthants by coordinate sign (bit j-1 set <=> theta_j < 0); P(theta_1<0)=0.5000000542, P(theta_1>=0)=0.4999999458; quadgk abs. errors 1.5e-13, 7.6e-14",NaN
NaN,10,917,0.0009765623942364058,NaN,mridges,"orthants by coordinate sign (bit j-1 set <=> theta_j < 0); P(theta_1<0)=0.5000000542, P(theta_1>=0)=0.4999999458; quadgk abs. errors 1.5e-13, 7.6e-14",NaN
NaN,10,918,0.0009765626057635943,NaN,mridges,"orthants by coordinate sign (bit j-1 set <=> theta_j < 0); P(theta_1<0)=0.5000000542, P(theta_1>=0)=0.4999999458; quadgk abs. errors 1.5e-13, 7.6e-14",NaN
NaN,10,919,0.0009765623942364058,NaN,mridges,"orthants by coordinate sign (bit j-1 set <=> theta_j < 0); P(theta_1<0)=0.5000000542, P(theta_1>=0)=0.4999999458; quadgk abs. errors 1.5e-13, 7.6e-14",NaN
NaN,10,920,0.0009765626057635943,NaN,mridges,"orthants by coordinate sign (bit j-1 set <=> theta_j < 0); P(theta_1<0)=0.5000000542, P(theta_1>=0)=0.4999999458; quadgk abs. errors 1.5e-13, 7.6e-14",NaN
NaN,10,921,0.0009765623942364058,NaN,mridges,"orthants by coordinate sign (bit j-1 set <=> theta_j < 0); P(theta_1<0)=0.5000000542, P(theta_1>=0)=0.4999999458; quadgk abs. errors 1.5e-13, 7.6e-14",NaN
NaN,10,922,0.0009765626057635943,NaN,mridges,"orthants by coordinate sign (bit j-1 set <=> theta_j < 0); P(theta_1<0)=0.5000000542, P(theta_1>=0)=0.4999999458; quadgk abs. errors 1.5e-13, 7.6e-14",NaN
NaN,10,923,0.0009765623942364058,NaN,mridges,"orthants by coordinate sign (bit j-1 set <=> theta_j < 0); P(theta_1<0)=0.5000000542, P(theta_1>=0)=0.4999999458; quadgk abs. errors 1.5e-13, 7.6e-14",NaN
NaN,10,924,0.0009765626057635943,NaN,mridges,"orthants by coordinate sign (bit j-1 set <=> theta_j < 0); P(theta_1<0)=0.5000000542, P(theta_1>=0)=0.4999999458; quadgk abs. errors 1.5e-13, 7.6e-14",NaN
NaN,10,925,0.0009765623942364058,NaN,mridges,"orthants by coordinate sign (bit j-1 set <=> theta_j < 0); P(theta_1<0)=0.5000000542, P(theta_1>=0)=0.4999999458; quadgk abs. errors 1.5e-13, 7.6e-14",NaN
NaN,10,926,0.0009765626057635943,NaN,mridges,"orthants by coordinate sign (bit j-1 set <=> theta_j < 0); P(theta_1<0)=0.5000000542, P(theta_1>=0)=0.4999999458; quadgk abs. errors 1.5e-13, 7.6e-14",NaN
NaN,10,927,0.0009765623942364058,NaN,mridges,"orthants by coordinate sign (bit j-1 set <=> theta_j < 0); P(theta_1<0)=0.5000000542, P(theta_1>=0)=0.4999999458; quadgk abs. errors 1.5e-13, 7.6e-14",NaN
NaN,10,928,0.0009765626057635943,NaN,mridges,"orthants by coordinate sign (bit j-1 set <=> theta_j < 0); P(theta_1<0)=0.5000000542, P(theta_1>=0)=0.4999999458; quadgk abs. errors 1.5e-13, 7.6e-14",NaN
NaN,10,929,0.0009765623942364058,NaN,mridges,"orthants by coordinate sign (bit j-1 set <=> theta_j < 0); P(theta_1<0)=0.5000000542, P(theta_1>=0)=0.4999999458; quadgk abs. errors 1.5e-13, 7.6e-14",NaN
NaN,10,930,0.0009765626057635943,NaN,mridges,"orthants by coordinate sign (bit j-1 set <=> theta_j < 0); P(theta_1<0)=0.5000000542, P(theta_1>=0)=0.4999999458; quadgk abs. errors 1.5e-13, 7.6e-14",NaN
NaN,10,931,0.0009765623942364058,NaN,mridges,"orthants by coordinate sign (bit j-1 set <=> theta_j < 0); P(theta_1<0)=0.5000000542, P(theta_1>=0)=0.4999999458; quadgk abs. errors 1.5e-13, 7.6e-14",NaN
NaN,10,932,0.0009765626057635943,NaN,mridges,"orthants by coordinate sign (bit j-1 set <=> theta_j < 0); P(theta_1<0)=0.5000000542, P(theta_1>=0)=0.4999999458; quadgk abs. errors 1.5e-13, 7.6e-14",NaN
NaN,10,933,0.0009765623942364058,NaN,mridges,"orthants by coordinate sign (bit j-1 set <=> theta_j < 0); P(theta_1<0)=0.5000000542, P(theta_1>=0)=0.4999999458; quadgk abs. errors 1.5e-13, 7.6e-14",NaN
NaN,10,934,0.0009765626057635943,NaN,mridges,"orthants by coordinate sign (bit j-1 set <=> theta_j < 0); P(theta_1<0)=0.5000000542, P(theta_1>=0)=0.4999999458; quadgk abs. errors 1.5e-13, 7.6e-14",NaN
NaN,10,935,0.0009765623942364058,NaN,mridges,"orthants by coordinate sign (bit j-1 set <=> theta_j < 0); P(theta_1<0)=0.5000000542, P(theta_1>=0)=0.4999999458; quadgk abs. errors 1.5e-13, 7.6e-14",NaN
NaN,10,936,0.0009765626057635943,NaN,mridges,"orthants by coordinate sign (bit j-1 set <=> theta_j < 0); P(theta_1<0)=0.5000000542, P(theta_1>=0)=0.4999999458; quadgk abs. errors 1.5e-13, 7.6e-14",NaN
NaN,10,937,0.0009765623942364058,NaN,mridges,"orthants by coordinate sign (bit j-1 set <=> theta_j < 0); P(theta_1<0)=0.5000000542, P(theta_1>=0)=0.4999999458; quadgk abs. errors 1.5e-13, 7.6e-14",NaN
NaN,10,938,0.0009765626057635943,NaN,mridges,"orthants by coordinate sign (bit j-1 set <=> theta_j < 0); P(theta_1<0)=0.5000000542, P(theta_1>=0)=0.4999999458; quadgk abs. errors 1.5e-13, 7.6e-14",NaN
NaN,10,939,0.0009765623942364058,NaN,mridges,"orthants by coordinate sign (bit j-1 set <=> theta_j < 0); P(theta_1<0)=0.5000000542, P(theta_1>=0)=0.4999999458; quadgk abs. errors 1.5e-13, 7.6e-14",NaN
NaN,10,940,0.0009765626057635943,NaN,mridges,"orthants by coordinate sign (bit j-1 set <=> theta_j < 0); P(theta_1<0)=0.5000000542, P(theta_1>=0)=0.4999999458; quadgk abs. errors 1.5e-13, 7.6e-14",NaN
NaN,10,941,0.0009765623942364058,NaN,mridges,"orthants by coordinate sign (bit j-1 set <=> theta_j < 0); P(theta_1<0)=0.5000000542, P(theta_1>=0)=0.4999999458; quadgk abs. errors 1.5e-13, 7.6e-14",NaN
NaN,10,942,0.0009765626057635943,NaN,mridges,"orthants by coordinate sign (bit j-1 set <=> theta_j < 0); P(theta_1<0)=0.5000000542, P(theta_1>=0)=0.4999999458; quadgk abs. errors 1.5e-13, 7.6e-14",NaN
NaN,10,943,0.0009765623942364058,NaN,mridges,"orthants by coordinate sign (bit j-1 set <=> theta_j < 0); P(theta_1<0)=0.5000000542, P(theta_1>=0)=0.4999999458; quadgk abs. errors 1.5e-13, 7.6e-14",NaN
NaN,10,944,0.0009765626057635943,NaN,mridges,"orthants by coordinate sign (bit j-1 set <=> theta_j < 0); P(theta_1<0)=0.5000000542, P(theta_1>=0)=0.4999999458; quadgk abs. errors 1.5e-13, 7.6e-14",NaN
NaN,10,945,0.0009765623942364058,NaN,mridges,"orthants by coordinate sign (bit j-1 set <=> theta_j < 0); P(theta_1<0)=0.5000000542, P(theta_1>=0)=0.4999999458; quadgk abs. errors 1.5e-13, 7.6e-14",NaN
NaN,10,946,0.0009765626057635943,NaN,mridges,"orthants by coordinate sign (bit j-1 set <=> theta_j < 0); P(theta_1<0)=0.5000000542, P(theta_1>=0)=0.4999999458; quadgk abs. errors 1.5e-13, 7.6e-14",NaN
NaN,10,947,0.0009765623942364058,NaN,mridges,"orthants by coordinate sign (bit j-1 set <=> theta_j < 0); P(theta_1<0)=0.5000000542, P(theta_1>=0)=0.4999999458; quadgk abs. errors 1.5e-13, 7.6e-14",NaN
NaN,10,948,0.0009765626057635943,NaN,mridges,"orthants by coordinate sign (bit j-1 set <=> theta_j < 0); P(theta_1<0)=0.5000000542, P(theta_1>=0)=0.4999999458; quadgk abs. errors 1.5e-13, 7.6e-14",NaN
NaN,10,949,0.0009765623942364058,NaN,mridges,"orthants by coordinate sign (bit j-1 set <=> theta_j < 0); P(theta_1<0)=0.5000000542, P(theta_1>=0)=0.4999999458; quadgk abs. errors 1.5e-13, 7.6e-14",NaN
NaN,10,950,0.0009765626057635943,NaN,mridges,"orthants by coordinate sign (bit j-1 set <=> theta_j < 0); P(theta_1<0)=0.5000000542, P(theta_1>=0)=0.4999999458; quadgk abs. errors 1.5e-13, 7.6e-14",NaN
NaN,10,951,0.0009765623942364058,NaN,mridges,"orthants by coordinate sign (bit j-1 set <=> theta_j < 0); P(theta_1<0)=0.5000000542, P(theta_1>=0)=0.4999999458; quadgk abs. errors 1.5e-13, 7.6e-14",NaN
NaN,10,952,0.0009765626057635943,NaN,mridges,"orthants by coordinate sign (bit j-1 set <=> theta_j < 0); P(theta_1<0)=0.5000000542, P(theta_1>=0)=0.4999999458; quadgk abs. errors 1.5e-13, 7.6e-14",NaN
NaN,10,953,0.0009765623942364058,NaN,mridges,"orthants by coordinate sign (bit j-1 set <=> theta_j < 0); P(theta_1<0)=0.5000000542, P(theta_1>=0)=0.4999999458; quadgk abs. errors 1.5e-13, 7.6e-14",NaN
NaN,10,954,0.0009765626057635943,NaN,mridges,"orthants by coordinate sign (bit j-1 set <=> theta_j < 0); P(theta_1<0)=0.5000000542, P(theta_1>=0)=0.4999999458; quadgk abs. errors 1.5e-13, 7.6e-14",NaN
NaN,10,955,0.0009765623942364058,NaN,mridges,"orthants by coordinate sign (bit j-1 set <=> theta_j < 0); P(theta_1<0)=0.5000000542, P(theta_1>=0)=0.4999999458; quadgk abs. errors 1.5e-13, 7.6e-14",NaN
NaN,10,956,0.0009765626057635943,NaN,mridges,"orthants by coordinate sign (bit j-1 set <=> theta_j < 0); P(theta_1<0)=0.5000000542, P(theta_1>=0)=0.4999999458; quadgk abs. errors 1.5e-13, 7.6e-14",NaN
NaN,10,957,0.0009765623942364058,NaN,mridges,"orthants by coordinate sign (bit j-1 set <=> theta_j < 0); P(theta_1<0)=0.5000000542, P(theta_1>=0)=0.4999999458; quadgk abs. errors 1.5e-13, 7.6e-14",NaN
NaN,10,958,0.0009765626057635943,NaN,mridges,"orthants by coordinate sign (bit j-1 set <=> theta_j < 0); P(theta_1<0)=0.5000000542, P(theta_1>=0)=0.4999999458; quadgk abs. errors 1.5e-13, 7.6e-14",NaN
NaN,10,959,0.0009765623942364058,NaN,mridges,"orthants by coordinate sign (bit j-1 set <=> theta_j < 0); P(theta_1<0)=0.5000000542, P(theta_1>=0)=0.4999999458; quadgk abs. errors 1.5e-13, 7.6e-14",NaN
NaN,10,960,0.0009765626057635943,NaN,mridges,"orthants by coordinate sign (bit j-1 set <=> theta_j < 0); P(theta_1<0)=0.5000000542, P(theta_1>=0)=0.4999999458; quadgk abs. errors 1.5e-13, 7.6e-14",NaN
NaN,10,961,0.0009765623942364058,NaN,mridges,"orthants by coordinate sign (bit j-1 set <=> theta_j < 0); P(theta_1<0)=0.5000000542, P(theta_1>=0)=0.4999999458; quadgk abs. errors 1.5e-13, 7.6e-14",NaN
NaN,10,962,0.0009765626057635943,NaN,mridges,"orthants by coordinate sign (bit j-1 set <=> theta_j < 0); P(theta_1<0)=0.5000000542, P(theta_1>=0)=0.4999999458; quadgk abs. errors 1.5e-13, 7.6e-14",NaN
NaN,10,963,0.0009765623942364058,NaN,mridges,"orthants by coordinate sign (bit j-1 set <=> theta_j < 0); P(theta_1<0)=0.5000000542, P(theta_1>=0)=0.4999999458; quadgk abs. errors 1.5e-13, 7.6e-14",NaN
NaN,10,964,0.0009765626057635943,NaN,mridges,"orthants by coordinate sign (bit j-1 set <=> theta_j < 0); P(theta_1<0)=0.5000000542, P(theta_1>=0)=0.4999999458; quadgk abs. errors 1.5e-13, 7.6e-14",NaN
NaN,10,965,0.0009765623942364058,NaN,mridges,"orthants by coordinate sign (bit j-1 set <=> theta_j < 0); P(theta_1<0)=0.5000000542, P(theta_1>=0)=0.4999999458; quadgk abs. errors 1.5e-13, 7.6e-14",NaN
NaN,10,966,0.0009765626057635943,NaN,mridges,"orthants by coordinate sign (bit j-1 set <=> theta_j < 0); P(theta_1<0)=0.5000000542, P(theta_1>=0)=0.4999999458; quadgk abs. errors 1.5e-13, 7.6e-14",NaN
NaN,10,967,0.0009765623942364058,NaN,mridges,"orthants by coordinate sign (bit j-1 set <=> theta_j < 0); P(theta_1<0)=0.5000000542, P(theta_1>=0)=0.4999999458; quadgk abs. errors 1.5e-13, 7.6e-14",NaN
NaN,10,968,0.0009765626057635943,NaN,mridges,"orthants by coordinate sign (bit j-1 set <=> theta_j < 0); P(theta_1<0)=0.5000000542, P(theta_1>=0)=0.4999999458; quadgk abs. errors 1.5e-13, 7.6e-14",NaN
NaN,10,969,0.0009765623942364058,NaN,mridges,"orthants by coordinate sign (bit j-1 set <=> theta_j < 0); P(theta_1<0)=0.5000000542, P(theta_1>=0)=0.4999999458; quadgk abs. errors 1.5e-13, 7.6e-14",NaN
NaN,10,970,0.0009765626057635943,NaN,mridges,"orthants by coordinate sign (bit j-1 set <=> theta_j < 0); P(theta_1<0)=0.5000000542, P(theta_1>=0)=0.4999999458; quadgk abs. errors 1.5e-13, 7.6e-14",NaN
NaN,10,971,0.0009765623942364058,NaN,mridges,"orthants by coordinate sign (bit j-1 set <=> theta_j < 0); P(theta_1<0)=0.5000000542, P(theta_1>=0)=0.4999999458; quadgk abs. errors 1.5e-13, 7.6e-14",NaN
NaN,10,972,0.0009765626057635943,NaN,mridges,"orthants by coordinate sign (bit j-1 set <=> theta_j < 0); P(theta_1<0)=0.5000000542, P(theta_1>=0)=0.4999999458; quadgk abs. errors 1.5e-13, 7.6e-14",NaN
NaN,10,973,0.0009765623942364058,NaN,mridges,"orthants by coordinate sign (bit j-1 set <=> theta_j < 0); P(theta_1<0)=0.5000000542, P(theta_1>=0)=0.4999999458; quadgk abs. errors 1.5e-13, 7.6e-14",NaN
NaN,10,974,0.0009765626057635943,NaN,mridges,"orthants by coordinate sign (bit j-1 set <=> theta_j < 0); P(theta_1<0)=0.5000000542, P(theta_1>=0)=0.4999999458; quadgk abs. errors 1.5e-13, 7.6e-14",NaN
NaN,10,975,0.0009765623942364058,NaN,mridges,"orthants by coordinate sign (bit j-1 set <=> theta_j < 0); P(theta_1<0)=0.5000000542, P(theta_1>=0)=0.4999999458; quadgk abs. errors 1.5e-13, 7.6e-14",NaN
NaN,10,976,0.0009765626057635943,NaN,mridges,"orthants by coordinate sign (bit j-1 set <=> theta_j < 0); P(theta_1<0)=0.5000000542, P(theta_1>=0)=0.4999999458; quadgk abs. errors 1.5e-13, 7.6e-14",NaN
NaN,10,977,0.0009765623942364058,NaN,mridges,"orthants by coordinate sign (bit j-1 set <=> theta_j < 0); P(theta_1<0)=0.5000000542, P(theta_1>=0)=0.4999999458; quadgk abs. errors 1.5e-13, 7.6e-14",NaN
NaN,10,978,0.0009765626057635943,NaN,mridges,"orthants by coordinate sign (bit j-1 set <=> theta_j < 0); P(theta_1<0)=0.5000000542, P(theta_1>=0)=0.4999999458; quadgk abs. errors 1.5e-13, 7.6e-14",NaN
NaN,10,979,0.0009765623942364058,NaN,mridges,"orthants by coordinate sign (bit j-1 set <=> theta_j < 0); P(theta_1<0)=0.5000000542, P(theta_1>=0)=0.4999999458; quadgk abs. errors 1.5e-13, 7.6e-14",NaN
NaN,10,980,0.0009765626057635943,NaN,mridges,"orthants by coordinate sign (bit j-1 set <=> theta_j < 0); P(theta_1<0)=0.5000000542, P(theta_1>=0)=0.4999999458; quadgk abs. errors 1.5e-13, 7.6e-14",NaN
NaN,10,981,0.0009765623942364058,NaN,mridges,"orthants by coordinate sign (bit j-1 set <=> theta_j < 0); P(theta_1<0)=0.5000000542, P(theta_1>=0)=0.4999999458; quadgk abs. errors 1.5e-13, 7.6e-14",NaN
NaN,10,982,0.0009765626057635943,NaN,mridges,"orthants by coordinate sign (bit j-1 set <=> theta_j < 0); P(theta_1<0)=0.5000000542, P(theta_1>=0)=0.4999999458; quadgk abs. errors 1.5e-13, 7.6e-14",NaN
NaN,10,983,0.0009765623942364058,NaN,mridges,"orthants by coordinate sign (bit j-1 set <=> theta_j < 0); P(theta_1<0)=0.5000000542, P(theta_1>=0)=0.4999999458; quadgk abs. errors 1.5e-13, 7.6e-14",NaN
NaN,10,984,0.0009765626057635943,NaN,mridges,"orthants by coordinate sign (bit j-1 set <=> theta_j < 0); P(theta_1<0)=0.5000000542, P(theta_1>=0)=0.4999999458; quadgk abs. errors 1.5e-13, 7.6e-14",NaN
NaN,10,985,0.0009765623942364058,NaN,mridges,"orthants by coordinate sign (bit j-1 set <=> theta_j < 0); P(theta_1<0)=0.5000000542, P(theta_1>=0)=0.4999999458; quadgk abs. errors 1.5e-13, 7.6e-14",NaN
NaN,10,986,0.0009765626057635943,NaN,mridges,"orthants by coordinate sign (bit j-1 set <=> theta_j < 0); P(theta_1<0)=0.5000000542, P(theta_1>=0)=0.4999999458; quadgk abs. errors 1.5e-13, 7.6e-14",NaN
NaN,10,987,0.0009765623942364058,NaN,mridges,"orthants by coordinate sign (bit j-1 set <=> theta_j < 0); P(theta_1<0)=0.5000000542, P(theta_1>=0)=0.4999999458; quadgk abs. errors 1.5e-13, 7.6e-14",NaN
NaN,10,988,0.0009765626057635943,NaN,mridges,"orthants by coordinate sign (bit j-1 set <=> theta_j < 0); P(theta_1<0)=0.5000000542, P(theta_1>=0)=0.4999999458; quadgk abs. errors 1.5e-13, 7.6e-14",NaN
NaN,10,989,0.0009765623942364058,NaN,mridges,"orthants by coordinate sign (bit j-1 set <=> theta_j < 0); P(theta_1<0)=0.5000000542, P(theta_1>=0)=0.4999999458; quadgk abs. errors 1.5e-13, 7.6e-14",NaN
NaN,10,990,0.0009765626057635943,NaN,mridges,"orthants by coordinate sign (bit j-1 set <=> theta_j < 0); P(theta_1<0)=0.5000000542, P(theta_1>=0)=0.4999999458; quadgk abs. errors 1.5e-13, 7.6e-14",NaN
NaN,10,991,0.0009765623942364058,NaN,mridges,"orthants by coordinate sign (bit j-1 set <=> theta_j < 0); P(theta_1<0)=0.5000000542, P(theta_1>=0)=0.4999999458; quadgk abs. errors 1.5e-13, 7.6e-14",NaN
NaN,10,992,0.0009765626057635943,NaN,mridges,"orthants by coordinate sign (bit j-1 set <=> theta_j < 0); P(theta_1<0)=0.5000000542, P(theta_1>=0)=0.4999999458; quadgk abs. errors 1.5e-13, 7.6e-14",NaN
NaN,10,993,0.0009765623942364058,NaN,mridges,"orthants by coordinate sign (bit j-1 set <=> theta_j < 0); P(theta_1<0)=0.5000000542, P(theta_1>=0)=0.4999999458; quadgk abs. errors 1.5e-13, 7.6e-14",NaN
NaN,10,994,0.0009765626057635943,NaN,mridges,"orthants by coordinate sign (bit j-1 set <=> theta_j < 0); P(theta_1<0)=0.5000000542, P(theta_1>=0)=0.4999999458; quadgk abs. errors 1.5e-13, 7.6e-14",NaN
NaN,10,995,0.0009765623942364058,NaN,mridges,"orthants by coordinate sign (bit j-1 set <=> theta_j < 0); P(theta_1<0)=0.5000000542, P(theta_1>=0)=0.4999999458; quadgk abs. errors 1.5e-13, 7.6e-14",NaN
NaN,10,996,0.0009765626057635943,NaN,mridges,"orthants by coordinate sign (bit j-1 set <=> theta_j < 0); P(theta_1<0)=0.5000000542, P(theta_1>=0)=0.4999999458; quadgk abs. errors 1.5e-13, 7.6e-14",NaN
NaN,10,997,0.0009765623942364058,NaN,mridges,"orthants by coordinate sign (bit j-1 set <=> theta_j < 0); P(theta_1<0)=0.5000000542, P(theta_1>=0)=0.4999999458; quadgk abs. errors 1.5e-13, 7.6e-14",NaN
NaN,10,998,0.0009765626057635943,NaN,mridges,"orthants by coordinate sign (bit j-1 set <=> theta_j < 0); P(theta_1<0)=0.5000000542, P(theta_1>=0)=0.4999999458; quadgk abs. errors 1.5e-13, 7.6e-14",NaN
NaN,10,999,0.0009765623942364058,NaN,mridges,"orthants by coordinate sign (bit j-1 set <=> theta_j < 0); P(theta_1<0)=0.5000000542, P(theta_1>=0)=0.4999999458; quadgk abs. errors 1.5e-13, 7.6e-14",NaN
NaN,10,1000,0.0009765626057635943,NaN,mridges,"orthants by coordinate sign (bit j-1 set <=> theta_j < 0); P(theta_1<0)=0.5000000542, P(theta_1>=0)=0.4999999458; quadgk abs. errors 1.5e-13, 7.6e-14",NaN
NaN,10,1001,0.0009765623942364058,NaN,mridges,"orthants by coordinate sign (bit j-1 set <=> theta_j < 0); P(theta_1<0)=0.5000000542, P(theta_1>=0)=0.4999999458; quadgk abs. errors 1.5e-13, 7.6e-14",NaN
NaN,10,1002,0.0009765626057635943,NaN,mridges,"orthants by coordinate sign (bit j-1 set <=> theta_j < 0); P(theta_1<0)=0.5000000542, P(theta_1>=0)=0.4999999458; quadgk abs. errors 1.5e-13, 7.6e-14",NaN
NaN,10,1003,0.0009765623942364058,NaN,mridges,"orthants by coordinate sign (bit j-1 set <=> theta_j < 0); P(theta_1<0)=0.5000000542, P(theta_1>=0)=0.4999999458; quadgk abs. errors 1.5e-13, 7.6e-14",NaN
NaN,10,1004,0.0009765626057635943,NaN,mridges,"orthants by coordinate sign (bit j-1 set <=> theta_j < 0); P(theta_1<0)=0.5000000542, P(theta_1>=0)=0.4999999458; quadgk abs. errors 1.5e-13, 7.6e-14",NaN
NaN,10,1005,0.0009765623942364058,NaN,mridges,"orthants by coordinate sign (bit j-1 set <=> theta_j < 0); P(theta_1<0)=0.5000000542, P(theta_1>=0)=0.4999999458; quadgk abs. errors 1.5e-13, 7.6e-14",NaN
NaN,10,1006,0.0009765626057635943,NaN,mridges,"orthants by coordinate sign (bit j-1 set <=> theta_j < 0); P(theta_1<0)=0.5000000542, P(theta_1>=0)=0.4999999458; quadgk abs. errors 1.5e-13, 7.6e-14",NaN
NaN,10,1007,0.0009765623942364058,NaN,mridges,"orthants by coordinate sign (bit j-1 set <=> theta_j < 0); P(theta_1<0)=0.5000000542, P(theta_1>=0)=0.4999999458; quadgk abs. errors 1.5e-13, 7.6e-14",NaN
NaN,10,1008,0.0009765626057635943,NaN,mridges,"orthants by coordinate sign (bit j-1 set <=> theta_j < 0); P(theta_1<0)=0.5000000542, P(theta_1>=0)=0.4999999458; quadgk abs. errors 1.5e-13, 7.6e-14",NaN
NaN,10,1009,0.0009765623942364058,NaN,mridges,"orthants by coordinate sign (bit j-1 set <=> theta_j < 0); P(theta_1<0)=0.5000000542, P(theta_1>=0)=0.4999999458; quadgk abs. errors 1.5e-13, 7.6e-14",NaN
NaN,10,1010,0.0009765626057635943,NaN,mridges,"orthants by coordinate sign (bit j-1 set <=> theta_j < 0); P(theta_1<0)=0.5000000542, P(theta_1>=0)=0.4999999458; quadgk abs. errors 1.5e-13, 7.6e-14",NaN
NaN,10,1011,0.0009765623942364058,NaN,mridges,"orthants by coordinate sign (bit j-1 set <=> theta_j < 0); P(theta_1<0)=0.5000000542, P(theta_1>=0)=0.4999999458; quadgk abs. errors 1.5e-13, 7.6e-14",NaN
NaN,10,1012,0.0009765626057635943,NaN,mridges,"orthants by coordinate sign (bit j-1 set <=> theta_j < 0); P(theta_1<0)=0.5000000542, P(theta_1>=0)=0.4999999458; quadgk abs. errors 1.5e-13, 7.6e-14",NaN
NaN,10,1013,0.0009765623942364058,NaN,mridges,"orthants by coordinate sign (bit j-1 set <=> theta_j < 0); P(theta_1<0)=0.5000000542, P(theta_1>=0)=0.4999999458; quadgk abs. errors 1.5e-13, 7.6e-14",NaN
NaN,10,1014,0.0009765626057635943,NaN,mridges,"orthants by coordinate sign (bit j-1 set <=> theta_j < 0); P(theta_1<0)=0.5000000542, P(theta_1>=0)=0.4999999458; quadgk abs. errors 1.5e-13, 7.6e-14",NaN
NaN,10,1015,0.0009765623942364058,NaN,mridges,"orthants by coordinate sign (bit j-1 set <=> theta_j < 0); P(theta_1<0)=0.5000000542, P(theta_1>=0)=0.4999999458; quadgk abs. errors 1.5e-13, 7.6e-14",NaN
NaN,10,1016,0.0009765626057635943,NaN,mridges,"orthants by coordinate sign (bit j-1 set <=> theta_j < 0); P(theta_1<0)=0.5000000542, P(theta_1>=0)=0.4999999458; quadgk abs. errors 1.5e-13, 7.6e-14",NaN
NaN,10,1017,0.0009765623942364058,NaN,mridges,"orthants by coordinate sign (bit j-1 set <=> theta_j < 0); P(theta_1<0)=0.5000000542, P(theta_1>=0)=0.4999999458; quadgk abs. errors 1.5e-13, 7.6e-14",NaN
NaN,10,1018,0.0009765626057635943,NaN,mridges,"orthants by coordinate sign (bit j-1 set <=> theta_j < 0); P(theta_1<0)=0.5000000542, P(theta_1>=0)=0.4999999458; quadgk abs. errors 1.5e-13, 7.6e-14",NaN
NaN,10,1019,0.0009765623942364058,NaN,mridges,"orthants by coordinate sign (bit j-1 set <=> theta_j < 0); P(theta_1<0)=0.5000000542, P(theta_1>=0)=0.4999999458; quadgk abs. errors 1.5e-13, 7.6e-14",NaN
NaN,10,1020,0.0009765626057635943,NaN,mridges,"orthants by coordinate sign (bit j-1 set <=> theta_j < 0); P(theta_1<0)=0.5000000542, P(theta_1>=0)=0.4999999458; quadgk abs. errors 1.5e-13, 7.6e-14",NaN
NaN,10,1021,0.0009765623942364058,NaN,mridges,"orthants by coordinate sign (bit j-1 set <=> theta_j < 0); P(theta_1<0)=0.5000000542, P(theta_1>=0)=0.4999999458; quadgk abs. errors 1.5e-13, 7.6e-14",NaN
NaN,10,1022,0.0009765626057635943,NaN,mridges,"orthants by coordinate sign (bit j-1 set <=> theta_j < 0); P(theta_1<0)=0.5000000542, P(theta_1>=0)=0.4999999458; quadgk abs. errors 1.5e-13, 7.6e-14",NaN
NaN,10,1023,0.0009765623942364058,NaN,mridges,"orthants by coordinate sign (bit j-1 set <=> theta_j < 0); P(theta_1<0)=0.5000000542, P(theta_1>=0)=0.4999999458; quadgk abs. errors 1.5e-13, 7.6e-14",NaN
NaN,10,1024,0.0009765626057635943,NaN,mridges,"orthants by coordinate sign (bit j-1 set <=> theta_j < 0); P(theta_1<0)=0.5000000542, P(theta_1>=0)=0.4999999458; quadgk abs. errors 1.5e-13, 7.6e-14",NaN
-10.0,5,1,0.04999937485859603,-2.7499999999990843,mridges_spiky,seven theta_1 intervals bounded by the six density minima between the seven maxima; 20 components (15 distinct centres) with equal weights; sigma_spike=0.100,-2.3849496942761395
-2.3849496942761395,5,2,0.15000062514138818,-1.9937380210778657,mridges_spiky,seven theta_1 intervals bounded by the six density minima between the seven maxima; 20 components (15 distinct centres) with equal weights; sigma_spike=0.100,-1.5000000000009912
-1.5000000000009912,5,3,0.2000000000000158,-1.0,mridges_spiky,seven theta_1 intervals bounded by the six density minima between the seven maxima; 20 components (15 distinct centres) with equal weights; sigma_spike=0.100,-0.5
-0.5,5,4,0.2,-6.205290230923883e-17,mridges_spiky,seven theta_1 intervals bounded by the six density minima between the seven maxima; 20 components (15 distinct centres) with equal weights; sigma_spike=0.100,0.5
0.5,5,5,0.2000000000000158,1.0,mridges_spiky,seven theta_1 intervals bounded by the six density minima between the seven maxima; 20 components (15 distinct centres) with equal weights; sigma_spike=0.100,1.5000000000009912
1.5000000000009912,5,6,0.15000062514138818,1.9937380210778657,mridges_spiky,seven theta_1 intervals bounded by the six density minima between the seven maxima; 20 components (15 distinct centres) with equal weights; sigma_spike=0.100,2.3849496942761395
2.3849496942761395,5,7,0.04999937485859603,2.7499999999990843,mridges_spiky,seven theta_1 intervals bounded by the six density minima between the seven maxima; 20 components (15 distinct centres) with equal weights; sigma_spike=0.100,10.0
